https://www.Saxcoin-b6.nl,BCH,Bitcoin Cash
unix,date,symbol,open,high,low,close,volume,total
1514419200,2017-12-28 00:00:00,BCH/EUR,2027.48,2128.73,1975.0,2106.06,2786759.75,1366.05
1514505600,2017-12-29 00:00:00,BCH/EUR,2106.06,2435.33,1941.66,2205.1,8897066.62,4049.78
1514592000,2017-12-30 00:00:00,BCH/EUR,2205.1,2239.0,1781.68,1867.63,5612102.87,2864.52
1514678400,2017-12-31 00:00:00,BCH/EUR,1867.63,2100.01,1835.0,1972.58,3096272.44,1564.01
1514764800,2018-01-01 00:00:00,BCH/EUR,1972.58,2029.15,1881.01,1942.38,969866.65,499.04
1514851200,2018-01-02 00:00:00,BCH/EUR,1942.38,2252.0,1920.03,2104.77,4492904.34,2128.04
1514937600,2018-01-03 00:00:00,BCH/EUR,2104.77,2298.99,2076.28,2125.27,4760282.77,2205.35
1515024000,2018-01-04 00:00:00,BCH/EUR,2125.27,2139.01,1936.9,1978.74,4446767.6,2220.24
1515110400,2018-01-05 00:00:00,BCH/EUR,1978.74,2095.0,1901.01,1971.08,4125819.99,2080.17
1515196800,2018-01-06 00:00:00,BCH/EUR,1971.08,2168.26,1920.07,2086.03,2486793.68,1204.92
1515283200,2018-01-07 00:00:00,BCH/EUR,2086.03,2300.87,2027.0,2090.0,8204537.26,3740.73
1515369600,2018-01-08 00:00:00,BCH/EUR,2090.0,2110.0,1800.0,2005.0,4446879.43,2246.08
1515456000,2018-01-09 00:00:00,BCH/EUR,2005.0,2052.97,1900.1,1954.3,2804245.2,1404.84
1515542400,2018-01-10 00:00:00,BCH/EUR,1954.3,2479.99,1865.0,2370.0,9201790.97,4125.84
1515628800,2018-01-11 00:00:00,BCH/EUR,2370.0,2459.99,1975.0,2003.4,5266366.63,2495.18
1515715200,2018-01-12 00:00:00,BCH/EUR,2003.4,2168.99,1960.0,2140.94,3129523.42,1497.97
1515801600,2018-01-13 00:00:00,BCH/EUR,2140.94,2332.32,2088.0,2190.69,2826081.07,1289.39
1515888000,2018-01-14 00:00:00,BCH/EUR,2190.69,2234.99,2026.66,2072.32,1192993.55,567.61
1515974400,2018-01-15 00:00:00,BCH/EUR,2072.32,2099.0,1910.0,1957.55,4867484.68,2439.44
1516060800,2018-01-16 00:00:00,BCH/EUR,1957.55,1992.59,1249.01,1464.55,9264678.62,5838.78
1516147200,2018-01-17 00:00:00,BCH/EUR,1464.55,1577.39,1078.7,1438.62,5874931.65,4410.84
1516233600,2018-01-18 00:00:00,BCH/EUR,1438.62,1600.0,1388.63,1429.98,4773330.76,3109.2
1516320000,2018-01-19 00:00:00,BCH/EUR,1429.98,1570.0,1422.8,1452.7,2696355.88,1829.77
1516406400,2018-01-20 00:00:00,BCH/EUR,1452.7,1744.99,1450.14,1672.0,3013218.89,1889.38
1516492800,2018-01-21 00:00:00,BCH/EUR,1672.0,1675.15,1400.13,1462.25,2668788.63,1796.42
1516579200,2018-01-22 00:00:00,BCH/EUR,1462.25,1487.28,1233.84,1318.0,3148816.26,2358.7
1516665600,2018-01-23 00:00:00,BCH/EUR,1318.0,1397.99,1211.12,1318.78,2678208.07,2027.14
1516752000,2018-01-24 00:00:00,BCH/EUR,1318.78,1359.6,1275.02,1341.34,2113831.73,1597.75
1516838400,2018-01-25 00:00:00,BCH/EUR,1341.34,1376.42,1279.89,1316.13,1756206.45,1318.56
1516924800,2018-01-26 00:00:00,BCH/EUR,1316.13,1346.78,1190.12,1292.83,2609108.79,2058.18
1517011200,2018-01-27 00:00:00,BCH/EUR,1292.83,1345.0,1255.01,1305.01,498028.42,381.12
1517097600,2018-01-28 00:00:00,BCH/EUR,1305.01,1420.86,1305.01,1400.35,2171927.86,1577.24
1517184000,2018-01-29 00:00:00,BCH/EUR,1400.35,1422.62,1305.02,1332.38,2175050.06,1613.2
1517270400,2018-01-30 00:00:00,BCH/EUR,1332.38,1332.38,1153.01,1160.81,3712398.33,3009.46
1517356800,2018-01-31 00:00:00,BCH/EUR,1160.81,1219.35,1112.0,1188.3,1250320.2,1060.81
1517443200,2018-02-01 00:00:00,BCH/EUR,1188.3,1193.82,917.55,979.77,3616848.69,3564.21
1517529600,2018-02-02 00:00:00,BCH/EUR,979.77,988.64,725.0,959.33,3837493.02,4354.45
1517616000,2018-02-03 00:00:00,BCH/EUR,959.33,1071.85,850.05,1018.73,1129691.6,1157.56
1517702400,2018-02-04 00:00:00,BCH/EUR,1018.73,1028.59,864.91,920.0,603294.55,644.6
1517788800,2018-02-05 00:00:00,BCH/EUR,920.0,949.99,656.0,702.23,2644216.45,3424.45
1517875200,2018-02-06 00:00:00,BCH/EUR,702.23,792.81,606.94,780.92,2250421.3,3275.56
1517961600,2018-02-07 00:00:00,BCH/EUR,780.92,849.97,722.83,770.01,893964.91,1115.91
1518048000,2018-02-08 00:00:00,BCH/EUR,770.01,1100.0,760.01,1042.55,3661304.09,3665.36
1518134400,2018-02-09 00:00:00,BCH/EUR,1042.55,1090.0,966.0,1064.95,2141864.19,2041.11
1518220800,2018-02-10 00:00:00,BCH/EUR,1064.95,1128.96,974.0,1012.0,1464340.02,1397.41
1518307200,2018-02-11 00:00:00,BCH/EUR,1012.0,1064.85,971.0,974.12,760942.4,756.2
1518393600,2018-02-12 00:00:00,BCH/EUR,974.12,1055.01,973.85,1047.78,915474.87,887.2
1518480000,2018-02-13 00:00:00,BCH/EUR,1047.78,1047.83,975.0,987.85,1160655.24,1130.6
1518566400,2018-02-14 00:00:00,BCH/EUR,987.85,1118.98,987.85,1095.92,1054620.36,990.7
1518652800,2018-02-15 00:00:00,BCH/EUR,1095.92,1128.15,1051.05,1098.0,1304526.96,1192.69
1518739200,2018-02-16 00:00:00,BCH/EUR,1098.0,1247.9,1090.47,1230.54,1508973.17,1268.54
1518825600,2018-02-17 00:00:00,BCH/EUR,1230.54,1253.05,1202.07,1250.14,689571.67,558.99
1518912000,2018-02-18 00:00:00,BCH/EUR,1250.14,1328.78,1130.0,1182.58,1101258.4,902.22
1518998400,2018-02-19 00:00:00,BCH/EUR,1182.58,1247.4,1180.09,1225.31,671902.29,551.13
1519084800,2018-02-20 00:00:00,BCH/EUR,1225.31,1259.49,1119.92,1129.0,936886.55,775.59
1519171200,2018-02-21 00:00:00,BCH/EUR,1129.0,1141.6,1020.06,1058.98,894693.53,826.11
1519257600,2018-02-22 00:00:00,BCH/EUR,1058.98,1097.01,952.0,976.07,957840.05,964.11
1519344000,2018-02-23 00:00:00,BCH/EUR,976.07,1069.96,928.01,1020.91,871923.16,852.59
1519430400,2018-02-24 00:00:00,BCH/EUR,1020.91,1053.52,910.05,956.22,513293.19,522.21
1519516800,2018-02-25 00:00:00,BCH/EUR,956.22,980.0,922.03,951.2,225623.63,236.29
1519603200,2018-02-26 00:00:00,BCH/EUR,951.2,1036.03,925.0,1009.0,884352.46,910.33
1519689600,2018-02-27 00:00:00,BCH/EUR,1009.0,1048.45,989.01,1008.0,755830.1,735.2
1519776000,2018-02-28 00:00:00,BCH/EUR,1011.01,1040.00,970.24,976.74,258.41222405,252401.55571859702
1519862400,2018-03-01 00:00:00,BCH/EUR,987.17,1064.70,974.03,1040.04,741.34112275,771024.42130491
1519948800,2018-03-02 00:00:00,BCH/EUR,1047.81,1058.41,1012.23,1029.25,685.26580559,705309.8304035076
1520035200,2018-03-03 00:00:00,BCH/EUR,1030.85,1048.33,1012.79,1020.88,150.09565319,153229.65042860722
1520121600,2018-03-04 00:00:00,BCH/EUR,1025.22,1043.69,986.00,1036.08,243.57395191,252362.10009491278
1520208000,2018-03-05 00:00:00,BCH/EUR,1032.67,1044.29,1021.95,1023.19,248.73684597,254505.0534280443
1520294400,2018-03-06 00:00:00,BCH/EUR,1019.49,1019.49,945.01,967.64,517.24286407,500504.8849886948
1520380800,2018-03-07 00:00:00,BCH/EUR,968.41,980.58,826.08,885.98,694.21240480,615058.306404704
1520467200,2018-03-08 00:00:00,BCH/EUR,884.44,900.18,809.11,848.78,1561.63414175,1325483.826834565
1520553600,2018-03-09 00:00:00,BCH/EUR,849.99,875.01,750.00,862.19,889.18957337,766650.3582638802
1520640000,2018-03-10 00:00:00,BCH/EUR,864.99,892.99,803.94,815.02,256.14253296,208761.28721305917
1520726400,2018-03-11 00:00:00,BCH/EUR,812.80,943.46,788.49,922.32,499.40639219,460612.50364468084
1520812800,2018-03-12 00:00:00,BCH/EUR,924.07,933.31,818.77,860.60,765.61095071,658884.784181026
1520899200,2018-03-13 00:00:00,BCH/EUR,845.71,891.78,807.00,851.13,1015.83124967,864604.4515316271
1520985600,2018-03-14 00:00:00,BCH/EUR,856.35,861.72,737.07,768.00,581.43008897,446538.30832896003
1521072000,2018-03-15 00:00:00,BCH/EUR,769.22,778.08,701.62,769.39,702.10474954,540192.3732485805
1521158400,2018-03-16 00:00:00,BCH/EUR,767.97,862.28,727.83,792.66,639.99140142,507295.5842495772
1521244800,2018-03-17 00:00:00,BCH/EUR,791.46,837.88,756.29,769.17,406.67132120,312799.380127404
1521331200,2018-03-18 00:00:00,BCH/EUR,768.00,777.74,685.42,758.46,766.03923271,581010.1164412266
1521417600,2018-03-19 00:00:00,BCH/EUR,755.87,811.95,738.26,805.00,683.53711216,550247.3752888
1521504000,2018-03-20 00:00:00,BCH/EUR,805.00,877.12,770.00,868.00,715.39275952,620960.91526336
1521590400,2018-03-21 00:00:00,BCH/EUR,866.48,883.46,820.46,833.79,313.62569010,261497.964148479
1521676800,2018-03-22 00:00:00,BCH/EUR,833.80,861.27,799.98,823.00,1857.81593657,1528982.51579711
1521763200,2018-03-23 00:00:00,BCH/EUR,819.00,831.52,780.99,831.52,306.70331527,255029.9407133104
1521849600,2018-03-24 00:00:00,BCH/EUR,831.52,836.51,790.00,792.77,295.89184531,234574.1782064087
1521936000,2018-03-25 00:00:00,BCH/EUR,786.00,802.73,783.00,783.00,196.48770569,153849.87355527002
1522022400,2018-03-26 00:00:00,BCH/EUR,785.22,790.49,710.68,736.00,600.53438841,441993.30986976
1522108800,2018-03-27 00:00:00,BCH/EUR,731.82,746.71,705.00,705.00,377.74110663,266307.48017414997
1522195200,2018-03-28 00:00:00,BCH/EUR,704.55,722.46,682.38,700.00,539.91070796,377937.495572
1522281600,2018-03-29 00:00:00,BCH/EUR,697.00,701.50,555.62,570.70,2223.44742546,1268921.445710022
1522368000,2018-03-30 00:00:00,BCH/EUR,573.26,623.34,542.02,555.28,827.25349962,459357.3232689935
1522454400,2018-03-31 00:00:00,BCH/EUR,564.04,591.13,550.01,550.01,583.43876440,320897.15480764396
1522540800,2018-04-01 00:00:00,BCH/EUR,554.50,562.56,506.59,518.15,640.57963790,331916.339377885
1522627200,2018-04-02 00:00:00,BCH/EUR,516.89,557.81,514.90,539.50,450.80799338,243210.91242851003
1522713600,2018-04-03 00:00:00,BCH/EUR,536.81,588.09,534.14,582.19,609.77496821,355004.88874217996
1522800000,2018-04-04 00:00:00,BCH/EUR,576.24,577.63,516.76,530.15,522.34061311,276918.87604026654
1522886400,2018-04-05 00:00:00,BCH/EUR,529.04,533.65,504.00,525.08,390.90241905,205255.04219477403
1522972800,2018-04-06 00:00:00,BCH/EUR,523.89,526.46,490.15,495.65,1007.18176672,499209.642674768
1523059200,2018-04-07 00:00:00,BCH/EUR,497.00,530.54,494.80,521.89,219.18680224,114391.40022103359
1523145600,2018-04-08 00:00:00,BCH/EUR,520.75,537.46,520.75,532.56,164.10795622,87397.3331645232
1523232000,2018-04-09 00:00:00,BCH/EUR,532.52,553.19,507.08,514.38,425.31111845,218771.53310831098
1523318400,2018-04-10 00:00:00,BCH/EUR,518.94,533.76,509.56,526.08,278.14598721,146327.0409514368
1523404800,2018-04-11 00:00:00,BCH/EUR,524.73,539.21,522.56,539.21,530.44417048,286020.80116452085
1523491200,2018-04-12 00:00:00,BCH/EUR,540.00,597.00,530.91,595.23,1889.92515106,1124940.1476654438
1523577600,2018-04-13 00:00:00,BCH/EUR,596.75,638.08,585.86,605.56,1224.49306493,741504.0203990107
1523664000,2018-04-14 00:00:00,BCH/EUR,599.42,617.81,580.72,601.56,234.35705889,140979.83234586837
1523750400,2018-04-15 00:00:00,BCH/EUR,599.33,639.79,599.33,632.45,329.06383285,208116.4210859825
1523836800,2018-04-16 00:00:00,BCH/EUR,631.44,645.39,600.00,620.04,617.04676037,382593.6732998148
1523923200,2018-04-17 00:00:00,BCH/EUR,620.05,636.98,609.09,613.77,373.61063329,229310.9983944033
1524009600,2018-04-18 00:00:00,BCH/EUR,613.76,728.49,612.37,721.47,1170.08203420,844179.085214274
1524096000,2018-04-19 00:00:00,BCH/EUR,724.90,800.00,711.00,783.01,1532.25056780,1199767.517093078
1524182400,2018-04-20 00:00:00,BCH/EUR,783.99,935.00,760.88,917.08,2127.34315501,1950943.860596571
1524268800,2018-04-21 00:00:00,BCH/EUR,916.61,968.65,822.60,940.00,2434.89413315,2288800.485161
1524355200,2018-04-22 00:00:00,BCH/EUR,934.90,1025.88,907.58,969.43,1789.89595138,1735178.8321463133
1524441600,2018-04-23 00:00:00,BCH/EUR,979.21,1188.00,979.21,1178.94,4456.98387634,5254516.57117228
1524528000,2018-04-24 00:00:00,BCH/EUR,1175.19,1287.92,1142.07,1158.23,4280.76689069,4958112.635803878
1524614400,2018-04-25 00:00:00,BCH/EUR,1155.05,1178.24,1004.92,1060.84,7086.04020157,7517154.887433519
1524700800,2018-04-26 00:00:00,BCH/EUR,1059.85,1180.00,1022.92,1180.00,2092.31950323,2468937.0138114
1524787200,2018-04-27 00:00:00,BCH/EUR,1170.26,1177.16,1091.99,1091.99,739.01986533,807002.3027417067
1524873600,2018-04-28 00:00:00,BCH/EUR,1091.99,1167.23,1090.30,1145.29,557.62719529,638644.8504936841
1524960000,2018-04-29 00:00:00,BCH/EUR,1152.99,1222.45,1132.11,1182.49,704.61421052,833199.2577977949
1525046400,2018-04-30 00:00:00,BCH/EUR,1190.93,1190.93,1100.50,1118.17,695.02461191,777155.6702994048
1525132800,2018-05-01 00:00:00,BCH/EUR,1107.67,1131.01,1022.26,1128.73,867.77485413,979483.511102155
1525219200,2018-05-02 00:00:00,BCH/EUR,1130.89,1239.85,1105.99,1211.51,1637.25506950,1983550.889249945
1525305600,2018-05-03 00:00:00,BCH/EUR,1217.90,1284.96,1207.52,1248.83,1149.28717731,1435264.3056400472
1525392000,2018-05-04 00:00:00,BCH/EUR,1255.43,1279.30,1207.28,1264.64,1229.26650911,1554579.5980808705
1525478400,2018-05-05 00:00:00,BCH/EUR,1261.00,1460.00,1260.98,1460.00,1776.51639341,2593713.9343786
1525564800,2018-05-06 00:00:00,BCH/EUR,1460.92,1533.00,1365.00,1469.14,2235.63427594,3284459.7401544917
1525651200,2018-05-07 00:00:00,BCH/EUR,1462.59,1480.13,1307.58,1386.42,1277.75634275,1771506.948715455
1525737600,2018-05-08 00:00:00,BCH/EUR,1388.44,1422.89,1307.34,1343.73,857.76740787,1152607.7989771552
1525824000,2018-05-09 00:00:00,BCH/EUR,1343.72,1411.90,1229.49,1366.72,1029.05400414,1406428.6885382207
1525910400,2018-05-10 00:00:00,BCH/EUR,1366.63,1403.92,1269.01,1272.74,725.77425332,923721.9231704967
1525996800,2018-05-11 00:00:00,BCH/EUR,1272.74,1308.74,1102.65,1138.00,2776.79318756,3159990.64744328
1526083200,2018-05-12 00:00:00,BCH/EUR,1154.98,1262.15,1060.23,1217.99,2077.96828510,2530944.5915689487
1526169600,2018-05-13 00:00:00,BCH/EUR,1229.99,1257.40,1167.01,1242.00,963.67774098,1196887.7542971598
1526256000,2018-05-14 00:00:00,BCH/EUR,1231.62,1247.28,1106.52,1191.04,1730.10282862,2060621.6729995648
1526342400,2018-05-15 00:00:00,BCH/EUR,1188.61,1218.08,1111.09,1130.34,1038.25930800,1173586.02620472
1526428800,2018-05-16 00:00:00,BCH/EUR,1145.00,1153.96,1030.59,1084.52,1320.00983122,1431577.0621547145
1526515200,2018-05-17 00:00:00,BCH/EUR,1095.99,1137.05,992.87,1016.68,796.31384292,809596.3578199055
1526601600,2018-05-18 00:00:00,BCH/EUR,1016.22,1034.04,960.56,1014.06,1265.14832392,1282936.309354315
1526688000,2018-05-19 00:00:00,BCH/EUR,1015.02,1029.74,976.32,1002.28,512.42202520,513590.347417456
1526774400,2018-05-20 00:00:00,BCH/EUR,1003.29,1115.96,992.06,1095.26,771.00615056,844452.1964623457
1526860800,2018-05-21 00:00:00,BCH/EUR,1100.00,1102.32,1029.00,1039.12,578.92333133,601570.8120516295
1526947200,2018-05-22 00:00:00,BCH/EUR,1037.90,1037.90,952.73,966.38,1087.08832993,1050540.4202777534
1527033600,2018-05-23 00:00:00,BCH/EUR,959.97,977.10,830.00,851.67,2103.09834293,1791145.765723193
1527120000,2018-05-24 00:00:00,BCH/EUR,852.44,920.59,805.81,920.50,1476.80928253,1359402.944568865
1527206400,2018-05-25 00:00:00,BCH/EUR,912.74,914.46,846.90,868.43,1312.90907577,1140169.628670941
1527292800,2018-05-26 00:00:00,BCH/EUR,868.43,896.53,858.17,865.34,377.87519725,326990.523188315
1527379200,2018-05-27 00:00:00,BCH/EUR,862.15,864.88,838.45,850.10,391.50605357,332819.29613985703
1527465600,2018-05-28 00:00:00,BCH/EUR,851.98,856.49,751.00,760.35,1277.66055522,971469.203161527
1527552000,2018-05-29 00:00:00,BCH/EUR,761.44,873.05,750.45,856.30,1438.72053870,1231976.3972888098
1527638400,2018-05-30 00:00:00,BCH/EUR,852.62,891.92,812.80,842.82,781.16085704,658377.9935304528
1527724800,2018-05-31 00:00:00,BCH/EUR,841.00,883.00,836.32,847.95,423.38206460,359006.82167757
1527811200,2018-06-01 00:00:00,BCH/EUR,853.39,866.28,835.47,860.22,753.28394979,647989.9192883538
1527897600,2018-06-02 00:00:00,BCH/EUR,856.15,970.53,852.46,930.29,1018.49921613,947499.6357735777
1527984000,2018-06-03 00:00:00,BCH/EUR,931.84,1024.80,919.56,997.01,1679.51485395,1674493.1045366896
1528070400,2018-06-04 00:00:00,BCH/EUR,1004.23,1037.26,920.97,937.14,1878.06838036,1760013.0019705703
1528156800,2018-06-05 00:00:00,BCH/EUR,944.69,990.00,897.00,983.34,1021.08542384,1004074.1406788256
1528243200,2018-06-06 00:00:00,BCH/EUR,984.00,985.00,931.14,959.20,622.77811538,597368.7682724961
1528329600,2018-06-07 00:00:00,BCH/EUR,955.76,992.69,953.59,968.03,544.54956783,527140.3181464749
1528416000,2018-06-08 00:00:00,BCH/EUR,972.47,973.72,927.53,948.21,467.06266069,442873.4854928649
1528502400,2018-06-09 00:00:00,BCH/EUR,950.20,969.02,920.94,921.12,271.32696151,249924.6907860912
1528588800,2018-06-10 00:00:00,BCH/EUR,920.92,920.92,768.20,799.74,1812.50213710,1449530.459124354
1528675200,2018-06-11 00:00:00,BCH/EUR,799.74,828.13,763.15,813.99,933.24288584,759650.3766449016
1528761600,2018-06-12 00:00:00,BCH/EUR,812.80,815.79,723.01,741.97,1268.15170692,940930.5219834324
1528848000,2018-06-13 00:00:00,BCH/EUR,743.83,752.72,680.61,715.70,1371.06521321,981271.373094397
1528934400,2018-06-14 00:00:00,BCH/EUR,716.86,781.98,701.29,778.22,1036.73426364,806807.3386499209
1529020800,2018-06-15 00:00:00,BCH/EUR,775.40,775.40,719.80,724.00,391.34017283,283330.28512892
1529107200,2018-06-16 00:00:00,BCH/EUR,734.90,742.83,715.50,732.95,149.27144279,109408.50399293052
1529193600,2018-06-17 00:00:00,BCH/EUR,736.81,743.99,726.92,729.83,192.88844891,140775.7766679853
1529280000,2018-06-18 00:00:00,BCH/EUR,729.73,775.09,709.54,764.62,388.82500817,297303.3777469454
1529366400,2018-06-19 00:00:00,BCH/EUR,760.89,803.11,755.00,781.28,514.60744769,402052.50673124316
1529452800,2018-06-20 00:00:00,BCH/EUR,782.28,782.28,745.26,772.47,403.99449589,312073.6282401483
1529539200,2018-06-21 00:00:00,BCH/EUR,769.45,781.69,745.56,751.43,630.93768148,474105.5019945164
1529625600,2018-06-22 00:00:00,BCH/EUR,752.88,753.54,623.92,643.72,1738.86161288,1119339.9974431137
1529712000,2018-06-23 00:00:00,BCH/EUR,648.04,669.05,631.99,651.63,340.84146545,222102.52413118348
1529798400,2018-06-24 00:00:00,BCH/EUR,650.74,662.00,569.00,638.25,1085.42068574,692769.7526735549
1529884800,2018-06-25 00:00:00,BCH/EUR,643.28,668.62,630.50,647.00,783.61105697,506996.35385959
1529971200,2018-06-26 00:00:00,BCH/EUR,643.20,645.44,596.00,599.00,521.74460746,312525.01986854
1530057600,2018-06-27 00:00:00,BCH/EUR,593.14,623.51,590.00,620.51,584.23729262,362525.08244363614
1530144000,2018-06-28 00:00:00,BCH/EUR,615.16,615.16,562.00,562.19,598.53822920,336492.20707394806
1530230400,2018-06-29 00:00:00,BCH/EUR,572.64,630.05,556.26,610.39,908.97973818,554832.1423876903
1530316800,2018-06-30 00:00:00,BCH/EUR,613.98,666.08,613.17,641.85,490.49842910,314826.416717835
1530403200,2018-07-01 00:00:00,BCH/EUR,641.89,643.99,611.26,633.41,336.78705106,213324.2860119146
1530489600,2018-07-02 00:00:00,BCH/EUR,629.54,685.59,619.89,672.71,555.16751281,373466.7375424151
1530576000,2018-07-03 00:00:00,BCH/EUR,671.17,714.79,645.30,647.04,986.92332274,638578.8667456895
1530662400,2018-07-04 00:00:00,BCH/EUR,648.79,697.52,634.19,650.99,641.59894184,417674.49514842156
1530748800,2018-07-05 00:00:00,BCH/EUR,655.75,672.81,612.68,629.24,1000.18279594,629355.0225172857
1530835200,2018-07-06 00:00:00,BCH/EUR,635.61,635.61,595.63,617.18,525.41273760,324274.233391968
1530921600,2018-07-07 00:00:00,BCH/EUR,624.24,659.33,605.00,655.40,216.55148537,141927.84351149798
1531008000,2018-07-08 00:00:00,BCH/EUR,655.64,663.47,631.91,638.49,546.27664070,348792.17232054303
1531094400,2018-07-09 00:00:00,BCH/EUR,634.79,644.95,619.13,621.00,312.96557383,194351.62134843
1531180800,2018-07-10 00:00:00,BCH/EUR,618.58,627.10,581.75,585.10,607.88935832,355676.06355303206
1531267200,2018-07-11 00:00:00,BCH/EUR,586.32,608.20,582.10,603.25,287.56228057,173471.9457538525
1531353600,2018-07-12 00:00:00,BCH/EUR,605.07,605.09,567.19,588.36,305.57230439,179786.5210109004
1531440000,2018-07-13 00:00:00,BCH/EUR,588.37,608.98,588.37,592.85,264.02594105,156527.7791514925
1531526400,2018-07-14 00:00:00,BCH/EUR,594.28,605.84,588.85,601.00,79.64243399,47865.10282799
1531612800,2018-07-15 00:00:00,BCH/EUR,599.78,625.77,599.78,620.85,247.30434449,153538.9022766165
1531699200,2018-07-16 00:00:00,BCH/EUR,620.58,691.81,612.50,684.11,1276.79945462,873471.2749000882
1531785600,2018-07-17 00:00:00,BCH/EUR,683.47,748.02,667.70,730.80,1185.65511536,866476.758305088
1531872000,2018-07-18 00:00:00,BCH/EUR,732.17,758.62,691.03,709.70,911.94769087,647209.276210439
1531958400,2018-07-19 00:00:00,BCH/EUR,708.38,727.07,692.01,706.00,375.78696448,265305.59692288
1532044800,2018-07-20 00:00:00,BCH/EUR,700.02,702.81,649.98,651.54,665.13589964,433362.6440514456
1532131200,2018-07-21 00:00:00,BCH/EUR,651.52,683.59,634.64,673.00,289.05485250,194533.9157325
1532217600,2018-07-22 00:00:00,BCH/EUR,670.81,699.00,664.10,673.57,262.71439834,176956.5372898738
1532304000,2018-07-23 00:00:00,BCH/EUR,678.09,708.56,667.11,667.11,469.83585435,313432.19679542846
1532390400,2018-07-24 00:00:00,BCH/EUR,670.77,749.00,662.00,742.00,1539.97888013,1142664.3290564602
1532476800,2018-07-25 00:00:00,BCH/EUR,739.44,750.00,701.14,710.90,636.75184145,452666.884086805
1532563200,2018-07-26 00:00:00,BCH/EUR,710.15,734.70,681.00,692.00,457.89483091,316863.22298972
1532649600,2018-07-27 00:00:00,BCH/EUR,690.63,710.74,670.00,700.29,409.79544751,286975.65393677785
1532736000,2018-07-28 00:00:00,BCH/EUR,702.02,709.86,686.01,704.00,141.38757103,99536.85000512001
1532822400,2018-07-29 00:00:00,BCH/EUR,705.71,720.00,697.67,715.28,153.25196896,109618.06835770879
1532908800,2018-07-30 00:00:00,BCH/EUR,712.40,712.90,669.00,697.21,300.36656678,209418.57402468382
1532995200,2018-07-31 00:00:00,BCH/EUR,696.71,696.71,650.06,663.12,537.25306524,356263.2526219488
1533081600,2018-08-01 00:00:00,BCH/EUR,663.42,663.42,629.35,656.89,1466.46903616,963308.8451631424
1533168000,2018-08-02 00:00:00,BCH/EUR,658.27,662.90,623.00,632.71,293.32393139,185588.9846297669
1533254400,2018-08-03 00:00:00,BCH/EUR,628.50,628.50,604.23,625.74,478.11039942,299172.8013330708
1533340800,2018-08-04 00:00:00,BCH/EUR,626.19,636.61,595.04,601.17,288.16242414,173234.60452024377
1533427200,2018-08-05 00:00:00,BCH/EUR,598.24,617.66,592.51,613.97,210.18071566,129044.6539937702
1533513600,2018-08-06 00:00:00,BCH/EUR,617.50,619.37,590.00,597.09,325.14278320,194139.504420888
1533600000,2018-08-07 00:00:00,BCH/EUR,600.00,614.32,555.61,565.03,635.84119122,359269.3482750366
1533686400,2018-08-08 00:00:00,BCH/EUR,567.26,567.27,489.99,500.58,1438.43908883,720053.8390865213
1533772800,2018-08-09 00:00:00,BCH/EUR,509.21,538.39,499.28,531.04,1189.71885061,631788.2984279343
1533859200,2018-08-10 00:00:00,BCH/EUR,532.37,532.37,490.57,500.07,757.39464742,378750.3413353194
1533945600,2018-08-11 00:00:00,BCH/EUR,500.07,515.25,474.55,496.24,781.76168358,387941.41785973916
1534032000,2018-08-12 00:00:00,BCH/EUR,493.36,513.78,490.11,502.55,215.29100414,108194.49413055701
1534118400,2018-08-13 00:00:00,BCH/EUR,503.04,521.00,457.70,462.90,609.54631932,282158.991213228
1534204800,2018-08-14 00:00:00,BCH/EUR,465.33,465.33,415.86,451.29,1596.31425033,720400.6580314258
1534291200,2018-08-15 00:00:00,BCH/EUR,452.90,475.83,443.34,450.00,1008.61510921,453876.7991445
1534377600,2018-08-16 00:00:00,BCH/EUR,450.09,472.30,444.88,452.81,484.20781582,219254.1410814542
1534464000,2018-08-17 00:00:00,BCH/EUR,454.31,527.00,454.31,527.00,761.93084303,401537.55427681
1534550400,2018-08-18 00:00:00,BCH/EUR,527.30,534.81,470.78,485.66,547.56031484,265928.1425051944
1534636800,2018-08-19 00:00:00,BCH/EUR,481.06,508.80,475.00,500.46,375.99520901,188170.5623011446
1534723200,2018-08-20 00:00:00,BCH/EUR,502.82,502.82,443.20,447.00,618.37905899,276415.43936853
1534809600,2018-08-21 00:00:00,BCH/EUR,445.61,471.22,445.20,462.02,544.55713388,251596.2869952376
1534896000,2018-08-22 00:00:00,BCH/EUR,462.88,495.75,439.96,448.45,682.19847596,305931.906544262
1534982400,2018-08-23 00:00:00,BCH/EUR,450.21,460.98,444.88,459.51,378.90326410,174109.838886591
1535068800,2018-08-24 00:00:00,BCH/EUR,460.22,466.03,447.66,458.66,334.22370787,153295.0458516542
1535155200,2018-08-25 00:00:00,BCH/EUR,459.76,463.38,452.70,462.68,221.60285148,102531.20732276641
1535241600,2018-08-26 00:00:00,BCH/EUR,460.19,460.80,444.90,447.50,124.56407981,55742.425714975
1535328000,2018-08-27 00:00:00,BCH/EUR,449.03,474.08,448.55,467.91,171.33919938,80171.3247818958
1535414400,2018-08-28 00:00:00,BCH/EUR,469.33,491.47,464.29,486.50,652.50358712,317442.99513388
1535500800,2018-08-29 00:00:00,BCH/EUR,483.01,488.53,465.10,474.45,334.61275641,158757.02227872447
1535587200,2018-08-30 00:00:00,BCH/EUR,473.89,476.45,450.08,460.86,252.89675808,116549.9999287488
1535673600,2018-08-31 00:00:00,BCH/EUR,460.73,471.00,456.63,467.30,204.95890620,95777.29686726
1535760000,2018-09-01 00:00:00,BCH/EUR,467.18,544.17,467.18,526.64,560.49519885,295179.191522364
1535846400,2018-09-02 00:00:00,BCH/EUR,532.72,565.42,519.00,562.22,753.49534937,423630.15532280144
1535932800,2018-09-03 00:00:00,BCH/EUR,559.43,564.25,535.32,540.99,288.40953516,156026.67442620842
1536019200,2018-09-04 00:00:00,BCH/EUR,540.95,561.50,536.20,540.00,715.66054039,386456.69181060005
1536105600,2018-09-05 00:00:00,BCH/EUR,540.91,545.54,449.00,453.17,1568.34638333,710727.5305336561
1536192000,2018-09-06 00:00:00,BCH/EUR,452.72,452.98,418.30,447.25,1333.20806465,596277.3069147125
1536278400,2018-09-07 00:00:00,BCH/EUR,446.92,455.57,426.91,429.49,448.08005440,192445.90256425602
1536364800,2018-09-08 00:00:00,BCH/EUR,433.00,438.48,401.34,410.20,517.06885369,212101.643783638
1536451200,2018-09-09 00:00:00,BCH/EUR,411.79,429.72,403.01,415.32,504.92810566,209706.7408427112
1536537600,2018-09-10 00:00:00,BCH/EUR,415.70,422.70,396.30,401.38,596.22832067,239314.1233505246
1536624000,2018-09-11 00:00:00,BCH/EUR,403.74,411.73,368.00,377.98,1254.15701599,474046.2689039002
1536710400,2018-09-12 00:00:00,BCH/EUR,376.43,376.43,354.00,370.47,1027.54502940,380674.60704181803
1536796800,2018-09-13 00:00:00,BCH/EUR,371.29,406.97,371.21,395.06,1620.17644152,640066.9049868912
1536883200,2018-09-14 00:00:00,BCH/EUR,397.84,405.84,377.73,384.11,589.54796878,226451.27028808583
1536969600,2018-09-15 00:00:00,BCH/EUR,385.90,400.00,382.70,388.66,482.51803842,187535.4608123172
1537056000,2018-09-16 00:00:00,BCH/EUR,384.05,388.02,368.93,387.70,638.33485578,247482.42358590598
1537142400,2018-09-17 00:00:00,BCH/EUR,387.77,396.12,351.00,360.00,946.04823703,340577.3653308
1537228800,2018-09-18 00:00:00,BCH/EUR,356.70,384.58,353.75,372.93,896.99532965,334516.4682863745
1537315200,2018-09-19 00:00:00,BCH/EUR,371.03,378.00,348.85,366.66,940.43285299,344819.1098773134
1537401600,2018-09-20 00:00:00,BCH/EUR,368.63,395.50,360.01,386.95,1141.77778584,441810.91423078795
1537488000,2018-09-21 00:00:00,BCH/EUR,389.10,433.97,381.80,426.67,2908.85943901,1241123.0568423967
1537574400,2018-09-22 00:00:00,BCH/EUR,427.81,434.38,400.01,410.15,666.53623678,273379.83751531696
1537660800,2018-09-23 00:00:00,BCH/EUR,413.70,432.69,404.47,417.11,508.02099195,211900.6359522645
1537747200,2018-09-24 00:00:00,BCH/EUR,417.45,418.65,388.00,392.01,747.04155480,292847.759897148
1537833600,2018-09-25 00:00:00,BCH/EUR,391.37,392.00,362.00,379.26,857.98857211,325400.74585843855
1537920000,2018-09-26 00:00:00,BCH/EUR,380.23,468.95,367.50,437.65,4892.90524268,2141379.979458902
1538006400,2018-09-27 00:00:00,BCH/EUR,440.12,504.59,437.62,485.31,3725.43967701,1807993.1296497232
1538092800,2018-09-28 00:00:00,BCH/EUR,488.37,494.40,456.94,464.86,1185.90785936,551281.1275020896
1538179200,2018-09-29 00:00:00,BCH/EUR,460.17,482.54,440.24,461.11,646.48124242,298098.9656922862
1538265600,2018-09-30 00:00:00,BCH/EUR,462.90,474.68,444.27,456.67,907.15547701,414270.69168615673
1538352000,2018-10-01 00:00:00,BCH/EUR,459.04,467.77,446.23,459.21,742.32329384,340882.2797642664
1538438400,2018-10-02 00:00:00,BCH/EUR,459.50,476.97,452.50,460.00,672.33689552,309274.9719392
1538524800,2018-10-03 00:00:00,BCH/EUR,458.26,459.29,435.53,449.78,734.37838825,330308.71146708494
1538611200,2018-10-04 00:00:00,BCH/EUR,446.57,461.00,439.30,446.33,1535.48746409,685334.1198472896
1538697600,2018-10-05 00:00:00,BCH/EUR,445.97,456.84,441.45,450.15,276.16444912,124315.42677136799
1538784000,2018-10-06 00:00:00,BCH/EUR,448.60,449.56,416.62,440.23,2993.13442440,1317667.5676536122
1538870400,2018-10-07 00:00:00,BCH/EUR,441.94,1100.00,378.00,447.60,5031.87480897,2252267.164494972
1538956800,2018-10-08 00:00:00,BCH/EUR,452.12,463.00,448.80,459.47,709.49823018,325993.1518208046
1539043200,2018-10-09 00:00:00,BCH/EUR,458.70,458.70,447.56,447.59,162.81316376,72873.5439673384
1539129600,2018-10-10 00:00:00,BCH/EUR,449.79,449.79,437.22,440.82,586.59340734,258582.1058236188
1539216000,2018-10-11 00:00:00,BCH/EUR,437.98,437.98,366.00,371.69,3019.34525730,1122260.438685837
1539302400,2018-10-12 00:00:00,BCH/EUR,368.47,388.91,366.30,380.99,548.59389802,209008.7892066398
1539388800,2018-10-13 00:00:00,BCH/EUR,383.00,388.12,379.51,386.73,172.19041505,66591.1992122865
1539475200,2018-10-14 00:00:00,BCH/EUR,385.27,388.18,373.15,374.64,285.81548090,107077.911764376
1539561600,2018-10-15 00:00:00,BCH/EUR,374.74,414.04,370.00,389.29,1673.69158771,651551.398179626
1539648000,2018-10-16 00:00:00,BCH/EUR,385.40,395.29,383.40,389.38,316.86476538,123380.8023436644
1539734400,2018-10-17 00:00:00,BCH/EUR,389.30,389.30,381.10,385.40,154.64062377,59598.49640095799
1539820800,2018-10-18 00:00:00,BCH/EUR,385.21,392.20,371.95,378.19,422.80271069,159899.7571558511
1539907200,2018-10-19 00:00:00,BCH/EUR,375.89,382.99,372.31,379.73,354.64528643,134669.45461606391
1539993600,2018-10-20 00:00:00,BCH/EUR,378.08,388.75,378.08,387.59,53.50023255,20736.155134054497
1540080000,2018-10-21 00:00:00,BCH/EUR,387.00,393.04,384.53,384.96,146.33084929,56331.5237426784
1540166400,2018-10-22 00:00:00,BCH/EUR,386.05,389.99,380.50,389.30,200.43612153,78029.782111629
1540252800,2018-10-23 00:00:00,BCH/EUR,389.30,389.30,378.00,382.98,147.43505148,56464.6760158104
1540339200,2018-10-24 00:00:00,BCH/EUR,382.98,389.00,382.98,385.11,157.44337659,60633.01875857491
1540425600,2018-10-25 00:00:00,BCH/EUR,385.11,387.57,382.21,384.31,67.48977931,25936.997086626103
1540512000,2018-10-26 00:00:00,BCH/EUR,384.81,387.98,380.88,382.10,263.43455561,100658.34369858101
1540598400,2018-10-27 00:00:00,BCH/EUR,382.10,382.67,380.00,381.72,59.43105322,22686.021635138404
1540684800,2018-10-28 00:00:00,BCH/EUR,382.48,385.30,380.32,384.77,90.38337094,34776.8096365838
1540771200,2018-10-29 00:00:00,BCH/EUR,383.80,384.28,358.80,363.00,534.05981220,193863.7118286
1540857600,2018-10-30 00:00:00,BCH/EUR,363.50,370.73,363.21,370.58,133.40263112,49436.3470404496
1540944000,2018-10-31 00:00:00,BCH/EUR,369.51,380.72,360.08,374.65,1321.32257039,495033.50099661347
1541030400,2018-11-01 00:00:00,BCH/EUR,373.06,373.06,368.70,370.29,103.12387470,38185.739562663
1541116800,2018-11-02 00:00:00,BCH/EUR,372.40,412.19,369.01,404.20,1113.18102294,449947.769472348
1541203200,2018-11-03 00:00:00,BCH/EUR,402.12,425.00,400.00,417.21,385.48382938,160827.7084556298
1541289600,2018-11-04 00:00:00,BCH/EUR,418.74,517.57,418.74,494.69,3220.24687847,1593023.9283103242
1541376000,2018-11-05 00:00:00,BCH/EUR,496.00,507.59,468.26,488.00,1881.32263946,918085.4480564799
1541462400,2018-11-06 00:00:00,BCH/EUR,488.21,552.80,482.09,551.85,2789.08637461,1539157.3158285285
1541548800,2018-11-07 00:00:00,BCH/EUR,551.86,556.00,526.75,534.02,1550.24840122,827863.6512195044
1541635200,2018-11-08 00:00:00,BCH/EUR,538.00,539.37,498.08,500.97,1362.40873329,682525.9031162914
1541721600,2018-11-09 00:00:00,BCH/EUR,504.73,525.47,462.49,477.10,1618.81577305,772337.005322155
1541808000,2018-11-10 00:00:00,BCH/EUR,477.05,494.30,467.10,482.14,764.78837626,368735.06772999634
1541894400,2018-11-11 00:00:00,BCH/EUR,484.66,485.46,453.54,468.14,1480.80807794,693225.4936068315
1541980800,2018-11-12 00:00:00,BCH/EUR,468.69,474.08,441.22,454.38,2160.55196029,981711.5997165701
1542067200,2018-11-13 00:00:00,BCH/EUR,454.56,480.00,442.59,446.44,2081.04506769,929061.7600195236
1542153600,2018-11-14 00:00:00,BCH/EUR,446.44,461.88,359.27,377.63,5523.12271638,2085696.8313865794
1542240000,2018-11-15 00:00:00,BCH/EUR,379.38,399.99,314.00,347.51,2535.23451877,881019.3476177626
1542326400,2018-11-16 00:00:00,BCH/EUR,351.00,389.00,321.10,344.82,913.26983560,314913.704711592
1542412800,2018-11-17 00:00:00,BCH/EUR,344.84,371.00,330.00,351.97,314.67918906,110757.63417344821
1542499200,2018-11-18 00:00:00,BCH/EUR,352.00,366.00,320.00,344.95,346.79355562,119626.437011119
1542585600,2018-11-19 00:00:00,BCH/EUR,341.96,344.01,271.00,287.02,1109.10354050,318334.89819430996
1542672000,2018-11-20 00:00:00,BCH/EUR,287.00,307.06,207.08,226.12,1815.42270996,410503.3831761552
1542758400,2018-11-21 00:00:00,BCH/EUR,229.26,240.50,189.00,203.44,2095.62333557,426333.6113883608
1542844800,2018-11-22 00:00:00,BCH/EUR,203.01,205.94,178.75,179.00,1775.24425454,317768.72156266
1542931200,2018-11-23 00:00:00,BCH/EUR,182.45,185.78,167.84,178.73,1813.52043241,324130.50688463927
1543017600,2018-11-24 00:00:00,BCH/EUR,179.54,187.87,147.59,153.22,1994.58696709,305610.6150975298
1543104000,2018-11-25 00:00:00,BCH/EUR,156.44,164.41,129.53,160.50,3331.25573720,534666.5458206
1543190400,2018-11-26 00:00:00,BCH/EUR,160.37,179.88,143.00,156.87,3380.22190741,530255.4106154067
1543276800,2018-11-27 00:00:00,BCH/EUR,156.28,163.72,146.09,156.60,1383.91612241,216721.264769406
1543363200,2018-11-28 00:00:00,BCH/EUR,156.00,175.49,154.07,166.65,2326.84904994,387769.394172501
1543449600,2018-11-29 00:00:00,BCH/EUR,166.70,169.22,152.61,156.60,873.08881630,136725.70863257998
1543536000,2018-11-30 00:00:00,BCH/EUR,156.60,163.56,144.77,150.00,978.39875441,146759.8131615
1543622400,2018-12-01 00:00:00,BCH/EUR,149.89,156.24,145.33,151.94,1115.27682901,169455.1613997794
1543708800,2018-12-02 00:00:00,BCH/EUR,151.57,162.53,145.63,149.64,1091.26903319,163297.4981265516
1543795200,2018-12-03 00:00:00,BCH/EUR,148.62,149.00,135.72,137.51,1024.72920711,140910.5132696961
1543881600,2018-12-04 00:00:00,BCH/EUR,137.98,138.77,127.67,129.80,1131.21601783,146831.83911433403
1543968000,2018-12-05 00:00:00,BCH/EUR,128.92,129.08,112.70,112.70,3676.92145791,414389.048306457
1544054400,2018-12-06 00:00:00,BCH/EUR,113.05,114.06,92.30,92.30,5058.05429501,466858.41142942297
1544140800,2018-12-07 00:00:00,BCH/EUR,92.25,101.62,83.29,92.29,6583.87953381,607626.2421753249
1544227200,2018-12-08 00:00:00,BCH/EUR,91.77,95.99,83.37,87.42,1472.04045183,128685.7762989786
1544313600,2018-12-09 00:00:00,BCH/EUR,87.01,96.51,86.38,93.30,1521.92917176,141995.99172520798
1544400000,2018-12-10 00:00:00,BCH/EUR,93.44,94.58,87.35,89.40,1128.91467014,100924.971510516
1544486400,2018-12-11 00:00:00,BCH/EUR,89.18,89.20,81.92,85.43,1221.04183441,104313.60391364632
1544572800,2018-12-12 00:00:00,BCH/EUR,84.17,87.08,83.50,84.91,409.67726975,34785.6969744725
1544659200,2018-12-13 00:00:00,BCH/EUR,84.92,84.97,75.49,76.24,1148.04437268,87526.90297312319
1544745600,2018-12-14 00:00:00,BCH/EUR,76.45,77.61,67.09,70.35,1620.24729657,113984.39731369949
1544832000,2018-12-15 00:00:00,BCH/EUR,70.15,71.80,65.12,67.45,601.09840284,40544.087271558
1544918400,2018-12-16 00:00:00,BCH/EUR,67.57,72.38,67.55,70.00,1427.54214274,99927.9499918
1545004800,2018-12-17 00:00:00,BCH/EUR,70.00,80.58,69.45,78.02,2234.78249067,174357.72992207337
1545091200,2018-12-18 00:00:00,BCH/EUR,78.25,92.76,74.77,91.80,3960.77472667,363599.119908306
1545177600,2018-12-19 00:00:00,BCH/EUR,92.28,129.99,89.50,110.80,15736.87347504,1743645.581034432
1545264000,2018-12-20 00:00:00,BCH/EUR,110.90,190.00,107.52,167.00,21144.33417881,3531103.80786127
1545350400,2018-12-21 00:00:00,BCH/EUR,166.81,211.00,151.00,169.60,13348.16355092,2263848.538236032
1545436800,2018-12-22 00:00:00,BCH/EUR,169.88,180.20,159.64,172.10,2760.84870107,475142.061454147
1545523200,2018-12-23 00:00:00,BCH/EUR,172.04,185.00,165.11,172.32,3926.16287123,676556.3859703535
1545609600,2018-12-24 00:00:00,BCH/EUR,173.77,187.76,154.00,160.56,4969.46111064,797896.6759243584
1545696000,2018-12-25 00:00:00,BCH/EUR,159.95,159.95,131.89,150.38,4480.09130464,673716.1303917632
1545782400,2018-12-26 00:00:00,BCH/EUR,150.07,163.95,143.01,152.69,2598.40051608,396749.77480025525
1545868800,2018-12-27 00:00:00,BCH/EUR,153.60,154.51,127.05,129.27,2607.06444221,337015.2204444867
1545955200,2018-12-28 00:00:00,BCH/EUR,130.31,155.00,123.53,151.78,3936.84468252,597534.2859128856
1546041600,2018-12-29 00:00:00,BCH/EUR,151.00,153.48,140.13,141.81,1484.75181297,210552.6545972757
1546128000,2018-12-30 00:00:00,BCH/EUR,142.90,143.60,137.09,141.55,1219.72393588,172651.92312381402
1546214400,2018-12-31 00:00:00,BCH/EUR,141.53,141.59,127.00,129.51,2098.16736151,271733.6549891601
1546300800,2019-01-01 00:00:00,BCH/EUR,130.00,144.59,130.00,142.90,1464.97448896,209344.854472384
1546387200,2019-01-02 00:00:00,BCH/EUR,142.90,152.40,139.38,149.30,1974.32500752,294766.72362273606
1546473600,2019-01-03 00:00:00,BCH/EUR,149.80,154.48,137.17,140.53,1516.08441841,213055.34331915728
1546560000,2019-01-04 00:00:00,BCH/EUR,139.81,143.21,134.50,140.49,1452.11089560,204007.05972284402
1546646400,2019-01-05 00:00:00,BCH/EUR,140.32,145.74,137.33,139.03,991.04461854,137784.9333156162
1546732800,2019-01-06 00:00:00,BCH/EUR,139.03,147.71,137.60,144.84,1740.44203060,252085.623712104
1546819200,2019-01-07 00:00:00,BCH/EUR,145.18,145.58,138.44,138.60,1026.81896777,142317.10893292198
1546905600,2019-01-08 00:00:00,BCH/EUR,139.50,142.93,137.43,139.41,1379.71565713,192346.1597604933
1546992000,2019-01-09 00:00:00,BCH/EUR,139.94,139.94,135.53,137.99,517.49514669,71409.1552917531
1547078400,2019-01-10 00:00:00,BCH/EUR,138.26,141.54,113.00,116.73,4187.29323093,488782.73884645896
1547164800,2019-01-11 00:00:00,BCH/EUR,115.11,115.93,110.70,112.88,2289.99237591,258494.3393927208
1547251200,2019-01-12 00:00:00,BCH/EUR,113.88,119.50,113.88,116.29,843.26700145,98063.51959862049
1547337600,2019-01-13 00:00:00,BCH/EUR,116.68,117.17,105.64,109.19,1143.61487271,124871.30795120492
1547424000,2019-01-14 00:00:00,BCH/EUR,108.76,119.43,107.02,116.74,2494.09754800,291160.94775352
1547510400,2019-01-15 00:00:00,BCH/EUR,116.19,116.23,109.43,111.24,965.69759683,107424.2006713692
1547596800,2019-01-16 00:00:00,BCH/EUR,111.88,115.06,110.91,111.61,583.01733427,65070.564677874696
1547683200,2019-01-17 00:00:00,BCH/EUR,112.37,114.95,109.29,114.02,803.95327538,91666.7524588276
1547769600,2019-01-18 00:00:00,BCH/EUR,113.67,113.67,110.38,111.90,232.48327617,26014.878603423003
1547856000,2019-01-19 00:00:00,BCH/EUR,111.43,116.00,111.41,113.94,462.62516131,52711.5108796614
1547942400,2019-01-20 00:00:00,BCH/EUR,113.13,114.00,105.38,108.28,1029.06321745,111426.965185486
1548028800,2019-01-21 00:00:00,BCH/EUR,107.11,108.50,105.60,106.89,750.52203710,80223.300545619
1548115200,2019-01-22 00:00:00,BCH/EUR,106.91,115.24,102.00,112.05,2071.98830227,232166.2892693535
1548201600,2019-01-23 00:00:00,BCH/EUR,112.25,118.75,111.74,115.77,2342.72186661,271216.9104974397
1548288000,2019-01-24 00:00:00,BCH/EUR,115.16,115.58,110.53,113.43,751.34970539,85225.59708238771
1548374400,2019-01-25 00:00:00,BCH/EUR,113.39,113.40,110.16,110.82,557.97527726,61834.8202259532
1548460800,2019-01-26 00:00:00,BCH/EUR,111.20,112.49,110.10,110.28,335.27102359,36973.6884815052
1548547200,2019-01-27 00:00:00,BCH/EUR,110.10,110.42,103.60,106.08,1671.90129952,177355.2898530816
1548633600,2019-01-28 00:00:00,BCH/EUR,105.81,105.81,91.58,97.31,3360.98054631,327057.0169614261
1548720000,2019-01-29 00:00:00,BCH/EUR,97.44,97.97,92.52,95.81,1190.55024279,114066.6187617099
1548806400,2019-01-30 00:00:00,BCH/EUR,95.50,104.80,94.18,101.50,2006.16127357,203625.369267355
1548892800,2019-01-31 00:00:00,BCH/EUR,101.95,104.75,97.60,98.94,2434.44773325,240864.258727755
1548979200,2019-02-01 00:00:00,BCH/EUR,98.92,102.10,96.00,100.42,1577.38607018,158401.1091674756
1549065600,2019-02-02 00:00:00,BCH/EUR,100.42,105.50,99.71,105.00,617.37334580,64824.201309000004
1549152000,2019-02-03 00:00:00,BCH/EUR,105.09,105.09,100.73,102.51,712.63355587,73052.0658122337
1549238400,2019-02-04 00:00:00,BCH/EUR,102.79,103.87,101.98,102.00,710.97022978,72518.96343756
1549324800,2019-02-05 00:00:00,BCH/EUR,102.39,103.31,101.53,102.10,294.16891226,30034.645941746
1549411200,2019-02-06 00:00:00,BCH/EUR,102.14,106.64,96.70,99.79,2349.39464681,234446.09180516988
1549497600,2019-02-07 00:00:00,BCH/EUR,99.60,102.45,99.27,100.46,363.19698039,36486.7686499794
1549584000,2019-02-08 00:00:00,BCH/EUR,100.24,115.88,99.75,114.50,4515.02611598,516970.49027971004
1549670400,2019-02-09 00:00:00,BCH/EUR,112.91,113.21,110.00,112.25,864.39158843,97027.9558012675
1549756800,2019-02-10 00:00:00,BCH/EUR,112.25,112.25,106.10,111.01,1345.79780729,149397.0145872629
1549843200,2019-02-11 00:00:00,BCH/EUR,111.00,111.00,105.80,107.50,784.03532960,84283.797932
1549929600,2019-02-12 00:00:00,BCH/EUR,106.84,107.71,103.98,107.33,1383.27643959,148467.0602611947
1550016000,2019-02-13 00:00:00,BCH/EUR,107.14,110.78,105.51,107.24,889.87885125,95430.60800805
1550102400,2019-02-14 00:00:00,BCH/EUR,107.57,109.02,105.07,106.27,1471.26249205,156351.0650301535
1550188800,2019-02-15 00:00:00,BCH/EUR,106.49,109.00,105.98,106.52,387.35422662,41260.9722195624
1550275200,2019-02-16 00:00:00,BCH/EUR,106.68,110.31,106.52,106.60,1845.41309949,196721.036405634
1550361600,2019-02-17 00:00:00,BCH/EUR,106.60,109.80,105.90,109.02,1095.78889378,119462.9051998956
1550448000,2019-02-18 00:00:00,BCH/EUR,109.22,131.31,109.22,125.90,6231.09092448,784494.3473920319
1550534400,2019-02-19 00:00:00,BCH/EUR,126.05,132.50,123.94,123.94,3683.92235921,456585.33720048744
1550620800,2019-02-20 00:00:00,BCH/EUR,124.43,129.41,121.49,128.62,1431.56264138,184127.58693429563
1550707200,2019-02-21 00:00:00,BCH/EUR,128.01,129.10,121.48,123.50,1548.34264524,191220.31668714
1550793600,2019-02-22 00:00:00,BCH/EUR,123.72,126.85,122.80,126.38,967.16525543,122230.3449812434
1550880000,2019-02-23 00:00:00,BCH/EUR,125.62,135.51,122.66,135.51,1731.64002006,234654.5391183306
1550966400,2019-02-24 00:00:00,BCH/EUR,135.60,138.45,111.27,111.71,3058.27816325,341640.25361665746
1551052800,2019-02-25 00:00:00,BCH/EUR,111.94,121.18,111.94,117.44,2214.70503095,260094.958834768
1551139200,2019-02-26 00:00:00,BCH/EUR,117.43,120.49,114.62,115.41,1084.13236439,125119.7161742499
1551225600,2019-02-27 00:00:00,BCH/EUR,115.09,117.29,110.91,115.02,943.68951006,108543.1674471012
1551312000,2019-02-28 00:00:00,BCH/EUR,115.01,116.81,112.59,114.20,912.29120509,104183.655621278
1551398400,2019-03-01 00:00:00,BCH/EUR,113.74,116.97,113.71,114.91,484.50727123,55674.7305370393
1551484800,2019-03-02 00:00:00,BCH/EUR,115.27,115.42,112.67,114.76,331.62967379,38057.82136414041
1551571200,2019-03-03 00:00:00,BCH/EUR,115.06,115.69,112.89,113.41,358.19639925,40623.0536389425
1551657600,2019-03-04 00:00:00,BCH/EUR,113.52,114.17,106.02,108.78,1482.31207692,161245.9077273576
1551744000,2019-03-05 00:00:00,BCH/EUR,108.50,117.69,108.02,116.50,1666.80718062,194183.03654223
1551830400,2019-03-06 00:00:00,BCH/EUR,116.63,118.00,113.60,115.60,1896.54668786,219240.79711661598
1551916800,2019-03-07 00:00:00,BCH/EUR,115.51,117.40,114.65,116.31,1397.33869547,162524.46367011569
1552003200,2019-03-08 00:00:00,BCH/EUR,116.43,117.40,111.40,113.20,1200.72255924,135921.793705968
1552089600,2019-03-09 00:00:00,BCH/EUR,112.75,121.20,112.75,117.30,1517.63201680,178018.23557063998
1552176000,2019-03-10 00:00:00,BCH/EUR,117.78,118.45,115.41,116.41,409.07717814,47620.6743072774
1552262400,2019-03-11 00:00:00,BCH/EUR,116.22,116.48,112.36,113.96,713.58272655,81319.887517638
1552348800,2019-03-12 00:00:00,BCH/EUR,113.67,114.27,111.30,112.97,1282.30097129,144861.5407266313
1552435200,2019-03-13 00:00:00,BCH/EUR,113.16,113.86,111.50,112.39,608.89609930,68433.83260032699
1552521600,2019-03-14 00:00:00,BCH/EUR,112.35,118.54,112.35,116.51,5102.96453313,594546.3977549763
1552608000,2019-03-15 00:00:00,BCH/EUR,116.90,128.40,115.81,125.42,6251.48124961,784060.7783260862
1552694400,2019-03-16 00:00:00,BCH/EUR,125.92,140.60,125.89,136.94,5597.23210560,766484.964540864
1552780800,2019-03-17 00:00:00,BCH/EUR,136.98,138.40,128.62,135.66,3288.28006300,446088.07334658003
1552867200,2019-03-18 00:00:00,BCH/EUR,135.57,146.52,135.57,141.18,8975.45957430,1267155.3826996742
1552953600,2019-03-19 00:00:00,BCH/EUR,141.16,141.90,136.23,140.71,2719.67589920,382685.595776432
1553040000,2019-03-20 00:00:00,BCH/EUR,140.26,140.60,134.61,138.67,2348.13562823,325615.967566654
1553126400,2019-03-21 00:00:00,BCH/EUR,139.04,139.85,129.36,134.50,6546.24830160,880470.3965652
1553212800,2019-03-22 00:00:00,BCH/EUR,134.10,141.00,132.51,138.01,2280.76327572,314768.13968211715
1553299200,2019-03-23 00:00:00,BCH/EUR,138.18,149.54,137.55,146.21,3982.29449107,582251.2775393447
1553385600,2019-03-24 00:00:00,BCH/EUR,145.93,146.24,141.40,144.47,2943.93682407,425310.5529733929
1553472000,2019-03-25 00:00:00,BCH/EUR,144.36,146.43,136.66,140.15,6294.48787427,882172.4755789406
1553558400,2019-03-26 00:00:00,BCH/EUR,140.70,141.09,135.03,140.44,2494.56934272,350337.3184915968
1553644800,2019-03-27 00:00:00,BCH/EUR,140.26,153.80,140.06,152.19,5588.78628773,850557.3851296287
1553731200,2019-03-28 00:00:00,BCH/EUR,150.88,150.97,147.50,149.29,1920.08674060,286649.749504174
1553817600,2019-03-29 00:00:00,BCH/EUR,150.12,152.28,148.43,150.71,2913.84999912,439146.33336737525
1553904000,2019-03-30 00:00:00,BCH/EUR,151.56,152.50,146.65,148.75,997.57182690,148388.809251375
1553990400,2019-03-31 00:00:00,BCH/EUR,148.75,150.40,147.01,149.93,618.61476911,92748.91233266231
1554076800,2019-04-01 00:00:00,BCH/EUR,149.91,152.07,148.57,149.13,1763.05871242,262924.94578319456
1554163200,2019-04-02 00:00:00,BCH/EUR,149.23,221.00,149.22,216.29,7362.69162010,1592476.570511429
1554249600,2019-04-03 00:00:00,BCH/EUR,217.18,313.43,217.01,267.00,39036.34721390,10422704.7061113
1554336000,2019-04-04 00:00:00,BCH/EUR,268.68,286.40,243.29,255.73,21472.19756755,5491085.083949561
1554422400,2019-04-05 00:00:00,BCH/EUR,256.37,269.17,250.41,260.47,7348.63356727,1914098.5852668171
1554508800,2019-04-06 00:00:00,BCH/EUR,261.24,297.29,253.00,272.83,14829.74560959,4045999.4946644395
1554595200,2019-04-07 00:00:00,BCH/EUR,272.97,293.83,266.61,285.00,12867.00914433,3667097.60613405
1554681600,2019-04-08 00:00:00,BCH/EUR,284.50,294.23,263.20,276.08,21231.35256870,5861551.817166695
1554768000,2019-04-09 00:00:00,BCH/EUR,274.62,274.62,261.45,262.01,1336.97635766,350301.1754704966
1554854400,2019-04-10 00:00:00,BCH/EUR,264.39,279.32,263.40,270.13,2289.19418525,618380.0252615825
1554940800,2019-04-11 00:00:00,BCH/EUR,271.02,271.63,225.80,242.30,5707.29636569,1382877.9094066871
1555027200,2019-04-12 00:00:00,BCH/EUR,240.00,256.06,230.00,248.72,2470.92534362,614568.5514651664
1555113600,2019-04-13 00:00:00,BCH/EUR,251.87,254.06,242.00,247.50,1543.30674329,381968.418964275
1555200000,2019-04-14 00:00:00,BCH/EUR,246.44,257.82,242.69,255.63,1526.07623839,390110.8688196357
1555286400,2019-04-15 00:00:00,BCH/EUR,256.63,297.42,254.90,276.14,11315.82346984,3124751.492961617
1555372800,2019-04-16 00:00:00,BCH/EUR,275.95,287.44,268.20,280.64,4417.13990999,1239626.1443395936
1555459200,2019-04-17 00:00:00,BCH/EUR,280.70,285.23,269.88,274.44,2652.06658843,727833.1545287293
1555545600,2019-04-18 00:00:00,BCH/EUR,275.14,278.96,270.40,273.31,3062.21194632,836933.1470487192
1555632000,2019-04-19 00:00:00,BCH/EUR,273.09,278.41,258.94,272.82,7219.11526803,1969519.0274239446
1555718400,2019-04-20 00:00:00,BCH/EUR,273.73,275.96,262.71,268.37,1319.00414842,353981.1433114754
1555804800,2019-04-21 00:00:00,BCH/EUR,267.70,270.10,248.98,259.15,2229.53269194,577783.3971162509
1555891200,2019-04-22 00:00:00,BCH/EUR,259.10,264.02,255.66,260.14,1593.25609698,414469.6410683772
1555977600,2019-04-23 00:00:00,BCH/EUR,260.45,277.00,256.78,258.00,3030.42021798,781848.41623884
1556064000,2019-04-24 00:00:00,BCH/EUR,257.64,259.23,241.40,249.32,2749.12351495,685411.4747473339
1556150400,2019-04-25 00:00:00,BCH/EUR,250.45,255.59,232.20,237.05,1713.67747074,406227.244438917
1556236800,2019-04-26 00:00:00,BCH/EUR,237.00,243.53,224.90,232.15,2886.24379425,670041.4968351375
1556323200,2019-04-27 00:00:00,BCH/EUR,232.82,235.50,230.00,232.85,784.26934912,182617.117942592
1556409600,2019-04-28 00:00:00,BCH/EUR,232.62,235.50,218.32,223.47,1192.12527799,266404.2358724253
1556496000,2019-04-29 00:00:00,BCH/EUR,222.87,223.98,204.00,209.35,2573.60740189,538784.7095856714
1556582400,2019-04-30 00:00:00,BCH/EUR,209.85,236.50,207.63,235.31,3441.00686178,809703.3246454517
1556668800,2019-05-01 00:00:00,BCH/EUR,236.65,246.58,233.18,239.40,1975.75450646,472995.628846524
1556755200,2019-05-02 00:00:00,BCH/EUR,239.76,247.95,233.74,237.12,1823.54338455,432398.607344496
1556841600,2019-05-03 00:00:00,BCH/EUR,236.86,267.00,235.31,257.26,3398.14559974,874206.9369891123
1556928000,2019-05-04 00:00:00,BCH/EUR,258.19,276.50,240.00,256.77,5207.13714183,1337036.603907689
1557014400,2019-05-05 00:00:00,BCH/EUR,257.67,265.84,252.60,260.28,1959.13559092,509923.8116046575
1557100800,2019-05-06 00:00:00,BCH/EUR,260.36,262.59,244.21,255.14,3328.58049116,849254.0265145623
1557187200,2019-05-07 00:00:00,BCH/EUR,255.00,266.00,250.08,251.81,3729.16673189,939041.474757221
1557273600,2019-05-08 00:00:00,BCH/EUR,251.40,255.89,240.80,254.00,2873.49217554,729867.01258716
1557360000,2019-05-09 00:00:00,BCH/EUR,253.82,260.07,245.10,251.04,2116.52385863,531332.1494704753
1557446400,2019-05-10 00:00:00,BCH/EUR,251.46,262.99,246.85,254.10,3059.02314839,777297.782005899
1557532800,2019-05-11 00:00:00,BCH/EUR,255.11,342.00,254.84,313.00,10905.28887367,3413355.4174587103
1557619200,2019-05-12 00:00:00,BCH/EUR,317.40,339.99,291.12,318.26,9887.94719766,3146938.0751272715
1557705600,2019-05-13 00:00:00,BCH/EUR,315.86,362.90,311.01,341.40,10138.65821060,3461337.91309884
1557792000,2019-05-14 00:00:00,BCH/EUR,341.34,366.00,322.69,347.88,8987.55663584,3126591.202476019
1557878400,2019-05-15 00:00:00,BCH/EUR,347.70,368.34,330.75,360.15,4635.60568516,1669513.3875103737
1557964800,2019-05-16 00:00:00,BCH/EUR,360.57,404.50,339.50,358.18,8102.51636460,2902159.311472428
1558051200,2019-05-17 00:00:00,BCH/EUR,356.31,368.44,301.95,329.51,5605.00444130,1846905.0134527627
1558137600,2019-05-18 00:00:00,BCH/EUR,330.29,335.11,314.55,321.52,3378.03337110,1086105.289476072
1558224000,2019-05-19 00:00:00,BCH/EUR,320.62,387.44,319.69,374.62,5941.86785213,2225942.5347649404
1558310400,2019-05-20 00:00:00,BCH/EUR,373.18,379.19,341.72,371.80,5458.65133643,2029526.5668846741
1558396800,2019-05-21 00:00:00,BCH/EUR,372.25,400.41,359.19,373.74,5839.83113037,2182578.486664484
1558483200,2019-05-22 00:00:00,BCH/EUR,376.12,380.00,342.12,347.36,4328.98195349,1503715.1713642864
1558569600,2019-05-23 00:00:00,BCH/EUR,347.29,365.76,331.15,362.80,3147.98981708,1142090.705636624
1558656000,2019-05-24 00:00:00,BCH/EUR,362.80,378.73,354.02,364.94,3056.04159715,1115271.820463921
1558742400,2019-05-25 00:00:00,BCH/EUR,365.79,370.87,357.66,361.92,1310.09438843,474149.3610605856
1558828800,2019-05-26 00:00:00,BCH/EUR,362.60,390.00,348.35,388.00,3587.18040861,1391825.99854068
1558915200,2019-05-27 00:00:00,BCH/EUR,388.77,408.95,375.02,396.46,5281.42696800,2093874.5357332798
1559001600,2019-05-28 00:00:00,BCH/EUR,394.48,396.98,381.12,388.57,1992.65523663,774286.0452973191
1559088000,2019-05-29 00:00:00,BCH/EUR,387.82,417.84,376.48,409.98,3586.22315269,1470279.7681398462
1559174400,2019-05-30 00:00:00,BCH/EUR,409.98,433.00,360.97,379.76,6329.53443798,2403703.9981672848
1559260800,2019-05-31 00:00:00,BCH/EUR,380.27,398.47,371.70,397.81,3518.35286252,1399635.9522390813
1559347200,2019-06-01 00:00:00,BCH/EUR,398.26,402.34,382.03,386.90,2158.37154278,835073.9499015819
1559433600,2019-06-02 00:00:00,BCH/EUR,386.90,404.30,386.90,395.70,1670.46152918,661001.627096526
1559520000,2019-06-03 00:00:00,BCH/EUR,395.57,400.48,351.16,357.04,3956.07561537,1412477.2377117048
1559606400,2019-06-04 00:00:00,BCH/EUR,355.34,356.40,322.98,339.66,8865.79607302,3011356.294161973
1559692800,2019-06-05 00:00:00,BCH/EUR,341.77,368.47,336.50,354.31,2843.90103110,1007622.5743290411
1559779200,2019-06-06 00:00:00,BCH/EUR,353.02,356.78,327.44,351.66,2526.95039439,888627.3756911875
1559865600,2019-06-07 00:00:00,BCH/EUR,353.00,362.31,347.19,353.39,3253.64120568,1149804.265675255
1559952000,2019-06-08 00:00:00,BCH/EUR,352.00,356.00,341.16,347.83,1047.57309309,364377.34896949463
1560038400,2019-06-09 00:00:00,BCH/EUR,349.78,349.92,328.29,336.05,2948.47738556,990835.825417438
1560124800,2019-06-10 00:00:00,BCH/EUR,334.83,355.00,331.55,348.71,2451.12544724,854731.9547070604
1560211200,2019-06-11 00:00:00,BCH/EUR,350.00,351.35,334.99,342.44,1937.84347571,663595.1198221324
1560297600,2019-06-12 00:00:00,BCH/EUR,341.51,357.46,339.00,351.81,3205.05370589,1127569.944269161
1560384000,2019-06-13 00:00:00,BCH/EUR,350.81,376.42,350.00,364.80,4654.76044822,1698056.6115106563
1560470400,2019-06-14 00:00:00,BCH/EUR,366.02,377.04,358.17,375.48,1767.41075973,663627.3920634205
1560556800,2019-06-15 00:00:00,BCH/EUR,376.16,379.58,368.00,377.59,1189.50733447,449146.0744225272
1560643200,2019-06-16 00:00:00,BCH/EUR,374.50,395.53,374.09,381.33,2961.67921175,1129377.1338166273
1560729600,2019-06-17 00:00:00,BCH/EUR,381.27,392.00,379.25,384.57,1941.34818899,746584.2730398843
1560816000,2019-06-18 00:00:00,BCH/EUR,383.45,383.45,360.20,369.75,1795.15696788,663759.28887363
1560902400,2019-06-19 00:00:00,BCH/EUR,369.76,375.00,364.32,371.07,703.68785953,261117.45403579707
1560988800,2019-06-20 00:00:00,BCH/EUR,370.07,370.42,359.00,365.70,1133.49926373,414520.68074606097
1561075200,2019-06-21 00:00:00,BCH/EUR,368.94,391.97,368.94,389.60,2295.03254084,894144.677911264
1561161600,2019-06-22 00:00:00,BCH/EUR,387.28,452.38,380.00,423.94,5263.84044157,2231552.516799186
1561248000,2019-06-23 00:00:00,BCH/EUR,422.04,438.92,412.84,415.90,1305.15397281,542813.537291679
1561334400,2019-06-24 00:00:00,BCH/EUR,414.76,419.50,402.22,419.50,1637.89826570,687098.32246115
1561420800,2019-06-25 00:00:00,BCH/EUR,418.93,423.78,405.14,418.41,1255.15006406,525167.3383033447
1561507200,2019-06-26 00:00:00,BCH/EUR,418.15,454.23,391.95,425.09,5682.65544304,2415640.0022818735
1561593600,2019-06-27 00:00:00,BCH/EUR,421.46,431.08,337.00,359.08,6859.58403091,2463139.4338191627
1561680000,2019-06-28 00:00:00,BCH/EUR,358.99,385.00,348.30,382.36,2409.67904237,921364.8786405933
1561766400,2019-06-29 00:00:00,BCH/EUR,380.17,388.73,361.41,388.37,1384.87915511,537845.5174700707
1561852800,2019-06-30 00:00:00,BCH/EUR,385.95,392.00,347.05,349.06,1753.96646591,612239.5345905445
1561939200,2019-07-01 00:00:00,BCH/EUR,351.55,371.31,342.04,368.48,1755.60653540,646905.896164192
1562025600,2019-07-02 00:00:00,BCH/EUR,370.00,373.58,337.44,358.87,2413.38122454,866090.1200506698
1562112000,2019-07-03 00:00:00,BCH/EUR,362.43,374.15,358.86,374.13,1367.21926517,511517.7436780521
1562198400,2019-07-04 00:00:00,BCH/EUR,374.14,374.50,353.02,354.01,573.44630825,203005.7275835825
1562284800,2019-07-05 00:00:00,BCH/EUR,353.02,364.75,347.01,356.46,1711.50311079,610082.3988722033
1562371200,2019-07-06 00:00:00,BCH/EUR,356.73,373.32,356.73,362.05,774.59731339,280442.95731284947
1562457600,2019-07-07 00:00:00,BCH/EUR,361.02,369.51,354.99,367.17,600.98263611,220662.79450050872
1562544000,2019-07-08 00:00:00,BCH/EUR,368.82,375.43,361.91,373.67,914.26726327,341634.2482661009
1562630400,2019-07-09 00:00:00,BCH/EUR,373.33,382.00,367.00,369.90,1435.45946529,530976.456210771
1562716800,2019-07-10 00:00:00,BCH/EUR,372.87,377.49,337.81,346.42,2347.35707937,813171.4394353555
1562803200,2019-07-11 00:00:00,BCH/EUR,344.64,344.64,279.97,306.05,5389.27526363,1649387.6944339615
1562889600,2019-07-12 00:00:00,BCH/EUR,307.59,321.48,300.00,315.45,1520.13120326,479525.38806836697
1562976000,2019-07-13 00:00:00,BCH/EUR,313.74,313.74,293.96,306.40,1974.26576376,604915.030016064
1563062400,2019-07-14 00:00:00,BCH/EUR,306.25,306.26,243.00,249.55,2838.07968393,708242.7851247316
1563148800,2019-07-15 00:00:00,BCH/EUR,248.47,290.87,226.42,278.20,5482.17630422,1525141.447834004
1563235200,2019-07-16 00:00:00,BCH/EUR,278.76,282.13,238.00,251.71,6200.11712641,1560631.4818886612
1563321600,2019-07-17 00:00:00,BCH/EUR,253.42,275.11,243.47,260.54,5290.66504508,1378429.8708451432
1563408000,2019-07-18 00:00:00,BCH/EUR,259.47,288.07,252.85,278.21,6083.04981425,1692365.2888224924
1563494400,2019-07-19 00:00:00,BCH/EUR,279.95,280.27,263.39,275.00,2471.93130207,679781.10806925
1563580800,2019-07-20 00:00:00,BCH/EUR,275.00,307.40,272.88,290.06,2923.87129955,848098.109147473
1563667200,2019-07-21 00:00:00,BCH/EUR,288.72,295.87,277.00,286.63,1326.47696417,380208.09224004706
1563753600,2019-07-22 00:00:00,BCH/EUR,287.54,289.00,267.97,277.00,1617.98268131,448181.20272287005
1563840000,2019-07-23 00:00:00,BCH/EUR,275.66,281.86,261.45,267.92,1581.59564747,423741.1058701624
1563926400,2019-07-24 00:00:00,BCH/EUR,265.79,276.35,254.07,272.24,2543.45561977,692430.3579261848
1564012800,2019-07-25 00:00:00,BCH/EUR,271.90,282.00,264.98,271.81,1530.74442064,416071.6409741584
1564099200,2019-07-26 00:00:00,BCH/EUR,270.31,292.37,264.57,286.94,1582.24284856,454008.7629658064
1564185600,2019-07-27 00:00:00,BCH/EUR,286.04,292.88,268.23,274.76,1945.45553379,534533.3624641404
1564272000,2019-07-28 00:00:00,BCH/EUR,273.65,281.00,260.11,279.14,1387.28675419,387247.2245645966
1564358400,2019-07-29 00:00:00,BCH/EUR,279.57,282.62,271.00,273.83,1477.02662910,404454.201846453
1564444800,2019-07-30 00:00:00,BCH/EUR,273.92,290.89,271.76,285.68,1985.17854817,567125.8076412056
1564531200,2019-07-31 00:00:00,BCH/EUR,285.64,302.37,285.64,296.68,1981.15235756,587768.2814409008
1564617600,2019-08-01 00:00:00,BCH/EUR,296.47,298.97,288.86,298.13,997.69430147,297442.6020972511
1564704000,2019-08-02 00:00:00,BCH/EUR,297.74,301.59,288.00,294.99,1140.63786517,336476.7638464983
1564790400,2019-08-03 00:00:00,BCH/EUR,295.84,314.15,294.24,301.20,1670.51430229,503158.907849748
1564876800,2019-08-04 00:00:00,BCH/EUR,301.05,305.31,296.41,303.29,1137.89320983,345111.6316093407
1564963200,2019-08-05 00:00:00,BCH/EUR,302.93,319.69,302.93,309.15,2325.78844594,719017.498062351
1565049600,2019-08-06 00:00:00,BCH/EUR,308.40,317.83,293.67,298.99,2289.59753125,684566.7658684375
1565136000,2019-08-07 00:00:00,BCH/EUR,298.89,309.55,293.75,301.66,1552.85654881,468434.70651402464
1565222400,2019-08-08 00:00:00,BCH/EUR,302.30,302.30,290.01,298.52,1152.04703170,343909.07990308397
1565308800,2019-08-09 00:00:00,BCH/EUR,298.18,298.98,274.50,280.74,2020.13825333,567133.6132398642
1565395200,2019-08-10 00:00:00,BCH/EUR,281.69,291.71,269.43,282.98,2163.85345733,612327.2513552434
1565481600,2019-08-11 00:00:00,BCH/EUR,283.20,307.00,278.44,302.11,2337.77243004,706264.4288393845
1565568000,2019-08-12 00:00:00,BCH/EUR,300.30,303.46,290.34,294.29,1188.93878884,349892.7961677236
1565654400,2019-08-13 00:00:00,BCH/EUR,293.45,314.00,292.42,309.12,2891.56978587,893842.0522081344
1565740800,2019-08-14 00:00:00,BCH/EUR,310.55,320.52,273.00,277.32,4825.31214676,1338155.5645394833
1565827200,2019-08-15 00:00:00,BCH/EUR,279.45,292.00,240.00,282.21,11134.62192150,3142301.6524665146
1565913600,2019-08-16 00:00:00,BCH/EUR,282.18,284.03,267.89,278.00,2341.55110889,650951.20827142
1566000000,2019-08-17 00:00:00,BCH/EUR,278.42,281.69,271.00,276.73,703.68211121,194729.95063514332
1566086400,2019-08-18 00:00:00,BCH/EUR,277.21,293.60,273.08,285.98,1448.95926742,414373.3712967716
1566172800,2019-08-19 00:00:00,BCH/EUR,286.37,297.02,282.21,293.10,2169.05860902,635751.078303762
1566259200,2019-08-20 00:00:00,BCH/EUR,293.97,293.97,280.91,284.23,1469.90644509,417791.5088879307
1566345600,2019-08-21 00:00:00,BCH/EUR,284.81,284.81,260.00,274.19,2533.20024370,694578.174820103
1566432000,2019-08-22 00:00:00,BCH/EUR,274.55,284.60,264.94,280.93,1725.37130040,484708.559421372
1566518400,2019-08-23 00:00:00,BCH/EUR,281.17,286.25,275.71,283.84,987.59517092,280319.01331393275
1566604800,2019-08-24 00:00:00,BCH/EUR,283.90,284.06,267.48,275.16,1445.46521907,397734.20967930125
1566691200,2019-08-25 00:00:00,BCH/EUR,275.16,280.23,270.11,275.00,735.83931172,202355.81072299997
1566777600,2019-08-26 00:00:00,BCH/EUR,275.21,283.24,275.21,280.34,1133.44229247,317749.2122710398
1566864000,2019-08-27 00:00:00,BCH/EUR,279.42,282.62,273.00,278.08,1271.72384599,353640.9670928992
1566950400,2019-08-28 00:00:00,BCH/EUR,277.68,279.36,256.11,263.48,1512.71867603,398571.11676038447
1567036800,2019-08-29 00:00:00,BCH/EUR,261.94,263.10,249.19,252.96,2015.74347967,509902.4706173232
1567123200,2019-08-30 00:00:00,BCH/EUR,255.31,257.73,245.00,254.09,1825.72527581,463898.5353305629
1567209600,2019-08-31 00:00:00,BCH/EUR,253.71,260.84,246.33,254.27,1161.02917425,295214.8881365475
1567296000,2019-09-01 00:00:00,BCH/EUR,255.08,258.35,249.49,256.29,648.38465738,166174.50383992022
1567382400,2019-09-02 00:00:00,BCH/EUR,256.71,269.98,256.20,268.18,1561.00478149,418630.2622999882
1567468800,2019-09-03 00:00:00,BCH/EUR,267.98,279.52,267.63,274.33,1759.40410211,482657.3273318363
1567555200,2019-09-04 00:00:00,BCH/EUR,273.61,273.61,265.15,266.78,1109.22123230,295918.040352994
1567641600,2019-09-05 00:00:00,BCH/EUR,266.69,269.00,259.13,265.70,1775.14468531,471655.94288686704
1567728000,2019-09-06 00:00:00,BCH/EUR,266.35,274.59,252.99,260.13,1977.76422951,514475.80902243627
1567814400,2019-09-07 00:00:00,BCH/EUR,260.17,277.00,257.73,272.23,2307.16873027,628080.5434414021
1567900800,2019-09-08 00:00:00,BCH/EUR,272.45,282.13,266.92,277.12,1811.22892959,501927.76096798084
1567987200,2019-09-09 00:00:00,BCH/EUR,278.07,284.16,269.58,276.53,1845.31626406,510285.30650051177
1568073600,2019-09-10 00:00:00,BCH/EUR,275.62,281.44,270.00,274.51,1064.05546457,292093.8655791107
1568160000,2019-09-11 00:00:00,BCH/EUR,275.51,277.87,266.00,271.33,1255.36034216,340616.9216382728
1568246400,2019-09-12 00:00:00,BCH/EUR,272.46,273.96,267.78,271.92,684.31713899,186079.51643416082
1568332800,2019-09-13 00:00:00,BCH/EUR,272.06,272.06,265.42,269.60,790.41921603,213097.02064168802
1568419200,2019-09-14 00:00:00,BCH/EUR,269.86,277.33,267.93,274.76,546.80344740,150239.715207624
1568505600,2019-09-15 00:00:00,BCH/EUR,276.09,277.85,272.96,273.90,395.54198052,108338.94846442799
1568592000,2019-09-16 00:00:00,BCH/EUR,273.90,280.33,272.68,279.60,1573.86982221,440054.00228991604
1568678400,2019-09-17 00:00:00,BCH/EUR,279.63,296.79,276.51,288.00,6261.84668827,1803411.8462217601
1568764800,2019-09-18 00:00:00,BCH/EUR,289.43,301.52,289.25,293.06,1779.99245389,521644.5885370034
1568851200,2019-09-19 00:00:00,BCH/EUR,293.00,293.72,276.13,293.18,2397.77249900,702978.9412568201
1568937600,2019-09-20 00:00:00,BCH/EUR,294.33,294.33,279.22,286.48,1768.58906226,506665.39455624484
1569024000,2019-09-21 00:00:00,BCH/EUR,286.40,288.95,281.00,283.32,2020.01657903,572311.0971707796
1569110400,2019-09-22 00:00:00,BCH/EUR,283.17,283.17,274.43,280.04,554.11972192,155175.6869264768
1569196800,2019-09-23 00:00:00,BCH/EUR,279.53,280.55,264.09,265.15,2171.84777387,575865.4372416304
1569283200,2019-09-24 00:00:00,BCH/EUR,265.04,266.39,189.01,198.38,15849.37629291,3144199.2689874857
1569369600,2019-09-25 00:00:00,BCH/EUR,198.76,213.72,197.61,209.32,10433.65850281,2183973.397808189
1569456000,2019-09-26 00:00:00,BCH/EUR,207.33,208.13,185.97,196.14,7297.46670513,1431325.119544198
1569542400,2019-09-27 00:00:00,BCH/EUR,196.88,204.70,189.98,201.61,4290.84938088,865078.143679217
1569628800,2019-09-28 00:00:00,BCH/EUR,202.34,211.15,199.21,208.18,2888.82647394,601395.8953448293
1569715200,2019-09-29 00:00:00,BCH/EUR,208.30,208.30,194.00,200.11,3099.35321452,620211.5717575973
1569801600,2019-09-30 00:00:00,BCH/EUR,200.17,211.73,194.60,209.02,3467.01466953,724675.4062251606
1569888000,2019-10-01 00:00:00,BCH/EUR,209.26,216.75,200.82,204.17,5292.06771571,1080481.4655165107
1569974400,2019-10-02 00:00:00,BCH/EUR,203.82,206.50,201.83,206.32,1957.46810021,403864.8184353272
1570060800,2019-10-03 00:00:00,BCH/EUR,206.15,206.15,197.55,203.41,1454.49233547,295858.28595795267
1570147200,2019-10-04 00:00:00,BCH/EUR,202.46,205.29,198.72,202.54,1113.75016040,225578.957487416
1570233600,2019-10-05 00:00:00,BCH/EUR,202.32,203.93,199.31,203.30,618.74676402,125791.217125266
1570320000,2019-10-06 00:00:00,BCH/EUR,203.80,203.80,196.46,200.90,1066.82065616,214324.269822544
1570406400,2019-10-07 00:00:00,BCH/EUR,200.69,216.80,199.26,212.26,3046.37558742,646623.6821857692
1570492800,2019-10-08 00:00:00,BCH/EUR,214.03,217.39,208.47,211.37,1098.17200758,232120.61724218458
1570579200,2019-10-09 00:00:00,BCH/EUR,211.68,219.96,208.67,218.32,1524.90298769,332916.8202724808
1570665600,2019-10-10 00:00:00,BCH/EUR,218.00,218.86,207.91,209.64,2186.24113620,458323.5917929679
1570752000,2019-10-11 00:00:00,BCH/EUR,209.67,214.33,198.89,200.10,3744.73538590,749321.5507185899
1570838400,2019-10-12 00:00:00,BCH/EUR,200.57,206.80,200.57,203.42,1199.57150675,244016.83590308498
1570924800,2019-10-13 00:00:00,BCH/EUR,203.42,207.02,200.25,203.08,893.40569472,181432.82848373763
1571011200,2019-10-14 00:00:00,BCH/EUR,202.38,209.44,202.38,206.46,935.44231080,193131.419487768
1571097600,2019-10-15 00:00:00,BCH/EUR,207.00,207.90,196.92,201.48,1934.74151132,389811.7197007536
1571184000,2019-10-16 00:00:00,BCH/EUR,201.37,205.01,193.47,196.17,2451.61481941,480933.2791236597
1571270400,2019-10-17 00:00:00,BCH/EUR,195.97,198.32,193.33,197.96,1088.58168762,215495.6308812552
1571356800,2019-10-18 00:00:00,BCH/EUR,197.85,198.14,187.68,190.38,1440.97366595,274332.56652356096
1571443200,2019-10-19 00:00:00,BCH/EUR,190.46,194.28,188.78,190.72,2429.79793334,463411.06184660475
1571529600,2019-10-20 00:00:00,BCH/EUR,191.52,203.64,189.39,200.95,2873.09248805,577347.9354736476
1571616000,2019-10-21 00:00:00,BCH/EUR,201.19,212.04,200.27,208.47,2575.46075837,536906.3042973939
1571702400,2019-10-22 00:00:00,BCH/EUR,207.94,210.34,202.77,203.92,1748.77321305,356609.833605156
1571788800,2019-10-23 00:00:00,BCH/EUR,203.67,204.90,177.12,188.84,5849.88691427,1104692.6448907468
1571875200,2019-10-24 00:00:00,BCH/EUR,189.03,196.18,184.92,191.29,1828.98946107,349867.3940080803
1571961600,2019-10-25 00:00:00,BCH/EUR,192.40,246.99,191.38,234.21,9999.25123123,2341924.6308663785
1572048000,2019-10-26 00:00:00,BCH/EUR,234.15,256.58,217.89,227.93,11262.18188460,2566989.116956878
1572134400,2019-10-27 00:00:00,BCH/EUR,230.00,242.93,221.98,234.90,6854.78498905,1610188.993927845
1572220800,2019-10-28 00:00:00,BCH/EUR,234.90,248.97,232.59,238.58,6212.44001717,1482163.9392964186
1572307200,2019-10-29 00:00:00,BCH/EUR,240.27,269.76,238.54,260.79,9786.96450710,2552342.473806609
1572393600,2019-10-30 00:00:00,BCH/EUR,259.47,276.00,251.99,260.17,3802.36537122,989261.3986303074
1572480000,2019-10-31 00:00:00,BCH/EUR,263.02,263.02,241.01,254.17,3360.71801547,854193.6979920098
1572566400,2019-11-01 00:00:00,BCH/EUR,252.68,253.75,242.00,251.07,2499.11687530,627453.273881571
1572652800,2019-11-02 00:00:00,BCH/EUR,250.38,265.02,249.21,259.43,2305.56205507,598131.9639468101
1572739200,2019-11-03 00:00:00,BCH/EUR,260.00,273.00,252.55,262.07,3377.68847161,885190.8177548327
1572825600,2019-11-04 00:00:00,BCH/EUR,261.50,263.90,255.04,260.71,3668.46375849,956405.1864759278
1572912000,2019-11-05 00:00:00,BCH/EUR,260.38,269.48,257.34,265.07,2500.82560141,662893.8421657487
1572998400,2019-11-06 00:00:00,BCH/EUR,265.27,278.02,263.39,276.99,6147.98274184,1702929.7396622617
1573084800,2019-11-07 00:00:00,BCH/EUR,275.87,276.98,257.98,264.63,2622.22131400,693918.4263238199
1573171200,2019-11-08 00:00:00,BCH/EUR,264.38,265.93,244.27,251.75,2532.94414846,637668.6893748051
1573257600,2019-11-09 00:00:00,BCH/EUR,251.53,257.52,251.53,257.22,597.59117642,153712.40239875243
1573344000,2019-11-10 00:00:00,BCH/EUR,256.79,273.48,253.91,265.74,3355.49173089,891688.3725667086
1573430400,2019-11-11 00:00:00,BCH/EUR,265.69,268.86,254.65,259.58,2788.23907968,723771.1003033344
1573516800,2019-11-12 00:00:00,BCH/EUR,258.69,264.78,255.02,262.09,1716.43742575,449861.0849148175
1573603200,2019-11-13 00:00:00,BCH/EUR,261.80,262.36,256.14,259.01,802.78185238,207928.5275849438
1573689600,2019-11-14 00:00:00,BCH/EUR,258.88,258.96,247.80,251.63,1685.93540208,424231.92522539035
1573776000,2019-11-15 00:00:00,BCH/EUR,251.75,253.00,234.00,238.46,3079.67122974,734378.4014438004
1573862400,2019-11-16 00:00:00,BCH/EUR,238.59,242.36,237.05,240.30,900.17017482,216310.89300924604
1573948800,2019-11-17 00:00:00,BCH/EUR,240.15,244.32,235.82,240.78,884.95159566,213078.64520301478
1574035200,2019-11-18 00:00:00,BCH/EUR,240.89,240.89,215.17,222.96,2912.75494563,649427.8426776648
1574121600,2019-11-19 00:00:00,BCH/EUR,223.87,224.63,210.11,218.32,2694.10484079,588176.9688412728
1574208000,2019-11-20 00:00:00,BCH/EUR,217.49,224.63,215.16,218.82,3188.42870569,697691.9693790857
1574294400,2019-11-21 00:00:00,BCH/EUR,219.19,222.87,196.30,204.57,3824.00006856,782275.6940253192
1574380800,2019-11-22 00:00:00,BCH/EUR,205.48,207.66,177.00,190.19,6497.73104881,1235803.468173174
1574467200,2019-11-23 00:00:00,BCH/EUR,188.55,198.90,183.35,195.74,2381.69676925,466193.3256129951
1574553600,2019-11-24 00:00:00,BCH/EUR,196.57,196.61,182.27,184.08,3247.59701719,597817.6589243353
1574640000,2019-11-25 00:00:00,BCH/EUR,183.57,197.31,174.56,188.75,7160.75395000,1351592.3080625
1574726400,2019-11-26 00:00:00,BCH/EUR,188.31,195.64,188.31,191.79,1607.69161709,308339.17524169106
1574812800,2019-11-27 00:00:00,BCH/EUR,192.33,205.00,184.79,200.05,2333.90109991,466896.91503699555
1574899200,2019-11-28 00:00:00,BCH/EUR,200.10,201.91,197.22,197.81,802.08272996,158659.98481338762
1574985600,2019-11-29 00:00:00,BCH/EUR,197.85,206.81,197.79,203.78,1382.96230933,281820.0593952674
1575072000,2019-11-30 00:00:00,BCH/EUR,204.09,204.73,195.11,197.92,1251.10890424,247619.47432718077
1575158400,2019-12-01 00:00:00,BCH/EUR,198.22,198.58,190.75,195.00,1338.06791838,260923.2440841
1575244800,2019-12-02 00:00:00,BCH/EUR,195.23,196.79,190.61,193.42,1715.31946003,331777.08995900257
1575331200,2019-12-03 00:00:00,BCH/EUR,193.97,195.09,190.26,191.27,1252.62265864,239589.13591807283
1575417600,2019-12-04 00:00:00,BCH/EUR,190.88,198.95,183.07,187.61,3577.16409889,671111.7565927529
1575504000,2019-12-05 00:00:00,BCH/EUR,187.32,193.46,185.68,191.43,888.15236430,170019.007097949
1575590400,2019-12-06 00:00:00,BCH/EUR,190.70,193.81,188.57,192.35,1261.74303819,242696.2733958465
1575676800,2019-12-07 00:00:00,BCH/EUR,193.32,194.98,190.35,191.02,357.61611374,68311.8300466148
1575763200,2019-12-08 00:00:00,BCH/EUR,189.15,194.74,188.65,192.33,810.81760081,155944.5491637873
1575849600,2019-12-09 00:00:00,BCH/EUR,192.57,194.05,186.00,188.45,1779.53220372,335352.843791034
1575936000,2019-12-10 00:00:00,BCH/EUR,188.45,188.99,183.66,186.70,3267.49006664,610040.3954416879
1576022400,2019-12-11 00:00:00,BCH/EUR,186.69,187.55,183.93,185.02,878.97399366,162627.76830697322
1576108800,2019-12-12 00:00:00,BCH/EUR,186.36,187.01,182.65,184.77,892.52384032,164911.6299759264
1576195200,2019-12-13 00:00:00,BCH/EUR,185.11,191.17,184.51,190.11,1375.95733657,261583.24925532273
1576281600,2019-12-14 00:00:00,BCH/EUR,190.49,191.58,184.80,185.50,962.93698486,178624.81069153
1576368000,2019-12-15 00:00:00,BCH/EUR,185.30,188.55,184.63,186.11,383.55622817,71383.6496247187
1576454400,2019-12-16 00:00:00,BCH/EUR,186.27,186.27,172.56,176.37,1818.44667542,320719.4401438254
1576540800,2019-12-17 00:00:00,BCH/EUR,176.26,176.74,154.11,158.35,2609.11191140,413152.87117018993
1576627200,2019-12-18 00:00:00,BCH/EUR,158.09,172.54,152.62,170.29,2493.41911812,424604.3416246548
1576713600,2019-12-19 00:00:00,BCH/EUR,170.40,171.23,164.83,166.85,1343.18360770,224110.184944745
1576800000,2019-12-20 00:00:00,BCH/EUR,167.46,172.07,165.41,169.48,811.83960821,137590.5767994308
1576886400,2019-12-21 00:00:00,BCH/EUR,169.40,170.04,167.66,168.65,554.20781133,93467.14738080451
1576972800,2019-12-22 00:00:00,BCH/EUR,168.13,178.68,167.98,177.89,1067.68295373,189930.1206390297
1577059200,2019-12-23 00:00:00,BCH/EUR,178.41,179.33,170.16,171.16,1484.08223324,254015.5150413584
1577145600,2019-12-24 00:00:00,BCH/EUR,171.23,172.58,166.80,169.92,2106.55537688,357945.8896394496
1577232000,2019-12-25 00:00:00,BCH/EUR,169.94,169.94,164.82,167.03,1543.53148583,257816.06407818492
1577318400,2019-12-26 00:00:00,BCH/EUR,166.99,174.93,165.65,168.94,947.71674551,160107.2669864594
1577404800,2019-12-27 00:00:00,BCH/EUR,168.36,182.36,168.36,181.49,4396.15331172,797857.8645440628
1577491200,2019-12-28 00:00:00,BCH/EUR,182.10,187.65,182.10,185.34,2302.17216067,426684.5882585778
1577577600,2019-12-29 00:00:00,BCH/EUR,183.07,193.09,182.79,189.81,1289.77076367,244811.3886522027
1577664000,2019-12-30 00:00:00,BCH/EUR,189.45,191.37,182.82,185.23,1680.58077837,311293.9775774751
1577750400,2019-12-31 00:00:00,BCH/EUR,185.40,191.13,179.04,181.93,1251.61458486,227706.2414235798
1577836800,2020-01-01 00:00:00,BCH/EUR,181.50,185.50,180.85,181.88,1003.79139026,182569.5780604888
1577923200,2020-01-02 00:00:00,BCH/EUR,182.13,182.14,172.35,175.17,1572.77162169,275502.4049714373
1578009600,2020-01-03 00:00:00,BCH/EUR,174.52,201.21,171.81,199.34,3430.29159909,683794.3273626006
1578096000,2020-01-04 00:00:00,BCH/EUR,199.51,203.19,195.92,200.64,1550.70480576,311133.4122276864
1578182400,2020-01-05 00:00:00,BCH/EUR,201.48,203.43,197.46,199.37,1667.41713010,332432.953228037
1578268800,2020-01-06 00:00:00,BCH/EUR,199.52,220.23,199.13,218.27,4654.66122061,1015972.9046225448
1578355200,2020-01-07 00:00:00,BCH/EUR,218.15,220.81,207.97,217.82,3230.68234982,703707.2294377924
1578441600,2020-01-08 00:00:00,BCH/EUR,217.50,229.00,206.98,216.64,3517.55097990,762042.244285536
1578528000,2020-01-09 00:00:00,BCH/EUR,215.21,219.08,208.33,215.01,1701.44158870,365826.955986387
1578614400,2020-01-10 00:00:00,BCH/EUR,215.53,246.73,208.53,244.34,6181.78529534,1510457.4190633756
1578700800,2020-01-11 00:00:00,BCH/EUR,243.88,250.79,233.02,234.49,4240.98288899,994468.0776392651
1578787200,2020-01-12 00:00:00,BCH/EUR,233.67,244.08,232.32,243.54,2063.35480069,502509.4281600426
1578873600,2020-01-13 00:00:00,BCH/EUR,244.44,245.30,234.67,240.18,1255.24103666,301483.7921849988
1578960000,2020-01-14 00:00:00,BCH/EUR,241.18,329.98,240.79,314.26,25035.58694196,7867683.552380349
1579046400,2020-01-15 00:00:00,BCH/EUR,310.01,325.00,280.89,304.55,11725.94467246,3571136.4499976933
1579132800,2020-01-16 00:00:00,BCH/EUR,301.47,305.92,278.00,293.70,5707.83714191,1676391.768578967
1579219200,2020-01-17 00:00:00,BCH/EUR,293.81,347.52,286.32,331.48,8898.32056797,2949615.301870696
1579305600,2020-01-18 00:00:00,BCH/EUR,331.49,364.32,297.30,305.66,13665.63747408,4177038.7503272933
1579392000,2020-01-19 00:00:00,BCH/EUR,306.94,328.95,288.13,305.45,7324.33653136,2237218.593503912
1579478400,2020-01-20 00:00:00,BCH/EUR,308.40,317.89,291.08,308.35,2640.55234172,814214.3145693621
1579564800,2020-01-21 00:00:00,BCH/EUR,308.69,313.24,298.15,311.34,1819.14195975,566371.657748565
1579651200,2020-01-22 00:00:00,BCH/EUR,310.47,319.01,306.51,313.77,1394.46064977,437539.91807833285
1579737600,2020-01-23 00:00:00,BCH/EUR,314.33,315.00,285.01,293.40,3896.64279599,1143274.996343466
1579824000,2020-01-24 00:00:00,BCH/EUR,292.95,295.44,267.93,289.49,5129.23052767,1484860.9454551884
1579910400,2020-01-25 00:00:00,BCH/EUR,289.12,289.12,275.65,281.56,2469.59952301,695340.4416986956
1579996800,2020-01-26 00:00:00,BCH/EUR,280.11,316.52,279.24,314.27,4495.17894568,1412699.8872588535
1580083200,2020-01-27 00:00:00,BCH/EUR,315.32,342.65,315.32,328.90,11710.86843349,3851704.627774861
1580169600,2020-01-28 00:00:00,BCH/EUR,331.15,349.25,326.51,344.42,5249.67009999,1808091.375838556
1580256000,2020-01-29 00:00:00,BCH/EUR,344.26,359.32,340.31,344.50,5821.56513803,2005529.190051335
1580342400,2020-01-30 00:00:00,BCH/EUR,345.00,361.08,336.66,356.84,5102.85978879,1820904.4870318233
1580428800,2020-01-31 00:00:00,BCH/EUR,356.13,356.81,328.30,336.62,5191.82538074,1747672.2596646987
1580515200,2020-02-01 00:00:00,BCH/EUR,338.75,350.00,335.31,343.57,1791.15575262,615387.3819276533
1580601600,2020-02-02 00:00:00,BCH/EUR,340.70,350.00,331.82,340.00,2550.29728088,867101.0754992
1580688000,2020-02-03 00:00:00,BCH/EUR,340.26,354.07,337.02,348.25,2605.93155969,907515.6656620426
1580774400,2020-02-04 00:00:00,BCH/EUR,347.49,351.79,337.41,343.52,1936.63117505,665271.5412531759
1580860800,2020-02-05 00:00:00,BCH/EUR,344.45,405.00,342.01,405.00,6081.01193518,2462809.8337479
1580947200,2020-02-06 00:00:00,BCH/EUR,404.98,408.04,372.20,405.09,4849.96817866,1964673.6094933795
1581033600,2020-02-07 00:00:00,BCH/EUR,405.19,417.55,395.00,403.00,2854.05466885,1150184.0315465499
1581120000,2020-02-08 00:00:00,BCH/EUR,401.00,415.85,390.00,407.92,2315.18037242,944408.3775175664
1581206400,2020-02-09 00:00:00,BCH/EUR,406.86,423.60,397.35,411.04,2945.58376934,1210752.7525495137
1581292800,2020-02-10 00:00:00,BCH/EUR,411.21,423.38,398.44,416.52,4247.64404576,1769228.6979399552
1581379200,2020-02-11 00:00:00,BCH/EUR,413.94,430.99,403.77,426.38,3261.25561659,1390534.1698016443
1581465600,2020-02-12 00:00:00,BCH/EUR,425.80,444.87,425.80,436.91,5712.67307974,2495923.9952692036
1581552000,2020-02-13 00:00:00,BCH/EUR,436.58,447.21,423.16,440.89,4030.06421314,1776815.0109312946
1581638400,2020-02-14 00:00:00,BCH/EUR,438.76,459.59,431.11,455.75,2907.87158174,1325262.473378005
1581724800,2020-02-15 00:00:00,BCH/EUR,458.53,458.53,382.20,406.94,8167.56692335,3323709.683788049
1581811200,2020-02-16 00:00:00,BCH/EUR,406.16,422.00,351.11,381.00,8378.16232786,3192079.84691466
1581897600,2020-02-17 00:00:00,BCH/EUR,380.00,384.77,339.19,381.00,7939.61162250,3024992.0281725
1581984000,2020-02-18 00:00:00,BCH/EUR,382.33,398.43,358.29,391.23,4352.82131748,1702954.2840377006
1582070400,2020-02-19 00:00:00,BCH/EUR,387.31,393.04,342.00,351.56,4056.08494097,1425957.221847413
1582156800,2020-02-20 00:00:00,BCH/EUR,351.00,358.03,325.19,342.14,2354.27637437,805492.1187269519
1582243200,2020-02-21 00:00:00,BCH/EUR,343.71,358.32,343.41,350.29,1179.52094060,413174.390282774
1582329600,2020-02-22 00:00:00,BCH/EUR,350.51,351.39,340.01,343.84,442.56424886,152171.2913280224
1582416000,2020-02-23 00:00:00,BCH/EUR,346.36,374.33,345.07,374.33,1166.98017209,436835.6878184497
1582502400,2020-02-24 00:00:00,BCH/EUR,370.41,377.38,335.00,349.46,2621.71970608,916186.1684867167
1582588800,2020-02-25 00:00:00,BCH/EUR,349.97,349.97,317.02,325.23,2685.44018544,873385.7115106512
1582675200,2020-02-26 00:00:00,BCH/EUR,323.65,332.15,275.74,291.71,7503.56157277,2188863.9463927364
1582761600,2020-02-27 00:00:00,BCH/EUR,290.27,306.72,280.01,294.05,4706.48503314,1383941.923994817
1582848000,2020-02-28 00:00:00,BCH/EUR,297.65,300.08,272.12,286.34,3707.13763911,1061501.7915827571
1582934400,2020-02-29 00:00:00,BCH/EUR,285.38,292.77,277.65,277.65,4165.17166479,1156459.9127289434
1583020800,2020-03-01 00:00:00,BCH/EUR,278.02,294.33,275.78,283.16,4052.91649309,1147623.8341833646
1583107200,2020-03-02 00:00:00,BCH/EUR,281.97,308.10,281.97,305.49,7282.38161689,2224694.760143726
1583193600,2020-03-03 00:00:00,BCH/EUR,303.18,304.33,288.71,295.04,3013.76824382,889182.1826566529
1583280000,2020-03-04 00:00:00,BCH/EUR,296.11,297.38,279.58,287.24,1597.32223461,458814.8386693764
1583366400,2020-03-05 00:00:00,BCH/EUR,289.33,308.00,289.33,298.67,2790.05545092,833305.8615262765
1583452800,2020-03-06 00:00:00,BCH/EUR,301.93,314.84,297.00,311.59,3887.86073437,1211418.5262223482
1583539200,2020-03-07 00:00:00,BCH/EUR,311.22,311.54,290.68,294.06,5907.33431781,1737110.7294952087
1583625600,2020-03-08 00:00:00,BCH/EUR,293.83,293.83,236.30,239.99,9501.65996887,2280303.3759291116
1583712000,2020-03-09 00:00:00,BCH/EUR,242.84,246.02,220.23,240.62,8791.88985303,2115504.5364360786
1583798400,2020-03-10 00:00:00,BCH/EUR,240.51,245.04,230.48,240.13,5194.08953856,1247256.7208944126
1583884800,2020-03-11 00:00:00,BCH/EUR,240.21,242.05,221.83,237.25,4367.10084025,1036094.6743493126
1583971200,2020-03-12 00:00:00,BCH/EUR,236.00,236.20,125.90,134.41,24416.72991976,3281852.6685149414
1584057600,2020-03-13 00:00:00,BCH/EUR,134.50,205.93,125.00,161.00,20290.82064147,3266822.12327667
1584144000,2020-03-14 00:00:00,BCH/EUR,161.43,164.25,148.35,151.15,3420.66792206,517033.95641936903
1584230400,2020-03-15 00:00:00,BCH/EUR,151.16,174.96,149.86,163.20,8666.12115587,1414310.972637984
1584316800,2020-03-16 00:00:00,BCH/EUR,162.52,166.20,135.70,155.08,7971.85906595,1236275.9039475261
1584403200,2020-03-17 00:00:00,BCH/EUR,156.00,173.98,152.27,168.85,5972.91075524,1008525.981022274
1584489600,2020-03-18 00:00:00,BCH/EUR,168.44,170.10,156.16,168.17,7345.05489472,1235217.8816450625
1584576000,2020-03-19 00:00:00,BCH/EUR,170.12,222.00,164.52,209.31,18116.60847813,3791987.320557391
1584662400,2020-03-20 00:00:00,BCH/EUR,210.81,231.40,176.00,202.10,16949.52784776,3425499.578032296
1584748800,2020-03-21 00:00:00,BCH/EUR,201.95,215.00,194.06,206.34,10132.99118746,2090841.4016204965
1584835200,2020-03-22 00:00:00,BCH/EUR,206.02,217.45,188.01,190.78,6060.10227505,1156146.3120340388
1584921600,2020-03-23 00:00:00,BCH/EUR,189.47,212.00,186.66,206.28,5018.63024206,1035243.0463321367
1585008000,2020-03-24 00:00:00,BCH/EUR,207.00,213.90,203.36,211.70,4505.90070539,953899.1793310631
1585094400,2020-03-25 00:00:00,BCH/EUR,211.32,213.53,198.30,204.01,4974.64682685,1014877.6991456685
1585180800,2020-03-26 00:00:00,BCH/EUR,204.58,209.62,198.04,207.11,3018.09460427,625077.5734903598
1585267200,2020-03-27 00:00:00,BCH/EUR,207.68,212.20,190.00,192.25,4297.11851883,826121.0352450674
1585353600,2020-03-28 00:00:00,BCH/EUR,191.71,195.99,182.73,192.74,7438.86705579,1433767.2363329649
1585440000,2020-03-29 00:00:00,BCH/EUR,193.16,196.29,183.59,184.61,4365.86655804,805982.6252797645
1585526400,2020-03-30 00:00:00,BCH/EUR,184.94,205.69,184.61,200.39,4191.25525087,839885.6397218392
1585612800,2020-03-31 00:00:00,BCH/EUR,200.00,203.00,196.08,198.99,1298.88634566,258465.3939228834
1585699200,2020-04-01 00:00:00,BCH/EUR,198.29,206.06,194.08,204.80,3210.02390797,657412.8963522561
1585785600,2020-04-02 00:00:00,BCH/EUR,206.00,228.83,204.16,214.13,6039.64053126,1293268.2269587037
1585872000,2020-04-03 00:00:00,BCH/EUR,213.28,224.30,213.13,219.17,3456.78515334,757623.6020575278
1585958400,2020-04-04 00:00:00,BCH/EUR,218.03,224.85,215.74,221.17,1726.30577142,381807.04746496136
1586044800,2020-04-05 00:00:00,BCH/EUR,221.13,222.41,208.53,214.06,3504.30701426,750131.9594724956
1586131200,2020-04-06 00:00:00,BCH/EUR,214.60,240.15,214.60,239.96,4864.63788984,1167318.5080460063
1586217600,2020-04-07 00:00:00,BCH/EUR,239.21,244.22,226.57,231.71,5027.96607704,1165030.0197109384
1586304000,2020-04-08 00:00:00,BCH/EUR,232.17,258.35,230.73,246.50,8177.76148319,2015818.205606335
1586390400,2020-04-09 00:00:00,BCH/EUR,245.92,253.50,232.63,235.96,3852.70091606,909083.3081535177
1586476800,2020-04-10 00:00:00,BCH/EUR,235.61,237.41,206.66,212.74,9583.59943062,2038814.9428700986
1586563200,2020-04-11 00:00:00,BCH/EUR,214.55,220.61,203.78,213.55,4199.84882031,896877.7155772005
1586649600,2020-04-12 00:00:00,BCH/EUR,213.99,224.34,208.63,214.10,3998.77928303,856138.644496723
1586736000,2020-04-13 00:00:00,BCH/EUR,213.28,213.28,198.39,206.12,7329.21657591,1510698.1206265693
1586822400,2020-04-14 00:00:00,BCH/EUR,207.09,209.33,201.91,203.53,3407.76992732,693583.4133074397
1586908800,2020-04-15 00:00:00,BCH/EUR,202.78,206.36,196.55,197.22,2602.66911702,513298.40325868444
1586995200,2020-04-16 00:00:00,BCH/EUR,196.56,221.33,189.86,216.43,8562.37773141,1853155.4124090665
1587081600,2020-04-17 00:00:00,BCH/EUR,217.35,218.05,211.38,214.27,2339.77214536,501342.97758628725
1587168000,2020-04-18 00:00:00,BCH/EUR,214.95,228.00,214.34,224.89,3389.96081348,762368.2873435172
1587254400,2020-04-19 00:00:00,BCH/EUR,224.01,225.65,211.25,213.58,2898.92169306,619151.6952037548
1587340800,2020-04-20 00:00:00,BCH/EUR,213.10,219.88,198.99,202.67,5752.31303581,1165821.2829676126
1587427200,2020-04-21 00:00:00,BCH/EUR,202.75,206.50,199.26,202.81,1650.94319176,334827.7887208456
1587513600,2020-04-22 00:00:00,BCH/EUR,203.54,218.53,201.15,215.23,3484.17245966,749898.4384926218
1587600000,2020-04-23 00:00:00,BCH/EUR,216.33,227.30,209.21,220.32,6971.11216838,1535875.4329374817
1587686400,2020-04-24 00:00:00,BCH/EUR,220.20,225.79,217.56,220.50,3227.13893336,711584.13480588
1587772800,2020-04-25 00:00:00,BCH/EUR,219.86,227.66,217.65,220.75,4408.27619251,973126.9694965825
1587859200,2020-04-26 00:00:00,BCH/EUR,221.44,230.86,220.18,227.84,7526.19944491,1714769.2815282946
1587945600,2020-04-27 00:00:00,BCH/EUR,228.44,229.09,216.79,224.34,3547.73324835,795898.476934839
1588032000,2020-04-28 00:00:00,BCH/EUR,224.34,224.46,219.50,223.57,2135.66410351,477470.4236217307
1588118400,2020-04-29 00:00:00,BCH/EUR,224.10,243.54,223.37,237.05,11772.24365295,2790610.3579317974
1588204800,2020-04-30 00:00:00,BCH/EUR,236.82,254.00,224.19,229.41,10976.15044193,2518038.6728831613
1588291200,2020-05-01 00:00:00,BCH/EUR,229.89,237.56,229.00,233.02,2633.91051681,613753.8286270662
1588377600,2020-05-02 00:00:00,BCH/EUR,232.00,238.22,230.16,238.03,2352.63353060,559997.359288718
1588464000,2020-05-03 00:00:00,BCH/EUR,238.37,244.00,224.36,229.67,6300.95939732,1447141.3447824842
1588550400,2020-05-04 00:00:00,BCH/EUR,230.60,231.08,216.48,226.28,4864.90153661,1100829.9197041108
1588636800,2020-05-05 00:00:00,BCH/EUR,226.78,233.23,222.18,227.37,3554.34428337,808151.2597098369
1588723200,2020-05-06 00:00:00,BCH/EUR,227.57,235.08,223.00,223.85,4508.76374074,1009286.7633646489
1588809600,2020-05-07 00:00:00,BCH/EUR,223.43,237.47,220.22,232.94,7990.22358120,1861242.681004728
1588896000,2020-05-08 00:00:00,BCH/EUR,232.86,245.00,229.40,241.70,7206.30223949,1741763.251284733
1588982400,2020-05-09 00:00:00,BCH/EUR,239.92,256.61,238.79,244.96,11847.29226326,2902112.71280817
1589068800,2020-05-10 00:00:00,BCH/EUR,244.29,244.57,198.00,215.49,23524.16163043,5069221.589741361
1589155200,2020-05-11 00:00:00,BCH/EUR,215.72,220.77,202.04,219.00,12602.41446210,2759928.7671999
1589241600,2020-05-12 00:00:00,BCH/EUR,219.28,221.49,211.53,215.94,3005.39847228,648985.7461041432
1589328000,2020-05-13 00:00:00,BCH/EUR,215.83,224.00,214.57,221.92,2098.15618722,465622.8210678624
1589414400,2020-05-14 00:00:00,BCH/EUR,222.72,227.88,217.50,224.39,5570.43320441,1249949.5067375598
1589500800,2020-05-15 00:00:00,BCH/EUR,225.20,225.20,213.97,217.28,3615.65790610,785610.1498374081
1589587200,2020-05-16 00:00:00,BCH/EUR,217.04,222.69,216.15,219.01,3266.65101960,715429.2398025959
1589673600,2020-05-17 00:00:00,BCH/EUR,218.70,226.98,218.70,222.09,2179.00176697,483934.5024263673
1589760000,2020-05-18 00:00:00,BCH/EUR,222.29,235.74,222.29,227.28,4033.10313713,916643.6810069064
1589846400,2020-05-19 00:00:00,BCH/EUR,226.36,229.41,222.51,226.09,2005.95941376,453527.3638569984
1589932800,2020-05-20 00:00:00,BCH/EUR,226.34,226.44,214.27,218.50,3234.06823242,706643.90878377
1590019200,2020-05-21 00:00:00,BCH/EUR,217.99,221.41,201.30,208.32,5714.30179370,1190403.349663584
1590105600,2020-05-22 00:00:00,BCH/EUR,207.19,217.55,205.73,215.13,2791.22625196,600476.5035841548
1590192000,2020-05-23 00:00:00,BCH/EUR,215.83,220.40,213.70,215.42,2206.50070154,475324.3811257468
1590278400,2020-05-24 00:00:00,BCH/EUR,214.78,217.94,204.96,205.03,2210.36245722,453190.61460381665
1590364800,2020-05-25 00:00:00,BCH/EUR,204.49,214.16,203.00,212.32,1581.31899272,335745.6485343104
1590451200,2020-05-26 00:00:00,BCH/EUR,211.86,212.07,204.22,207.65,2310.93088234,479864.79771790106
1590537600,2020-05-27 00:00:00,BCH/EUR,208.03,213.48,207.53,211.12,1742.62391812,367902.76159349445
1590624000,2020-05-28 00:00:00,BCH/EUR,211.06,217.25,208.65,216.47,1916.61204670,414889.00974914903
1590710400,2020-05-29 00:00:00,BCH/EUR,216.83,220.51,210.83,214.70,2392.27801543,513622.08991282096
1590796800,2020-05-30 00:00:00,BCH/EUR,214.35,228.13,213.19,226.97,4658.87260253,1057424.3145962341
1590883200,2020-05-31 00:00:00,BCH/EUR,225.33,227.14,212.60,215.22,1918.89138168,412983.8031651696
1590969600,2020-06-01 00:00:00,BCH/EUR,214.45,229.00,213.78,227.35,4896.82043193,1113292.1251992856
1591056000,2020-06-02 00:00:00,BCH/EUR,228.19,240.50,216.39,224.13,10078.97745134,2259001.2161688344
1591142400,2020-06-03 00:00:00,BCH/EUR,224.44,226.00,220.51,225.16,1084.43113724,244170.51486095838
1591228800,2020-06-04 00:00:00,BCH/EUR,225.19,232.78,221.79,226.20,4290.25118182,970454.8173276839
1591315200,2020-06-05 00:00:00,BCH/EUR,225.85,232.44,224.97,227.21,2457.02269732,558260.1270580773
1591401600,2020-06-06 00:00:00,BCH/EUR,226.56,228.71,222.72,224.26,951.95541579,213485.5215450654
1591488000,2020-06-07 00:00:00,BCH/EUR,224.00,226.32,218.26,223.79,1738.64386666,389091.1109198414
1591574400,2020-06-08 00:00:00,BCH/EUR,224.86,227.49,222.23,226.07,3964.76317843,896314.0117476701
1591660800,2020-06-09 00:00:00,BCH/EUR,226.30,227.27,221.20,224.80,767.04535773,172431.796417704
1591747200,2020-06-10 00:00:00,BCH/EUR,224.78,228.13,221.19,226.04,2175.09324246,491658.07652565837
1591833600,2020-06-11 00:00:00,BCH/EUR,226.80,227.11,204.07,208.05,3754.63600718,781152.021293799
1591920000,2020-06-12 00:00:00,BCH/EUR,207.48,215.35,206.95,214.01,1124.04719293,240557.33975894927
1592006400,2020-06-13 00:00:00,BCH/EUR,213.52,214.98,211.47,213.76,408.80131264,87385.3685899264
1592092800,2020-06-14 00:00:00,BCH/EUR,213.33,213.76,209.23,211.62,682.44796051,144419.63740312622
1592179200,2020-06-15 00:00:00,BCH/EUR,211.53,211.53,199.79,208.65,3970.39348028,828422.599660422
1592265600,2020-06-16 00:00:00,BCH/EUR,208.44,211.45,205.83,210.70,2202.93040086,464157.435461202
1592352000,2020-06-17 00:00:00,BCH/EUR,209.90,216.42,208.76,214.26,1894.73165128,405965.20360325277
1592438400,2020-06-18 00:00:00,BCH/EUR,213.23,213.96,208.00,210.60,821.97427459,173107.78222865402
1592524800,2020-06-19 00:00:00,BCH/EUR,210.35,210.92,205.58,208.41,1112.78045210,231914.57402216102
1592611200,2020-06-20 00:00:00,BCH/EUR,209.13,209.84,204.85,209.16,1321.57671354,276420.9854040264
1592697600,2020-06-21 00:00:00,BCH/EUR,208.18,209.01,205.54,205.94,534.48435414,110071.7078915916
1592784000,2020-06-22 00:00:00,BCH/EUR,207.09,216.00,207.09,213.99,2180.09221719,466517.93355648813
1592870400,2020-06-23 00:00:00,BCH/EUR,214.40,216.27,211.65,212.66,978.45147213,208077.49006316578
1592956800,2020-06-24 00:00:00,BCH/EUR,213.37,216.69,203.59,207.03,2311.41086992,478531.3923995376
1593043200,2020-06-25 00:00:00,BCH/EUR,206.60,209.22,201.57,206.34,741.58607531,153018.8707794654
1593129600,2020-06-26 00:00:00,BCH/EUR,207.19,208.10,203.56,205.23,1207.02131612,247716.98470730757
1593216000,2020-06-27 00:00:00,BCH/EUR,205.30,206.43,183.38,193.20,4079.29833650,788120.4386118
1593302400,2020-06-28 00:00:00,BCH/EUR,193.28,201.09,190.64,198.09,2802.72346056,555191.4903023305
1593388800,2020-06-29 00:00:00,BCH/EUR,198.15,202.00,194.21,200.31,1614.93798820,323488.228416342
1593475200,2020-06-30 00:00:00,BCH/EUR,200.59,200.79,196.64,198.05,915.67225096,181348.88930262803
1593561600,2020-07-01 00:00:00,BCH/EUR,197.44,201.67,196.64,199.03,1768.86167080,352056.538339324
1593648000,2020-07-02 00:00:00,BCH/EUR,199.30,200.22,193.93,195.87,2339.38000850,458214.362264895
1593734400,2020-07-03 00:00:00,BCH/EUR,195.49,199.34,195.49,196.81,947.19709087,186417.8594541247
1593820800,2020-07-04 00:00:00,BCH/EUR,197.33,201.83,196.72,200.60,627.27760129,125831.886818774
1593907200,2020-07-05 00:00:00,BCH/EUR,200.30,200.50,192.43,198.00,780.72762159,154584.06907482
1593993600,2020-07-06 00:00:00,BCH/EUR,197.77,215.00,197.46,214.10,6067.58726345,1299070.433104645
1594080000,2020-07-07 00:00:00,BCH/EUR,214.52,215.71,208.94,210.60,1523.60723803,320871.684329118
1594166400,2020-07-08 00:00:00,BCH/EUR,210.19,217.17,209.62,214.83,3157.50358043,678326.4941837769
1594252800,2020-07-09 00:00:00,BCH/EUR,214.19,216.25,206.95,211.44,2838.85852561,600248.2466549784
1594339200,2020-07-10 00:00:00,BCH/EUR,211.02,212.95,207.03,211.02,1845.12466567,389358.20694968343
1594425600,2020-07-11 00:00:00,BCH/EUR,211.13,212.05,208.38,209.61,1042.21862310,218459.44558799104
1594512000,2020-07-12 00:00:00,BCH/EUR,210.61,211.86,205.57,210.36,959.96483502,201938.2026948072
1594598400,2020-07-13 00:00:00,BCH/EUR,209.94,210.13,198.16,205.00,3854.79621086,790233.2232263
1594684800,2020-07-14 00:00:00,BCH/EUR,203.99,204.22,200.00,202.55,1468.13102756,297369.939632278
1594771200,2020-07-15 00:00:00,BCH/EUR,200.56,201.75,198.40,199.65,1359.08377769,271341.0762158085
1594857600,2020-07-16 00:00:00,BCH/EUR,198.89,199.89,190.66,197.05,2920.09588768,575404.894667344
1594944000,2020-07-17 00:00:00,BCH/EUR,197.32,197.39,194.50,195.07,1104.76433277,215506.37839344388
1595030400,2020-07-18 00:00:00,BCH/EUR,195.27,198.83,195.11,196.69,410.42102062,80725.71054574779
1595116800,2020-07-19 00:00:00,BCH/EUR,197.28,200.01,193.38,199.21,782.86513772,155954.56408520121
1595203200,2020-07-20 00:00:00,BCH/EUR,199.37,199.92,193.30,195.11,1820.54789982,355207.10073388024
1595289600,2020-07-21 00:00:00,BCH/EUR,195.56,204.00,195.31,200.10,1588.12089522,317782.991133522
1595376000,2020-07-22 00:00:00,BCH/EUR,200.31,208.05,198.03,208.05,1667.65523761,346955.67218476057
1595462400,2020-07-23 00:00:00,BCH/EUR,207.60,209.44,203.59,205.66,3317.53133092,682283.4935170072
1595548800,2020-07-24 00:00:00,BCH/EUR,205.91,205.99,200.88,202.63,1588.18351516,321813.6256768708
1595635200,2020-07-25 00:00:00,BCH/EUR,202.12,217.88,202.12,215.89,5387.52062157,1163111.8269907471
1595721600,2020-07-26 00:00:00,BCH/EUR,215.65,220.73,208.12,212.62,6732.48769312,1431461.5333111743
1595808000,2020-07-27 00:00:00,BCH/EUR,212.60,234.34,212.19,228.33,14986.90240977,3421959.427222784
1595894400,2020-07-28 00:00:00,BCH/EUR,229.43,254.18,226.00,247.12,20511.00459291,5068679.45499992
1595980800,2020-07-29 00:00:00,BCH/EUR,247.12,250.23,242.42,244.69,9179.78142828,2246200.717685833
1596067200,2020-07-30 00:00:00,BCH/EUR,244.65,254.00,239.12,246.00,5404.12242092,1329414.11554632
1596153600,2020-07-31 00:00:00,BCH/EUR,246.56,260.06,241.93,255.89,6850.56475631,1752991.015492166
1596240000,2020-08-01 00:00:00,BCH/EUR,256.67,273.58,253.23,271.48,10745.59356860,2917213.742003528
1596326400,2020-08-02 00:00:00,BCH/EUR,272.30,287.11,206.48,240.50,19785.48381285,4758408.856990425
1596412800,2020-08-03 00:00:00,BCH/EUR,240.79,259.50,237.97,253.22,6874.99254452,1740885.6121233543
1596499200,2020-08-04 00:00:00,BCH/EUR,253.96,257.94,239.47,244.21,4181.15947281,1021080.95485493
1596585600,2020-08-05 00:00:00,BCH/EUR,244.61,252.21,240.97,247.60,4259.76104942,1054716.835836392
1596672000,2020-08-06 00:00:00,BCH/EUR,247.96,269.67,243.17,260.48,7906.34537045,2059444.842094816
1596758400,2020-08-07 00:00:00,BCH/EUR,261.22,275.22,236.90,257.33,10005.35870821,2574678.956383679
1596844800,2020-08-08 00:00:00,BCH/EUR,255.99,263.00,253.21,257.93,1770.98779625,456790.8822867625
1596931200,2020-08-09 00:00:00,BCH/EUR,259.03,262.31,248.66,253.87,1462.72356551,371341.6315760237
1597017600,2020-08-10 00:00:00,BCH/EUR,255.27,262.16,244.50,257.64,3393.95776004,874419.2772967055
1597104000,2020-08-11 00:00:00,BCH/EUR,258.67,260.59,230.40,240.21,7150.28160295,1717569.1438446196
1597190400,2020-08-12 00:00:00,BCH/EUR,240.51,246.48,231.16,242.58,3072.43461805,745311.1896465691
1597276800,2020-08-13 00:00:00,BCH/EUR,241.46,251.67,232.30,250.42,3594.61087731,900162.4558959701
1597363200,2020-08-14 00:00:00,BCH/EUR,251.13,252.52,243.70,247.80,3026.91108155,750068.56600809
1597449600,2020-08-15 00:00:00,BCH/EUR,248.18,260.77,245.91,255.58,4929.10853420,1259781.559170836
1597536000,2020-08-16 00:00:00,BCH/EUR,255.83,265.22,249.28,260.27,4666.17355225,1214464.9904441074
1597622400,2020-08-17 00:00:00,BCH/EUR,258.87,274.36,254.69,267.77,8793.97460763,2354762.5806850847
1597708800,2020-08-18 00:00:00,BCH/EUR,268.93,273.13,251.90,254.00,7915.18543576,2010457.10068304
1597795200,2020-08-19 00:00:00,BCH/EUR,253.05,258.58,238.00,247.64,7156.33465804,1772194.7147170256
1597881600,2020-08-20 00:00:00,BCH/EUR,247.82,250.61,244.39,248.75,2295.60609636,571032.01646955
1597968000,2020-08-21 00:00:00,BCH/EUR,248.02,258.67,239.38,240.26,3966.26054683,952933.7589813757
1598054400,2020-08-22 00:00:00,BCH/EUR,240.43,244.44,235.00,243.82,2619.46138348,638677.0745200936
1598140800,2020-08-23 00:00:00,BCH/EUR,244.23,244.23,237.18,242.05,1216.80339535,294527.26184446755
1598227200,2020-08-24 00:00:00,BCH/EUR,240.54,250.20,239.81,246.89,2033.18524703,501973.1056392367
1598313600,2020-08-25 00:00:00,BCH/EUR,246.64,246.64,227.36,234.09,2812.99093463,658493.0478875367
1598400000,2020-08-26 00:00:00,BCH/EUR,233.93,236.12,230.40,232.64,1717.61940517,399586.97841874877
1598486400,2020-08-27 00:00:00,BCH/EUR,233.59,234.05,219.00,223.96,5373.87627063,1203533.3295702948
1598572800,2020-08-28 00:00:00,BCH/EUR,223.22,230.09,221.31,225.64,1926.28631002,434647.24299291277
1598659200,2020-08-29 00:00:00,BCH/EUR,226.39,229.53,224.32,225.72,901.08123054,203392.0553574888
1598745600,2020-08-30 00:00:00,BCH/EUR,225.51,234.49,225.51,234.49,2174.45425206,509887.77756554936
1598832000,2020-08-31 00:00:00,BCH/EUR,234.89,236.16,229.32,230.43,1547.06111229,356489.2921049847
1598918400,2020-09-01 00:00:00,BCH/EUR,229.72,249.00,225.90,244.91,8608.65334909,2108345.291725632
1599004800,2020-09-02 00:00:00,BCH/EUR,246.89,247.60,208.36,223.20,13962.33547753,3116393.278584696
1599091200,2020-09-03 00:00:00,BCH/EUR,223.20,225.42,171.67,183.94,10962.01914706,2016353.8019102165
1599177600,2020-09-04 00:00:00,BCH/EUR,187.58,203.00,180.20,194.38,14475.43285894,2813734.639120757
1599264000,2020-09-05 00:00:00,BCH/EUR,195.09,198.71,181.37,190.21,13298.32840515,2529475.0459435815
1599350400,2020-09-06 00:00:00,BCH/EUR,191.56,197.40,186.39,192.41,9254.19591894,1780599.8367632455
1599436800,2020-09-07 00:00:00,BCH/EUR,193.43,194.25,182.89,193.36,5618.44847757,1086383.1976229353
1599523200,2020-09-08 00:00:00,BCH/EUR,193.91,195.52,184.29,188.86,4075.50154138,769699.2211050269
1599609600,2020-09-09 00:00:00,BCH/EUR,188.88,193.66,186.59,190.23,1276.37274664,242804.3875933272
1599696000,2020-09-10 00:00:00,BCH/EUR,190.47,195.32,189.46,192.05,3435.08923143,659708.8868961316
1599782400,2020-09-11 00:00:00,BCH/EUR,193.08,193.20,187.24,190.40,2860.07632964,544558.533163456
1599868800,2020-09-12 00:00:00,BCH/EUR,190.22,194.47,188.53,194.47,1978.60117646,384778.5707861762
1599955200,2020-09-13 00:00:00,BCH/EUR,195.00,198.45,185.96,187.81,5032.50663882,945155.0718367842
1600041600,2020-09-14 00:00:00,BCH/EUR,187.17,192.77,185.56,190.02,2663.99498830,506212.327676766
1600128000,2020-09-15 00:00:00,BCH/EUR,190.73,203.57,189.99,198.11,8130.77636869,1610788.106401176
1600214400,2020-09-16 00:00:00,BCH/EUR,198.64,199.10,191.87,195.86,3651.55514433,715193.5905684739
1600300800,2020-09-17 00:00:00,BCH/EUR,195.00,203.00,194.75,196.52,3085.27031133,606317.3215825716
1600387200,2020-09-18 00:00:00,BCH/EUR,196.57,201.66,194.50,197.57,3076.93568508,607910.1833012556
1600473600,2020-09-19 00:00:00,BCH/EUR,198.27,201.02,196.16,197.23,3099.96043425,611405.1964471275
1600560000,2020-09-20 00:00:00,BCH/EUR,196.85,197.11,188.00,190.95,3025.20638091,577663.1584347645
1600646400,2020-09-21 00:00:00,BCH/EUR,190.36,193.24,177.09,180.86,5250.30700534,949570.5249857925
1600732800,2020-09-22 00:00:00,BCH/EUR,180.22,188.24,179.29,188.12,1577.06915447,296678.2493388964
1600819200,2020-09-23 00:00:00,BCH/EUR,187.90,188.01,175.00,178.45,2292.55797574,409106.970770803
1600905600,2020-09-24 00:00:00,BCH/EUR,178.45,187.54,177.70,185.39,1394.77694035,258577.69697148647
1600992000,2020-09-25 00:00:00,BCH/EUR,185.74,187.56,181.04,186.33,1887.44727708,351688.05113831646
1601078400,2020-09-26 00:00:00,BCH/EUR,186.82,192.81,183.52,190.43,2971.60590427,565882.9123501361
1601164800,2020-09-27 00:00:00,BCH/EUR,190.00,199.26,185.88,197.33,4881.13747130,963194.8572116289
1601251200,2020-09-28 00:00:00,BCH/EUR,197.71,201.11,192.13,193.73,10013.70642553,1939955.3458179266
1601337600,2020-09-29 00:00:00,BCH/EUR,193.85,196.59,192.16,195.16,1637.46585368,319567.8360041888
1601424000,2020-09-30 00:00:00,BCH/EUR,194.65,197.10,192.47,194.27,1111.16447221,215865.9220162367
1601510400,2020-10-01 00:00:00,BCH/EUR,194.78,199.70,189.14,194.25,2114.64030564,410768.87937057
1601596800,2020-10-02 00:00:00,BCH/EUR,193.16,195.00,181.92,187.32,3702.97240186,693640.7903164151
1601683200,2020-10-03 00:00:00,BCH/EUR,186.64,188.84,185.91,186.54,1061.66961072,198043.8491837088
1601769600,2020-10-04 00:00:00,BCH/EUR,186.93,190.35,185.00,188.64,1414.45716295,266823.199218888
1601856000,2020-10-05 00:00:00,BCH/EUR,188.79,189.79,186.21,188.06,2904.92742198,546300.6509775588
1601942400,2020-10-06 00:00:00,BCH/EUR,188.26,195.46,183.81,187.57,3579.98896865,671498.5308496805
1602028800,2020-10-07 00:00:00,BCH/EUR,187.16,190.80,184.69,189.93,2577.72272818,489586.87776322744
1602115200,2020-10-08 00:00:00,BCH/EUR,189.69,201.00,188.45,198.60,4627.06805173,918935.715073578
1602201600,2020-10-09 00:00:00,BCH/EUR,199.19,203.50,197.26,200.61,3237.13489567,649401.6314203587
1602288000,2020-10-10 00:00:00,BCH/EUR,201.17,208.00,199.18,200.37,3647.64991970,730879.614410289
1602374400,2020-10-11 00:00:00,BCH/EUR,200.34,205.44,199.29,201.89,2047.64018649,413398.07725046604
1602460800,2020-10-12 00:00:00,BCH/EUR,202.02,206.00,197.43,202.59,3919.55571646,794062.7925976315
1602547200,2020-10-13 00:00:00,BCH/EUR,202.80,217.20,201.36,215.79,5520.76447811,1191325.7667313567
1602633600,2020-10-14 00:00:00,BCH/EUR,217.11,222.00,213.16,220.92,3881.71760497,857549.0532899724
1602720000,2020-10-15 00:00:00,BCH/EUR,221.00,225.99,217.98,223.71,6881.30931856,1539417.7076550578
1602806400,2020-10-16 00:00:00,BCH/EUR,223.49,227.75,207.74,213.82,4881.51161104,1043764.8126725728
1602892800,2020-10-17 00:00:00,BCH/EUR,212.60,215.66,206.11,209.30,3517.83927860,736283.76101098
1602979200,2020-10-18 00:00:00,BCH/EUR,208.85,214.10,208.21,212.99,2008.37709598,427764.2376727802
1603065600,2020-10-19 00:00:00,BCH/EUR,212.81,214.41,209.86,212.59,2411.47116720,512654.655435048
1603152000,2020-10-20 00:00:00,BCH/EUR,212.10,212.21,201.00,204.13,4813.14707894,982507.7132240222
1603238400,2020-10-21 00:00:00,BCH/EUR,204.70,222.00,204.70,216.54,7686.15048604,1664359.0262471016
1603324800,2020-10-22 00:00:00,BCH/EUR,218.33,232.99,218.33,227.08,5244.76196931,1190980.5479909147
1603411200,2020-10-23 00:00:00,BCH/EUR,225.47,234.00,223.53,228.00,5571.67205221,1270341.2279038802
1603497600,2020-10-24 00:00:00,BCH/EUR,226.70,234.46,225.84,232.35,1607.74865584,373560.400184424
1603584000,2020-10-25 00:00:00,BCH/EUR,232.58,232.58,226.45,229.12,1201.62325588,275315.9203872256
1603670400,2020-10-26 00:00:00,BCH/EUR,228.47,230.32,214.52,220.26,6002.70125677,1322154.9788161602
1603756800,2020-10-27 00:00:00,BCH/EUR,220.99,226.90,218.00,225.27,2912.92781532,656195.2489571364
1603843200,2020-10-28 00:00:00,BCH/EUR,224.60,239.40,220.15,229.29,8851.93596290,2029660.3969333407
1603929600,2020-10-29 00:00:00,BCH/EUR,229.20,231.10,220.90,229.79,3316.64520161,762131.9008779619
1604016000,2020-10-30 00:00:00,BCH/EUR,228.00,231.97,218.63,225.18,6107.78452528,1375350.9194025504
1604102400,2020-10-31 00:00:00,BCH/EUR,224.30,228.19,223.30,224.91,4015.28095573,903076.8397532343
1604188800,2020-11-01 00:00:00,BCH/EUR,225.81,232.20,223.38,229.75,1807.38513349,415246.7344193275
1604275200,2020-11-02 00:00:00,BCH/EUR,230.70,233.20,219.00,220.91,4542.83682431,1003558.0828583222
1604361600,2020-11-03 00:00:00,BCH/EUR,221.18,222.18,199.99,207.74,13354.24760372,2774211.397196793
1604448000,2020-11-04 00:00:00,BCH/EUR,208.26,209.17,198.00,205.51,11030.37630471,2266852.634380952
1604534400,2020-11-05 00:00:00,BCH/EUR,206.49,214.00,204.07,211.51,9597.66652516,2030002.4467365916
1604620800,2020-11-06 00:00:00,BCH/EUR,211.30,218.70,210.33,217.58,12798.66368547,2784733.2446845626
1604707200,2020-11-07 00:00:00,BCH/EUR,217.70,233.34,204.53,213.36,23176.17309289,4944868.291099011
1604793600,2020-11-08 00:00:00,BCH/EUR,212.09,233.50,211.13,227.37,8171.78227862,1858018.1366898296
1604880000,2020-11-09 00:00:00,BCH/EUR,227.97,230.00,218.51,223.31,7421.83672274,1657370.3585550694
1604966400,2020-11-10 00:00:00,BCH/EUR,222.56,225.59,215.94,218.08,6339.42368563,1382501.5173621906
1605052800,2020-11-11 00:00:00,BCH/EUR,217.86,221.98,216.25,218.15,8325.24248984,1816151.649158596
1605139200,2020-11-12 00:00:00,BCH/EUR,218.11,224.80,214.10,220.52,8531.73140468,1881417.4093600337
1605225600,2020-11-13 00:00:00,BCH/EUR,220.52,225.97,211.16,219.55,10428.08012310,2289484.991026605
1605312000,2020-11-14 00:00:00,BCH/EUR,218.80,221.60,215.00,216.00,2054.71768910,443819.0208456
1605398400,2020-11-15 00:00:00,BCH/EUR,216.58,220.47,207.00,211.56,3166.87190671,669983.4205835676
1605484800,2020-11-16 00:00:00,BCH/EUR,211.56,218.83,206.00,212.25,4121.57091375,874803.4264434375
1605571200,2020-11-17 00:00:00,BCH/EUR,212.58,218.08,211.01,215.28,3794.41118376,816860.8396398528
1605657600,2020-11-18 00:00:00,BCH/EUR,216.59,217.57,204.49,209.50,3609.27418092,756142.94090274
1605744000,2020-11-19 00:00:00,BCH/EUR,209.02,211.99,206.00,208.44,1610.25111533,335640.74247938517
1605830400,2020-11-20 00:00:00,BCH/EUR,208.37,219.63,208.07,218.93,5679.54777215,1243423.3937567996
1605916800,2020-11-21 00:00:00,BCH/EUR,219.75,260.91,217.50,255.44,16627.53084072,4247336.477953517
1606003200,2020-11-22 00:00:00,BCH/EUR,255.00,263.00,228.00,242.74,19874.67689981,4824379.07065988
1606089600,2020-11-23 00:00:00,BCH/EUR,244.16,275.67,238.56,272.97,21197.74238849,5786347.739786116
1606176000,2020-11-24 00:00:00,BCH/EUR,272.87,314.13,270.00,293.25,29051.49379426,8519350.555166746
1606262400,2020-11-25 00:00:00,BCH/EUR,296.07,305.21,250.45,263.96,13152.09524706,3471627.0614139573
1606348800,2020-11-26 00:00:00,BCH/EUR,262.60,270.08,210.24,226.88,19509.25905614,4426260.694657043
1606435200,2020-11-27 00:00:00,BCH/EUR,225.74,234.66,214.83,221.77,9239.37574431,2049016.3588156288
1606521600,2020-11-28 00:00:00,BCH/EUR,221.46,239.00,219.00,231.20,5305.76779090,1226693.51325608
1606608000,2020-11-29 00:00:00,BCH/EUR,231.17,242.22,228.01,238.50,5420.28449286,1292737.85154711
1606694400,2020-11-30 00:00:00,BCH/EUR,241.16,269.37,234.13,265.02,12567.53883156,3330649.1411400307
1606780800,2020-12-01 00:00:00,BCH/EUR,264.65,268.28,228.11,238.82,13975.73399727,3337684.793228021
1606867200,2020-12-02 00:00:00,BCH/EUR,238.42,247.00,233.43,242.97,3549.90158215,862519.5874149855
1606953600,2020-12-03 00:00:00,BCH/EUR,244.27,245.32,236.41,240.58,2913.23584815,700866.280347927
1607040000,2020-12-04 00:00:00,BCH/EUR,239.98,252.81,228.59,232.05,6582.97639952,1527579.6735086162
1607126400,2020-12-05 00:00:00,BCH/EUR,231.91,239.42,226.75,239.42,3036.81583125,727074.446317875
1607212800,2020-12-06 00:00:00,BCH/EUR,240.00,242.00,230.69,235.72,2767.07427578,652254.7482868616
1607299200,2020-12-07 00:00:00,BCH/EUR,236.54,239.50,232.21,234.43,1865.89984954,437422.90172766225
1607385600,2020-12-08 00:00:00,BCH/EUR,234.67,235.45,217.42,221.26,4272.39745297,945310.6604441422
1607472000,2020-12-09 00:00:00,BCH/EUR,220.44,224.61,210.16,222.84,4306.60806046,959684.5401929064
1607558400,2020-12-10 00:00:00,BCH/EUR,222.69,222.71,215.23,218.17,1447.75768111,315857.29328776867
1607644800,2020-12-11 00:00:00,BCH/EUR,219.04,219.04,211.50,214.12,2931.40088010,627671.556447012
1607731200,2020-12-12 00:00:00,BCH/EUR,214.20,222.67,213.00,221.45,1851.97757382,410120.433722439
1607817600,2020-12-13 00:00:00,BCH/EUR,221.99,232.99,219.84,226.87,2472.35408320,560902.970855584
1607904000,2020-12-14 00:00:00,BCH/EUR,226.29,230.51,218.37,227.43,1940.73443448,441381.2324337864
1607990400,2020-12-15 00:00:00,BCH/EUR,227.23,245.77,223.22,237.37,9163.81747813,2175215.354783718
1608076800,2020-12-16 00:00:00,BCH/EUR,238.01,257.88,232.50,256.31,6902.39173966,1769152.0267922545
1608163200,2020-12-17 00:00:00,BCH/EUR,256.80,270.58,245.36,253.00,16734.42806170,4233810.2996101
1608249600,2020-12-18 00:00:00,BCH/EUR,252.75,263.44,248.83,255.56,4228.79741658,1080711.4677811847
1608336000,2020-12-19 00:00:00,BCH/EUR,256.31,265.80,252.91,259.14,4843.88366366,1255244.0126008524
1608422400,2020-12-20 00:00:00,BCH/EUR,258.74,300.00,252.94,285.37,38578.46435174,11009136.372056045
1608508800,2020-12-21 00:00:00,BCH/EUR,286.22,310.99,252.50,256.53,22408.61922334,5748483.089363409
1608595200,2020-12-22 00:00:00,BCH/EUR,255.00,269.61,244.69,265.78,9502.29997017,2525521.286071782
1608681600,2020-12-23 00:00:00,BCH/EUR,265.02,268.06,219.12,225.97,15271.74376775,3450955.9391984674
1608768000,2020-12-24 00:00:00,BCH/EUR,225.72,245.82,222.00,243.31,9026.36844619,2196205.706642489
1608854400,2020-12-25 00:00:00,BCH/EUR,244.25,266.00,240.77,261.49,12206.25692241,3191814.122640991
1608940800,2020-12-26 00:00:00,BCH/EUR,261.80,272.28,254.05,264.68,18361.88994895,4860025.031688086
1609027200,2020-12-27 00:00:00,BCH/EUR,264.45,297.81,251.11,274.74,22414.65224936,6158201.558989166
1609113600,2020-12-28 00:00:00,BCH/EUR,274.33,307.70,271.02,294.71,10480.87496292,3088818.6603221525
1609200000,2020-12-29 00:00:00,BCH/EUR,294.74,299.31,270.00,287.22,11985.55051164,3442489.817953241
1609286400,2020-12-30 00:00:00,BCH/EUR,286.84,298.00,277.82,292.35,5280.91374256,1543875.1326374162
1609372800,2020-12-31 00:00:00,BCH/EUR,290.94,293.45,272.79,280.20,6692.20661266,1875156.292867332
1609459200,2021-01-01 00:00:00,BCH/EUR,280.12,290.58,272.79,280.09,5097.88015168,1427865.2516840512
1609545600,2021-01-02 00:00:00,BCH/EUR,280.40,298.22,271.00,285.70,11481.41281111,3280239.640134127
1609632000,2021-01-03 00:00:00,BCH/EUR,285.70,357.00,283.97,340.86,29653.74243888,10107774.647716638
1609718400,2021-01-04 00:00:00,BCH/EUR,341.03,380.67,303.03,331.21,26385.55278772,8739158.93882074
1609804800,2021-01-05 00:00:00,BCH/EUR,332.43,346.75,317.48,340.32,9861.96327885,3356223.343058232
1609891200,2021-01-06 00:00:00,BCH/EUR,342.42,373.77,334.58,368.27,11815.50878875,4351297.421632962
1609977600,2021-01-07 00:00:00,BCH/EUR,368.54,394.89,301.00,363.34,29360.92848743,10667999.756622816
1610064000,2021-01-08 00:00:00,BCH/EUR,365.67,374.83,329.02,356.14,23876.84277835,8503498.78708157
1610150400,2021-01-09 00:00:00,BCH/EUR,358.16,483.24,341.94,468.64,34738.67593736,16279933.09128439
1610236800,2021-01-10 00:00:00,BCH/EUR,468.97,514.48,416.15,492.76,57377.32845541,28273252.369687833
1610323200,2021-01-11 00:00:00,BCH/EUR,492.55,492.55,325.22,393.64,61934.86688156,24380040.999257278
1610409600,2021-01-12 00:00:00,BCH/EUR,393.46,422.25,363.12,370.46,26307.21562752,9745771.10137106
1610496000,2021-01-13 00:00:00,BCH/EUR,370.74,411.85,356.95,408.27,13166.59560959,5375525.989527309
1610582400,2021-01-14 00:00:00,BCH/EUR,407.48,443.88,398.00,432.99,14108.92011076,6109021.318757973
1610668800,2021-01-15 00:00:00,BCH/EUR,433.39,439.60,374.00,406.99,14065.17287603,5724384.70881545
1610755200,2021-01-16 00:00:00,BCH/EUR,407.35,425.00,392.21,406.66,7835.73797658,3186481.205556023
1610841600,2021-01-17 00:00:00,BCH/EUR,404.16,409.77,382.35,396.58,6878.46446319,2727861.43681189
1610928000,2021-01-18 00:00:00,BCH/EUR,397.64,425.03,389.24,420.60,7027.66757074,2955836.9802532443
1611014400,2021-01-19 00:00:00,BCH/EUR,421.10,455.26,415.71,418.56,10382.96749011,4345894.872660442
1611100800,2021-01-20 00:00:00,BCH/EUR,417.00,426.70,389.34,411.02,8762.74567814,3601663.7286291025
1611187200,2021-01-21 00:00:00,BCH/EUR,410.62,410.94,332.72,343.86,12726.05291828,4375980.556479761
1611273600,2021-01-22 00:00:00,BCH/EUR,342.69,371.54,322.40,362.86,10234.31689006,3713624.2267271713
1611360000,2021-01-23 00:00:00,BCH/EUR,361.80,365.80,344.74,354.00,5563.00520628,1969303.84302312
1611446400,2021-01-24 00:00:00,BCH/EUR,351.84,368.89,346.47,361.43,3430.17407870,1239767.817264541
1611532800,2021-01-25 00:00:00,BCH/EUR,363.17,383.11,355.00,357.32,6625.69447151,2367493.148559953
1611619200,2021-01-26 00:00:00,BCH/EUR,356.17,361.05,340.13,351.44,4836.08553007,1699593.8986878006
1611705600,2021-01-27 00:00:00,BCH/EUR,350.16,351.06,305.55,313.17,10330.00402558,3235047.3606908885
1611792000,2021-01-28 00:00:00,BCH/EUR,311.92,342.32,306.86,334.08,5448.66735732,1820290.7907334655
1611878400,2021-01-29 00:00:00,BCH/EUR,333.96,356.34,323.51,335.85,20111.79410387,6754546.04978474
1611964800,2021-01-30 00:00:00,BCH/EUR,336.81,345.68,323.60,343.97,7331.12478267,2521686.991495
1612051200,2021-01-31 00:00:00,BCH/EUR,340.37,342.67,323.24,330.11,7239.77339908,2389921.5967702987
1612137600,2021-02-01 00:00:00,BCH/EUR,329.67,368.52,322.00,343.35,10965.42279020,3764977.9150151704
1612224000,2021-02-02 00:00:00,BCH/EUR,343.90,360.90,339.95,357.47,6964.58508777,2489630.231325142
1612310400,2021-02-03 00:00:00,BCH/EUR,358.71,374.43,357.00,370.87,6772.79072048,2511824.8945044177
1612396800,2021-02-04 00:00:00,BCH/EUR,374.00,378.39,345.16,352.72,9800.20890559,3456729.685179705
1612483200,2021-02-05 00:00:00,BCH/EUR,350.99,373.00,349.32,371.28,5659.45814779,2101243.621111471
1612569600,2021-02-06 00:00:00,BCH/EUR,372.63,407.33,369.81,381.12,17693.96901765,6743525.472006768
1612656000,2021-02-07 00:00:00,BCH/EUR,380.97,385.47,357.00,370.40,9673.21243888,3582957.887361152
1612742400,2021-02-08 00:00:00,BCH/EUR,369.00,405.15,363.19,401.76,11927.26524667,4791898.085502139
1612828800,2021-02-09 00:00:00,BCH/EUR,402.58,429.33,392.00,426.39,14700.73799225,6268247.672515477
1612915200,2021-02-10 00:00:00,BCH/EUR,425.96,445.93,387.10,409.12,26154.12525163,10700175.722946865
1613001600,2021-02-11 00:00:00,BCH/EUR,406.71,446.00,406.17,437.23,13444.69134948,5878422.39873314
1613088000,2021-02-12 00:00:00,BCH/EUR,437.36,479.41,421.22,476.21,16699.75525418,7952590.449593057
1613174400,2021-02-13 00:00:00,BCH/EUR,478.69,555.00,447.79,552.37,20502.58572539,11325013.277133673
1613260800,2021-02-14 00:00:00,BCH/EUR,554.00,619.60,541.37,596.37,21999.13725748,13119625.486243349
1613347200,2021-02-15 00:00:00,BCH/EUR,595.73,637.39,497.24,590.22,19800.24481656,11686500.495630044
1613433600,2021-02-16 00:00:00,BCH/EUR,592.00,613.07,553.99,584.56,12891.89374145,7536085.405502011
1613520000,2021-02-17 00:00:00,BCH/EUR,587.96,604.41,559.49,594.90,7648.66512713,4550190.884129637
1613606400,2021-02-18 00:00:00,BCH/EUR,600.38,604.26,572.27,582.15,6406.02099317,3729265.1211739155
1613692800,2021-02-19 00:00:00,BCH/EUR,586.07,611.89,562.90,593.58,10113.65260647,6003261.914148463
1613779200,2021-02-20 00:00:00,BCH/EUR,594.58,614.32,524.00,562.00,12463.98678195,7004760.5714559
1613865600,2021-02-21 00:00:00,BCH/EUR,555.46,608.32,552.65,583.86,9103.93241756,5315421.981316581
1613952000,2021-02-22 00:00:00,BCH/EUR,579.61,579.61,438.04,517.00,20827.16045335,10767641.95438195
1614038400,2021-02-23 00:00:00,BCH/EUR,517.00,517.00,351.17,425.53,22536.43738093,9589930.198707143
1614124800,2021-02-24 00:00:00,BCH/EUR,425.88,461.43,408.05,433.63,9493.53992148,4116683.7161513725
1614211200,2021-02-25 00:00:00,BCH/EUR,434.00,455.94,407.17,411.20,6127.05902911,2519446.6727700317
1614297600,2021-02-26 00:00:00,BCH/EUR,411.01,420.00,377.35,402.00,7365.83480648,2961065.59220496
1614384000,2021-02-27 00:00:00,BCH/EUR,401.58,415.88,394.39,402.20,3883.78773494,1562059.426992868
1614470400,2021-02-28 00:00:00,BCH/EUR,401.00,402.55,359.98,381.03,5277.01911096,2010702.5918490887
1614556800,2021-03-01 00:00:00,BCH/EUR,382.26,421.00,379.27,415.80,8455.15447626,3515653.2312289085
1614643200,2021-03-02 00:00:00,BCH/EUR,417.80,458.11,411.38,428.16,9335.44487488,3997064.0776286214
1614729600,2021-03-03 00:00:00,BCH/EUR,427.27,460.50,423.85,433.00,7828.12414194,3389577.7534600203
1614816000,2021-03-04 00:00:00,BCH/EUR,431.56,445.97,411.70,422.74,6291.49402369,2659666.1835747105
1614902400,2021-03-05 00:00:00,BCH/EUR,422.52,423.69,397.04,418.80,6070.58703592,2542361.850643296
1614988800,2021-03-06 00:00:00,BCH/EUR,419.62,424.43,406.70,419.80,1818.22908380,763292.5693792399
1615075200,2021-03-07 00:00:00,BCH/EUR,422.16,434.49,420.43,432.38,2117.46833641,915550.9592969558
1615161600,2021-03-08 00:00:00,BCH/EUR,431.85,445.87,423.23,445.62,4460.36436217,1987627.5670701955
1615248000,2021-03-09 00:00:00,BCH/EUR,445.75,460.09,441.53,458.36,6140.06297998,2814359.2675036327
1615334400,2021-03-10 00:00:00,BCH/EUR,458.34,476.59,436.00,458.65,7305.77881979,3350795.4556966834
1615420800,2021-03-11 00:00:00,BCH/EUR,459.38,473.58,443.94,458.62,4295.09855654,1969818.1000003747
1615507200,2021-03-12 00:00:00,BCH/EUR,460.07,470.00,427.88,449.70,5781.91138401,2600125.5493892967
1615593600,2021-03-13 00:00:00,BCH/EUR,448.95,503.06,436.42,487.32,14255.39577162,6946939.467425859
1615680000,2021-03-14 00:00:00,BCH/EUR,487.75,493.88,462.16,462.16,6279.48891861,2902128.5986247975
1615766400,2021-03-15 00:00:00,BCH/EUR,462.09,474.01,432.22,440.01,7033.57345002,3094842.6537433
1615852800,2021-03-16 00:00:00,BCH/EUR,439.60,451.58,422.47,443.94,5120.11802246,2273025.1948908926
1615939200,2021-03-17 00:00:00,BCH/EUR,443.71,451.24,431.00,451.24,6553.98219169,2957418.9241781957
1616025600,2021-03-18 00:00:00,BCH/EUR,452.66,458.00,439.19,443.64,3736.34880979,1657593.7859752355
1616112000,2021-03-19 00:00:00,BCH/EUR,442.54,462.25,434.44,448.93,6525.57571136,2929526.704100845
1616198400,2021-03-20 00:00:00,BCH/EUR,446.33,462.80,445.65,450.77,2948.25065024,1328982.9456086848
1616284800,2021-03-21 00:00:00,BCH/EUR,449.73,456.51,434.36,440.97,5574.47694126,2458177.0967874224
1616371200,2021-03-22 00:00:00,BCH/EUR,440.80,451.25,425.00,427.72,7317.49850803,3129840.461854592
1616457600,2021-03-23 00:00:00,BCH/EUR,428.16,446.60,425.00,432.69,6832.28337078,2956260.691702798
1616544000,2021-03-24 00:00:00,BCH/EUR,432.08,447.58,375.00,402.16,6357.63501121,2556786.496108214
1616630400,2021-03-25 00:00:00,BCH/EUR,400.76,410.37,382.43,402.94,6706.02556087,2702125.9394969577
1616716800,2021-03-26 00:00:00,BCH/EUR,404.72,431.00,400.00,429.28,6463.64633806,2774714.1000023964
1616803200,2021-03-27 00:00:00,BCH/EUR,430.14,432.00,411.20,424.43,4130.12557103,1752949.196112263
1616889600,2021-03-28 00:00:00,BCH/EUR,425.36,428.26,413.98,421.60,3400.95860853,1433844.149356248
1616976000,2021-03-29 00:00:00,BCH/EUR,422.02,444.10,417.35,439.81,5588.01754471,2457665.9963389053
1617062400,2021-03-30 00:00:00,BCH/EUR,439.68,456.28,433.77,447.63,3552.50666717,1590208.5594253072
1617148800,2021-03-31 00:00:00,BCH/EUR,448.48,463.95,428.50,460.60,6812.16124581,3137681.469820086
1617235200,2021-04-01 00:00:00,BCH/EUR,463.15,475.00,451.13,471.94,5896.51397782,2782800.8066923707
1617321600,2021-04-02 00:00:00,BCH/EUR,473.64,508.23,464.59,493.59,9138.86757313,4510853.645421237
1617408000,2021-04-03 00:00:00,BCH/EUR,493.80,506.00,452.35,453.58,7543.88755350,3421756.51651653
1617494400,2021-04-04 00:00:00,BCH/EUR,453.00,480.29,446.30,476.37,3089.11115306,1471559.8799831923
1617580800,2021-04-05 00:00:00,BCH/EUR,476.72,546.00,470.63,545.97,14613.21167198,7978375.176550921
1617667200,2021-04-06 00:00:00,BCH/EUR,547.00,569.20,518.99,558.10,12398.67884321,6919702.6623955015
1617753600,2021-04-07 00:00:00,BCH/EUR,558.84,584.23,502.17,518.50,16204.03583070,8401792.57821795
1617840000,2021-04-08 00:00:00,BCH/EUR,520.00,540.66,515.00,540.15,3669.88836490,1982290.200300735
1617926400,2021-04-09 00:00:00,BCH/EUR,541.56,545.24,526.78,531.24,4913.86325923,2610440.7178333453
1618012800,2021-04-10 00:00:00,BCH/EUR,531.63,568.00,526.00,564.44,10869.16161290,6134989.580785276
1618099200,2021-04-11 00:00:00,BCH/EUR,565.00,596.97,561.90,579.68,8179.20168771,4741319.634331733
1618185600,2021-04-12 00:00:00,BCH/EUR,579.71,585.77,547.05,564.59,5655.27012406,3192908.9593430357
1618272000,2021-04-13 00:00:00,BCH/EUR,564.30,628.88,560.42,624.11,13872.91843468,8658227.124268135
1618358400,2021-04-14 00:00:00,BCH/EUR,625.47,705.84,614.58,682.34,14023.78105200,9568986.763021681
1618444800,2021-04-15 00:00:00,BCH/EUR,682.18,733.50,666.80,723.97,10468.56200551,7578924.835129076
1618531200,2021-04-16 00:00:00,BCH/EUR,724.58,979.99,682.71,923.63,38453.71049467,35517000.62419205
1618617600,2021-04-17 00:00:00,BCH/EUR,923.41,1018.00,833.00,835.00,21493.34339372,17946941.7337562
1618704000,2021-04-18 00:00:00,BCH/EUR,835.00,853.80,682.41,814.48,19848.04651017,16165836.92160326
1618790400,2021-04-19 00:00:00,BCH/EUR,816.00,873.10,728.12,743.38,13171.48999893,9791422.235404583
1618876800,2021-04-20 00:00:00,BCH/EUR,747.89,807.77,690.00,783.34,10803.54486271,8462848.83275525
1618963200,2021-04-21 00:00:00,BCH/EUR,788.16,830.00,750.56,757.56,7441.10069514,5637080.242610258
1619049600,2021-04-22 00:00:00,BCH/EUR,760.26,808.89,696.30,711.13,9284.91622628,6602782.475994497
1619136000,2021-04-23 00:00:00,BCH/EUR,714.64,726.44,575.05,695.61,12750.80102975,8869584.704304397
1619222400,2021-04-24 00:00:00,BCH/EUR,694.04,694.04,623.48,640.73,4189.83429108,2684552.5253236885
1619308800,2021-04-25 00:00:00,BCH/EUR,641.52,668.39,592.63,627.46,4394.85494384,2757595.683061846
1619395200,2021-04-26 00:00:00,BCH/EUR,629.51,704.58,622.55,704.06,8151.69629879,5739283.296126086
1619481600,2021-04-27 00:00:00,BCH/EUR,703.44,739.42,690.14,733.46,5943.66761242,4359442.447005574
1619568000,2021-04-28 00:00:00,BCH/EUR,738.22,769.68,707.00,750.99,8770.30286005,6586409.74486895
1619654400,2021-04-29 00:00:00,BCH/EUR,751.89,754.25,709.36,726.76,5093.70234338,3701899.1150748483
1619740800,2021-04-30 00:00:00,BCH/EUR,726.17,831.91,718.45,826.00,10275.63788748,8487676.89505848
1619827200,2021-05-01 00:00:00,BCH/EUR,829.13,856.55,809.56,835.00,6190.94494672,5169439.0305112
1619913600,2021-05-02 00:00:00,BCH/EUR,834.36,838.76,791.15,809.69,4058.68746740,3286278.655479106
1620000000,2021-05-03 00:00:00,BCH/EUR,810.87,869.88,810.87,842.20,7099.14652086,5978901.199868293
1620086400,2021-05-04 00:00:00,BCH/EUR,842.80,877.56,774.70,795.22,13466.16033253,10708560.019634508
1620172800,2021-05-05 00:00:00,BCH/EUR,788.12,1231.41,784.40,1207.98,20067.29421592,24240890.06694704
1620259200,2021-05-06 00:00:00,BCH/EUR,1207.00,1332.78,1056.58,1249.25,17443.05807150,21790740.295821376
1620345600,2021-05-07 00:00:00,BCH/EUR,1247.29,1247.76,1044.30,1106.26,9709.18157639,10740879.2106972
1620432000,2021-05-08 00:00:00,BCH/EUR,1104.61,1194.08,1093.25,1151.33,10933.96215667,12588598.64983887
1620518400,2021-05-09 00:00:00,BCH/EUR,1151.74,1176.99,1062.94,1174.72,5165.22443957,6067692.45365167
1620604800,2021-05-10 00:00:00,BCH/EUR,1175.25,1292.62,1000.00,1092.89,15382.09748653,16810940.522053774
1620691200,2021-05-11 00:00:00,BCH/EUR,1086.48,1276.80,1073.09,1276.80,18174.77102152,23205547.640276734
1620777600,2021-05-12 00:00:00,BCH/EUR,1277.75,1350.29,999.00,1024.83,19015.26977691,19487418.925470676
1620864000,2021-05-13 00:00:00,BCH/EUR,1024.60,1116.86,941.36,1039.77,21030.02282803,21866386.835900754
1620950400,2021-05-14 00:00:00,BCH/EUR,1037.43,1124.20,1014.39,1070.01,7166.98215225,7668742.572729022
1621036800,2021-05-15 00:00:00,BCH/EUR,1069.00,1100.00,958.30,968.07,8034.78255106,7778231.944204655
1621123200,2021-05-16 00:00:00,BCH/EUR,969.36,1058.06,900.00,958.26,9629.27018783,9227344.450189976
1621209600,2021-05-17 00:00:00,BCH/EUR,959.92,959.93,815.30,875.99,11017.99200890,9651650.819876311
1621296000,2021-05-18 00:00:00,BCH/EUR,870.05,955.55,869.00,891.70,7053.14392391,6289288.436950548
1621382400,2021-05-19 00:00:00,BCH/EUR,891.70,911.04,400.00,572.69,32079.54993207,18371637.45059717
1621468800,2021-05-20 00:00:00,BCH/EUR,572.69,711.31,506.25,669.19,15714.62435560,10516069.472523965
1621555200,2021-05-21 00:00:00,BCH/EUR,670.63,696.33,497.21,566.30,18485.50950106,10468344.030450279
1621641600,2021-05-22 00:00:00,BCH/EUR,566.81,593.49,494.42,517.72,7741.89932329,4008136.117653699
1621728000,2021-05-23 00:00:00,BCH/EUR,517.00,541.58,384.26,453.95,15170.58927367,6886689.000782496
1621814400,2021-05-24 00:00:00,BCH/EUR,459.08,622.00,443.82,616.16,15194.86823023,9362470.008738516
1621900800,2021-05-25 00:00:00,BCH/EUR,614.71,649.66,548.92,587.08,14301.22212397,8395961.484540308
1621987200,2021-05-26 00:00:00,BCH/EUR,590.04,645.83,578.64,627.04,9503.01655967,5958771.503575477
1622073600,2021-05-27 00:00:00,BCH/EUR,627.54,661.00,577.04,613.14,5489.44095187,3365795.825229572
1622160000,2021-05-28 00:00:00,BCH/EUR,609.00,624.87,537.96,565.90,7409.52626886,4193050.915547874
1622246400,2021-05-29 00:00:00,BCH/EUR,571.27,592.50,508.25,536.30,5974.65506996,3204207.514019548
1622332800,2021-05-30 00:00:00,BCH/EUR,528.01,567.40,508.67,543.00,7297.94949900,3962786.577957
1622419200,2021-05-31 00:00:00,BCH/EUR,543.00,581.40,521.83,574.66,7245.25664578,4163559.1840639347
1622505600,2021-06-01 00:00:00,BCH/EUR,572.79,589.59,546.55,565.93,4342.14413496,2457349.6302979128
1622592000,2021-06-02 00:00:00,BCH/EUR,567.28,587.25,552.60,572.32,4765.14779340,2727189.3851186885
1622678400,2021-06-03 00:00:00,BCH/EUR,574.90,602.45,564.46,591.74,4200.47844518,2485591.115150813
1622764800,2021-06-04 00:00:00,BCH/EUR,592.76,592.76,531.50,552.02,6368.01720169,3515272.8556769136
1622851200,2021-06-05 00:00:00,BCH/EUR,550.18,567.93,523.01,535.33,6146.56982334,3290443.223528602
1622937600,2021-06-06 00:00:00,BCH/EUR,535.01,552.30,531.06,538.75,3988.48988202,2148798.923938275
1623024000,2021-06-07 00:00:00,BCH/EUR,540.50,551.25,485.17,490.16,5489.13759901,2690555.6855307417
1623110400,2021-06-08 00:00:00,BCH/EUR,488.36,496.53,446.85,489.59,8897.34176399,4356049.5542318635
1623196800,2021-06-09 00:00:00,BCH/EUR,489.87,521.34,465.63,518.61,6406.14676056,3322291.7714940216
1623283200,2021-06-10 00:00:00,BCH/EUR,520.52,525.26,484.81,493.34,4880.84910787,2407918.0988765857
1623369600,2021-06-11 00:00:00,BCH/EUR,495.11,503.80,470.71,476.44,3284.07407964,1564664.2545036816
1623456000,2021-06-12 00:00:00,BCH/EUR,476.00,490.00,454.41,480.38,3653.85670471,1755239.6838085898
1623542400,2021-06-13 00:00:00,BCH/EUR,480.89,508.26,463.20,507.16,2915.06626625,1478405.00759135
1623628800,2021-06-14 00:00:00,BCH/EUR,510.00,528.57,495.10,528.57,3620.39113950,1913630.1446055153
1623715200,2021-06-15 00:00:00,BCH/EUR,529.90,536.49,508.78,519.59,4767.61439415,2477204.763056399
1623801600,2021-06-16 00:00:00,BCH/EUR,515.77,517.39,486.96,493.88,5833.68377705,2881139.7438094537
1623888000,2021-06-17 00:00:00,BCH/EUR,500.05,520.03,490.00,503.01,3703.18145731,1862737.304841503
1623974400,2021-06-18 00:00:00,BCH/EUR,501.83,503.15,459.86,474.86,2533.55796327,1203085.3344383922
1624060800,2021-06-19 00:00:00,BCH/EUR,477.08,491.21,466.43,467.40,3139.28679140,1467302.6463003599
1624147200,2021-06-20 00:00:00,BCH/EUR,466.07,473.40,434.49,469.09,4895.51212776,2296435.7840109384
1624233600,2021-06-21 00:00:00,BCH/EUR,466.28,467.26,381.91,383.87,6850.36962718,2629651.3887855867
1624320000,2021-06-22 00:00:00,BCH/EUR,382.82,401.25,325.66,371.61,10585.95260049,3933845.8458680892
1624406400,2021-06-23 00:00:00,BCH/EUR,371.87,406.20,359.54,396.24,6869.56114914,2721994.909735234
1624492800,2021-06-24 00:00:00,BCH/EUR,397.61,415.47,382.43,408.11,4376.50941698,1786097.258163708
1624579200,2021-06-25 00:00:00,BCH/EUR,408.68,415.78,376.90,376.90,8613.72537284,3246513.0930233956
1624665600,2021-06-26 00:00:00,BCH/EUR,377.04,388.96,360.11,384.90,7235.02268824,2784760.232703576
1624752000,2021-06-27 00:00:00,BCH/EUR,383.28,400.55,374.93,398.07,3402.11094687,1354278.304620541
1624838400,2021-06-28 00:00:00,BCH/EUR,401.64,434.42,396.23,419.72,5971.91291764,2506531.289791861
1624924800,2021-06-29 00:00:00,BCH/EUR,420.44,460.00,419.72,439.73,4946.28216248,2175028.6553073307
1625011200,2021-06-30 00:00:00,BCH/EUR,438.25,448.07,420.70,444.55,4810.55787192,2138533.5019620364
1625097600,2021-07-01 00:00:00,BCH/EUR,444.02,444.02,409.03,419.85,14354.25713886,6026634.859750371
1625184000,2021-07-02 00:00:00,BCH/EUR,418.56,425.73,402.56,418.50,2210.98979118,925299.22760883
1625270400,2021-07-03 00:00:00,BCH/EUR,418.26,432.85,411.70,424.93,942.66098391,400564.93189287634
1625356800,2021-07-04 00:00:00,BCH/EUR,425.47,455.50,417.64,443.84,2454.32120575,1089325.92396008
1625443200,2021-07-05 00:00:00,BCH/EUR,443.21,444.04,410.03,425.44,4132.10006556,1757960.6518918464
1625529600,2021-07-06 00:00:00,BCH/EUR,425.16,442.58,423.11,432.73,3985.30866687,1724562.619414655
1625616000,2021-07-07 00:00:00,BCH/EUR,432.01,454.60,427.93,431.59,3775.52312439,1629478.0252554798
1625702400,2021-07-08 00:00:00,BCH/EUR,432.94,432.94,405.75,414.74,2398.55382187,994776.2120823638
1625788800,2021-07-09 00:00:00,BCH/EUR,412.91,429.61,398.67,424.21,2065.93313986,876389.4972600107
1625875200,2021-07-10 00:00:00,BCH/EUR,427.53,430.39,408.18,419.04,911.66305921,382023.2883313584
1625961600,2021-07-11 00:00:00,BCH/EUR,420.00,423.52,412.66,419.27,813.48986906,341071.8974007862
1626048000,2021-07-12 00:00:00,BCH/EUR,420.31,428.60,397.97,404.36,1796.68543420,726507.722173112
1626134400,2021-07-13 00:00:00,BCH/EUR,402.85,408.12,390.50,393.47,1352.55594016,532190.1857747553
1626220800,2021-07-14 00:00:00,BCH/EUR,394.59,404.07,377.00,394.44,2318.12579233,914361.5375266452
1626307200,2021-07-15 00:00:00,BCH/EUR,393.36,399.42,376.21,385.65,1712.88836061,660575.3962692465
1626393600,2021-07-16 00:00:00,BCH/EUR,385.54,393.58,370.29,372.00,2387.45255639,888132.3509770801
1626480000,2021-07-17 00:00:00,BCH/EUR,371.59,377.99,365.00,370.04,2970.01410552,1099024.019606621
1626566400,2021-07-18 00:00:00,BCH/EUR,370.46,383.20,366.63,370.04,1471.58296186,544544.5592066745
1626652800,2021-07-19 00:00:00,BCH/EUR,371.21,374.27,350.00,353.86,2647.97725036,937013.2298123897
1626739200,2021-07-20 00:00:00,BCH/EUR,351.82,357.05,325.86,338.94,4377.74980414,1483794.5186152118
1626825600,2021-07-21 00:00:00,BCH/EUR,338.00,369.43,332.87,364.22,2908.00060523,1059151.9804368706
1626912000,2021-07-22 00:00:00,BCH/EUR,363.37,378.47,359.87,376.45,2628.12235529,989356.6606489205
1626998400,2021-07-23 00:00:00,BCH/EUR,375.93,386.96,366.91,386.33,2787.18872087,1076774.618533707
1627084800,2021-07-24 00:00:00,BCH/EUR,385.35,393.67,382.71,389.36,1310.62235745,510303.921096732
1627171200,2021-07-25 00:00:00,BCH/EUR,388.91,390.09,375.45,385.49,1533.04355994,590972.9619212706
1627257600,2021-07-26 00:00:00,BCH/EUR,386.58,437.91,386.58,407.46,5895.63721783,2402236.3407770116
1627344000,2021-07-27 00:00:00,BCH/EUR,407.75,426.38,396.28,425.11,2476.30577318,1052702.3472365497
1627430400,2021-07-28 00:00:00,BCH/EUR,424.43,440.10,415.47,431.30,12042.32422277,5193854.437280701
1627516800,2021-07-29 00:00:00,BCH/EUR,431.80,460.69,420.99,450.04,4410.08037096,1984712.5701468387
1627603200,2021-07-30 00:00:00,BCH/EUR,454.18,465.56,436.05,464.86,2527.97585818,1175154.857433555
1627689600,2021-07-31 00:00:00,BCH/EUR,465.90,470.00,452.94,462.99,1846.55496735,854936.4843333765
1627776000,2021-08-01 00:00:00,BCH/EUR,460.49,474.15,434.40,443.78,2604.75503617,1155938.1899515225
1627862400,2021-08-02 00:00:00,BCH/EUR,444.37,477.20,438.46,458.59,4004.99307072,1836649.7723014848
1627948800,2021-08-03 00:00:00,BCH/EUR,456.19,464.60,439.65,453.41,1731.17539525,784932.2359603025
1628035200,2021-08-04 00:00:00,BCH/EUR,454.30,466.09,444.12,460.35,2149.47496326,989510.7993367411
1628121600,2021-08-05 00:00:00,BCH/EUR,461.22,465.16,442.79,463.32,3128.00669771,1449268.0631829973
1628208000,2021-08-06 00:00:00,BCH/EUR,460.94,477.03,455.78,472.75,2615.28967487,1236378.1937947925
1628294400,2021-08-07 00:00:00,BCH/EUR,471.21,502.00,471.21,494.82,2142.99046645,1060394.542608789
1628380800,2021-08-08 00:00:00,BCH/EUR,494.25,500.17,462.13,473.07,2716.07775719,1284894.9045938733
1628467200,2021-08-09 00:00:00,BCH/EUR,473.29,511.44,462.00,502.64,2449.31678602,1231124.5893250927
1628553600,2021-08-10 00:00:00,BCH/EUR,503.51,518.00,489.14,505.50,4883.09593491,2468404.9950970053
1628640000,2021-08-11 00:00:00,BCH/EUR,504.40,539.45,504.40,530.07,5717.98502202,3030932.3206221415
1628726400,2021-08-12 00:00:00,BCH/EUR,528.93,553.55,504.51,516.13,5731.88789711,2958399.3003353844
1628812800,2021-08-13 00:00:00,BCH/EUR,516.67,555.00,513.53,553.88,5551.10864186,3074648.0545534166
1628899200,2021-08-14 00:00:00,BCH/EUR,553.08,587.03,545.88,586.77,3170.25074187,1860208.02780706
1628985600,2021-08-15 00:00:00,BCH/EUR,587.02,601.33,571.70,595.76,3372.78389850,2009369.7353703598
1629072000,2021-08-16 00:00:00,BCH/EUR,599.76,606.38,571.69,571.69,3720.63976965,2127052.5499112085
1629158400,2021-08-17 00:00:00,BCH/EUR,572.23,586.89,545.00,545.00,3217.83964885,1753722.60862325
1629244800,2021-08-18 00:00:00,BCH/EUR,549.85,559.56,529.82,540.90,4321.02716553,2337243.593835177
1629331200,2021-08-19 00:00:00,BCH/EUR,539.17,565.00,530.17,565.00,3271.98069048,1848669.0901211998
1629417600,2021-08-20 00:00:00,BCH/EUR,562.77,599.90,558.70,593.80,3198.97968970,1899554.1397438599
1629504000,2021-08-21 00:00:00,BCH/EUR,591.25,600.48,576.11,580.60,3166.50578586,1838473.259270316
1629590400,2021-08-22 00:00:00,BCH/EUR,579.35,590.87,558.83,574.86,1082.58749870,622336.249502682
1629676800,2021-08-23 00:00:00,BCH/EUR,577.15,592.15,565.83,577.21,3714.55001511,2144075.414221643
1629763200,2021-08-24 00:00:00,BCH/EUR,576.80,581.79,539.44,550.69,2919.73717838,1607870.0667620823
1629849600,2021-08-25 00:00:00,BCH/EUR,543.47,561.99,533.33,552.80,2897.71155168,1601854.945768704
1629936000,2021-08-26 00:00:00,BCH/EUR,553.35,557.58,514.26,516.30,3535.18537141,1825216.2072589828
1630022400,2021-08-27 00:00:00,BCH/EUR,515.54,538.85,508.90,538.22,2516.74209784,1354560.931899445
1630108800,2021-08-28 00:00:00,BCH/EUR,538.79,547.44,528.27,547.44,1777.62043245,973140.5295404281
1630195200,2021-08-29 00:00:00,BCH/EUR,550.00,587.00,549.43,561.03,3473.61971218,1948804.8671243454
1630281600,2021-08-30 00:00:00,BCH/EUR,559.04,561.29,535.00,536.50,2041.48018240,1095254.1178576
1630368000,2021-08-31 00:00:00,BCH/EUR,533.00,549.69,528.17,539.02,1986.83900745,1070945.961795699
1630454400,2021-09-01 00:00:00,BCH/EUR,536.64,554.77,530.50,553.30,1901.79145842,1052261.213943786
1630540800,2021-09-02 00:00:00,BCH/EUR,553.30,568.60,553.27,558.91,1594.01891456,890913.1115367295
1630627200,2021-09-03 00:00:00,BCH/EUR,560.02,606.83,548.31,600.66,4294.75877164,2579689.8037732826
1630713600,2021-09-04 00:00:00,BCH/EUR,600.49,618.54,587.28,597.02,4337.33314467,2589474.6340308837
1630800000,2021-09-05 00:00:00,BCH/EUR,596.00,643.76,589.96,642.36,2512.11566359,1613682.6176636724
1630886400,2021-09-06 00:00:00,BCH/EUR,642.20,677.37,624.42,660.80,4386.73726121,2898755.982207568
1630972800,2021-09-07 00:00:00,BCH/EUR,661.63,663.33,496.00,567.57,12759.74009237,7242045.684226442
1631059200,2021-09-08 00:00:00,BCH/EUR,569.86,573.20,544.79,560.36,5859.46564009,3283410.1660808325
1631145600,2021-09-09 00:00:00,BCH/EUR,561.91,569.58,555.11,558.28,2397.81977211,1338654.8223735706
1631232000,2021-09-10 00:00:00,BCH/EUR,559.94,570.00,524.36,532.78,3551.46705763,1892150.6189641112
1631318400,2021-09-11 00:00:00,BCH/EUR,533.13,548.61,530.32,538.12,2045.75081980,1100859.431150776
1631404800,2021-09-12 00:00:00,BCH/EUR,538.69,554.02,528.63,551.05,1374.62118472,757485.0038399559
1631491200,2021-09-13 00:00:00,BCH/EUR,549.98,560.00,501.22,522.75,4474.78865038,2339195.766986145
1631577600,2021-09-14 00:00:00,BCH/EUR,517.82,545.00,515.99,542.05,2998.78521805,1625491.5274440022
1631664000,2021-09-15 00:00:00,BCH/EUR,541.17,555.87,536.07,551.03,2547.93823020,1403990.4029871058
1631750400,2021-09-16 00:00:00,BCH/EUR,552.96,553.72,532.97,543.71,2803.23270894,1524145.6561777676
1631836800,2021-09-17 00:00:00,BCH/EUR,543.79,550.00,520.00,528.84,4246.47321706,2245704.8961100103
1631923200,2021-09-18 00:00:00,BCH/EUR,527.25,544.87,524.53,537.46,3621.30946628,1946308.9857468489
1632009600,2021-09-19 00:00:00,BCH/EUR,538.60,552.44,514.57,519.52,3710.70980467,1927787.9577221582
1632096000,2021-09-20 00:00:00,BCH/EUR,519.04,519.04,453.00,462.28,10638.26389633,4917856.6339954315
1632182400,2021-09-21 00:00:00,BCH/EUR,462.28,470.70,423.63,430.26,8662.54384951,3727146.116690173
1632268800,2021-09-22 00:00:00,BCH/EUR,430.56,468.87,423.62,468.87,5758.33841615,2699912.1331802504
1632355200,2021-09-23 00:00:00,BCH/EUR,467.75,470.49,454.47,470.47,3035.47219511,1428098.6036334017
1632441600,2021-09-24 00:00:00,BCH/EUR,472.50,473.59,409.00,438.02,8442.67804363,3698061.836670812
1632528000,2021-09-25 00:00:00,BCH/EUR,436.94,446.50,429.42,443.09,3727.89614037,1651793.5008365433
1632614400,2021-09-26 00:00:00,BCH/EUR,440.88,443.86,410.89,430.04,6758.20378987,2906297.957795695
1632700800,2021-09-27 00:00:00,BCH/EUR,429.85,439.65,417.39,417.39,1981.94866302,827245.5524579177
1632787200,2021-09-28 00:00:00,BCH/EUR,417.49,426.74,404.65,405.72,3303.43677275,1340270.36744013
1632873600,2021-09-29 00:00:00,BCH/EUR,405.04,427.35,403.74,418.69,3439.00956609,1439878.9152262222
1632960000,2021-09-30 00:00:00,BCH/EUR,417.52,435.19,417.05,434.24,1382.70989814,600427.9461683136
1633046400,2021-10-01 00:00:00,BCH/EUR,434.12,469.57,432.95,467.50,3685.89283702,1723154.9013068501
1633132800,2021-10-02 00:00:00,BCH/EUR,467.16,482.94,462.59,481.52,1839.07425762,885551.0365291823
1633219200,2021-10-03 00:00:00,BCH/EUR,478.70,498.00,470.47,491.60,1602.69970714,787887.1760300241
1633305600,2021-10-04 00:00:00,BCH/EUR,489.70,489.70,458.00,474.57,1255.09462594,595630.2566323458
1633392000,2021-10-05 00:00:00,BCH/EUR,476.25,517.26,473.69,514.09,2423.02828767,1245654.6124082704
1633478400,2021-10-06 00:00:00,BCH/EUR,515.38,540.45,486.59,532.47,4271.42114553,2274403.617360359
1633564800,2021-10-07 00:00:00,BCH/EUR,531.50,550.00,518.00,528.59,2578.49366442,1362965.966075768
1633651200,2021-10-08 00:00:00,BCH/EUR,529.44,534.70,507.70,514.60,2529.76318279,1301816.133863734
1633737600,2021-10-09 00:00:00,BCH/EUR,513.19,539.03,511.31,530.05,1988.76952365,1054147.2860106826
1633824000,2021-10-10 00:00:00,BCH/EUR,526.97,539.70,503.25,507.28,3911.27160504,1984109.859804691
1633910400,2021-10-11 00:00:00,BCH/EUR,504.08,533.88,500.00,520.97,1954.86028047,1018423.5603164559
1633996800,2021-10-12 00:00:00,BCH/EUR,519.84,520.11,492.92,508.06,3506.35960278,1781441.0597884068
1634083200,2021-10-13 00:00:00,BCH/EUR,508.88,514.99,494.60,511.02,3427.87543173,1751712.9031226644
1634169600,2021-10-14 00:00:00,BCH/EUR,512.93,523.53,510.07,516.41,2518.25390020,1300451.496602282
1634256000,2021-10-15 00:00:00,BCH/EUR,515.06,548.00,505.76,537.42,3461.40365988,1860227.5548927095
1634342400,2021-10-16 00:00:00,BCH/EUR,540.42,557.85,536.84,537.16,1382.29548664,742513.8436035424
1634428800,2021-10-17 00:00:00,BCH/EUR,536.50,539.95,508.46,526.56,1332.62586109,701707.4734155503
1634515200,2021-10-18 00:00:00,BCH/EUR,527.40,533.65,515.56,525.70,1648.06384776,866387.1647674321
1634601600,2021-10-19 00:00:00,BCH/EUR,526.63,535.96,515.00,531.64,1069.07745370,568364.337485068
1634688000,2021-10-20 00:00:00,BCH/EUR,531.64,556.00,518.38,553.07,3291.84547241,1820620.975425799
1634774400,2021-10-21 00:00:00,BCH/EUR,551.91,563.30,533.79,537.96,2108.58377576,1134333.7280078498
1634860800,2021-10-22 00:00:00,BCH/EUR,538.88,547.37,527.00,536.96,936.30725571,502759.54402604164
1634947200,2021-10-23 00:00:00,BCH/EUR,535.15,547.69,528.75,540.22,845.61206361,456816.5490033942
1635033600,2021-10-24 00:00:00,BCH/EUR,540.87,543.71,521.21,529.40,941.85407928,498617.54957083194
1635120000,2021-10-25 00:00:00,BCH/EUR,530.52,541.40,529.57,535.26,1078.43768847,577244.5571304522
1635206400,2021-10-26 00:00:00,BCH/EUR,537.43,545.02,518.00,527.00,1801.16543757,949214.18559939
1635292800,2021-10-27 00:00:00,BCH/EUR,526.75,533.37,460.90,473.17,5824.42258102,2755942.032661233
1635379200,2021-10-28 00:00:00,BCH/EUR,474.34,506.45,469.43,495.31,3502.52622634,1734836.2651684654
1635465600,2021-10-29 00:00:00,BCH/EUR,495.40,515.00,493.23,513.50,1500.26901477,770388.139084395
1635552000,2021-10-30 00:00:00,BCH/EUR,513.29,519.95,499.61,505.68,610.78410505,308861.306241684
1635638400,2021-10-31 00:00:00,BCH/EUR,506.48,521.37,498.24,516.43,1231.98950238,636236.3387141033
1635724800,2021-11-01 00:00:00,BCH/EUR,516.81,519.01,501.00,507.44,1502.39766859,762376.6729493096
1635811200,2021-11-02 00:00:00,BCH/EUR,507.56,525.72,503.12,517.37,2207.72382616,1142210.0759403992
1635897600,2021-11-03 00:00:00,BCH/EUR,517.70,534.77,509.99,526.32,3427.63081641,1804030.6512929115
1635984000,2021-11-04 00:00:00,BCH/EUR,527.20,527.80,509.00,516.27,1318.52028672,680712.4684249344
1636070400,2021-11-05 00:00:00,BCH/EUR,516.43,548.49,513.21,518.10,2859.68316331,1481601.8469109111
1636156800,2021-11-06 00:00:00,BCH/EUR,517.24,521.01,501.00,509.90,983.44251497,501457.338383203
1636243200,2021-11-07 00:00:00,BCH/EUR,509.35,519.62,508.35,519.15,1104.76728635,573539.9367086025
1636329600,2021-11-08 00:00:00,BCH/EUR,520.02,554.00,518.72,551.22,3302.28757862,1820286.9590869166
1636416000,2021-11-09 00:00:00,BCH/EUR,551.21,632.54,549.63,618.14,8263.41758018,5107948.943012465
1636502400,2021-11-10 00:00:00,BCH/EUR,619.31,630.99,563.02,579.15,5882.60114209,3406908.4514414235
1636588800,2021-11-11 00:00:00,BCH/EUR,576.57,594.30,574.06,591.11,1931.70475547,1141849.9980058717
1636675200,2021-11-12 00:00:00,BCH/EUR,591.16,598.57,565.87,585.83,2180.12351279,1277181.7574977658
1636761600,2021-11-13 00:00:00,BCH/EUR,585.55,585.77,573.60,583.25,414.89525180,241987.65561234998
1636848000,2021-11-14 00:00:00,BCH/EUR,583.74,593.89,575.76,593.89,1046.45222906,621477.5143164434
1636934400,2021-11-15 00:00:00,BCH/EUR,594.03,598.83,583.73,586.68,939.40915235,551132.561500698
1637020800,2021-11-16 00:00:00,BCH/EUR,584.32,584.32,504.60,530.64,2512.04485212,1332991.4803289569
1637107200,2021-11-17 00:00:00,BCH/EUR,530.92,532.57,511.58,527.07,1654.49829953,872036.4187332771
1637193600,2021-11-18 00:00:00,BCH/EUR,527.77,529.67,478.00,489.01,2318.96389249,1133996.533066535
1637280000,2021-11-19 00:00:00,BCH/EUR,484.77,511.04,483.91,509.59,1310.05646564,667591.6743254876
1637366400,2021-11-20 00:00:00,BCH/EUR,510.45,521.66,502.70,518.70,725.28658447,376206.151364589
1637452800,2021-11-21 00:00:00,BCH/EUR,519.13,519.52,505.52,511.69,693.67808227,354948.1379167363
1637539200,2021-11-22 00:00:00,BCH/EUR,509.85,512.69,488.44,497.01,1682.30012290,836119.984082529
1637625600,2021-11-23 00:00:00,BCH/EUR,497.37,512.43,486.00,508.53,1124.26805537,571724.034197306
1637712000,2021-11-24 00:00:00,BCH/EUR,509.05,553.03,497.94,552.77,2896.30506827,1600990.5525876079
1637798400,2021-11-25 00:00:00,BCH/EUR,551.92,566.95,542.47,550.41,3128.41322467,1721909.9229906145
1637884800,2021-11-26 00:00:00,BCH/EUR,552.56,552.56,480.02,492.08,4708.66829660,2317041.495390928
1637971200,2021-11-27 00:00:00,BCH/EUR,493.51,507.48,493.49,495.86,800.69222578,397031.2470752708
1638057600,2021-11-28 00:00:00,BCH/EUR,497.65,503.40,470.00,503.29,2073.20439687,1043423.0409007024
1638144000,2021-11-29 00:00:00,BCH/EUR,505.53,516.02,494.25,509.36,1724.96961454,878630.5228620945
1638230400,2021-11-30 00:00:00,BCH/EUR,510.62,518.00,490.65,502.54,1838.91159032,924126.6305994128
1638316800,2021-12-01 00:00:00,BCH/EUR,502.32,518.19,500.18,504.97,1063.29367257,536931.4058376729
1638403200,2021-12-02 00:00:00,BCH/EUR,504.14,507.23,493.47,497.64,1083.52572067,539205.7396342189
1638489600,2021-12-03 00:00:00,BCH/EUR,497.44,502.27,461.77,471.55,1718.14168134,810189.7098358771
1638576000,2021-12-04 00:00:00,BCH/EUR,471.68,472.75,308.56,419.96,9311.80940179,3910587.4763757284
1638662400,2021-12-05 00:00:00,BCH/EUR,420.43,422.65,387.25,400.01,3930.15829001,1572102.6175869002
1638748800,2021-12-06 00:00:00,BCH/EUR,398.90,426.02,372.29,421.36,5441.12960368,2292674.369806605
1638835200,2021-12-07 00:00:00,BCH/EUR,421.58,446.99,412.40,420.83,4085.70889817,1719388.875616881
1638921600,2021-12-08 00:00:00,BCH/EUR,419.11,430.96,411.79,423.27,4112.84667582,1740844.6124743314
1639008000,2021-12-09 00:00:00,BCH/EUR,424.38,424.43,397.40,399.52,2908.99060540,1162199.9266694079
1639094400,2021-12-10 00:00:00,BCH/EUR,397.31,414.52,387.00,388.39,2771.72636134,1076510.8014808425
1639180800,2021-12-11 00:00:00,BCH/EUR,387.32,408.35,383.22,407.27,1923.76655936,783492.4066305471
1639267200,2021-12-12 00:00:00,BCH/EUR,407.20,408.81,391.65,405.35,838.52793146,339897.29701731104
1639353600,2021-12-13 00:00:00,BCH/EUR,405.48,405.48,368.92,375.94,2171.13206272,816215.3876589567
1639440000,2021-12-14 00:00:00,BCH/EUR,372.04,390.40,371.46,388.49,5189.87765152,2016215.5688390047
1639526400,2021-12-15 00:00:00,BCH/EUR,388.06,398.12,370.38,396.02,2961.24691933,1172713.0049930664
1639612800,2021-12-16 00:00:00,BCH/EUR,396.72,401.10,386.00,386.90,940.39071543,363837.167799867
1639699200,2021-12-17 00:00:00,BCH/EUR,387.43,389.28,369.53,379.45,2476.74140125,939799.5247043124
1639785600,2021-12-18 00:00:00,BCH/EUR,375.23,390.60,373.47,388.14,1575.01092041,611324.7386479373
1639872000,2021-12-19 00:00:00,BCH/EUR,388.03,396.00,384.82,385.15,1154.35155745,444598.50235186744
1639958400,2021-12-20 00:00:00,BCH/EUR,385.29,389.63,370.87,381.65,1983.28769050,756921.747079325
1640044800,2021-12-21 00:00:00,BCH/EUR,382.74,389.79,378.89,388.96,1625.73235391,632344.8563768336
1640131200,2021-12-22 00:00:00,BCH/EUR,388.59,394.39,385.71,387.33,773.42424890,299570.414326437
1640217600,2021-12-23 00:00:00,BCH/EUR,385.03,404.12,383.91,402.30,1787.54664590,719130.01564557
1640304000,2021-12-24 00:00:00,BCH/EUR,402.84,406.71,397.22,399.62,1464.18203243,585116.4237996766
1640390400,2021-12-25 00:00:00,BCH/EUR,399.39,407.28,396.47,403.61,1095.95072379,442336.6716288819
1640476800,2021-12-26 00:00:00,BCH/EUR,402.46,402.50,393.90,399.22,1551.50280265,619390.948873933
1640563200,2021-12-27 00:00:00,BCH/EUR,400.00,420.17,395.68,411.45,1799.97401209,740599.3072744305
1640649600,2021-12-28 00:00:00,BCH/EUR,410.59,410.59,388.10,388.10,2081.97312401,808013.769428281
1640736000,2021-12-29 00:00:00,BCH/EUR,388.69,394.81,377.10,379.56,2211.85387786,839531.2578805416
1640822400,2021-12-30 00:00:00,BCH/EUR,377.34,385.88,373.88,380.90,2001.04635605,762198.557019445
1640908800,2021-12-31 00:00:00,BCH/EUR,381.44,385.65,369.00,379.23,2496.04857847,946576.5024131781
1640995200,2022-01-01 00:00:00,BCH/EUR,379.14,392.32,378.44,390.73,617.03520849,241094.1670132977
1641081600,2022-01-02 00:00:00,BCH/EUR,390.05,398.14,389.79,394.39,759.59944842,299578.4264623638
1641168000,2022-01-03 00:00:00,BCH/EUR,393.77,394.18,382.17,384.73,1085.95390728,417799.0467478344
1641254400,2022-01-04 00:00:00,BCH/EUR,383.00,388.73,377.45,378.19,1692.72799304,640172.7996877976
1641340800,2022-01-05 00:00:00,BCH/EUR,378.64,381.68,346.00,353.39,1809.85770503,639585.6143805517
1641427200,2022-01-06 00:00:00,BCH/EUR,352.67,356.02,343.51,354.45,3062.54812990,1085520.1846430548
1641513600,2022-01-07 00:00:00,BCH/EUR,354.52,354.80,332.58,339.15,3347.11841374,1135175.210019921
1641600000,2022-01-08 00:00:00,BCH/EUR,339.52,345.31,319.97,329.37,3672.89411304,1209741.1340119848
1641686400,2022-01-09 00:00:00,BCH/EUR,328.90,335.74,324.23,331.87,2872.46336829,953284.4180344023
1641772800,2022-01-10 00:00:00,BCH/EUR,332.56,333.50,308.89,321.54,2922.63897957,939745.3374909379
1641859200,2022-01-11 00:00:00,BCH/EUR,321.03,330.07,319.69,325.00,2555.91561336,830672.574342
1641945600,2022-01-12 00:00:00,BCH/EUR,326.86,337.17,323.98,335.68,1364.14738494,457916.9941766592
1642032000,2022-01-13 00:00:00,BCH/EUR,336.29,341.33,329.18,329.18,1978.71722367,651354.1356876906
1642118400,2022-01-14 00:00:00,BCH/EUR,329.80,344.63,328.55,337.62,2057.18205390,694545.805037718
1642204800,2022-01-15 00:00:00,BCH/EUR,337.64,344.84,336.47,342.72,1203.64100321,412511.84462013125
1642291200,2022-01-16 00:00:00,BCH/EUR,342.45,344.90,336.00,341.53,1012.13519529,345674.5332473937
1642377600,2022-01-17 00:00:00,BCH/EUR,341.14,341.14,327.95,333.87,1134.12931812,378651.75544072443
1642464000,2022-01-18 00:00:00,BCH/EUR,334.30,349.57,329.63,337.11,3734.73889796,1259017.8298912956
1642550400,2022-01-19 00:00:00,BCH/EUR,337.49,339.23,323.15,325.63,2852.50709451,928861.8851852913
1642636800,2022-01-20 00:00:00,BCH/EUR,325.81,338.20,315.72,316.58,2291.51190319,725446.8383118901
1642723200,2022-01-21 00:00:00,BCH/EUR,316.40,318.26,272.19,276.62,4620.69598124,1278176.9223306088
1642809600,2022-01-22 00:00:00,BCH/EUR,278.62,281.16,233.01,256.86,15378.81294780,3950201.893771908
1642896000,2022-01-23 00:00:00,BCH/EUR,257.29,268.02,250.98,265.78,4934.53185937,1311499.8775833587
1642982400,2022-01-24 00:00:00,BCH/EUR,266.00,266.00,230.53,258.37,12788.90839295,3304270.261486491
1643068800,2022-01-25 00:00:00,BCH/EUR,256.93,260.96,251.89,257.98,3861.75816919,996256.3724876363
1643155200,2022-01-26 00:00:00,BCH/EUR,256.93,279.00,252.99,257.53,4534.13863508,1167676.7226921523
1643241600,2022-01-27 00:00:00,BCH/EUR,256.65,264.53,248.12,259.67,4977.87292004,1292604.2611467869
1643328000,2022-01-28 00:00:00,BCH/EUR,259.65,266.65,253.77,266.65,3929.66079524,1047844.0510507459
1643414400,2022-01-29 00:00:00,BCH/EUR,266.16,271.30,262.12,267.89,1551.59976410,415658.06080474897
1643500800,2022-01-30 00:00:00,BCH/EUR,268.46,271.57,258.62,260.33,3001.60871290,781408.7962292569
1643587200,2022-01-31 00:00:00,BCH/EUR,258.16,258.83,249.63,254.53,3696.44864907,940857.0746477871
1643673600,2022-02-01 00:00:00,BCH/EUR,253.63,258.25,251.72,255.67,1090.19001478,278728.8810788026
1643760000,2022-02-02 00:00:00,BCH/EUR,256.12,262.15,244.07,245.97,1652.41198831,406443.77676461067
1643846400,2022-02-03 00:00:00,BCH/EUR,245.00,248.40,237.99,245.72,2049.39530483,503577.4143028276
1643932800,2022-02-04 00:00:00,BCH/EUR,245.56,268.12,241.70,267.69,3172.81785313,849331.6111043697
1644019200,2022-02-05 00:00:00,BCH/EUR,267.78,287.45,265.08,281.05,2961.28333075,832268.6801072875
1644105600,2022-02-06 00:00:00,BCH/EUR,281.26,286.10,273.29,284.19,2030.47535495,577040.7911232405
1644192000,2022-02-07 00:00:00,BCH/EUR,282.98,300.18,278.44,299.71,2294.52429850,687691.8775034349
1644278400,2022-02-08 00:00:00,BCH/EUR,300.53,311.81,285.61,294.11,3695.44908738,1086868.531089332
1644364800,2022-02-09 00:00:00,BCH/EUR,294.67,304.52,288.08,303.09,2351.86241241,712825.9785773469
1644451200,2022-02-10 00:00:00,BCH/EUR,302.58,317.48,295.11,298.97,4393.83437787,1313624.663951794
1644537600,2022-02-11 00:00:00,BCH/EUR,297.45,300.37,279.02,282.55,3397.31766243,959912.1055195965
1644624000,2022-02-12 00:00:00,BCH/EUR,281.39,290.64,276.15,289.92,1513.22701815,438714.77710204804
1644710400,2022-02-13 00:00:00,BCH/EUR,291.28,299.79,286.77,294.80,2885.88722453,850759.553791444
1644796800,2022-02-14 00:00:00,BCH/EUR,295.55,297.27,281.38,292.76,2250.59466583,658884.0943683907
1644883200,2022-02-15 00:00:00,BCH/EUR,292.44,303.48,291.20,302.13,1894.56828876,572405.9170830589
1644969600,2022-02-16 00:00:00,BCH/EUR,301.95,302.29,289.66,294.53,2069.72207363,609595.2423462438
1645056000,2022-02-17 00:00:00,BCH/EUR,293.83,295.52,273.62,275.57,2398.83214453,661046.1740681321
1645142400,2022-02-18 00:00:00,BCH/EUR,275.39,280.39,271.55,274.79,2077.39128658,570846.3516393182
1645228800,2022-02-19 00:00:00,BCH/EUR,275.93,279.20,270.00,275.86,778.90304085,214868.192848881
1645315200,2022-02-20 00:00:00,BCH/EUR,275.10,275.42,261.36,270.76,1498.66931180,405779.702862968
1645401600,2022-02-21 00:00:00,BCH/EUR,266.29,273.25,250.21,250.83,2506.15059787,628617.7544637321
1645488000,2022-02-22 00:00:00,BCH/EUR,250.01,260.00,246.35,258.52,1674.58914845,432914.78665729397
1645574400,2022-02-23 00:00:00,BCH/EUR,259.08,269.09,254.23,255.74,1436.97773517,367492.68599237583
1645660800,2022-02-24 00:00:00,BCH/EUR,255.07,276.31,230.89,268.78,4566.53900170,1227394.3528769258
1645747200,2022-02-25 00:00:00,BCH/EUR,269.17,277.60,261.68,273.52,1244.78851129,340474.5536080408
1645833600,2022-02-26 00:00:00,BCH/EUR,274.81,286.88,272.54,279.74,1316.74995447,368347.6322634378
1645920000,2022-02-27 00:00:00,BCH/EUR,280.58,284.82,268.79,271.65,2364.95127044,642439.012615026
1646006400,2022-02-28 00:00:00,BCH/EUR,271.56,301.00,269.35,301.00,1882.97158018,566774.44563418
1646092800,2022-03-01 00:00:00,BCH/EUR,302.64,306.40,287.08,294.71,2866.13799696,844679.5290840815
1646179200,2022-03-02 00:00:00,BCH/EUR,295.06,297.52,286.25,288.26,2487.45809235,717034.6697008109
1646265600,2022-03-03 00:00:00,BCH/EUR,287.39,289.55,278.00,284.67,1333.93465302,379731.1776752034
1646352000,2022-03-04 00:00:00,BCH/EUR,284.28,285.06,261.87,265.16,1215.16902778,322214.21940614487
1646438400,2022-03-05 00:00:00,BCH/EUR,262.05,270.38,259.82,269.10,973.24110622,261899.18168380202
1646524800,2022-03-06 00:00:00,BCH/EUR,269.76,271.21,259.41,260.16,1150.86991914,299410.31816346245
1646611200,2022-03-07 00:00:00,BCH/EUR,259.49,267.90,249.61,252.48,1756.75275403,443544.93533749436
1646697600,2022-03-08 00:00:00,BCH/EUR,251.16,264.38,251.16,259.86,1370.35197647,356099.6646054942
1646784000,2022-03-09 00:00:00,BCH/EUR,263.19,286.78,260.89,277.86,1700.93979886,472623.1325112397
1646870400,2022-03-10 00:00:00,BCH/EUR,277.32,279.10,257.33,262.88,3125.89230538,821734.5692382944
1646956800,2022-03-11 00:00:00,BCH/EUR,262.48,267.55,256.22,263.65,1290.60272036,340267.4072229139
1647043200,2022-03-12 00:00:00,BCH/EUR,264.17,269.48,263.95,267.38,687.21740736,183748.1903799168
1647129600,2022-03-13 00:00:00,BCH/EUR,266.50,270.80,255.00,256.10,1114.53493494,285432.39683813404
1647216000,2022-03-14 00:00:00,BCH/EUR,255.86,264.91,254.26,264.42,1570.19941790,415192.130081118
1647302400,2022-03-15 00:00:00,BCH/EUR,263.21,267.21,256.64,263.77,841.76984085,222033.6309210045
1647388800,2022-03-16 00:00:00,BCH/EUR,264.27,274.86,261.88,271.57,1033.30482860,280614.592302902
1647475200,2022-03-17 00:00:00,BCH/EUR,272.60,272.60,265.33,267.20,893.30735453,238691.725130416
1647561600,2022-03-18 00:00:00,BCH/EUR,266.26,277.21,262.49,276.78,777.12241383,215091.9416998674
1647648000,2022-03-19 00:00:00,BCH/EUR,277.66,296.94,277.17,296.35,2006.09694027,594506.8282490146
1647734400,2022-03-20 00:00:00,BCH/EUR,296.72,300.62,284.93,297.23,1459.46243364,433796.01915081724
1647820800,2022-03-21 00:00:00,BCH/EUR,298.70,309.68,290.37,304.04,3246.62276576,987103.1857016706
1647907200,2022-03-22 00:00:00,BCH/EUR,303.92,350.58,303.92,340.94,5452.43755527,1858954.060093754
1647993600,2022-03-23 00:00:00,BCH/EUR,340.89,348.39,320.96,330.63,4632.07482235,1531502.8985135807
1648080000,2022-03-24 00:00:00,BCH/EUR,330.66,333.65,321.40,332.91,1219.83131095,406094.04172836454
1648166400,2022-03-25 00:00:00,BCH/EUR,332.92,340.33,321.15,332.51,2858.42150796,950453.7356117795
1648252800,2022-03-26 00:00:00,BCH/EUR,332.40,333.02,325.36,329.78,1307.33339530,431132.4071020339
1648339200,2022-03-27 00:00:00,BCH/EUR,328.39,343.34,323.58,342.83,1136.94047710,389777.30376419297
1648425600,2022-03-28 00:00:00,BCH/EUR,343.04,352.49,332.15,334.78,3163.94715876,1059226.2298096728
1648512000,2022-03-29 00:00:00,BCH/EUR,335.96,349.27,331.01,337.18,5434.02272784,1832243.7833730911
1648598400,2022-03-30 00:00:00,BCH/EUR,334.69,346.15,327.19,341.60,1460.34844214,498855.02783502406
1648684800,2022-03-31 00:00:00,BCH/EUR,340.25,353.29,327.82,347.07,3846.42323983,1334978.1138477982
1648771200,2022-04-01 00:00:00,BCH/EUR,350.20,352.07,328.80,340.88,2499.47601315,852021.383362572
1648857600,2022-04-02 00:00:00,BCH/EUR,341.13,346.25,336.25,341.15,836.89653665,285507.2534781475
1648944000,2022-04-03 00:00:00,BCH/EUR,337.71,345.30,333.85,343.15,1138.90460475,390815.1151199625
1649030400,2022-04-04 00:00:00,BCH/EUR,339.25,344.80,330.98,342.02,836.78898157,286198.5674765714
1649116800,2022-04-05 00:00:00,BCH/EUR,342.17,348.53,335.00,335.00,1616.57863704,541553.8434084001
1649203200,2022-04-06 00:00:00,BCH/EUR,335.35,335.35,302.59,302.59,2383.64465693,721267.0367404487
1649289600,2022-04-07 00:00:00,BCH/EUR,303.98,311.62,300.00,309.83,1497.03419445,463826.1044664435
1649376000,2022-04-08 00:00:00,BCH/EUR,310.02,311.22,295.40,297.06,1397.06139390,415011.057671934
1649462400,2022-04-09 00:00:00,BCH/EUR,297.46,301.28,295.97,300.14,1110.66383232,333354.6426325248
1649548800,2022-04-10 00:00:00,BCH/EUR,299.77,305.54,292.83,293.63,2082.95915450,611619.2965358349
1649635200,2022-04-11 00:00:00,BCH/EUR,293.80,294.83,267.56,270.79,3266.35585325,884496.5015015675
1649721600,2022-04-12 00:00:00,BCH/EUR,271.53,282.41,269.68,281.63,2422.10651829,682137.8587460128
1649808000,2022-04-13 00:00:00,BCH/EUR,282.22,320.22,278.83,313.69,6280.06244227,1969992.7875156763
1649894400,2022-04-14 00:00:00,BCH/EUR,313.54,323.68,307.19,312.12,2826.28151608,882138.9867988896
1649980800,2022-04-15 00:00:00,BCH/EUR,312.59,318.82,309.54,315.52,1975.26564621,623235.8166921792
1650067200,2022-04-16 00:00:00,BCH/EUR,315.16,321.88,314.09,316.38,1240.63292479,392511.44474506023
1650153600,2022-04-17 00:00:00,BCH/EUR,317.91,322.87,303.00,303.25,988.61869213,299798.6183884225
1650240000,2022-04-18 00:00:00,BCH/EUR,303.14,315.88,290.00,315.88,2130.18663024,672883.3527602111
1650326400,2022-04-19 00:00:00,BCH/EUR,316.60,317.30,308.23,315.72,2187.47598451,690629.9178294974
1650412800,2022-04-20 00:00:00,BCH/EUR,315.10,317.95,303.47,304.77,2345.54697700,714852.3521802899
1650499200,2022-04-21 00:00:00,BCH/EUR,304.65,317.28,287.62,290.56,2393.20454982,695369.5139956992
1650585600,2022-04-22 00:00:00,BCH/EUR,290.50,308.58,290.16,298.04,2958.11229791,881635.7892690965
1650672000,2022-04-23 00:00:00,BCH/EUR,297.74,300.10,289.49,289.74,802.97014705,232652.570406267
1650758400,2022-04-24 00:00:00,BCH/EUR,289.61,291.90,284.57,285.40,1174.93425573,335326.2365853419
1650844800,2022-04-25 00:00:00,BCH/EUR,284.28,294.01,279.00,294.01,2761.68162563,811962.0147514762
1650931200,2022-04-26 00:00:00,BCH/EUR,294.83,301.03,274.28,277.75,1038.88063916,288549.09752669005
1651017600,2022-04-27 00:00:00,BCH/EUR,277.37,292.31,276.94,291.08,627.57967741,182675.8925005028
1651104000,2022-04-28 00:00:00,BCH/EUR,290.76,296.92,288.40,292.55,718.03680191,210061.66639877053
1651190400,2022-04-29 00:00:00,BCH/EUR,292.02,292.86,277.29,279.39,737.50044659,206050.2497727801
1651276800,2022-04-30 00:00:00,BCH/EUR,280.13,282.87,255.00,265.98,645.92148401,171802.1963169798
1651363200,2022-05-01 00:00:00,BCH/EUR,263.98,273.00,259.41,269.73,727.95473486,196351.2306337878
1651449600,2022-05-02 00:00:00,BCH/EUR,269.85,275.49,266.29,272.01,568.38013238,154605.07980868377
1651536000,2022-05-03 00:00:00,BCH/EUR,271.04,274.88,262.81,265.66,1258.36078100,334296.12508046004
1651622400,2022-05-04 00:00:00,BCH/EUR,264.93,282.59,264.59,282.56,2142.56836474,605404.1171409345
1651708800,2022-05-05 00:00:00,BCH/EUR,283.12,284.81,259.42,263.31,2066.24742641,544063.6098480171
1651795200,2022-05-06 00:00:00,BCH/EUR,262.64,264.36,251.32,261.15,3048.01222138,795988.3916133869
1651881600,2022-05-07 00:00:00,BCH/EUR,259.93,263.14,250.00,254.87,1252.80549718,319302.5370662666
1651968000,2022-05-08 00:00:00,BCH/EUR,253.94,255.62,246.67,248.30,1664.49556110,413294.24782113003
1652054400,2022-05-09 00:00:00,BCH/EUR,247.94,252.55,205.00,205.00,5200.00399472,1066000.8189176
1652140800,2022-05-10 00:00:00,BCH/EUR,207.78,231.00,199.74,220.31,3296.22736250,726191.850232375
1652227200,2022-05-11 00:00:00,BCH/EUR,218.94,236.31,174.18,184.75,8081.47839477,1493053.1334337573
1652313600,2022-05-12 00:00:00,BCH/EUR,184.74,216.89,143.26,186.51,8656.43858664,1614512.3607942264
1652400000,2022-05-13 00:00:00,BCH/EUR,186.28,212.77,184.81,194.08,11049.83398063,2144551.7789606703
1652486400,2022-05-14 00:00:00,BCH/EUR,194.08,227.09,179.30,200.70,11079.77259600,2223710.3600172
1652572800,2022-05-15 00:00:00,BCH/EUR,200.85,207.23,195.26,205.71,5891.10194970,1211858.582072787
1652659200,2022-05-16 00:00:00,BCH/EUR,205.12,205.12,187.77,187.77,2431.54031180,456570.324346686
1652745600,2022-05-17 00:00:00,BCH/EUR,189.53,203.27,187.10,195.38,10396.25039446,2031219.4020695947
1652832000,2022-05-18 00:00:00,BCH/EUR,196.16,197.83,177.12,178.29,7636.49368718,1361510.4594873223
1652918400,2022-05-19 00:00:00,BCH/EUR,178.62,186.94,172.27,185.70,6248.37932817,1160324.041241169
1653004800,2022-05-20 00:00:00,BCH/EUR,185.84,189.13,176.34,181.63,4308.49956283,782552.775596813
1653091200,2022-05-21 00:00:00,BCH/EUR,179.82,184.50,178.89,181.86,1047.71586833,190537.6078144938
1653177600,2022-05-22 00:00:00,BCH/EUR,182.70,191.38,179.92,187.47,1279.69261804,239903.9751039588
1653264000,2022-05-23 00:00:00,BCH/EUR,186.77,194.62,176.75,179.51,3613.04503798,648577.7147677898
1653350400,2022-05-24 00:00:00,BCH/EUR,179.06,183.36,171.21,181.99,1686.34876199,306898.61119456013
1653436800,2022-05-25 00:00:00,BCH/EUR,180.79,186.73,177.40,179.25,1708.22305502,306198.982612335
1653523200,2022-05-26 00:00:00,BCH/EUR,177.38,180.21,161.98,168.36,3602.38951450,606498.2986612201
1653609600,2022-05-27 00:00:00,BCH/EUR,167.64,171.22,160.00,162.21,3172.06609153,514540.8407070813
1653696000,2022-05-28 00:00:00,BCH/EUR,162.58,168.00,161.09,166.39,1889.97856879,314473.5340609681
1653782400,2022-05-29 00:00:00,BCH/EUR,167.13,173.07,163.82,172.68,1792.20236662,309477.5046679416
1653868800,2022-05-30 00:00:00,BCH/EUR,173.46,184.44,171.99,182.35,2681.34291972,488942.88141094195
1653955200,2022-05-31 00:00:00,BCH/EUR,183.79,192.72,179.20,190.74,3776.64055533,720356.4195236443
1654041600,2022-06-01 00:00:00,BCH/EUR,191.98,195.60,173.02,174.31,2855.74969179,497785.7287759149
1654128000,2022-06-02 00:00:00,BCH/EUR,174.00,176.45,170.77,175.83,865.90868585,152252.72423300552
1654214400,2022-06-03 00:00:00,BCH/EUR,176.19,177.01,168.18,170.97,1819.11504371,311014.0990230987
1654300800,2022-06-04 00:00:00,BCH/EUR,170.64,176.88,168.15,175.73,1044.73789015,183591.7894360595
1654387200,2022-06-05 00:00:00,BCH/EUR,176.83,177.37,166.25,167.55,3172.31394640,531521.20171932
1654473600,2022-06-06 00:00:00,BCH/EUR,167.69,176.14,167.15,173.90,3139.81641823,546014.0751301971
1654560000,2022-06-07 00:00:00,BCH/EUR,173.92,175.24,162.17,171.28,4493.00477551,769561.8579493528
1654646400,2022-06-08 00:00:00,BCH/EUR,170.30,170.88,163.57,165.00,2190.53491289,361438.26062685
1654732800,2022-06-09 00:00:00,BCH/EUR,164.44,168.43,162.53,165.23,4237.92392649,700232.1703739426
1654819200,2022-06-10 00:00:00,BCH/EUR,165.25,166.97,157.72,159.31,5151.67167018,820712.8137763757
1654905600,2022-06-11 00:00:00,BCH/EUR,159.24,161.36,147.76,149.30,2668.44352818,398398.61875727406
1654992000,2022-06-12 00:00:00,BCH/EUR,148.97,149.88,137.58,139.13,3081.95858833,428792.8983943529
1655078400,2022-06-13 00:00:00,BCH/EUR,139.20,140.00,119.33,121.84,6544.06479299,797328.8543779015
1655164800,2022-06-14 00:00:00,BCH/EUR,119.06,129.24,113.20,119.85,5505.59328550,659845.355267175
1655251200,2022-06-15 00:00:00,BCH/EUR,119.68,125.78,106.02,122.09,8570.05360048,1046317.8440826032
1655337600,2022-06-16 00:00:00,BCH/EUR,123.54,124.44,101.63,103.69,3962.51412991,410873.0901303679
1655424000,2022-06-17 00:00:00,BCH/EUR,102.46,116.00,101.42,115.10,6947.52990971,799660.692607621
1655510400,2022-06-18 00:00:00,BCH/EUR,116.62,119.00,104.25,110.34,2702.16960507,298157.39422342385
1655596800,2022-06-19 00:00:00,BCH/EUR,109.71,117.57,105.75,114.53,4284.17274538,490666.30452837143
1655683200,2022-06-20 00:00:00,BCH/EUR,114.83,118.10,110.74,112.69,3600.81219273,405775.52599874366
1655769600,2022-06-21 00:00:00,BCH/EUR,113.13,116.65,107.77,113.01,5613.82136968,634417.9529875369
1655856000,2022-06-22 00:00:00,BCH/EUR,113.20,113.25,106.51,107.65,2918.36457893,314161.9469218145
1655942400,2022-06-23 00:00:00,BCH/EUR,106.39,112.65,105.86,110.24,1835.34250764,202328.15804223358
1656028800,2022-06-24 00:00:00,BCH/EUR,110.86,114.88,107.98,107.98,3664.67014486,395711.0822419828
1656115200,2022-06-25 00:00:00,BCH/EUR,107.86,110.17,105.52,109.29,2463.85739400,269274.97459026
1656201600,2022-06-26 00:00:00,BCH/EUR,109.44,112.75,106.54,106.54,1108.16188244,118063.56695515761
1656288000,2022-06-27 00:00:00,BCH/EUR,107.27,110.72,104.29,105.34,1201.25413020,126540.110075268
1656374400,2022-06-28 00:00:00,BCH/EUR,105.80,106.65,97.11,98.02,4211.32476302,412794.0532712204
1656460800,2022-06-29 00:00:00,BCH/EUR,97.14,102.49,96.31,99.17,2038.81385852,202189.1703494284
1656547200,2022-06-30 00:00:00,BCH/EUR,100.03,100.07,93.40,98.34,2653.14038387,260909.82534977578
1656633600,2022-07-01 00:00:00,BCH/EUR,97.84,101.00,94.21,98.22,1250.85246245,122858.728861839
1656720000,2022-07-02 00:00:00,BCH/EUR,97.03,102.31,96.43,102.26,745.89798775,76275.52822731501
1656806400,2022-07-03 00:00:00,BCH/EUR,102.78,103.41,97.63,101.09,1188.18581456,120113.7039938704
1656892800,2022-07-04 00:00:00,BCH/EUR,100.86,103.89,98.23,103.44,1206.28078054,124777.6839390576
1656979200,2022-07-05 00:00:00,BCH/EUR,104.02,104.10,99.00,101.39,1482.39809190,150300.342537741
1657065600,2022-07-06 00:00:00,BCH/EUR,101.44,105.00,100.21,104.65,1003.54093367,105020.5587085655
1657152000,2022-07-07 00:00:00,BCH/EUR,104.16,110.47,103.00,109.94,582.77262250,64070.02211765
1657238400,2022-07-08 00:00:00,BCH/EUR,110.63,111.14,105.22,106.40,2038.98060201,216947.53605386402
1657324800,2022-07-09 00:00:00,BCH/EUR,106.88,110.93,106.78,110.05,800.93477526,88142.872017363
1657411200,2022-07-10 00:00:00,BCH/EUR,108.70,109.11,103.68,104.92,1484.01282970,155702.626092124
1657497600,2022-07-11 00:00:00,BCH/EUR,104.34,105.66,98.18,98.88,1462.11216418,144573.6507941184
1657584000,2022-07-12 00:00:00,BCH/EUR,98.11,100.28,97.44,97.60,672.26166547,65612.738549872
1657670400,2022-07-13 00:00:00,BCH/EUR,96.45,102.23,95.28,102.07,1992.58982040,203383.642968228
1657756800,2022-07-14 00:00:00,BCH/EUR,102.51,103.50,98.99,102.71,2140.33329306,219833.63253019258
1657843200,2022-07-15 00:00:00,BCH/EUR,102.05,106.15,101.90,105.03,985.38536058,103495.0244217174
1657929600,2022-07-16 00:00:00,BCH/EUR,104.74,109.69,103.08,108.73,1373.50585336,149341.2914358328
1658016000,2022-07-17 00:00:00,BCH/EUR,108.72,115.00,107.36,109.31,1597.24792178,174595.17032977182
1658102400,2022-07-18 00:00:00,BCH/EUR,109.42,119.90,109.42,119.90,1161.94584306,139317.306582894
1658188800,2022-07-19 00:00:00,BCH/EUR,119.79,126.75,114.31,125.68,3299.34155782,414661.2469868176
1658275200,2022-07-20 00:00:00,BCH/EUR,124.88,128.57,117.85,120.45,3247.80076377,391197.6019960965
1658361600,2022-07-21 00:00:00,BCH/EUR,120.13,122.01,115.68,120.41,2591.02457377,311985.2689276457
1658448000,2022-07-22 00:00:00,BCH/EUR,119.90,126.70,117.46,120.74,1429.45531199,172592.43436967258
1658534400,2022-07-23 00:00:00,BCH/EUR,121.20,124.09,116.11,120.14,895.25636495,107556.09968509301
1658620800,2022-07-24 00:00:00,BCH/EUR,120.13,132.01,120.13,129.44,1588.22544599,205579.9017289456
1658707200,2022-07-25 00:00:00,BCH/EUR,128.97,129.16,115.06,115.06,2143.29957941,246608.04960691463
1658793600,2022-07-26 00:00:00,BCH/EUR,115.00,117.54,111.52,117.54,983.77592534,115633.0222644636
1658880000,2022-07-27 00:00:00,BCH/EUR,117.39,124.88,114.66,124.82,2444.40145397,305110.1894845354
1658966400,2022-07-28 00:00:00,BCH/EUR,125.00,156.55,124.98,151.58,5011.13598252,759587.9922303816
1659052800,2022-07-29 00:00:00,BCH/EUR,153.66,161.59,144.64,148.41,3264.82013751,484531.9566078591
1659139200,2022-07-30 00:00:00,BCH/EUR,150.74,150.74,140.50,140.50,1846.95040676,259496.53214978002
1659225600,2022-07-31 00:00:00,BCH/EUR,141.32,146.84,135.71,137.14,1417.76710793,194432.5811815202
1659312000,2022-08-01 00:00:00,BCH/EUR,137.64,138.95,130.69,134.75,1505.83979355,202911.9121808625
1659398400,2022-08-02 00:00:00,BCH/EUR,133.52,134.75,125.35,132.46,1374.64455859,182085.41823083142
1659484800,2022-08-03 00:00:00,BCH/EUR,131.01,140.63,128.26,131.75,1324.19817285,174463.1092729875
1659571200,2022-08-04 00:00:00,BCH/EUR,132.79,135.98,129.35,131.30,869.02773224,114103.34124311201
1659657600,2022-08-05 00:00:00,BCH/EUR,131.21,138.59,131.21,138.59,1525.70125754,211446.9372824686
1659744000,2022-08-06 00:00:00,BCH/EUR,139.78,140.80,136.72,139.61,854.69886438,119324.50845609182
1659830400,2022-08-07 00:00:00,BCH/EUR,138.32,141.43,136.15,138.76,302.24179090,41939.070905283996
1659916800,2022-08-08 00:00:00,BCH/EUR,139.43,145.00,137.96,140.52,1033.26124963,145193.8707980076
1660003200,2022-08-09 00:00:00,BCH/EUR,140.97,141.73,130.85,131.65,1168.45319537,153826.8631704605
1660089600,2022-08-10 00:00:00,BCH/EUR,130.98,139.00,128.89,137.98,2001.68544471,276192.5576610858
1660176000,2022-08-11 00:00:00,BCH/EUR,137.79,143.70,137.67,137.89,1710.91533642,235918.11573895375
1660262400,2022-08-12 00:00:00,BCH/EUR,138.23,139.65,134.92,139.48,609.67742848,85037.8077243904
1660348800,2022-08-13 00:00:00,BCH/EUR,139.30,143.30,139.04,140.41,968.79314183,136028.2450443503
1660435200,2022-08-14 00:00:00,BCH/EUR,140.13,144.02,135.00,136.02,920.22814490,125169.432269298
1660521600,2022-08-15 00:00:00,BCH/EUR,135.00,139.95,130.73,135.58,1538.38534142,208574.28458972363
1660608000,2022-08-16 00:00:00,BCH/EUR,135.71,136.55,132.82,134.33,1455.56206508,195525.65220219642
1660694400,2022-08-17 00:00:00,BCH/EUR,134.72,142.39,130.28,131.43,1413.43722803,185768.0548799829
1660780800,2022-08-18 00:00:00,BCH/EUR,130.69,134.45,126.93,128.11,741.53174899,94997.6323631089
1660867200,2022-08-19 00:00:00,BCH/EUR,127.13,127.13,112.77,113.85,2352.66261742,267850.63899326697
1660953600,2022-08-20 00:00:00,BCH/EUR,114.29,117.80,111.00,114.27,1236.69216207,141316.81335973888
1661040000,2022-08-21 00:00:00,BCH/EUR,114.68,120.07,114.02,119.07,1350.67233197,160824.5545676679
1661126400,2022-08-22 00:00:00,BCH/EUR,120.45,123.88,113.73,123.34,1174.50474925,144863.415772495
1661212800,2022-08-23 00:00:00,BCH/EUR,123.40,135.99,121.20,133.89,3036.13303790,406507.852444431
1661299200,2022-08-24 00:00:00,BCH/EUR,135.11,139.50,131.18,131.18,782.78571362,102685.82991267162
1661385600,2022-08-25 00:00:00,BCH/EUR,130.88,132.33,129.38,130.90,1136.56361123,148776.176710007
1661472000,2022-08-26 00:00:00,BCH/EUR,129.51,130.78,115.57,115.57,2101.08435670,242822.319103819
1661558400,2022-08-27 00:00:00,BCH/EUR,116.51,118.47,113.75,115.81,818.45600220,94785.38961478199
1661644800,2022-08-28 00:00:00,BCH/EUR,116.14,121.18,112.71,112.76,1135.38552120,128026.07137051201
1661731200,2022-08-29 00:00:00,BCH/EUR,112.00,119.52,112.00,119.52,1184.68383733,141593.4122376816
1661817600,2022-08-30 00:00:00,BCH/EUR,119.28,120.45,112.03,114.15,2158.25938846,246365.309192709
1661904000,2022-08-31 00:00:00,BCH/EUR,115.36,117.36,113.84,114.60,453.45627380,51966.08897748
1661990400,2022-09-01 00:00:00,BCH/EUR,114.85,117.84,112.93,117.32,461.06596695,54092.259242574
1662076800,2022-09-02 00:00:00,BCH/EUR,116.80,120.10,115.35,116.77,1574.89519778,183900.5122447706
1662163200,2022-09-03 00:00:00,BCH/EUR,117.31,119.85,116.42,118.22,436.62674258,51618.0135078076
1662249600,2022-09-04 00:00:00,BCH/EUR,118.09,118.76,116.41,118.73,738.07361301,87631.48007267731
1662336000,2022-09-05 00:00:00,BCH/EUR,119.41,126.93,117.97,126.59,2644.87350120,334814.53651690803
1662422400,2022-09-06 00:00:00,BCH/EUR,125.76,128.16,113.10,113.29,1764.79466844,199933.5879875676
1662508800,2022-09-07 00:00:00,BCH/EUR,113.45,119.31,111.59,118.57,1649.96535530,195636.392177921
1662595200,2022-09-08 00:00:00,BCH/EUR,118.78,130.76,116.01,126.99,4329.05748978,549747.0106271622
1662681600,2022-09-09 00:00:00,BCH/EUR,126.52,137.83,125.72,131.67,4684.89300300,616859.86170501
1662768000,2022-09-10 00:00:00,BCH/EUR,132.11,134.22,129.85,132.09,2131.14754541,281503.2792732069
1662854400,2022-09-11 00:00:00,BCH/EUR,131.90,132.20,127.08,129.36,1795.43219873,232257.10922771282
1662940800,2022-09-12 00:00:00,BCH/EUR,128.88,131.21,121.16,127.11,2717.78106490,345457.151159439
1663027200,2022-09-13 00:00:00,BCH/EUR,126.95,131.56,116.67,117.57,3254.43115153,382623.4704853821
1663113600,2022-09-14 00:00:00,BCH/EUR,118.17,120.80,116.57,120.54,999.30778350,120456.56022309001
1663200000,2022-09-15 00:00:00,BCH/EUR,120.26,122.91,116.47,118.04,2051.87709830,242203.572683332
1663286400,2022-09-16 00:00:00,BCH/EUR,117.81,120.44,116.52,119.31,1792.45187154,213857.4327934374
1663372800,2022-09-17 00:00:00,BCH/EUR,119.18,123.06,119.01,122.28,1442.20240533,176352.51012375238
1663459200,2022-09-18 00:00:00,BCH/EUR,121.23,121.57,110.57,111.72,2121.86062626,237054.2691657672
1663545600,2022-09-19 00:00:00,BCH/EUR,111.49,113.07,106.77,111.64,2629.30298399,293535.3851326436
1663632000,2022-09-20 00:00:00,BCH/EUR,111.73,114.74,110.82,113.17,2048.73632606,231855.4900202102
1663718400,2022-09-21 00:00:00,BCH/EUR,112.77,120.20,110.21,110.74,3581.46821502,396611.7901313148
1663804800,2022-09-22 00:00:00,BCH/EUR,110.78,119.14,110.70,118.59,2192.44691196,260002.27928933638
1663891200,2022-09-23 00:00:00,BCH/EUR,118.02,123.92,116.41,123.92,2028.22173323,251337.2371818616
1663977600,2022-09-24 00:00:00,BCH/EUR,123.69,125.98,121.16,121.44,1216.02351737,147673.8959494128
1664064000,2022-09-25 00:00:00,BCH/EUR,121.56,121.97,115.81,117.00,1089.39361955,127459.05348735
1664150400,2022-09-26 00:00:00,BCH/EUR,117.69,121.22,116.52,120.48,1072.50266664,129215.12127678719
1664236800,2022-09-27 00:00:00,BCH/EUR,120.80,125.20,117.52,119.46,2117.72658818,252983.61822398278
1664323200,2022-09-28 00:00:00,BCH/EUR,119.62,119.62,115.78,118.20,528.81792690,62506.27895958
1664409600,2022-09-29 00:00:00,BCH/EUR,117.61,121.14,116.94,118.66,664.20895215,78815.03426211899
1664496000,2022-09-30 00:00:00,BCH/EUR,118.36,127.25,117.64,122.20,2300.15863468,281079.38515789603
1664582400,2022-10-01 00:00:00,BCH/EUR,122.61,123.15,118.37,119.69,396.77599618,47490.118982784195
1664668800,2022-10-02 00:00:00,BCH/EUR,119.38,120.56,116.59,116.59,596.05421715,69493.9611775185
1664755200,2022-10-03 00:00:00,BCH/EUR,117.52,118.58,116.21,118.22,625.05812876,73894.3719820072
1664841600,2022-10-04 00:00:00,BCH/EUR,117.81,122.28,117.64,121.28,1066.24279335,129313.925977488
1664928000,2022-10-05 00:00:00,BCH/EUR,122.70,125.00,121.01,123.46,659.35512775,81403.984072015
1665014400,2022-10-06 00:00:00,BCH/EUR,123.57,124.58,120.47,120.94,694.33006824,83972.2784529456
1665100800,2022-10-07 00:00:00,BCH/EUR,120.87,122.74,118.43,120.00,395.07330299,47408.7963588
1665187200,2022-10-08 00:00:00,BCH/EUR,120.64,121.84,119.12,119.70,238.02067113,28491.074334261
1665273600,2022-10-09 00:00:00,BCH/EUR,119.92,121.34,119.67,120.45,376.88712939,45396.0547350255
1665360000,2022-10-10 00:00:00,BCH/EUR,120.38,121.10,114.45,114.97,589.15625954,67735.2951593138
1665446400,2022-10-11 00:00:00,BCH/EUR,114.00,115.49,112.71,114.19,662.43503449,75643.4565884131
1665532800,2022-10-12 00:00:00,BCH/EUR,114.56,115.65,114.27,115.41,829.59869860,95743.985805426
1665619200,2022-10-13 00:00:00,BCH/EUR,115.41,116.18,104.86,111.17,5224.30008229,580785.4401481793
1665705600,2022-10-14 00:00:00,BCH/EUR,111.13,113.92,109.91,110.43,624.10380824,68919.78354394321
1665792000,2022-10-15 00:00:00,BCH/EUR,110.19,112.30,110.00,111.25,262.88422305,29245.8698143125
1665878400,2022-10-16 00:00:00,BCH/EUR,111.36,113.99,111.36,113.30,278.79275124,31587.218715491996
1665964800,2022-10-17 00:00:00,BCH/EUR,113.51,113.77,111.13,112.19,264.75025891,29702.331547112903
1666051200,2022-10-18 00:00:00,BCH/EUR,112.61,112.99,108.91,110.40,583.31219245,64397.66604648
1666137600,2022-10-19 00:00:00,BCH/EUR,110.00,111.13,108.19,108.19,821.91139224,88922.5935264456
1666224000,2022-10-20 00:00:00,BCH/EUR,108.39,110.65,107.67,108.66,402.40831971,43725.6880196886
1666310400,2022-10-21 00:00:00,BCH/EUR,108.83,109.05,106.00,108.47,594.58921160,64495.091782252
1666396800,2022-10-22 00:00:00,BCH/EUR,108.76,111.74,107.97,110.32,445.25192720,49120.192608704
1666483200,2022-10-23 00:00:00,BCH/EUR,110.42,112.47,109.25,112.44,247.45147201,27823.4435128044
1666569600,2022-10-24 00:00:00,BCH/EUR,112.61,112.61,108.84,109.05,531.81266953,57994.1716122465
1666656000,2022-10-25 00:00:00,BCH/EUR,109.05,114.50,108.95,112.84,1937.31093849,218606.1662992116
1666742400,2022-10-26 00:00:00,BCH/EUR,112.92,115.80,112.92,113.51,850.72349705,96565.62415014551
1666828800,2022-10-27 00:00:00,BCH/EUR,114.07,115.84,112.16,113.05,995.49669054,112540.900865547
1666915200,2022-10-28 00:00:00,BCH/EUR,113.47,116.32,111.81,116.07,871.40474299,101143.9485188493
1667001600,2022-10-29 00:00:00,BCH/EUR,116.19,120.91,116.19,117.75,1120.26173261,131910.81901482752
1667088000,2022-10-30 00:00:00,BCH/EUR,118.97,120.54,114.90,116.56,467.71110320,54516.406188992005
1667174400,2022-10-31 00:00:00,BCH/EUR,117.32,118.57,114.82,116.31,680.96446926,79202.9774196306
1667260800,2022-11-01 00:00:00,BCH/EUR,116.36,117.36,115.45,116.50,548.08993034,63852.476884610005
1667347200,2022-11-02 00:00:00,BCH/EUR,115.74,123.21,114.17,115.89,1978.80518960,229323.733422744
1667433600,2022-11-03 00:00:00,BCH/EUR,116.56,122.26,116.56,118.46,1189.44476060,140901.626340676
1667520000,2022-11-04 00:00:00,BCH/EUR,118.41,126.00,118.01,124.76,4011.20698433,500438.18336501083
1667606400,2022-11-05 00:00:00,BCH/EUR,125.37,126.32,122.97,124.15,2742.38799723,340467.4698561045
1667692800,2022-11-06 00:00:00,BCH/EUR,123.75,124.47,117.27,117.31,1683.79875765,197526.4322599215
1667779200,2022-11-07 00:00:00,BCH/EUR,117.28,119.49,115.49,117.57,985.21656230,115831.911229611
1667865600,2022-11-08 00:00:00,BCH/EUR,117.75,118.51,95.00,102.45,6520.99185379,668075.6154207855
1667952000,2022-11-09 00:00:00,BCH/EUR,101.56,113.00,87.50,89.21,6442.48019345,574733.6580576744
1668038400,2022-11-10 00:00:00,BCH/EUR,89.08,104.52,87.54,100.64,3468.56204984,349076.0846958976
1668124800,2022-11-11 00:00:00,BCH/EUR,100.77,103.44,96.73,98.98,2739.95205887,271200.45478695264
1668211200,2022-11-12 00:00:00,BCH/EUR,99.35,99.35,94.51,98.45,1474.86521929,145200.4808391005
1668297600,2022-11-13 00:00:00,BCH/EUR,99.58,99.58,94.43,95.62,1983.76078843,189687.2065896766
1668384000,2022-11-14 00:00:00,BCH/EUR,96.85,101.14,93.52,100.32,2614.79708451,262316.44351804315
1668470400,2022-11-15 00:00:00,BCH/EUR,100.34,102.03,99.58,100.16,1027.87004203,102951.46340972479
1668556800,2022-11-16 00:00:00,BCH/EUR,100.36,105.00,99.15,100.51,1451.20293347,145860.4068430697
1668643200,2022-11-17 00:00:00,BCH/EUR,100.53,101.15,98.03,100.17,926.65598943,92823.1304612031
1668729600,2022-11-18 00:00:00,BCH/EUR,100.21,101.56,100.18,101.20,953.87784732,96532.438148784
1668816000,2022-11-19 00:00:00,BCH/EUR,101.37,102.73,100.68,101.66,509.78952661,51825.2032751726
1668902400,2022-11-20 00:00:00,BCH/EUR,101.45,103.93,99.55,101.48,2449.57438793,248582.8088871364
1668988800,2022-11-21 00:00:00,BCH/EUR,100.98,104.99,98.39,100.84,3752.31528279,378383.4731165436
1669075200,2022-11-22 00:00:00,BCH/EUR,101.37,105.96,100.99,105.36,1211.71833587,127666.64386726319
1669161600,2022-11-23 00:00:00,BCH/EUR,106.38,115.24,105.08,110.22,3837.28449565,422945.49711054296
1669248000,2022-11-24 00:00:00,BCH/EUR,109.44,113.80,108.72,111.12,889.03931114,98790.0482538768
1669334400,2022-11-25 00:00:00,BCH/EUR,110.43,111.60,108.72,109.44,1423.74519499,155814.6741397056
1669420800,2022-11-26 00:00:00,BCH/EUR,109.87,110.94,107.34,108.19,1206.83578231,130567.5632881189
1669507200,2022-11-27 00:00:00,BCH/EUR,108.17,109.08,107.09,107.09,351.61299236,37654.2353518324
1669593600,2022-11-28 00:00:00,BCH/EUR,107.24,107.75,101.62,106.25,3134.64343038,333055.864477875
1669680000,2022-11-29 00:00:00,BCH/EUR,105.62,109.23,105.62,107.48,1514.73884764,162804.1313443472
1669766400,2022-11-30 00:00:00,BCH/EUR,107.23,110.59,106.88,108.98,1616.87940879,176207.5179699342
1669852800,2022-12-01 00:00:00,BCH/EUR,109.02,109.02,104.57,104.57,1515.96105584,158524.0476091888
1669939200,2022-12-02 00:00:00,BCH/EUR,104.98,106.63,103.58,106.40,2087.83838568,222146.00423635202
1670025600,2022-12-03 00:00:00,BCH/EUR,106.36,106.55,104.02,104.02,426.37020768,44351.0290028736
1670112000,2022-12-04 00:00:00,BCH/EUR,104.96,106.16,104.31,105.23,747.08668172,78615.9315173956
1670198400,2022-12-05 00:00:00,BCH/EUR,105.32,110.84,104.68,104.97,1356.26088089,142366.7046670233
1670284800,2022-12-06 00:00:00,BCH/EUR,105.13,106.70,105.05,106.70,542.53563170,57888.55190239
1670371200,2022-12-07 00:00:00,BCH/EUR,107.40,107.58,103.01,103.78,374.54042544,38869.805352163195
1670457600,2022-12-08 00:00:00,BCH/EUR,104.04,106.06,103.35,105.85,164.70483844,17434.007148874
1670544000,2022-12-09 00:00:00,BCH/EUR,106.04,106.05,103.23,104.07,1178.33009476,122628.8129616732
1670630400,2022-12-10 00:00:00,BCH/EUR,104.12,104.77,103.37,103.44,172.42479574,17835.6208713456
1670716800,2022-12-11 00:00:00,BCH/EUR,103.84,104.21,100.76,100.96,301.39651551,30428.992205889594
1670803200,2022-12-12 00:00:00,BCH/EUR,100.81,101.22,97.57,100.73,829.76065917,83581.79119819411
1670889600,2022-12-13 00:00:00,BCH/EUR,100.80,105.07,98.63,103.58,1284.30057578,133027.85363929239
1670976000,2022-12-14 00:00:00,BCH/EUR,103.79,104.14,101.33,102.21,895.03569797,91481.59868951369
1671062400,2022-12-15 00:00:00,BCH/EUR,102.68,102.89,100.52,100.77,615.52807060,62026.763674361995
1671148800,2022-12-16 00:00:00,BCH/EUR,100.68,101.09,93.88,94.68,1027.03127827,97239.32142660361
1671235200,2022-12-17 00:00:00,BCH/EUR,94.44,97.41,93.42,97.20,716.89609435,69682.30037082
1671321600,2022-12-18 00:00:00,BCH/EUR,97.11,97.64,95.67,96.76,515.35423229,49865.675516380405
1671408000,2022-12-19 00:00:00,BCH/EUR,96.24,96.95,92.34,92.96,885.13523371,82282.17132568159
1671494400,2022-12-20 00:00:00,BCH/EUR,93.22,96.22,93.22,96.21,773.58287689,74426.40858558689
1671580800,2022-12-21 00:00:00,BCH/EUR,95.96,96.20,94.14,94.54,346.12087730,32722.267739942003
1671667200,2022-12-22 00:00:00,BCH/EUR,94.57,95.73,93.88,95.73,361.70346626,34625.872825069804
1671753600,2022-12-23 00:00:00,BCH/EUR,95.76,96.53,95.48,95.92,174.15539632,16704.9856150144
1671840000,2022-12-24 00:00:00,BCH/EUR,96.04,96.49,95.53,95.70,360.81651573,34530.140555361
1671926400,2022-12-25 00:00:00,BCH/EUR,95.63,95.86,93.95,95.42,345.92038960,33007.723575632
1672012800,2022-12-26 00:00:00,BCH/EUR,95.48,97.03,95.00,97.02,383.58292039,37215.214936237804
1672099200,2022-12-27 00:00:00,BCH/EUR,97.20,97.21,95.24,95.55,768.69743747,73449.04015025849
1672185600,2022-12-28 00:00:00,BCH/EUR,95.52,96.19,92.90,93.10,418.02991092,38918.584706652
1672272000,2022-12-29 00:00:00,BCH/EUR,93.12,94.17,91.10,92.16,483.57575377,44566.3414674432
1672358400,2022-12-30 00:00:00,BCH/EUR,91.83,91.91,89.45,90.24,1709.61800727,154275.9289760448
1672444800,2022-12-31 00:00:00,BCH/EUR,90.05,91.77,90.05,90.47,389.64701747,35251.365670510895
1672531200,2023-01-01 00:00:00,BCH/EUR,90.43,91.11,89.77,90.48,459.15476360,41544.323010528
1672617600,2023-01-02 00:00:00,BCH/EUR,90.19,94.00,89.35,93.21,648.72647817,60467.795030225694
1672704000,2023-01-03 00:00:00,BCH/EUR,92.77,95.10,92.50,94.50,1303.21448018,123153.76837701
1672790400,2023-01-04 00:00:00,BCH/EUR,94.21,96.76,94.20,95.71,911.60000142,87249.2361359082
1672876800,2023-01-05 00:00:00,BCH/EUR,95.68,97.42,95.67,95.88,259.03257095,24836.042902685997
1672963200,2023-01-06 00:00:00,BCH/EUR,96.04,96.39,93.31,95.44,496.18092718,47355.5076900592
1673049600,2023-01-07 00:00:00,BCH/EUR,95.50,95.96,95.18,95.30,110.47233535,10528.013558854998
1673136000,2023-01-08 00:00:00,BCH/EUR,95.30,97.50,94.78,97.18,444.03571047,43151.3903434746
1673222400,2023-01-09 00:00:00,BCH/EUR,97.98,100.28,97.75,99.82,906.64426162,90501.23019490839
1673308800,2023-01-10 00:00:00,BCH/EUR,100.00,101.43,98.43,99.86,947.39059589,94606.4249055754
1673395200,2023-01-11 00:00:00,BCH/EUR,100.02,102.16,98.32,101.53,594.50816184,60360.4136716152
1673481600,2023-01-12 00:00:00,BCH/EUR,101.79,115.49,100.37,110.20,3508.89913084,386680.684218568
1673568000,2023-01-13 00:00:00,BCH/EUR,110.65,117.77,109.16,114.63,2735.35760551,313554.0423196113
1673654400,2023-01-14 00:00:00,BCH/EUR,114.79,120.73,110.76,116.36,2451.40245295,285245.18942526204
1673740800,2023-01-15 00:00:00,BCH/EUR,116.53,117.03,112.18,115.30,700.38609776,80754.517071728
1673827200,2023-01-16 00:00:00,BCH/EUR,114.54,116.70,110.54,114.46,1374.14680546,157284.8433529516
1673913600,2023-01-17 00:00:00,BCH/EUR,114.32,115.62,113.27,113.80,838.24260352,95392.008280576
1674000000,2023-01-18 00:00:00,BCH/EUR,114.23,117.62,108.00,110.36,1539.68421224,169919.5496628064
1674086400,2023-01-19 00:00:00,BCH/EUR,110.36,112.84,110.36,112.15,743.85956516,83423.850232694
1674172800,2023-01-20 00:00:00,BCH/EUR,112.36,117.47,111.11,117.40,454.38476478,53344.771385172004
1674259200,2023-01-21 00:00:00,BCH/EUR,117.88,123.41,111.25,118.07,2446.75733687,288888.6387642409
1674345600,2023-01-22 00:00:00,BCH/EUR,118.03,122.03,117.46,118.20,960.53693580,113535.46581156
1674432000,2023-01-23 00:00:00,BCH/EUR,118.46,126.95,118.46,122.66,1319.56237626,161857.5210720516
1674518400,2023-01-24 00:00:00,BCH/EUR,122.78,125.72,115.80,118.29,972.54572122,115042.43336311381
1674604800,2023-01-25 00:00:00,BCH/EUR,117.67,122.59,115.48,120.88,719.93944294,87026.27986258721
1674691200,2023-01-26 00:00:00,BCH/EUR,121.04,123.33,119.76,122.90,708.92308812,87126.64752994801
1674777600,2023-01-27 00:00:00,BCH/EUR,123.07,125.28,121.26,124.17,684.77891727,85028.9981574159
1674864000,2023-01-28 00:00:00,BCH/EUR,123.97,124.80,121.09,121.77,330.27905160,40218.080113332
1674950400,2023-01-29 00:00:00,BCH/EUR,121.94,127.28,121.61,125.71,733.03894296,92150.3255195016
1675036800,2023-01-30 00:00:00,BCH/EUR,125.14,125.74,117.74,120.39,1612.50049121,194128.93413677192
1675123200,2023-01-31 00:00:00,BCH/EUR,120.74,125.43,120.74,122.65,563.63586537,69129.9388876305
1675209600,2023-02-01 00:00:00,BCH/EUR,122.94,124.42,119.20,123.72,628.46777370,77754.032962164
1675296000,2023-02-02 00:00:00,BCH/EUR,123.70,131.00,123.43,125.45,1002.74756380,125794.68187871
1675382400,2023-02-03 00:00:00,BCH/EUR,125.72,128.52,125.01,127.78,640.48561834,81841.2523114852
1675468800,2023-02-04 00:00:00,BCH/EUR,128.11,129.56,126.57,129.04,511.09217363,65951.33408521519
1675555200,2023-02-05 00:00:00,BCH/EUR,127.66,127.93,123.26,124.89,672.75364532,84020.2027640148
1675641600,2023-02-06 00:00:00,BCH/EUR,125.03,125.78,121.58,122.41,224.06316520,27427.572052131996
1675728000,2023-02-07 00:00:00,BCH/EUR,122.81,127.94,122.70,127.11,893.14774330,113528.009650863
1675814400,2023-02-08 00:00:00,BCH/EUR,126.60,126.69,121.36,122.65,474.18839154,58159.206222381
1675900800,2023-02-09 00:00:00,BCH/EUR,123.06,129.94,116.00,117.78,1570.73599290,185001.285243762
1675987200,2023-02-10 00:00:00,BCH/EUR,117.79,121.82,116.48,116.88,461.09322461,53892.5760924168
1676073600,2023-02-11 00:00:00,BCH/EUR,116.54,117.57,115.55,116.83,178.43844726,20846.9637933858
1676160000,2023-02-12 00:00:00,BCH/EUR,116.63,118.81,114.20,115.13,296.51240590,34137.47329126699
1676246400,2023-02-13 00:00:00,BCH/EUR,115.08,116.57,112.40,115.65,408.55945896,47249.901428724
1676332800,2023-02-14 00:00:00,BCH/EUR,115.71,118.27,114.94,118.15,348.86880199,41218.848955118505
1676419200,2023-02-15 00:00:00,BCH/EUR,118.18,126.24,116.74,125.56,1057.73318058,132808.9781536248
1676505600,2023-02-16 00:00:00,BCH/EUR,125.86,126.83,120.00,120.22,2117.57351106,254574.68749963318
1676592000,2023-02-17 00:00:00,BCH/EUR,119.79,125.52,119.79,124.75,246.51923276,30753.27428681
1676678400,2023-02-18 00:00:00,BCH/EUR,125.17,129.40,124.82,127.11,200.55822931,25492.9565275941
1676764800,2023-02-19 00:00:00,BCH/EUR,127.60,131.38,125.93,127.47,955.28289507,121769.9106345729
1676851200,2023-02-20 00:00:00,BCH/EUR,127.84,139.00,126.11,135.41,2518.59799053,341043.3538976673
1676937600,2023-02-21 00:00:00,BCH/EUR,135.92,144.45,134.08,136.44,1773.20277477,241935.78658961877
1677024000,2023-02-22 00:00:00,BCH/EUR,136.51,136.53,128.46,133.48,1466.90410734,195802.3602477432
1677110400,2023-02-23 00:00:00,BCH/EUR,133.68,135.05,129.98,130.79,401.68331572,52536.1608630188
1677196800,2023-02-24 00:00:00,BCH/EUR,131.02,131.22,123.70,125.97,842.89545367,106179.54029880991
1677283200,2023-02-25 00:00:00,BCH/EUR,126.10,127.79,123.74,126.38,286.61235918,36222.0699531684
1677369600,2023-02-26 00:00:00,BCH/EUR,126.41,130.25,125.78,129.16,217.84687299,28137.1021153884
1677456000,2023-02-27 00:00:00,BCH/EUR,128.51,133.80,125.87,127.44,1111.87545070,141697.40743720802
1677542400,2023-02-28 00:00:00,BCH/EUR,127.07,127.47,123.56,125.18,614.35280925,76904.684661915
1677628800,2023-03-01 00:00:00,BCH/EUR,125.41,127.86,124.51,125.70,532.39533808,66922.093996656
1677715200,2023-03-02 00:00:00,BCH/EUR,125.71,125.71,123.00,124.18,462.10694417,57384.44032703061
1677801600,2023-03-03 00:00:00,BCH/EUR,123.88,123.88,113.02,118.46,1111.86621637,131711.6719911902
1677888000,2023-03-04 00:00:00,BCH/EUR,119.22,119.24,115.54,117.09,197.92014092,23174.4693003228
1677974400,2023-03-05 00:00:00,BCH/EUR,117.11,118.74,116.38,116.38,102.56791032,11936.8534030416
1678060800,2023-03-06 00:00:00,BCH/EUR,116.75,116.77,115.13,116.24,484.84526789,56358.413939533595
1678147200,2023-03-07 00:00:00,BCH/EUR,115.93,117.48,113.83,115.08,305.93888865,35207.447305842004
1678233600,2023-03-08 00:00:00,BCH/EUR,115.92,116.04,109.78,110.38,563.29928387,62176.97495357059
1678320000,2023-03-09 00:00:00,BCH/EUR,110.34,111.76,100.46,104.01,1774.63326375,184579.6057626375
1678406400,2023-03-10 00:00:00,BCH/EUR,104.21,105.34,99.53,105.33,671.91071979,70772.3561154807
1678492800,2023-03-11 00:00:00,BCH/EUR,105.18,109.18,102.25,106.83,1939.53837782,207200.8849025106
1678579200,2023-03-12 00:00:00,BCH/EUR,106.88,113.47,105.85,112.85,827.45583819,93378.3913397415
1678665600,2023-03-13 00:00:00,BCH/EUR,113.30,119.35,110.00,117.18,2919.22973800,342075.34069884004
1678752000,2023-03-14 00:00:00,BCH/EUR,117.46,126.35,116.32,122.03,2210.28260486,269720.7862710658
1678838400,2023-03-15 00:00:00,BCH/EUR,121.65,124.50,115.79,116.58,822.14803172,95846.01753791759
1678924800,2023-03-16 00:00:00,BCH/EUR,116.51,119.12,115.52,118.62,258.61328906,30676.7083482972
1679011200,2023-03-17 00:00:00,BCH/EUR,118.14,127.31,118.08,126.98,1063.82210624,135084.1310503552
1679097600,2023-03-18 00:00:00,BCH/EUR,126.50,129.16,122.50,122.62,1308.56408583,160456.1282044746
1679184000,2023-03-19 00:00:00,BCH/EUR,123.57,128.43,123.57,127.62,332.58939026,42445.057984981206
1679270400,2023-03-20 00:00:00,BCH/EUR,127.61,130.65,121.57,121.69,963.37324335,117232.8899832615
1679356800,2023-03-21 00:00:00,BCH/EUR,122.67,125.00,117.52,124.91,310.67878803,38806.8874128273
1679443200,2023-03-22 00:00:00,BCH/EUR,123.05,124.55,113.65,116.18,1143.44657320,132845.62287437601
1679529600,2023-03-23 00:00:00,BCH/EUR,115.89,119.92,114.80,118.77,724.98458319,86106.4189454763
1679616000,2023-03-24 00:00:00,BCH/EUR,118.90,121.35,113.79,115.03,224.17945255,25787.3624268265
1679702400,2023-03-25 00:00:00,BCH/EUR,115.65,118.46,114.96,116.53,353.39136852,41180.6961736356
1679788800,2023-03-26 00:00:00,BCH/EUR,116.12,118.03,115.03,115.89,441.35238463,51148.3278547707
1679875200,2023-03-27 00:00:00,BCH/EUR,115.77,115.77,108.69,111.39,606.80696097,67592.2273824483
1679961600,2023-03-28 00:00:00,BCH/EUR,111.73,113.04,110.07,111.64,1395.64305004,155809.5901064656
1680048000,2023-03-29 00:00:00,BCH/EUR,111.53,114.60,111.15,113.28,1392.07777316,157694.5701435648
1680134400,2023-03-30 00:00:00,BCH/EUR,114.08,115.36,109.27,111.06,1198.08609727,133059.4419628062
1680220800,2023-03-31 00:00:00,BCH/EUR,111.18,114.70,110.59,114.47,1677.45331716,192018.0812153052
1680307200,2023-04-01 00:00:00,BCH/EUR,114.70,117.51,114.00,116.38,526.17746364,61236.5332184232
1680393600,2023-04-02 00:00:00,BCH/EUR,116.38,116.38,112.26,113.61,301.17352588,34216.3242752268
1680480000,2023-04-03 00:00:00,BCH/EUR,113.84,119.37,111.11,117.22,992.50814994,116341.8053359668
1680566400,2023-04-04 00:00:00,BCH/EUR,117.22,117.45,115.52,115.89,206.67058891,23951.0545487799
1680652800,2023-04-05 00:00:00,BCH/EUR,115.91,118.65,115.32,116.49,489.55714494,57028.5118140606
1680739200,2023-04-06 00:00:00,BCH/EUR,116.01,116.60,115.24,115.46,103.07726794,11901.3013563524
1680825600,2023-04-07 00:00:00,BCH/EUR,115.49,115.87,112.94,114.29,178.31324849,20379.4211699221
1680912000,2023-04-08 00:00:00,BCH/EUR,114.20,114.92,113.05,113.12,59.91452378,6777.530929993601
1680998400,2023-04-09 00:00:00,BCH/EUR,113.83,115.85,113.40,115.33,60.94103296,7028.3293312768
1681084800,2023-04-10 00:00:00,BCH/EUR,114.81,118.35,114.07,118.09,128.30174463,15151.153023356701
1681171200,2023-04-11 00:00:00,BCH/EUR,117.68,119.84,117.42,118.11,369.65561685,43660.0249061535
1681257600,2023-04-12 00:00:00,BCH/EUR,118.51,118.56,115.23,116.92,143.11880834,16733.4510711128
1681344000,2023-04-13 00:00:00,BCH/EUR,117.18,119.30,116.52,118.47,235.07812462,27849.7054237314
1681430400,2023-04-14 00:00:00,BCH/EUR,118.51,121.38,117.48,120.27,869.12613116,104529.7997946132
1681516800,2023-04-15 00:00:00,BCH/EUR,119.74,121.36,119.03,120.69,283.55241094,34221.9404763486
1681603200,2023-04-16 00:00:00,BCH/EUR,119.50,123.44,119.45,122.06,445.68299905,54400.066864043
1681689600,2023-04-17 00:00:00,BCH/EUR,120.31,121.66,119.75,120.55,496.55651836,59859.888288297996
1681776000,2023-04-18 00:00:00,BCH/EUR,120.73,122.40,119.83,121.68,161.52875970,19654.819480296
1681862400,2023-04-19 00:00:00,BCH/EUR,121.49,121.94,112.09,114.58,432.23793222,49525.8222737676
1681948800,2023-04-20 00:00:00,BCH/EUR,114.80,115.64,110.68,111.86,255.41441791,28570.6567874126
1682035200,2023-04-21 00:00:00,BCH/EUR,112.26,113.20,107.73,108.94,884.38702459,96345.1224588346
1682121600,2023-04-22 00:00:00,BCH/EUR,108.48,111.94,108.48,111.74,284.54559243,31795.1244981282
1682208000,2023-04-23 00:00:00,BCH/EUR,111.55,111.57,107.90,109.01,339.95670120,37058.679997812
1682294400,2023-04-24 00:00:00,BCH/EUR,108.80,110.65,107.47,107.90,318.69980542,34387.709004818
1682380800,2023-04-25 00:00:00,BCH/EUR,107.84,117.01,105.94,110.01,991.88005656,109116.7250221656
1682467200,2023-04-26 00:00:00,BCH/EUR,109.39,112.08,101.47,106.22,824.27993049,87555.01421664779
1682553600,2023-04-27 00:00:00,BCH/EUR,108.40,108.40,105.99,106.25,241.85888923,25697.5069806875
1682640000,2023-04-28 00:00:00,BCH/EUR,105.69,108.27,105.40,107.02,728.77285057,77993.27046800138
1682726400,2023-04-29 00:00:00,BCH/EUR,107.14,109.12,107.08,108.50,110.93275189,12036.203580065001
1682812800,2023-04-30 00:00:00,BCH/EUR,108.14,109.62,106.93,107.16,124.69202725,13361.99764011
1682899200,2023-05-01 00:00:00,BCH/EUR,107.51,107.51,105.29,106.59,223.10775158,23781.055240912203
1682985600,2023-05-02 00:00:00,BCH/EUR,106.60,108.72,106.11,108.28,253.52596987,27451.792017523603
1683072000,2023-05-03 00:00:00,BCH/EUR,108.08,108.93,105.19,108.58,564.13697573,61253.9928247634
1683158400,2023-05-04 00:00:00,BCH/EUR,108.31,108.31,106.10,106.36,330.46491394,35148.2482466584
1683244800,2023-05-05 00:00:00,BCH/EUR,106.96,109.93,106.86,108.91,1028.35248791,111997.8694582781
1683331200,2023-05-06 00:00:00,BCH/EUR,109.12,109.33,105.10,106.28,239.10709789,25412.3023637492
1683417600,2023-05-07 00:00:00,BCH/EUR,106.17,106.95,105.94,106.00,217.93300391,23100.89841446
1683504000,2023-05-08 00:00:00,BCH/EUR,105.74,106.04,97.61,101.63,1191.71064181,121113.55252715028
1683590400,2023-05-09 00:00:00,BCH/EUR,101.52,112.47,100.47,111.37,1978.01249599,220291.2516784063
1683676800,2023-05-10 00:00:00,BCH/EUR,111.79,112.28,101.86,105.58,1489.26631785,157236.737838603
1683763200,2023-05-11 00:00:00,BCH/EUR,104.00,104.84,101.94,104.08,392.93441012,40896.6134052896
1683849600,2023-05-12 00:00:00,BCH/EUR,103.69,106.49,103.68,106.07,500.57009765,53095.47025773549
1683936000,2023-05-13 00:00:00,BCH/EUR,105.57,105.74,103.86,104.10,149.78434497,15592.550311377
1684022400,2023-05-14 00:00:00,BCH/EUR,105.11,107.17,104.53,106.21,281.91260558,29941.937838651796
1684108800,2023-05-15 00:00:00,BCH/EUR,105.71,110.97,105.71,106.89,1074.92167692,114898.3780459788
1684195200,2023-05-16 00:00:00,BCH/EUR,106.73,108.18,105.63,107.57,213.05680301,22918.5202997857
1684281600,2023-05-17 00:00:00,BCH/EUR,107.04,109.10,106.75,108.44,235.51525773,25539.2745482412
1684368000,2023-05-18 00:00:00,BCH/EUR,108.47,108.65,104.92,107.37,180.57638698,19388.4866700426
1684454400,2023-05-19 00:00:00,BCH/EUR,106.92,107.61,106.35,106.79,57.37512171,6127.0892474109005
1684540800,2023-05-20 00:00:00,BCH/EUR,106.48,108.20,106.15,107.64,77.11400348,8300.551334587199
1684627200,2023-05-21 00:00:00,BCH/EUR,107.87,108.12,105.62,106.09,255.46310568,27102.080881591202
1684713600,2023-05-22 00:00:00,BCH/EUR,105.15,106.62,104.91,106.23,298.37459015,31696.332711634503
1684800000,2023-05-23 00:00:00,BCH/EUR,106.21,108.32,106.21,107.20,224.36645472,24052.083945984003
1684886400,2023-05-24 00:00:00,BCH/EUR,106.82,106.82,103.18,104.34,362.57653842,37831.236018742806
1684972800,2023-05-25 00:00:00,BCH/EUR,103.57,105.13,102.00,104.24,652.89692821,68057.97579661041
1685059200,2023-05-26 00:00:00,BCH/EUR,104.05,106.09,104.03,105.51,149.54175426,15778.150491972601
1685145600,2023-05-27 00:00:00,BCH/EUR,105.32,106.20,105.00,105.92,47.76449415,5059.215220368
1685232000,2023-05-28 00:00:00,BCH/EUR,106.81,108.72,105.94,108.72,419.59399719,45618.259374496796
1685318400,2023-05-29 00:00:00,BCH/EUR,108.35,109.41,107.23,107.38,129.03453332,13855.7281879016
1685404800,2023-05-30 00:00:00,BCH/EUR,107.05,107.82,106.45,106.62,117.46160575,12523.756405065002
1685491200,2023-05-31 00:00:00,BCH/EUR,105.71,106.53,104.88,105.99,121.56027192,12884.1732208008
1685577600,2023-06-01 00:00:00,BCH/EUR,105.96,107.35,104.41,105.49,282.10534473,29759.2928155677
1685664000,2023-06-02 00:00:00,BCH/EUR,105.38,107.36,105.38,107.30,84.21410255,9036.173203615
1685750400,2023-06-03 00:00:00,BCH/EUR,106.91,107.62,106.79,107.32,63.52773948,6817.7970009936
1685836800,2023-06-04 00:00:00,BCH/EUR,106.98,109.17,106.98,108.06,165.47718422,17881.4645268132
1685923200,2023-06-05 00:00:00,BCH/EUR,108.05,108.05,100.00,101.85,476.68641498,48550.511365713
1686009600,2023-06-06 00:00:00,BCH/EUR,101.72,107.31,101.09,107.31,357.14966611,38325.7306702641
1686096000,2023-06-07 00:00:00,BCH/EUR,106.79,109.00,103.03,103.69,176.89960169,18342.7196992361
1686182400,2023-06-08 00:00:00,BCH/EUR,103.56,104.35,103.16,103.68,83.59311156,8666.933806540801
1686268800,2023-06-09 00:00:00,BCH/EUR,105.84,105.84,102.14,103.07,93.04807695,9590.465291236498
1686355200,2023-06-10 00:00:00,BCH/EUR,102.87,108.99,84.60,96.91,2015.78271254,195349.50267225137
1686441600,2023-06-11 00:00:00,BCH/EUR,96.83,96.83,94.92,95.50,214.75533314,20509.13431487
1686528000,2023-06-12 00:00:00,BCH/EUR,95.66,96.93,94.12,95.50,270.30506577,25814.133781035
1686614400,2023-06-13 00:00:00,BCH/EUR,95.28,101.25,95.00,97.09,201.85520871,19598.1222136539
1686700800,2023-06-14 00:00:00,BCH/EUR,97.78,99.96,93.27,93.91,177.12560294,16633.8653720954
1686787200,2023-06-15 00:00:00,BCH/EUR,94.06,95.89,93.92,95.44,477.58920928,45581.11413368319
1686873600,2023-06-16 00:00:00,BCH/EUR,95.40,99.64,94.30,98.79,405.98807547,40107.5619756813
1686960000,2023-06-17 00:00:00,BCH/EUR,98.51,98.95,97.10,97.65,184.72969341,18038.854561486503
1687046400,2023-06-18 00:00:00,BCH/EUR,97.42,99.52,96.91,98.04,222.82905022,21846.1600835688
1687132800,2023-06-19 00:00:00,BCH/EUR,97.78,97.99,96.10,97.79,135.98331817,13297.8086838443
1687219200,2023-06-20 00:00:00,BCH/EUR,97.81,101.12,96.37,100.53,189.17388182,19017.650339364598
1687305600,2023-06-21 00:00:00,BCH/EUR,100.72,127.00,100.42,123.26,4357.67716077,537127.2868365103
1687392000,2023-06-22 00:00:00,BCH/EUR,123.26,135.59,116.57,122.76,1630.30974633,200136.8244594708
1687478400,2023-06-23 00:00:00,BCH/EUR,123.07,176.28,123.07,167.43,6700.95546607,1121940.9736841
1687564800,2023-06-24 00:00:00,BCH/EUR,166.06,201.46,165.31,196.31,2937.45087151,576650.9805861281
1687651200,2023-06-25 00:00:00,BCH/EUR,196.88,199.48,170.61,178.80,1610.77805171,288007.11564574804
1687737600,2023-06-26 00:00:00,BCH/EUR,179.29,214.82,173.53,205.29,5851.57872036,1201270.5955027044
1687824000,2023-06-27 00:00:00,BCH/EUR,203.75,220.00,192.01,210.07,2611.40654931,548578.1738135517
1687910400,2023-06-28 00:00:00,BCH/EUR,207.12,224.00,201.86,206.27,1565.15065847,322843.6263226069
1687996800,2023-06-29 00:00:00,BCH/EUR,206.55,235.00,206.55,232.14,3875.54903724,899669.9535048936
1688083200,2023-06-30 00:00:00,BCH/EUR,235.00,300.00,233.13,278.20,8348.00273354,2322414.3604708277
1688169600,2023-07-01 00:00:00,BCH/EUR,279.39,282.97,257.23,264.99,1404.80370590,372258.934026441
1688256000,2023-07-02 00:00:00,BCH/EUR,268.39,280.21,247.00,273.33,1127.23152876,308106.19375597074
1688342400,2023-07-03 00:00:00,BCH/EUR,273.15,278.49,257.58,267.29,1621.43885438,433394.39138723025
1688428800,2023-07-04 00:00:00,BCH/EUR,267.67,268.15,249.60,250.48,2172.66414673,544208.9154729304
1688515200,2023-07-05 00:00:00,BCH/EUR,250.44,255.54,226.10,251.31,6389.86693000,1605837.4581783
1688601600,2023-07-06 00:00:00,BCH/EUR,248.42,277.82,247.39,252.80,2443.38102326,617686.722680128
1688688000,2023-07-07 00:00:00,BCH/EUR,251.94,265.00,251.56,253.92,666.95881340,169354.181898528
1688774400,2023-07-08 00:00:00,BCH/EUR,256.74,257.71,239.30,248.61,1304.35181655,324274.90511249553
1688860800,2023-07-09 00:00:00,BCH/EUR,248.19,254.16,239.31,241.84,135.00965728,32650.7355165952
1688947200,2023-07-10 00:00:00,BCH/EUR,238.39,261.48,237.00,248.94,878.77414717,218762.0361964998
1689033600,2023-07-11 00:00:00,BCH/EUR,249.92,251.94,246.37,248.97,298.35635382,74281.7814105654
1689120000,2023-07-12 00:00:00,BCH/EUR,248.19,266.26,247.69,253.98,1376.37326806,349571.28262187884
1689206400,2023-07-13 00:00:00,BCH/EUR,255.94,261.28,235.00,244.20,2789.24923675,681134.6636143499
1689292800,2023-07-14 00:00:00,BCH/EUR,243.93,247.63,226.26,236.01,1301.23673470,307104.88175654697
1689379200,2023-07-15 00:00:00,BCH/EUR,235.31,235.31,219.30,225.70,986.40323499,222631.21013724298
1689465600,2023-07-16 00:00:00,BCH/EUR,227.10,232.90,221.10,223.13,595.34588652,132839.5276592076
1689552000,2023-07-17 00:00:00,BCH/EUR,221.29,226.54,209.92,215.54,1766.74561462,380804.3497751948
1689638400,2023-07-18 00:00:00,BCH/EUR,215.32,220.84,206.37,217.33,810.88758666,176230.19920881782
1689724800,2023-07-19 00:00:00,BCH/EUR,220.16,224.10,215.88,218.34,577.25113278,126037.01233118521
1689811200,2023-07-20 00:00:00,BCH/EUR,217.71,227.60,216.00,219.05,822.88751043,180253.50915969152
1689897600,2023-07-21 00:00:00,BCH/EUR,217.84,222.80,217.38,221.46,608.77852979,134820.0932072934
1689984000,2023-07-22 00:00:00,BCH/EUR,222.48,222.48,213.15,214.85,142.42289591,30599.559186263497
1690070400,2023-07-23 00:00:00,BCH/EUR,215.35,230.00,214.85,224.97,627.31815121,141127.7644777137
1690156800,2023-07-24 00:00:00,BCH/EUR,224.27,227.41,213.34,215.71,1412.81758177,304758.88056360674
1690243200,2023-07-25 00:00:00,BCH/EUR,215.48,216.48,209.91,215.07,391.53861156,84208.20918820919
1690329600,2023-07-26 00:00:00,BCH/EUR,213.43,220.98,208.33,217.82,1594.20840266,347250.4742674012
1690416000,2023-07-27 00:00:00,BCH/EUR,218.07,224.68,217.85,223.17,1256.22047064,280350.7224327288
1690502400,2023-07-28 00:00:00,BCH/EUR,222.34,222.34,218.79,218.92,456.99463668,100045.2658619856
1690588800,2023-07-29 00:00:00,BCH/EUR,218.20,219.69,216.51,219.69,291.75630995,64095.9437329155
1690675200,2023-07-30 00:00:00,BCH/EUR,220.13,232.00,219.44,229.10,926.42008636,212242.841785076
1690761600,2023-07-31 00:00:00,BCH/EUR,229.58,235.00,224.26,225.37,1216.91679015,274256.5369961055
1690848000,2023-08-01 00:00:00,BCH/EUR,223.64,225.92,217.55,222.12,486.46175229,108052.8844186548
1690934400,2023-08-02 00:00:00,BCH/EUR,222.18,224.03,203.28,209.33,1816.93475861,380338.95301983133
1691020800,2023-08-03 00:00:00,BCH/EUR,209.02,211.39,204.37,205.80,1020.27870650,209973.3577977
1691107200,2023-08-04 00:00:00,BCH/EUR,206.07,209.34,200.40,206.53,1167.30870068,241084.26595144038
1691193600,2023-08-05 00:00:00,BCH/EUR,206.66,207.23,202.91,205.99,448.78083033,92444.3632396767
1691280000,2023-08-06 00:00:00,BCH/EUR,205.47,207.47,201.20,202.32,351.49226251,71113.91455102319
1691366400,2023-08-07 00:00:00,BCH/EUR,200.08,222.40,197.60,215.84,2363.58861367,510156.96637453284
1691452800,2023-08-08 00:00:00,BCH/EUR,215.55,227.34,213.79,217.40,1176.48393113,255767.606627662
1691539200,2023-08-09 00:00:00,BCH/EUR,217.72,218.20,212.54,216.42,914.10831962,197831.32253216038
1691625600,2023-08-10 00:00:00,BCH/EUR,218.46,219.03,209.75,211.05,946.04061181,199661.8711225005
1691712000,2023-08-11 00:00:00,BCH/EUR,210.70,210.70,206.40,209.15,366.29328844,76610.24127722601
1691798400,2023-08-12 00:00:00,BCH/EUR,208.82,210.70,207.64,208.66,100.32729665,20934.293718989
1691884800,2023-08-13 00:00:00,BCH/EUR,208.91,210.83,205.85,208.66,330.64635834,68992.6691312244
1691971200,2023-08-14 00:00:00,BCH/EUR,208.75,211.11,208.03,211.08,194.49148840,41053.26337147201
1692057600,2023-08-15 00:00:00,BCH/EUR,210.69,216.39,206.29,209.48,1369.83315232,286952.6487479936
1692144000,2023-08-16 00:00:00,BCH/EUR,210.70,210.70,185.17,190.14,2137.68236628,406458.9251244792
1692230400,2023-08-17 00:00:00,BCH/EUR,190.30,193.90,152.19,169.41,2777.25293924,470494.4204366484
1692316800,2023-08-18 00:00:00,BCH/EUR,169.68,213.40,164.64,172.25,3156.83870144,543765.46632304
1692403200,2023-08-19 00:00:00,BCH/EUR,174.14,176.71,170.58,172.44,1082.25956523,186624.83942826118
1692489600,2023-08-20 00:00:00,BCH/EUR,172.71,175.62,172.15,174.02,541.81913363,94287.36563429261
1692576000,2023-08-21 00:00:00,BCH/EUR,174.46,182.62,165.90,170.76,713.13138593,121774.31546140679
1692662400,2023-08-22 00:00:00,BCH/EUR,170.28,173.06,148.00,170.48,1116.43255375,190329.42176329996
1692748800,2023-08-23 00:00:00,BCH/EUR,170.39,180.99,170.39,178.18,692.78428007,123440.30302287261
1692835200,2023-08-24 00:00:00,BCH/EUR,178.64,180.75,174.13,180.11,778.71642074,140254.6145394814
1692921600,2023-08-25 00:00:00,BCH/EUR,180.08,180.08,174.83,177.92,515.65435055,91745.22204985599
1693008000,2023-08-26 00:00:00,BCH/EUR,176.82,177.48,174.90,176.20,111.50006852,19646.312073224
1693094400,2023-08-27 00:00:00,BCH/EUR,176.12,186.11,176.12,183.77,251.41372336,46202.299941867204
1693180800,2023-08-28 00:00:00,BCH/EUR,183.07,183.07,174.02,175.70,254.93557688,44792.180857816
1693267200,2023-08-29 00:00:00,BCH/EUR,176.10,209.90,174.73,206.60,1632.56747060,337288.43942596
1693353600,2023-08-30 00:00:00,BCH/EUR,207.29,207.29,193.77,197.61,1757.05298343,347211.24005560233
1693440000,2023-08-31 00:00:00,BCH/EUR,197.33,204.64,187.25,190.81,1495.84262208,285421.7307190848
1693526400,2023-09-01 00:00:00,BCH/EUR,191.88,194.38,183.83,184.91,1188.63988998,219791.40205620177
1693612800,2023-09-02 00:00:00,BCH/EUR,185.68,186.88,177.35,181.12,487.64733643,88322.6855742016
1693699200,2023-09-03 00:00:00,BCH/EUR,181.17,183.26,177.48,182.53,183.61761540,33515.723338962
1693785600,2023-09-04 00:00:00,BCH/EUR,181.74,184.29,176.07,179.28,586.11855006,105079.33365475679
1693872000,2023-09-05 00:00:00,BCH/EUR,179.62,181.27,176.54,178.92,389.41242895,69673.671787734
1693958400,2023-09-06 00:00:00,BCH/EUR,178.49,182.91,177.05,180.14,385.45899085,69436.582611719
1694044800,2023-09-07 00:00:00,BCH/EUR,178.92,181.56,177.62,180.87,515.80500141,93293.6506050267
1694131200,2023-09-08 00:00:00,BCH/EUR,180.41,183.96,178.50,180.69,1032.58584643,186577.93659143668
1694217600,2023-09-09 00:00:00,BCH/EUR,180.10,183.00,178.78,180.22,231.54736230,41729.465633706
1694304000,2023-09-10 00:00:00,BCH/EUR,179.37,179.72,171.11,178.19,744.70696634,132699.3343321246
1694390400,2023-09-11 00:00:00,BCH/EUR,178.02,178.02,169.00,171.22,777.02041039,133041.4346669758
1694476800,2023-09-12 00:00:00,BCH/EUR,172.17,195.80,171.80,184.55,833.99232349,153913.28330007952
1694563200,2023-09-13 00:00:00,BCH/EUR,184.00,189.57,182.24,185.94,1081.03264380,201007.20978817198
1694649600,2023-09-14 00:00:00,BCH/EUR,185.38,197.67,185.24,195.42,1579.61244341,308687.86369118217
1694736000,2023-09-15 00:00:00,BCH/EUR,195.47,211.66,193.82,203.62,2932.42642954,597100.6695829348
1694822400,2023-09-16 00:00:00,BCH/EUR,203.29,209.33,200.18,201.18,1983.43996221,399028.4515974078
1694908800,2023-09-17 00:00:00,BCH/EUR,200.80,200.90,192.74,196.63,1417.57621463,278738.0110826969
1694995200,2023-09-18 00:00:00,BCH/EUR,197.50,211.80,195.07,202.55,1400.43946181,283659.0129896155
1695081600,2023-09-19 00:00:00,BCH/EUR,202.71,207.91,200.89,205.17,1582.26536241,324633.3844056597
1695168000,2023-09-20 00:00:00,BCH/EUR,204.92,206.50,198.07,202.29,1142.66216057,231149.1284617053
1695254400,2023-09-21 00:00:00,BCH/EUR,202.74,202.74,193.34,195.73,487.39450561,95397.7265830453
1695340800,2023-09-22 00:00:00,BCH/EUR,195.39,197.22,191.64,195.43,1110.43872523,217013.04007169892
1695427200,2023-09-23 00:00:00,BCH/EUR,195.79,196.59,194.27,195.38,114.09405416,22291.696301780798
1695513600,2023-09-24 00:00:00,BCH/EUR,195.95,197.32,190.54,192.42,327.71910173,63059.70955488659
1695600000,2023-09-25 00:00:00,BCH/EUR,190.95,201.15,190.00,198.39,265.61421972,52695.20505025079
1695686400,2023-09-26 00:00:00,BCH/EUR,198.28,203.80,197.88,202.46,582.49172024,117931.27367979039
1695772800,2023-09-27 00:00:00,BCH/EUR,203.39,224.10,202.35,217.41,2073.79287984,450863.31000601436
1695859200,2023-09-28 00:00:00,BCH/EUR,217.30,231.40,217.30,226.30,2367.86388504,535847.597184552
1695945600,2023-09-29 00:00:00,BCH/EUR,225.96,228.00,216.97,222.79,1034.76038381,230534.26590902987
1696032000,2023-09-30 00:00:00,BCH/EUR,222.25,225.30,219.74,221.59,247.67344024,54881.9576227816
1696118400,2023-10-01 00:00:00,BCH/EUR,221.78,231.57,220.70,229.17,1200.20824368,275051.72320414556
1696204800,2023-10-02 00:00:00,BCH/EUR,229.18,243.03,227.70,235.34,1488.74965805,350362.34452548705
1696291200,2023-10-03 00:00:00,BCH/EUR,235.11,240.12,217.80,220.23,917.35138046,202028.29451870578
1696377600,2023-10-04 00:00:00,BCH/EUR,219.98,222.82,214.10,222.82,624.01954315,139044.034604683
1696464000,2023-10-05 00:00:00,BCH/EUR,222.56,223.13,214.58,220.00,861.54826911,189540.6192042
1696550400,2023-10-06 00:00:00,BCH/EUR,221.00,221.00,215.87,218.16,492.33177407,107407.09983111119
1696636800,2023-10-07 00:00:00,BCH/EUR,217.92,223.09,215.94,217.50,355.60625294,77344.36001445
1696723200,2023-10-08 00:00:00,BCH/EUR,218.24,220.08,214.45,215.43,259.15630731,55830.0432837933
1696809600,2023-10-09 00:00:00,BCH/EUR,215.41,217.05,200.60,206.30,721.87552629,148922.92107362702
1696896000,2023-10-10 00:00:00,BCH/EUR,206.59,207.89,198.65,201.59,744.15426107,150014.05748910128
1696982400,2023-10-11 00:00:00,BCH/EUR,199.85,204.40,195.00,201.08,647.82126217,130263.8993971436
1697068800,2023-10-12 00:00:00,BCH/EUR,201.10,205.00,196.72,203.04,449.70921810,91308.95964302399
1697155200,2023-10-13 00:00:00,BCH/EUR,203.14,208.17,201.00,206.78,448.54413273,92749.9557659094
1697241600,2023-10-14 00:00:00,BCH/EUR,206.91,206.96,204.41,204.41,114.29890057,23363.8382655137
1697328000,2023-10-15 00:00:00,BCH/EUR,204.06,205.86,202.53,204.19,167.93351911,34290.3452670709
1697414400,2023-10-16 00:00:00,BCH/EUR,204.93,235.86,204.93,219.40,1025.40347302,224973.52198058803
1697500800,2023-10-17 00:00:00,BCH/EUR,218.71,220.00,212.09,214.54,249.57772810,53544.405786573996
1697587200,2023-10-18 00:00:00,BCH/EUR,213.00,220.27,213.00,215.12,550.23185451,118365.8765421912
1697673600,2023-10-19 00:00:00,BCH/EUR,215.00,220.99,213.86,214.69,484.84157406,104090.6375349414
1697760000,2023-10-20 00:00:00,BCH/EUR,215.27,235.30,214.21,227.16,1230.36167205,279488.95742287795
1697846400,2023-10-21 00:00:00,BCH/EUR,228.00,232.47,225.00,230.01,382.10678393,87888.38137173929
1697932800,2023-10-22 00:00:00,BCH/EUR,231.93,240.00,224.00,230.89,543.96793880,125596.75738953198
1698019200,2023-10-23 00:00:00,BCH/EUR,229.28,247.71,227.00,245.67,880.09622976,216213.2407651392
1698105600,2023-10-24 00:00:00,BCH/EUR,245.95,252.00,231.81,237.72,2233.37571290,530918.074470588
1698192000,2023-10-25 00:00:00,BCH/EUR,237.87,245.35,234.52,240.18,668.53413998,160568.5297403964
1698278400,2023-10-26 00:00:00,BCH/EUR,241.55,243.33,228.71,234.15,510.75151258,119592.466670607
1698364800,2023-10-27 00:00:00,BCH/EUR,233.31,234.04,220.32,226.71,273.66765637,62043.1943756427
1698451200,2023-10-28 00:00:00,BCH/EUR,228.66,234.62,227.62,232.08,358.77546260,83264.609360208
1698537600,2023-10-29 00:00:00,BCH/EUR,231.45,236.13,230.23,233.10,365.88939824,85288.818729744
1698624000,2023-10-30 00:00:00,BCH/EUR,232.82,236.85,228.00,231.86,600.82861917,139308.1236407562
1698710400,2023-10-31 00:00:00,BCH/EUR,231.92,234.50,223.39,231.15,538.26457515,124419.8565459225
1698796800,2023-11-01 00:00:00,BCH/EUR,231.33,234.02,224.23,231.31,514.80313016,119079.1120373096
1698883200,2023-11-02 00:00:00,BCH/EUR,231.89,235.00,217.85,221.38,976.68785063,216219.15637246938
1698969600,2023-11-03 00:00:00,BCH/EUR,222.03,226.14,217.90,222.46,348.16305512,77452.35324199521
1699056000,2023-11-04 00:00:00,BCH/EUR,220.97,224.24,220.23,224.23,331.93195553,74429.1023884919
1699142400,2023-11-05 00:00:00,BCH/EUR,224.24,226.63,217.62,222.21,500.14026231,111136.16768790511
1699228800,2023-11-06 00:00:00,BCH/EUR,221.67,228.20,219.80,226.90,458.85221713,104113.568066797
1699315200,2023-11-07 00:00:00,BCH/EUR,225.73,235.30,223.00,228.36,1051.54404558,240130.59824864884
1699401600,2023-11-08 00:00:00,BCH/EUR,227.00,231.19,226.27,229.25,579.50961232,132852.57862436
1699488000,2023-11-09 00:00:00,BCH/EUR,229.16,240.66,216.53,225.05,1889.33261026,425194.303939013
1699574400,2023-11-10 00:00:00,BCH/EUR,224.82,228.85,219.32,224.49,882.46424498,198104.3983555602
1699660800,2023-11-11 00:00:00,BCH/EUR,224.56,226.37,217.98,221.78,697.58385043,154710.1463483654
1699747200,2023-11-12 00:00:00,BCH/EUR,222.08,224.33,216.97,221.54,232.02707221,51403.2775774034
1699833600,2023-11-13 00:00:00,BCH/EUR,221.50,224.14,218.16,219.46,544.87890967,119579.1255161782
1699920000,2023-11-14 00:00:00,BCH/EUR,218.91,223.37,203.40,213.13,1109.38276731,236442.7491967803
1700006400,2023-11-15 00:00:00,BCH/EUR,214.15,219.47,211.98,219.47,803.82666434,176415.83802269978
1700092800,2023-11-16 00:00:00,BCH/EUR,219.34,225.72,213.21,215.85,511.71904931,110454.5567935635
1700179200,2023-11-17 00:00:00,BCH/EUR,215.42,215.88,203.79,210.47,1099.81374718,231477.7993689746
1700265600,2023-11-18 00:00:00,BCH/EUR,210.20,210.20,203.14,208.53,204.19280327,42580.3252658931
1700352000,2023-11-19 00:00:00,BCH/EUR,207.90,211.15,206.09,211.14,204.26639327,43128.8062750278
1700438400,2023-11-20 00:00:00,BCH/EUR,211.07,211.13,205.71,207.26,301.58601282,62506.7170170732
1700524800,2023-11-21 00:00:00,BCH/EUR,207.01,215.00,196.44,199.80,1605.54002210,320786.89641558
1700611200,2023-11-22 00:00:00,BCH/EUR,198.21,206.46,198.21,206.09,619.56214515,127685.5624939635
1700697600,2023-11-23 00:00:00,BCH/EUR,205.90,208.09,204.29,206.72,413.51856652,85482.5580710144
1700784000,2023-11-24 00:00:00,BCH/EUR,206.87,210.39,205.79,206.52,309.44423373,63906.4231499196
1700870400,2023-11-25 00:00:00,BCH/EUR,206.75,208.70,203.64,208.16,920.65129430,191642.773421488
1700956800,2023-11-26 00:00:00,BCH/EUR,208.42,210.18,203.34,207.06,682.64476661,141348.4253742666
1701043200,2023-11-27 00:00:00,BCH/EUR,207.77,209.83,200.74,204.11,882.35104794,180096.6723950334
1701129600,2023-11-28 00:00:00,BCH/EUR,203.18,204.23,201.17,203.04,307.90515775,62517.06322956
1701216000,2023-11-29 00:00:00,BCH/EUR,202.99,206.55,201.52,203.51,216.81751997,44124.5334890947
1701302400,2023-11-30 00:00:00,BCH/EUR,203.49,204.33,202.30,203.45,248.03038120,50461.781055139996
1701388800,2023-12-01 00:00:00,BCH/EUR,202.83,207.80,202.83,207.19,704.87202565,146042.4349944235
1701475200,2023-12-02 00:00:00,BCH/EUR,206.88,209.94,206.88,209.57,1370.22323750,287157.683882875
1701561600,2023-12-03 00:00:00,BCH/EUR,209.69,213.40,206.00,210.04,332.17636228,69770.3231332912
1701648000,2023-12-04 00:00:00,BCH/EUR,211.08,236.31,210.73,232.57,4067.10403965,945886.3865014004
1701734400,2023-12-05 00:00:00,BCH/EUR,232.70,233.58,220.18,232.16,1965.04269160,456204.311281856
1701820800,2023-12-06 00:00:00,BCH/EUR,232.72,245.40,224.93,226.84,2390.73609233,542314.5751841372
1701907200,2023-12-07 00:00:00,BCH/EUR,227.19,231.29,222.38,229.02,1228.18192917,281278.2254185134
1701993600,2023-12-08 00:00:00,BCH/EUR,228.83,236.35,228.48,235.92,1319.55681051,311309.8427355192
1702080000,2023-12-09 00:00:00,BCH/EUR,236.79,244.57,232.93,234.97,1195.17238501,280829.6553057997
1702166400,2023-12-10 00:00:00,BCH/EUR,235.05,237.18,227.44,233.14,442.27760052,103112.5997852328
1702252800,2023-12-11 00:00:00,BCH/EUR,233.30,233.48,196.87,214.29,2300.45410074,492964.30924757454
1702339200,2023-12-12 00:00:00,BCH/EUR,214.32,217.95,210.46,214.72,800.49060710,171881.343156512
1702425600,2023-12-13 00:00:00,BCH/EUR,214.72,217.70,206.77,216.38,1196.95662060,258997.473565428
1702512000,2023-12-14 00:00:00,BCH/EUR,216.46,217.14,208.78,215.77,1176.58577636,253871.9129651972
1702598400,2023-12-15 00:00:00,BCH/EUR,215.78,215.88,207.00,208.00,609.98351926,126876.57200608
1702684800,2023-12-16 00:00:00,BCH/EUR,209.32,213.00,206.56,210.84,122.60009763,25849.004584309198
1702771200,2023-12-17 00:00:00,BCH/EUR,211.19,211.42,206.78,207.89,326.12952278,67799.0664907342
1702857600,2023-12-18 00:00:00,BCH/EUR,207.57,208.81,199.55,208.51,881.31708394,183763.4251723294
1702944000,2023-12-19 00:00:00,BCH/EUR,208.50,211.16,203.01,204.75,531.45240402,108814.879723095
1703030400,2023-12-20 00:00:00,BCH/EUR,205.11,214.16,204.89,209.64,1224.88656308,256785.2190840912
1703116800,2023-12-21 00:00:00,BCH/EUR,209.29,213.47,208.80,211.62,581.16460572,122986.05386246642
1703203200,2023-12-22 00:00:00,BCH/EUR,212.50,221.40,210.56,216.98,1007.75390993,218662.4433766114
1703289600,2023-12-23 00:00:00,BCH/EUR,216.94,217.00,209.48,212.35,752.30347417,159751.6427399995
1703376000,2023-12-24 00:00:00,BCH/EUR,211.66,212.80,205.40,208.51,434.18838398,90532.61994366981
1703462400,2023-12-25 00:00:00,BCH/EUR,208.88,215.48,208.14,213.32,775.54629556,165439.53576885918
1703548800,2023-12-26 00:00:00,BCH/EUR,213.47,213.47,199.86,207.78,779.59681668,161984.6265697704
1703635200,2023-12-27 00:00:00,BCH/EUR,207.68,238.98,205.44,238.10,3863.43214708,919883.194219748
1703721600,2023-12-28 00:00:00,BCH/EUR,238.48,250.42,232.00,236.35,3145.61391066,743465.8477844909
1703808000,2023-12-29 00:00:00,BCH/EUR,236.72,243.27,227.42,230.73,1052.84763560,242923.534961988
1703894400,2023-12-30 00:00:00,BCH/EUR,231.96,261.00,230.86,246.54,1815.93305616,447700.1356656864
1703980800,2023-12-31 00:00:00,BCH/EUR,245.25,252.17,230.00,235.66,1803.76280639,425074.74295386736
1704067200,2024-01-01 00:00:00,BCH/EUR,236.29,242.50,232.68,242.50,426.93101614,103530.77141395
1704153600,2024-01-02 00:00:00,BCH/EUR,242.70,246.00,232.69,235.10,2452.16904730,576504.9430202299
1704240000,2024-01-03 00:00:00,BCH/EUR,235.49,244.64,201.00,214.71,4122.00540498,885035.7805032559
1704326400,2024-01-04 00:00:00,BCH/EUR,215.21,219.75,212.46,219.13,1627.47480291,356628.5535616683
1704412800,2024-01-05 00:00:00,BCH/EUR,218.97,220.73,209.25,218.97,2130.57189317,466531.3274474349
1704499200,2024-01-06 00:00:00,BCH/EUR,219.46,222.39,211.49,216.10,466.10806079,100725.95193671901
1704585600,2024-01-07 00:00:00,BCH/EUR,217.00,219.80,210.56,212.45,853.71786409,181372.3602259205
1704672000,2024-01-08 00:00:00,BCH/EUR,212.31,233.64,202.58,232.06,1623.68710729,376792.83011771744
1704758400,2024-01-09 00:00:00,BCH/EUR,232.18,235.30,220.00,224.28,1202.25317658,269641.3424433624
1704844800,2024-01-10 00:00:00,BCH/EUR,224.16,237.10,213.80,231.81,1505.22339497,348925.83518799575
1704931200,2024-01-11 00:00:00,BCH/EUR,230.07,264.33,228.30,251.89,3540.43071501,891799.0928038688
1705017600,2024-01-12 00:00:00,BCH/EUR,251.95,272.00,230.00,237.48,2998.20774096,712014.3743231808
1705104000,2024-01-13 00:00:00,BCH/EUR,237.76,240.00,229.92,233.10,523.88281090,122117.08322079
1705190400,2024-01-14 00:00:00,BCH/EUR,232.69,236.57,224.12,224.79,353.17293678,79389.7444587762
1705276800,2024-01-15 00:00:00,BCH/EUR,224.69,235.12,224.69,229.28,681.08372203,156158.87578703839
1705363200,2024-01-16 00:00:00,BCH/EUR,228.81,235.55,227.94,231.50,1463.42201018,338782.19535666995
1705449600,2024-01-17 00:00:00,BCH/EUR,230.85,230.95,221.91,223.63,798.98654028,178677.3600028164
1705536000,2024-01-18 00:00:00,BCH/EUR,224.12,224.36,215.00,218.46,534.98170884,116872.1041131864
1705622400,2024-01-19 00:00:00,BCH/EUR,218.88,219.39,208.44,217.18,1629.62949874,353922.9345363532
1705708800,2024-01-20 00:00:00,BCH/EUR,217.16,220.20,215.99,219.39,538.84248058,118216.6518144462
1705795200,2024-01-21 00:00:00,BCH/EUR,220.09,222.83,217.23,217.36,171.70301901,37321.3682120136
1705881600,2024-01-22 00:00:00,BCH/EUR,217.59,222.14,211.91,215.72,947.62196980,204421.011325256
1705968000,2024-01-23 00:00:00,BCH/EUR,217.26,218.18,201.57,211.36,4362.81633249,922124.8600350864
1706054400,2024-01-24 00:00:00,BCH/EUR,211.15,218.74,211.15,217.09,966.31387769,209777.07970772212
1706140800,2024-01-25 00:00:00,BCH/EUR,217.02,220.27,215.48,218.57,720.36944300,157451.14915651002
1706227200,2024-01-26 00:00:00,BCH/EUR,217.73,223.61,216.70,223.04,983.56017004,219373.26032572158
1706313600,2024-01-27 00:00:00,BCH/EUR,224.00,225.90,220.78,224.72,505.37801875,113568.5483735
1706400000,2024-01-28 00:00:00,BCH/EUR,224.76,226.14,217.05,218.46,621.71526133,135819.9159901518
1706486400,2024-01-29 00:00:00,BCH/EUR,217.80,223.32,216.80,222.86,598.35777369,133350.01344455342
1706572800,2024-01-30 00:00:00,BCH/EUR,222.44,225.00,218.17,219.01,1241.90444890,271989.493353589
1706659200,2024-01-31 00:00:00,BCH/EUR,218.82,220.27,214.61,217.06,1435.72809486,311639.1402703116
1706745600,2024-02-01 00:00:00,BCH/EUR,216.06,218.92,213.84,217.69,447.94036627,97512.13833331631
1706832000,2024-02-02 00:00:00,BCH/EUR,218.14,219.55,216.80,218.81,366.56593044,80208.2912395764
1706918400,2024-02-03 00:00:00,BCH/EUR,218.89,224.28,218.89,223.26,896.93817661,200250.4173099486
1707004800,2024-02-04 00:00:00,BCH/EUR,223.74,226.25,216.45,218.38,1328.46141446,290109.4036897748
1707091200,2024-02-05 00:00:00,BCH/EUR,218.05,220.96,217.00,219.19,1091.51446290,239249.055123051
1707177600,2024-02-06 00:00:00,BCH/EUR,219.24,220.84,218.05,218.68,1006.09729674,220013.35685110322
1707264000,2024-02-07 00:00:00,BCH/EUR,218.81,223.57,218.00,223.11,416.64570612,92957.8234924332
1707350400,2024-02-08 00:00:00,BCH/EUR,223.44,227.63,223.00,226.84,1349.31726659,306079.1287532756
1707436800,2024-02-09 00:00:00,BCH/EUR,227.10,235.30,227.10,231.65,1273.00557090,294891.74049898505
1707523200,2024-02-10 00:00:00,BCH/EUR,232.27,232.27,225.55,228.59,498.61579150,113978.583778985
1707609600,2024-02-11 00:00:00,BCH/EUR,228.54,261.19,228.18,255.76,4589.70098894,1173861.9249312943
1707696000,2024-02-12 00:00:00,BCH/EUR,256.59,267.80,247.12,259.91,3283.46199476,853404.6070580716
1707782400,2024-02-13 00:00:00,BCH/EUR,260.49,266.00,249.70,252.44,2330.49338349,588309.7497282155
1707868800,2024-02-14 00:00:00,BCH/EUR,250.70,274.50,247.77,261.67,4617.25718404,1208197.6873477467
1707955200,2024-02-15 00:00:00,BCH/EUR,261.75,262.52,247.63,251.33,1386.94791856,348581.62037168484
1708041600,2024-02-16 00:00:00,BCH/EUR,251.01,255.30,246.53,254.93,1464.77615226,373415.3844956418
1708128000,2024-02-17 00:00:00,BCH/EUR,254.55,254.55,240.00,248.15,843.41676305,209293.8697508575
1708214400,2024-02-18 00:00:00,BCH/EUR,248.16,252.11,246.37,251.21,1125.37118178,282704.4945749538
1708300800,2024-02-19 00:00:00,BCH/EUR,250.73,253.61,248.00,253.38,1001.98732448,253883.5482767424
1708387200,2024-02-20 00:00:00,BCH/EUR,253.15,253.79,237.76,245.68,2820.16093850,692857.1393706801
1708473600,2024-02-21 00:00:00,BCH/EUR,245.62,246.62,236.91,242.67,1342.93002031,325888.8280286277
1708560000,2024-02-22 00:00:00,BCH/EUR,243.34,245.50,239.22,240.10,1708.02094487,410095.828863287
1708646400,2024-02-23 00:00:00,BCH/EUR,241.37,246.73,239.84,244.94,1244.22037344,304759.3382703936
1708732800,2024-02-24 00:00:00,BCH/EUR,245.00,249.84,243.29,247.18,1464.39291219,361968.6400351242
1708819200,2024-02-25 00:00:00,BCH/EUR,247.05,250.00,245.25,247.59,706.18112117,174843.3837904803
1708905600,2024-02-26 00:00:00,BCH/EUR,247.47,254.39,242.00,252.90,1762.73860171,445796.592372459
1708992000,2024-02-27 00:00:00,BCH/EUR,253.03,288.69,253.03,270.00,3790.35587509,1023396.0862743
1709078400,2024-02-28 00:00:00,BCH/EUR,270.04,289.33,258.11,273.38,3084.79834419,843322.1713346622
1709164800,2024-02-29 00:00:00,BCH/EUR,273.49,297.73,270.00,275.37,2811.71956020,774263.215292274
1709251200,2024-03-01 00:00:00,BCH/EUR,275.14,295.00,275.01,291.23,2980.22500644,867930.9286255213
1709337600,2024-03-02 00:00:00,BCH/EUR,291.79,466.80,291.56,461.16,8725.06693687,4023651.8686069692
1709424000,2024-03-03 00:00:00,BCH/EUR,462.17,486.73,421.59,432.32,3936.80418432,1701959.1849652224
1709510400,2024-03-04 00:00:00,BCH/EUR,433.91,440.56,400.09,436.02,3978.42414993,1734672.4978524786
1709596800,2024-03-05 00:00:00,BCH/EUR,437.00,442.55,324.00,370.06,3490.13556026,1291559.5654298156
1709683200,2024-03-06 00:00:00,BCH/EUR,370.17,387.49,354.33,380.24,1667.63151678,634100.2079404272
1709769600,2024-03-07 00:00:00,BCH/EUR,381.29,401.46,364.98,393.78,3329.76795815,1311196.026560307
1709856000,2024-03-08 00:00:00,BCH/EUR,396.57,407.03,384.17,400.21,1730.65432786,692625.1685528506
1709942400,2024-03-09 00:00:00,BCH/EUR,400.93,418.80,390.00,396.30,1364.31381226,540677.5637986381
1710028800,2024-03-10 00:00:00,BCH/EUR,395.19,408.35,377.46,387.79,1257.58664567,487679.5253243694
1710115200,2024-03-11 00:00:00,BCH/EUR,385.99,416.87,367.66,409.53,2446.21054834,1001796.6058616801
1710201600,2024-03-12 00:00:00,BCH/EUR,408.51,408.73,376.30,397.88,1406.42164768,559587.0451789184
1710288000,2024-03-13 00:00:00,BCH/EUR,396.68,416.00,387.88,404.09,2138.95491517,864330.2916710451
1710374400,2024-03-14 00:00:00,BCH/EUR,403.80,432.63,382.30,405.25,3638.55446624,1474524.19744376
1710460800,2024-03-15 00:00:00,BCH/EUR,405.10,409.08,354.71,382.85,3377.02946999,1292895.7325856716
1710547200,2024-03-16 00:00:00,BCH/EUR,386.99,386.99,351.11,356.76,1095.51175102,390834.7722938952
1710633600,2024-03-17 00:00:00,BCH/EUR,358.38,374.08,339.12,371.08,1266.46535935,469959.96554759797
1710720000,2024-03-18 00:00:00,BCH/EUR,368.31,377.08,353.78,370.29,971.61148608,359778.0171805632
1710806400,2024-03-19 00:00:00,BCH/EUR,372.34,377.54,324.74,330.71,2813.89023083,930581.6382377892
1710892800,2024-03-20 00:00:00,BCH/EUR,333.26,377.87,320.94,375.09,1714.84001584,643219.3415414256
1710979200,2024-03-21 00:00:00,BCH/EUR,374.55,400.00,370.23,381.89,2500.59916702,954953.8158932677
1711065600,2024-03-22 00:00:00,BCH/EUR,381.99,400.87,362.39,400.13,1909.86235287,764193.2232538731
1711152000,2024-03-23 00:00:00,BCH/EUR,400.64,440.55,389.49,421.98,2138.29320638,902316.9672282324
1711238400,2024-03-24 00:00:00,BCH/EUR,423.45,462.12,412.35,448.18,2519.21737110,1129062.841379598
1711324800,2024-03-25 00:00:00,BCH/EUR,447.05,468.01,437.44,449.63,3645.99891484,1639350.4920795092
1711411200,2024-03-26 00:00:00,BCH/EUR,449.98,456.27,431.93,444.24,1564.40645442,694971.9233115409
1711497600,2024-03-27 00:00:00,BCH/EUR,443.63,511.23,442.23,498.70,5033.02859652,2509971.361084524
1711584000,2024-03-28 00:00:00,BCH/EUR,497.73,550.00,487.51,526.71,4890.74019796,2576001.769667512
1711670400,2024-03-29 00:00:00,BCH/EUR,525.91,593.40,514.16,576.60,3504.23184417,2020540.081348422
1711756800,2024-03-30 00:00:00,BCH/EUR,575.52,578.04,548.76,554.00,2311.38490091,1280507.23510414
1711843200,2024-03-31 00:00:00,BCH/EUR,555.88,642.09,547.04,628.97,3728.69597247,2345237.905804456
1711929600,2024-04-01 00:00:00,BCH/EUR,629.15,650.97,575.23,604.06,5154.47372736,3113611.3997490816
1712016000,2024-04-02 00:00:00,BCH/EUR,603.57,603.57,547.87,594.16,4581.46791517,2722124.9764774074
1712102400,2024-04-03 00:00:00,BCH/EUR,594.41,598.70,519.45,547.50,3610.80854182,1976917.6766464498
1712188800,2024-04-04 00:00:00,BCH/EUR,547.89,629.36,546.29,616.46,6614.49021193,4077568.636046368
1712275200,2024-04-05 00:00:00,BCH/EUR,614.26,667.99,599.95,607.46,4342.04738304,2637620.1033014785
1712361600,2024-04-06 00:00:00,BCH/EUR,608.59,660.48,608.59,641.02,2635.59746874,1689470.6894117147
1712448000,2024-04-07 00:00:00,BCH/EUR,642.33,655.42,623.42,632.81,1299.49485641,822333.340084812
1712534400,2024-04-08 00:00:00,BCH/EUR,630.79,657.00,625.02,625.77,2338.37767103,1463286.595200443
1712620800,2024-04-09 00:00:00,BCH/EUR,626.65,640.11,604.89,620.90,2158.59466887,1340271.429901383
1712707200,2024-04-10 00:00:00,BCH/EUR,617.30,619.25,555.00,584.53,2706.65820752,1582122.9220416655
1712793600,2024-04-11 00:00:00,BCH/EUR,579.35,583.45,559.63,571.58,760.79076095,434852.78314380103
1712880000,2024-04-12 00:00:00,BCH/EUR,572.84,576.93,463.24,504.23,3114.57454237,1570461.921499225
1712966400,2024-04-13 00:00:00,BCH/EUR,510.00,521.25,421.14,459.61,5095.40629691,2341899.688122805
1713052800,2024-04-14 00:00:00,BCH/EUR,457.17,498.61,432.40,494.80,2211.21857302,1094110.949930296
1713139200,2024-04-15 00:00:00,BCH/EUR,492.28,534.28,463.02,478.71,1692.31968967,810130.3586419256
1713225600,2024-04-16 00:00:00,BCH/EUR,477.17,480.07,437.94,460.70,1951.47259358,899043.4238623059
1713312000,2024-04-17 00:00:00,BCH/EUR,456.11,460.64,421.00,435.29,1943.27713767,845889.1052563743
1713398400,2024-04-18 00:00:00,BCH/EUR,434.96,459.27,425.45,454.15,1129.50912744,512966.57022687595
1713484800,2024-04-19 00:00:00,BCH/EUR,453.77,462.11,419.45,448.22,1360.64495731,609868.2827654883
1713571200,2024-04-20 00:00:00,BCH/EUR,446.34,491.60,442.69,483.96,827.89926808,400670.12977999676
1713657600,2024-04-21 00:00:00,BCH/EUR,481.05,486.00,464.28,472.78,436.19125004,206222.49919391118
1713744000,2024-04-22 00:00:00,BCH/EUR,474.52,495.73,467.12,490.60,306.77853456,150505.549055136
1713830400,2024-04-23 00:00:00,BCH/EUR,490.55,491.07,469.37,472.35,460.46817678,217502.14330203302
1713916800,2024-04-24 00:00:00,BCH/EUR,473.40,478.35,443.00,447.19,620.04715825,277278.8886978175
1714003200,2024-04-25 00:00:00,BCH/EUR,449.82,453.37,437.39,446.10,471.46653616,210321.221780976
1714089600,2024-04-26 00:00:00,BCH/EUR,445.52,460.85,435.89,451.56,253.65682424,114541.2755538144
1714176000,2024-04-27 00:00:00,BCH/EUR,452.06,453.73,435.80,447.22,316.07099858,141353.2719849476
1714262400,2024-04-28 00:00:00,BCH/EUR,448.49,455.99,437.53,439.22,138.47516539,60821.0621425958
1714348800,2024-04-29 00:00:00,BCH/EUR,440.35,442.60,417.84,434.68,315.12182380,136977.15436938402
1714435200,2024-04-30 00:00:00,BCH/EUR,433.77,438.43,393.97,405.70,825.56667220,334932.39891154
1714521600,2024-05-01 00:00:00,BCH/EUR,404.94,404.94,373.94,396.51,1616.87466760,641106.974450076
1714608000,2024-05-02 00:00:00,BCH/EUR,395.65,405.23,383.65,402.31,768.95382981,309357.8152708611
1714694400,2024-05-03 00:00:00,BCH/EUR,397.90,425.65,397.90,422.70,814.49293510,344286.16366677
1714780800,2024-05-04 00:00:00,BCH/EUR,428.00,444.94,427.96,432.36,575.72851004,248921.9786008944
1714867200,2024-05-05 00:00:00,BCH/EUR,430.30,439.28,425.54,436.52,350.15261050,152848.61753545998
1714953600,2024-05-06 00:00:00,BCH/EUR,436.18,449.55,429.94,439.14,457.98987195,201121.672368123
1715040000,2024-05-07 00:00:00,BCH/EUR,436.95,458.00,434.89,438.65,943.42305552,413832.523303848
1715126400,2024-05-08 00:00:00,BCH/EUR,439.31,439.31,413.69,416.08,565.67575347,235366.3675037976
1715212800,2024-05-09 00:00:00,BCH/EUR,417.55,425.25,411.48,421.46,1563.11332564,658789.7422242344
1715299200,2024-05-10 00:00:00,BCH/EUR,421.01,422.76,392.22,397.14,878.62094334,348935.5214380476
1715385600,2024-05-11 00:00:00,BCH/EUR,397.40,403.49,395.90,400.40,238.74624205,95593.99531682
1715472000,2024-05-12 00:00:00,BCH/EUR,399.88,406.77,397.98,402.19,167.11007713,67210.0019209147
1715558400,2024-05-13 00:00:00,BCH/EUR,402.15,414.77,392.30,405.01,502.74760379,203617.80701098792
1715644800,2024-05-14 00:00:00,BCH/EUR,405.16,406.77,395.88,395.88,328.81680378,130171.99628042639
1715731200,2024-05-15 00:00:00,BCH/EUR,394.81,428.25,391.53,428.25,580.72282252,248694.54874419002
1715817600,2024-05-16 00:00:00,BCH/EUR,426.47,426.47,407.42,409.70,457.31518246,187362.030253862
1715904000,2024-05-17 00:00:00,BCH/EUR,409.02,440.32,408.69,429.58,852.85785534,366370.6774969572
1715990400,2024-05-18 00:00:00,BCH/EUR,429.89,452.75,427.79,437.64,1021.41234137,447010.8970771668
1716076800,2024-05-19 00:00:00,BCH/EUR,435.63,455.82,435.63,446.39,813.30931542,363053.14531033376
1716163200,2024-05-20 00:00:00,BCH/EUR,444.07,476.20,437.67,475.81,768.19285264,365513.8412146384
1716249600,2024-05-21 00:00:00,BCH/EUR,476.18,486.38,467.62,474.23,1768.18990853,838528.7003221819
1716336000,2024-05-22 00:00:00,BCH/EUR,471.24,473.10,457.77,460.53,473.35086985,217992.27609202047
1716422400,2024-05-23 00:00:00,BCH/EUR,463.07,474.81,438.00,454.06,674.98130363,306482.0107262378
1716508800,2024-05-24 00:00:00,BCH/EUR,453.65,460.80,443.70,456.39,567.65476095,259071.95634997048
1716595200,2024-05-25 00:00:00,BCH/EUR,456.51,462.53,452.93,454.89,265.62949367,120832.2003755463
1716681600,2024-05-26 00:00:00,BCH/EUR,454.09,455.01,443.99,446.22,120.13738726,53607.7049431572
1716768000,2024-05-27 00:00:00,BCH/EUR,446.39,463.00,443.81,448.91,234.94057933,105467.1754670303
1716854400,2024-05-28 00:00:00,BCH/EUR,450.05,450.05,424.26,433.60,415.16431779,180015.24819374402
1716940800,2024-05-29 00:00:00,BCH/EUR,433.23,437.57,427.52,431.62,348.57249397,150450.8598473314
1717027200,2024-05-30 00:00:00,BCH/EUR,430.73,437.47,426.12,429.53,208.07041335,89372.4846462255
1717113600,2024-05-31 00:00:00,BCH/EUR,428.92,431.68,412.79,419.46,439.47040005,184340.254004973
1717200000,2024-06-01 00:00:00,BCH/EUR,419.12,428.82,418.81,426.43,168.09494753,71680.72847521791
1717286400,2024-06-02 00:00:00,BCH/EUR,428.01,428.40,418.11,422.11,87.32562209,36861.0183404099
1717372800,2024-06-03 00:00:00,BCH/EUR,419.07,433.82,419.07,426.22,210.67563862,89794.1706926164
1717459200,2024-06-04 00:00:00,BCH/EUR,424.93,440.37,421.87,436.84,426.41848353,186276.6503452452
1717545600,2024-06-05 00:00:00,BCH/EUR,439.01,457.03,438.47,454.66,493.96275162,224585.10465154922
1717632000,2024-06-06 00:00:00,BCH/EUR,455.58,461.11,447.01,455.14,232.97612852,106036.7551345928
1717718400,2024-06-07 00:00:00,BCH/EUR,455.14,455.14,455.14,455.14,0.00000000,0.0
