https://www.Saxcoin-b6.nl,BNB,Binance Coin
unix,date,symbol,open,high,low,close,volume,total
1578009600000,2020-01-03 00:00:00,BNB/EUR,11.85,12.2575,11.85,12.0992,205.73,2504.702034
1578096000000,2020-01-04 00:00:00,BNB/EUR,12.107,12.4087,12.107,12.3049,846.63,10336.399788
1578182400000,2020-01-05 00:00:00,BNB/EUR,12.3358,12.8459,12.3358,12.4934,3225.79,40267.749882
1578268800000,2020-01-06 00:00:00,BNB/EUR,12.5431,13.4977,12.5431,13.3084,87.35,1143.945977
1578355200000,2020-01-07 00:00:00,BNB/EUR,13.4429,13.5328,12.9098,13.3315,811.6,10662.480822
1578441600000,2020-01-08 00:00:00,BNB/EUR,13.4557,13.5738,12.6033,13.1114,543.95,7100.198145
1578528000000,2020-01-09 00:00:00,BNB/EUR,12.97,13.1495,12.7045,12.8113,379.51,4872.777601
1578614400000,2020-01-10 00:00:00,BNB/EUR,12.9604,13.4465,12.699,13.4465,304.89,4061.192195
1578700800000,2020-01-11 00:00:00,BNB/EUR,13.5155,13.7894,13.2825,13.4961,496.44,6738.12096
1578787200000,2020-01-12 00:00:00,BNB/EUR,13.3876,13.8471,13.3347,13.7233,168.24,2319.516367
1578873600000,2020-01-13 00:00:00,BNB/EUR,13.547,13.5751,13.4111,13.5751,10.76,145.423613
1578960000000,2020-01-14 00:00:00,BNB/EUR,13.63,15.1496,13.63,14.99,531.58,7612.655552
1579046400000,2020-01-15 00:00:00,BNB/EUR,14.99,16.2099,14.6459,15.7383,1006.12,15439.984397
1579132800000,2020-01-16 00:00:00,BNB/EUR,15.7289,15.7289,14.6788,15.425,302.23,4606.115203
1579219200000,2020-01-17 00:00:00,BNB/EUR,15.7228,16.5122,15.5198,16.3895,1090.56,17507.093948
1579305600000,2020-01-18 00:00:00,BNB/EUR,16.2053,16.4657,15.8414,16.1565,548.84,8846.400864
1579392000000,2020-01-19 00:00:00,BNB/EUR,16.0151,16.6023,15.0016,15.6427,627.67,9688.059035
1579478400000,2020-01-20 00:00:00,BNB/EUR,15.5463,15.7676,15.15,15.3685,990.46,15305.340702
1579564800000,2020-01-21 00:00:00,BNB/EUR,15.5738,16.3851,15.5606,16.21,180.03,2852.382792
1579651200000,2020-01-22 00:00:00,BNB/EUR,16.285,16.4289,15.8365,15.9021,347.88,5601.641345
1579737600000,2020-01-23 00:00:00,BNB/EUR,15.9021,15.9021,15.149,15.4956,1184.84,18076.018433
1579824000000,2020-01-24 00:00:00,BNB/EUR,15.1716,15.6992,14.8808,15.3502,665.98,10154.961443
1579910400000,2020-01-25 00:00:00,BNB/EUR,15.3339,15.4227,14.973,15.4042,258.28,3925.869264
1579996800000,2020-01-26 00:00:00,BNB/EUR,15.319,15.7976,15.319,15.7931,401.37,6201.393396
1580083200000,2020-01-27 00:00:00,BNB/EUR,15.819,16.1972,15.5995,16.0038,270.78,4328.429612
1580169600000,2020-01-28 00:00:00,BNB/EUR,16.1494,16.4212,15.6926,16.3549,914.27,14753.590908
1580256000000,2020-01-29 00:00:00,BNB/EUR,16.3874,16.6966,16.1945,16.1945,577.25,9497.727664
1580342400000,2020-01-30 00:00:00,BNB/EUR,16.1438,16.9384,16.0206,16.9232,843.5,13919.949929
1580428800000,2020-01-31 00:00:00,BNB/EUR,16.8825,17.0562,16.171,16.3413,280.74,4632.691714
1580515200000,2020-02-01 00:00:00,BNB/EUR,16.7,16.7,16.258,16.4218,198.21,3269.100234
1580601600000,2020-02-02 00:00:00,BNB/EUR,16.35,16.9,16.1112,16.7035,417.59,6843.816387
1580688000000,2020-02-03 00:00:00,BNB/EUR,16.917,16.917,16.2076,16.7206,669.03,11101.158902
1580774400000,2020-02-04 00:00:00,BNB/EUR,16.7533,16.7533,16.1311,16.4513,179.87,2950.150047
1580860800000,2020-02-05 00:00:00,BNB/EUR,16.5936,17.6054,16.5936,17.5424,899.48,15386.101441
1580947200000,2020-02-06 00:00:00,BNB/EUR,17.431,18.9662,17.431,18.6591,1590.46,28763.714801
1581033600000,2020-02-07 00:00:00,BNB/EUR,18.9549,20.4289,18.9549,20.145,1888.37,37712.459802
1581120000000,2020-02-08 00:00:00,BNB/EUR,19.9484,20.3452,19.0689,20.0055,2217.51,43885.381559
1581206400000,2020-02-09 00:00:00,BNB/EUR,20.17,22.0287,20.14,21.7465,1682.69,35435.56301
1581292800000,2020-02-10 00:00:00,BNB/EUR,22.0665,23.5342,21.3592,23.0499,4120.06,92098.631432
1581379200000,2020-02-11 00:00:00,BNB/EUR,22.9329,23.6891,22.1864,23.5983,2266.32,52452.159637
1581465600000,2020-02-12 00:00:00,BNB/EUR,23.575,24.8,23.3244,24.2093,1630.9,38549.155494
1581552000000,2020-02-13 00:00:00,BNB/EUR,24.3442,24.9422,22.624,23.4338,2653.97,62259.090396
1581638400000,2020-02-14 00:00:00,BNB/EUR,23.49,24.4408,23.0672,24.288,2280.82,54438.265109
1581724800000,2020-02-15 00:00:00,BNB/EUR,24.288,24.3759,21.7146,22.2085,1388.85,31866.125608
1581811200000,2020-02-16 00:00:00,BNB/EUR,22.0764,23.1558,20.155,21.6055,1792.9,38507.407472
1581897600000,2020-02-17 00:00:00,BNB/EUR,21.4755,21.6275,19.8596,21.58,2402.66,50085.380484
1581984000000,2020-02-18 00:00:00,BNB/EUR,21.1843,22.6647,20.9542,22.3435,1567.96,34518.302132
1582070400000,2020-02-19 00:00:00,BNB/EUR,22.2582,22.577,20.117,20.5296,1508.04,32749.723333
1582156800000,2020-02-20 00:00:00,BNB/EUR,20.8871,20.8871,19.4834,20.4891,846.76,17105.169344
1582243200000,2020-02-21 00:00:00,BNB/EUR,20.5694,21.1181,20.0924,20.1772,429.24,8802.395962
1582329600000,2020-02-22 00:00:00,BNB/EUR,20.3784,20.5611,19.8666,20.2884,675.88,13641.538888
1582416000000,2020-02-23 00:00:00,BNB/EUR,20.3636,21.2592,20.3636,21.0812,1384.67,29086.009982
1582502400000,2020-02-24 00:00:00,BNB/EUR,21.2456,21.5755,19.7704,20.2871,736.81,15206.642309
1582588800000,2020-02-25 00:00:00,BNB/EUR,20.2871,20.2871,18.1792,18.685,999.5,19250.708659
1582675200000,2020-02-26 00:00:00,BNB/EUR,18.8069,18.8069,6.0802,17.1786,2119.76,36495.648046
1582761600000,2020-02-27 00:00:00,BNB/EUR,17.0588,17.9999,16.323,17.359,1743.75,30379.632679
1582848000000,2020-02-28 00:00:00,BNB/EUR,17.4665,17.5584,16.3443,17.5584,1272.08,21795.069381
1582934400000,2020-02-29 00:00:00,BNB/EUR,17.5587,18.2612,17.1824,17.518,800.16,14171.915625
1583020800000,2020-03-01 00:00:00,BNB/EUR,17.4534,18.0691,16.6047,17.203,646.34,11075.378672
1583107200000,2020-03-02 00:00:00,BNB/EUR,17.0254,18.1234,17.0254,17.9219,883.05,15667.937417
1583193600000,2020-03-03 00:00:00,BNB/EUR,17.7749,18.2989,17.3373,17.58,1043.03,18641.932988
1583280000000,2020-03-04 00:00:00,BNB/EUR,17.749,18.29,17.4376,18.0949,650.3,11657.828968
1583366400000,2020-03-05 00:00:00,BNB/EUR,18.1452,19.367,18.1452,18.5192,1218.75,22989.214609
1583452800000,2020-03-06 00:00:00,BNB/EUR,18.812,19.4185,18.6017,19.012,1012.0,19108.846901
1583539200000,2020-03-07 00:00:00,BNB/EUR,19.125,19.125,17.7534,17.9,883.35,16128.826987
1583625600000,2020-03-08 00:00:00,BNB/EUR,17.8973,17.8973,14.9074,14.9074,14807.3,238913.239259
1583712000000,2020-03-09 00:00:00,BNB/EUR,15.2056,15.4199,13.6086,14.4649,26158.16,360905.749278
1583798400000,2020-03-10 00:00:00,BNB/EUR,14.6497,15.5086,14.5234,15.1281,2269.86,33951.908723
1583884800000,2020-03-11 00:00:00,BNB/EUR,14.9512,15.1475,13.7163,14.7626,760.29,10948.369409
1583971200000,2020-03-12 00:00:00,BNB/EUR,14.5545,14.5545,8.0001,8.2438,19133.4,202547.907292
1584057600000,2020-03-13 00:00:00,BNB/EUR,8.4297,10.4854,5.9122,10.0916,33967.8,313783.068286
1584144000000,2020-03-14 00:00:00,BNB/EUR,10.092,10.303,9.0,9.259,6692.51,65863.289214
1584230400000,2020-03-15 00:00:00,BNB/EUR,9.1709,10.117,9.07,9.3812,2853.91,27050.94486
1584316800000,2020-03-16 00:00:00,BNB/EUR,9.3652,9.3918,7.6469,8.4527,9569.08,79175.467399
1584403200000,2020-03-17 00:00:00,BNB/EUR,8.4889,9.6756,8.4479,9.4556,3721.96,34672.287579
1584489600000,2020-03-18 00:00:00,BNB/EUR,9.4939,9.6001,8.9957,9.5322,3197.83,30030.762992
1584576000000,2020-03-19 00:00:00,BNB/EUR,9.5705,12.0,9.5322,11.5977,11121.76,119299.422924
1584662400000,2020-03-20 00:00:00,BNB/EUR,11.7153,12.8266,9.7981,11.1559,10704.21,127554.830199
1584748800000,2020-03-21 00:00:00,BNB/EUR,11.08,11.7989,10.7,11.3502,1589.02,17875.526601
1584835200000,2020-03-22 00:00:00,BNB/EUR,11.3526,11.7001,10.4725,10.5485,2115.09,23193.066115
1584921600000,2020-03-23 00:00:00,BNB/EUR,10.5249,11.74,10.2448,11.3939,3819.41,42073.066866
1585008000000,2020-03-24 00:00:00,BNB/EUR,11.3939,11.8729,11.1642,11.6,7275.39,82976.671918
1585094400000,2020-03-25 00:00:00,BNB/EUR,11.5428,11.766,11.2823,11.4684,2243.3,25762.830108
1585180800000,2020-03-26 00:00:00,BNB/EUR,11.4311,12.1693,11.1335,12.1172,2763.88,31578.177107
1585267200000,2020-03-27 00:00:00,BNB/EUR,12.0906,12.29,10.9,11.2764,1576.83,18697.731404
1585353600000,2020-03-28 00:00:00,BNB/EUR,11.1133,11.3582,10.717,11.18,2144.7,23861.315786
1585440000000,2020-03-29 00:00:00,BNB/EUR,11.052,11.052,10.3606,10.3606,1652.76,17889.807434
1585526400000,2020-03-30 00:00:00,BNB/EUR,10.35,11.4854,10.3242,11.2493,1832.01,20525.509971
1585612800000,2020-03-31 00:00:00,BNB/EUR,11.2754,11.8094,11.23,11.6,2086.23,24072.654348
1585699200000,2020-04-01 00:00:00,BNB/EUR,11.589,11.772,11.1447,11.772,948.91,10844.046575
1585785600000,2020-04-02 00:00:00,BNB/EUR,11.772,12.8329,11.6333,12.164,4773.21,57514.485751
1585872000000,2020-04-03 00:00:00,BNB/EUR,12.121,12.7365,12.1118,12.53,1192.52,14792.636224
1585958400000,2020-04-04 00:00:00,BNB/EUR,12.5964,13.1916,12.4515,12.9901,2718.87,35056.475458
1586044800000,2020-04-05 00:00:00,BNB/EUR,13.0595,13.0904,12.5,12.6663,1139.05,14517.989276
1586131200000,2020-04-06 00:00:00,BNB/EUR,12.7712,14.2376,12.7712,14.2014,2127.5,28572.452472
1586217600000,2020-04-07 00:00:00,BNB/EUR,14.0971,14.3,13.2263,13.4039,2785.6,38555.973465
1586304000000,2020-04-08 00:00:00,BNB/EUR,13.6039,14.1374,13.4194,13.9788,1198.76,16683.919614
1586390400000,2020-04-09 00:00:00,BNB/EUR,14.0796,14.0796,13.5,13.9636,1265.02,17608.15431
1586476800000,2020-04-10 00:00:00,BNB/EUR,13.893,13.9614,12.4615,12.8064,3798.66,49736.45676
1586563200000,2020-04-11 00:00:00,BNB/EUR,12.641,13.0942,12.6114,12.8593,1210.99,15569.30859
1586649600000,2020-04-12 00:00:00,BNB/EUR,12.9031,14.0378,12.7879,13.2967,1100.27,14844.237257
1586736000000,2020-04-13 00:00:00,BNB/EUR,13.2967,13.9347,12.5,13.9347,2467.54,32794.782719
1586822400000,2020-04-14 00:00:00,BNB/EUR,13.9347,14.6448,13.7983,14.4344,4205.27,59829.383819
1586908800000,2020-04-15 00:00:00,BNB/EUR,14.298,14.5838,13.5245,13.6154,1853.75,25860.862583
1586995200000,2020-04-16 00:00:00,BNB/EUR,13.5485,14.6438,13.2421,14.6438,2286.36,32199.42698
1587081600000,2020-04-17 00:00:00,BNB/EUR,14.5014,14.8282,14.1621,14.5014,1634.28,23747.319829
1587168000000,2020-04-18 00:00:00,BNB/EUR,14.5371,15.5276,14.4774,15.3466,2532.59,37856.220734
1587254400000,2020-04-19 00:00:00,BNB/EUR,15.3466,15.4155,14.6694,14.9299,1798.29,27024.08846
1587340800000,2020-04-20 00:00:00,BNB/EUR,14.8643,15.2196,13.7564,13.9784,3273.59,47090.16922
1587427200000,2020-04-21 00:00:00,BNB/EUR,13.8734,14.3068,13.6685,14.1333,1870.23,26285.357475
1587513600000,2020-04-22 00:00:00,BNB/EUR,14.0672,14.6991,13.9109,14.6196,1473.07,21176.782956
1587600000000,2020-04-23 00:00:00,BNB/EUR,14.6168,15.289,14.2579,14.86,2160.22,32043.790053
1587686400000,2020-04-24 00:00:00,BNB/EUR,14.9719,15.148,14.7249,14.8524,1482.58,22112.004036
1587772800000,2020-04-25 00:00:00,BNB/EUR,14.8006,15.2418,14.75,15.129,1006.97,15180.780579
1587859200000,2020-04-26 00:00:00,BNB/EUR,15.1296,15.3027,15.0212,15.2027,1515.03,23017.231083
1587945600000,2020-04-27 00:00:00,BNB/EUR,15.2826,15.4004,14.9534,15.2619,2333.73,35394.469715
1588032000000,2020-04-28 00:00:00,BNB/EUR,15.289,15.3188,15.0761,15.251,1251.67,19035.543008
1588118400000,2020-04-29 00:00:00,BNB/EUR,15.251,16.2629,15.2091,16.0975,5439.85,86193.484315
1588204800000,2020-04-30 00:00:00,BNB/EUR,16.0975,16.807,15.2965,15.6649,4930.57,78794.641185
1588291200000,2020-05-01 00:00:00,BNB/EUR,15.6949,16.4132,15.6949,15.9455,7268.17,117052.006549
1588377600000,2020-05-02 00:00:00,BNB/EUR,15.9436,16.1027,15.7831,16.0292,1576.02,25092.276132
1588464000000,2020-05-03 00:00:00,BNB/EUR,15.9994,16.2076,15.3771,15.6649,1606.15,25398.145762
1588550400000,2020-05-04 00:00:00,BNB/EUR,15.6949,15.8322,14.9905,15.6649,2074.9,31816.518614
1588636800000,2020-05-05 00:00:00,BNB/EUR,15.6949,15.8812,15.3969,15.6949,1728.43,27038.72649
1588723200000,2020-05-06 00:00:00,BNB/EUR,15.6265,15.9339,15.2091,15.2091,1383.7,21776.394915
1588809600000,2020-05-07 00:00:00,BNB/EUR,15.2091,15.9967,15.0038,15.6649,2599.38,40291.057676
1588896000000,2020-05-08 00:00:00,BNB/EUR,15.6651,16.161,15.5717,15.8438,3110.91,49492.524174
1588982400000,2020-05-09 00:00:00,BNB/EUR,15.8005,16.1565,15.4995,15.4995,3948.32,62350.816954
1589068800000,2020-05-10 00:00:00,BNB/EUR,15.4995,15.4995,12.8442,14.1108,7592.05,106120.373701
1589155200000,2020-05-11 00:00:00,BNB/EUR,14.1802,14.3467,13.2251,14.1065,3142.08,43652.256893
1589241600000,2020-05-12 00:00:00,BNB/EUR,14.011,15.0372,13.9718,14.6889,2169.08,31713.647708
1589328000000,2020-05-13 00:00:00,BNB/EUR,14.7235,15.2283,14.6032,15.05,1103.31,16514.397531
1589414400000,2020-05-14 00:00:00,BNB/EUR,15.1325,15.505,14.9566,15.1615,1802.14,27462.908103
1589500800000,2020-05-15 00:00:00,BNB/EUR,15.16,15.2284,14.4311,14.558,1688.46,25053.55015
1589587200000,2020-05-16 00:00:00,BNB/EUR,14.4927,15.0698,14.4277,14.9585,511.28,7627.376531
1589673600000,2020-05-17 00:00:00,BNB/EUR,14.8895,15.35,14.8895,15.1424,1256.73,19079.161527
1589760000000,2020-05-18 00:00:00,BNB/EUR,15.1425,15.575,15.092,15.3558,1557.42,23887.36364
1589846400000,2020-05-19 00:00:00,BNB/EUR,15.2626,15.8021,15.0919,15.8021,1782.83,27678.890155
1589932800000,2020-05-20 00:00:00,BNB/EUR,15.858,15.8922,15.252,15.6129,2715.23,42473.910484
1590019200000,2020-05-21 00:00:00,BNB/EUR,15.6453,15.7,14.5085,14.8439,3696.22,55171.066072
1590105600000,2020-05-22 00:00:00,BNB/EUR,14.8239,15.7093,14.7194,15.3671,7558.33,115804.984948
1590192000000,2020-05-23 00:00:00,BNB/EUR,15.3671,15.6,15.1857,15.3105,601.06,9259.173206
1590278400000,2020-05-24 00:00:00,BNB/EUR,15.272,15.55,14.9,14.9,1615.84,24611.302535
1590364800000,2020-05-25 00:00:00,BNB/EUR,14.8894,15.32,14.7893,15.2527,8360.8,126378.164527
1590451200000,2020-05-26 00:00:00,BNB/EUR,15.2243,15.3518,14.844,15.0441,1847.16,27818.174084
1590537600000,2020-05-27 00:00:00,BNB/EUR,15.0919,15.272,15.0117,15.1423,703.97,10658.612677
1590624000000,2020-05-28 00:00:00,BNB/EUR,15.1854,15.5348,15.1266,15.461,1393.27,21411.022313
1590710400000,2020-05-29 00:00:00,BNB/EUR,15.471,15.5377,15.1266,15.4619,969.81,14910.853564
1590796800000,2020-05-30 00:00:00,BNB/EUR,15.4922,16.06,15.4354,15.9779,1303.92,20571.618748
1590883200000,2020-05-31 00:00:00,BNB/EUR,15.9295,16.3657,15.2284,15.4354,1612.69,25483.292613
1590969600000,2020-06-01 00:00:00,BNB/EUR,15.3661,16.1,15.3661,15.8231,981.07,15443.125046
1591056000000,2020-06-02 00:00:00,BNB/EUR,15.8574,16.25,15.0402,15.7125,4619.97,72992.283639
1591142400000,2020-06-03 00:00:00,BNB/EUR,15.5876,15.858,15.3807,15.704,1287.32,20174.209226
1591228800000,2020-06-04 00:00:00,BNB/EUR,15.7868,15.846,15.505,15.599,969.31,15216.648444
1591315200000,2020-06-05 00:00:00,BNB/EUR,15.5443,15.9171,15.5,15.7868,933.4,14690.899105
1591401600000,2020-06-06 00:00:00,BNB/EUR,15.716,15.9378,15.6897,15.7125,640.09,10108.014925
1591488000000,2020-06-07 00:00:00,BNB/EUR,15.7868,15.7868,15.159,15.5218,3136.67,48493.673868
1591574400000,2020-06-08 00:00:00,BNB/EUR,15.5218,15.6155,15.433,15.5348,709.48,11013.084375
1591660800000,2020-06-09 00:00:00,BNB/EUR,15.5441,15.5606,15.272,15.3838,904.9,13982.679013
1591747200000,2020-06-10 00:00:00,BNB/EUR,15.4354,15.5,15.272,15.3972,939.38,14458.232619
1591833600000,2020-06-11 00:00:00,BNB/EUR,15.4354,15.5389,14.21,14.5088,4091.5,61566.608205
1591920000000,2020-06-12 00:00:00,BNB/EUR,14.4927,15.0,14.4,14.8894,1914.94,28469.772116
1592006400000,2020-06-13 00:00:00,BNB/EUR,14.9286,15.0241,14.7389,14.9838,1254.43,18628.516108
1592092800000,2020-06-14 00:00:00,BNB/EUR,14.9934,15.0362,14.6897,14.8226,972.36,14421.793311
1592179200000,2020-06-15 00:00:00,BNB/EUR,14.78,14.78,13.8928,14.5364,5313.1,75237.081917
1592265600000,2020-06-16 00:00:00,BNB/EUR,14.5938,15.0228,14.4459,14.6509,6371.55,93633.91879
1592352000000,2020-06-17 00:00:00,BNB/EUR,14.6509,14.8815,14.3913,14.7121,1736.13,25474.687219
1592438400000,2020-06-18 00:00:00,BNB/EUR,14.73,14.7904,14.321,14.4726,1789.41,26117.388965
1592524800000,2020-06-19 00:00:00,BNB/EUR,14.5283,14.6089,14.2833,14.3619,788.75,11378.074305
1592611200000,2020-06-20 00:00:00,BNB/EUR,14.4171,14.4627,14.1975,14.4415,645.04,9235.70214
1592697600000,2020-06-21 00:00:00,BNB/EUR,14.4453,14.6403,14.3471,14.3471,921.95,13350.655389
1592784000000,2020-06-22 00:00:00,BNB/EUR,14.4055,14.7884,14.4055,14.6782,1461.89,21312.176278
1592870400000,2020-06-23 00:00:00,BNB/EUR,14.6782,14.703,14.5,14.547,2176.02,31778.889175
1592956800000,2020-06-24 00:00:00,BNB/EUR,14.5505,14.7602,14.2521,14.3069,2585.74,37362.030088
1593043200000,2020-06-25 00:00:00,BNB/EUR,14.29,14.4236,13.9301,14.2474,2188.45,31285.709059
1593129600000,2020-06-26 00:00:00,BNB/EUR,14.2783,14.2783,13.9293,14.1886,1169.31,16468.783425
1593216000000,2020-06-27 00:00:00,BNB/EUR,14.0889,14.294,13.4,13.5906,1403.86,19545.470157
1593302400000,2020-06-28 00:00:00,BNB/EUR,13.5906,13.8652,13.5,13.7895,294.58,4039.909963
1593388800000,2020-06-29 00:00:00,BNB/EUR,13.8088,13.9647,13.3255,13.8522,3218.59,43399.101915
1593475200000,2020-06-30 00:00:00,BNB/EUR,13.8425,13.9268,13.5979,13.7651,1702.7,23462.782808
1593561600000,2020-07-01 00:00:00,BNB/EUR,13.7967,14.1975,13.7482,14.1975,1455.79,20439.704434
1593648000000,2020-07-02 00:00:00,BNB/EUR,14.2115,14.2797,13.5356,13.7479,2450.45,34228.481338
1593734400000,2020-07-03 00:00:00,BNB/EUR,13.7693,13.8604,13.6681,13.6681,1352.38,18622.648027
1593820800000,2020-07-04 00:00:00,BNB/EUR,13.751,13.9871,13.6233,13.9132,927.25,12844.48945
1593907200000,2020-07-05 00:00:00,BNB/EUR,13.9146,13.956,13.6,13.8714,1447.39,19898.013235
1593993600000,2020-07-06 00:00:00,BNB/EUR,13.814,14.4758,13.814,14.4201,3237.8,45464.955766
1594080000000,2020-07-07 00:00:00,BNB/EUR,14.4804,15.0045,14.226,14.945,4198.45,61906.832999
1594166400000,2020-07-08 00:00:00,BNB/EUR,14.9362,15.6426,14.8477,15.222,8092.93,123985.885834
1594252800000,2020-07-09 00:00:00,BNB/EUR,15.3483,15.4829,14.6582,14.9576,3565.06,53604.270661
1594339200000,2020-07-10 00:00:00,BNB/EUR,14.9576,15.4,14.674,15.3448,3640.7,54618.30577
1594425600000,2020-07-11 00:00:00,BNB/EUR,15.4,15.7,15.1542,15.7,3031.52,47005.147479
1594512000000,2020-07-12 00:00:00,BNB/EUR,15.7,16.578,15.7,16.2069,7399.4,120370.646561
1594598400000,2020-07-13 00:00:00,BNB/EUR,16.1593,16.901,15.604,16.3122,11451.75,187317.54515
1594684800000,2020-07-14 00:00:00,BNB/EUR,16.2124,16.5896,15.8,15.9864,5413.59,87133.493661
1594771200000,2020-07-15 00:00:00,BNB/EUR,15.9263,15.9776,15.29,15.5099,4957.23,77166.114401
1594857600000,2020-07-16 00:00:00,BNB/EUR,15.3805,15.5389,14.4259,15.1312,12796.46,190150.541402
1594944000000,2020-07-17 00:00:00,BNB/EUR,15.071,15.428,14.9951,14.9951,4243.74,64712.797055
1595030400000,2020-07-18 00:00:00,BNB/EUR,14.9951,15.2764,14.85,15.075,1349.39,20307.999958
1595116800000,2020-07-19 00:00:00,BNB/EUR,15.109,15.9741,14.8811,15.7151,4658.37,72456.617082
1595203200000,2020-07-20 00:00:00,BNB/EUR,15.9394,16.1,15.2,15.4343,4032.85,63085.144119
1595289600000,2020-07-21 00:00:00,BNB/EUR,15.3009,15.8371,15.2818,15.4864,4380.15,68320.964824
1595376000000,2020-07-22 00:00:00,BNB/EUR,15.4484,15.69,15.22,15.69,2664.66,40944.423025
1595462400000,2020-07-23 00:00:00,BNB/EUR,15.75,16.2,15.6711,16.2,4748.24,75379.614762
1595548800000,2020-07-24 00:00:00,BNB/EUR,16.2868,16.89,15.7871,16.5019,4237.51,68827.206717
1595635200000,2020-07-25 00:00:00,BNB/EUR,16.5039,17.219,16.4908,17.0479,5516.73,94044.399965
1595721600000,2020-07-26 00:00:00,BNB/EUR,16.9673,17.3737,16.5,16.8552,4627.89,77959.839527
1595808000000,2020-07-27 00:00:00,BNB/EUR,16.94,17.0733,15.7105,16.6703,10852.55,178460.522756
1595894400000,2020-07-28 00:00:00,BNB/EUR,16.76,17.6538,16.7,17.2195,8132.15,140198.872973
1595980800000,2020-07-29 00:00:00,BNB/EUR,17.2195,17.4062,16.9006,16.9006,3539.85,60642.831317
1596067200000,2020-07-30 00:00:00,BNB/EUR,16.9779,17.0729,16.6802,17.0009,4472.31,75573.535942
1596153600000,2020-07-31 00:00:00,BNB/EUR,16.9802,17.7082,16.8692,17.493,5861.2,102482.850781
1596240000000,2020-08-01 00:00:00,BNB/EUR,17.4628,18.4959,17.2201,18.4015,6215.38,111585.24683
1596326400000,2020-08-02 00:00:00,BNB/EUR,18.4015,18.8216,16.4701,17.8134,7951.38,140006.814904
1596412800000,2020-08-03 00:00:00,BNB/EUR,17.758,19.2103,17.758,18.823,9069.04,170272.556204
1596499200000,2020-08-04 00:00:00,BNB/EUR,18.8844,19.1024,18.4,18.9899,6059.27,114057.558732
1596585600000,2020-08-05 00:00:00,BNB/EUR,19.0123,20.0,18.8562,19.604,7981.92,157015.346731
1596672000000,2020-08-06 00:00:00,BNB/EUR,19.6476,19.7741,19.08,19.2253,7308.68,142372.599552
1596758400000,2020-08-07 00:00:00,BNB/EUR,19.2253,19.6091,18.3685,18.935,8876.61,169945.059659
1596844800000,2020-08-08 00:00:00,BNB/EUR,18.935,19.51,18.6963,19.4226,4929.71,94585.660163
1596931200000,2020-08-09 00:00:00,BNB/EUR,19.5429,19.543,18.8269,19.1396,5520.28,105695.625479
1597017600000,2020-08-10 00:00:00,BNB/EUR,19.1416,19.3911,18.9,19.35,7413.47,142518.13722
1597104000000,2020-08-11 00:00:00,BNB/EUR,19.3961,19.45,17.6818,18.1207,12536.44,231130.052956
1597190400000,2020-08-12 00:00:00,BNB/EUR,18.1522,18.8116,17.6757,18.397,8796.02,161759.516875
1597276800000,2020-08-13 00:00:00,BNB/EUR,18.324,18.4851,17.5604,18.3726,8154.73,147209.111919
1597363200000,2020-08-14 00:00:00,BNB/EUR,18.4698,19.8166,18.102,19.5948,14051.41,268976.263968
1597449600000,2020-08-15 00:00:00,BNB/EUR,19.6687,20.1,19.33,19.5641,4481.86,88469.704501
1597536000000,2020-08-16 00:00:00,BNB/EUR,19.5264,20.1777,19.2838,19.9109,4022.87,79353.016603
1597622400000,2020-08-17 00:00:00,BNB/EUR,19.9565,20.337,19.4741,19.9226,10835.8,214436.722255
1597708800000,2020-08-18 00:00:00,BNB/EUR,19.9524,20.096,18.8628,19.3635,8519.56,166847.501741
1597795200000,2020-08-19 00:00:00,BNB/EUR,19.3734,19.5359,18.5148,18.9724,6980.79,132719.53862
1597881600000,2020-08-20 00:00:00,BNB/EUR,18.986,19.8228,18.7517,19.5783,10033.37,194944.811157
1597968000000,2020-08-21 00:00:00,BNB/EUR,19.5998,19.7464,18.5177,18.7948,10155.69,195786.393487
1598054400000,2020-08-22 00:00:00,BNB/EUR,18.7523,18.9455,18.151,18.9455,6071.72,113393.252276
1598140800000,2020-08-23 00:00:00,BNB/EUR,18.9249,18.9369,18.3717,18.6313,3109.93,57848.986236
1598227200000,2020-08-24 00:00:00,BNB/EUR,18.5623,19.5,18.49,19.265,5892.62,112854.08078
1598313600000,2020-08-25 00:00:00,BNB/EUR,19.2715,19.2715,17.8633,18.2379,12824.04,238508.352615
1598400000000,2020-08-26 00:00:00,BNB/EUR,18.1577,19.1768,18.113,18.8668,8025.38,151610.560829
1598486400000,2020-08-27 00:00:00,BNB/EUR,18.8668,19.6554,18.56,19.6238,13976.68,267154.137595
1598572800000,2020-08-28 00:00:00,BNB/EUR,19.6471,20.0056,19.1548,19.4317,6798.92,132759.06311
1598659200000,2020-08-29 00:00:00,BNB/EUR,19.4418,19.8435,19.2316,19.3713,4140.25,81198.42965
1598745600000,2020-08-30 00:00:00,BNB/EUR,19.3713,20.1096,19.3068,19.9324,9833.54,193166.601161
1598832000000,2020-08-31 00:00:00,BNB/EUR,19.9324,20.14,19.3601,19.5246,8851.79,173649.835727
1598918400000,2020-09-01 00:00:00,BNB/EUR,19.5275,21.4431,19.2571,20.7868,20081.51,401517.652235
1599004800000,2020-09-02 00:00:00,BNB/EUR,20.9264,21.8248,19.6461,20.9819,17474.51,363200.153407
1599091200000,2020-09-03 00:00:00,BNB/EUR,20.9724,21.7142,17.1795,17.6126,25919.93,507351.68305
1599177600000,2020-09-04 00:00:00,BNB/EUR,17.3151,18.6216,16.4182,17.8466,19139.26,338627.757377
1599264000000,2020-09-05 00:00:00,BNB/EUR,17.8264,18.3128,15.3223,16.5672,22272.74,371920.903889
1599350400000,2020-09-06 00:00:00,BNB/EUR,16.511,19.8445,15.8031,19.6309,18443.87,342204.44797
1599436800000,2020-09-07 00:00:00,BNB/EUR,19.708,20.0,17.1484,19.08,13995.14,257807.493063
1599523200000,2020-09-08 00:00:00,BNB/EUR,18.9878,19.9511,18.1748,19.8491,25317.89,483617.779556
1599609600000,2020-09-09 00:00:00,BNB/EUR,19.8104,20.8928,19.1564,20.8615,18256.11,367922.703715
1599696000000,2020-09-10 00:00:00,BNB/EUR,20.893,21.6609,20.4748,20.7802,16585.19,349242.090373
1599782400000,2020-09-11 00:00:00,BNB/EUR,20.793,21.8,19.6208,21.5434,17218.37,353356.122876
1599868800000,2020-09-12 00:00:00,BNB/EUR,21.5434,24.1686,21.5434,24.1639,21863.52,500640.251424
1599955200000,2020-09-13 00:00:00,BNB/EUR,24.1339,27.4906,23.9059,26.3264,42467.97,1095203.453187
1600041600000,2020-09-14 00:00:00,BNB/EUR,26.3697,28.2629,24.6786,26.4401,32760.97,868748.583132
1600128000000,2020-09-15 00:00:00,BNB/EUR,26.3428,26.3428,22.7,23.063,25675.83,622649.8236984
1600214400000,2020-09-16 00:00:00,BNB/EUR,22.9973,24.1544,21.9244,23.7614,15841.559,367412.5542194
1600300800000,2020-09-17 00:00:00,BNB/EUR,23.6069,24.5,22.1868,22.9543,13935.474,320403.2534308
1600387200000,2020-09-18 00:00:00,BNB/EUR,22.9453,24.333,22.5708,23.4799,19464.01,457034.990762
1600473600000,2020-09-19 00:00:00,BNB/EUR,23.402,23.7722,22.65,23.0336,7152.482,165315.3563864
1600560000000,2020-09-20 00:00:00,BNB/EUR,23.0298,23.1967,21.3417,22.371,9731.938,217087.0850018
1600646400000,2020-09-21 00:00:00,BNB/EUR,22.2928,22.59,19.0168,19.6395,20865.135,425776.0707775
1600732800000,2020-09-22 00:00:00,BNB/EUR,19.7306,21.0,19.4067,20.6075,12225.634,249625.8107361
1600819200000,2020-09-23 00:00:00,BNB/EUR,20.6435,20.9324,19.4043,19.6529,11549.849,234048.4027892
1600905600000,2020-09-24 00:00:00,BNB/EUR,19.6203,21.1705,19.4781,21.1169,10509.091,215810.4379986
1600992000000,2020-09-25 00:00:00,BNB/EUR,21.155,21.6865,20.5598,21.3098,9959.648,209625.479049
1601078400000,2020-09-26 00:00:00,BNB/EUR,21.3313,22.8,21.1538,22.581,9826.41,214686.0961755
1601164800000,2020-09-27 00:00:00,BNB/EUR,22.581,23.18,22.0079,22.531,6744.376,152109.5991457
1601251200000,2020-09-28 00:00:00,BNB/EUR,22.531,23.9346,22.3038,23.1478,12467.813,287279.8609625
1601337600000,2020-09-29 00:00:00,BNB/EUR,23.2601,24.7626,23.2459,24.6708,12888.045,310927.0678082
1601424000000,2020-09-30 00:00:00,BNB/EUR,24.673,25.2941,23.973,24.9982,10445.651,256490.0291182
1601510400000,2020-10-01 00:00:00,BNB/EUR,25.0506,25.0506,22.45,23.507,15792.901,377431.3097655
1601596800000,2020-10-02 00:00:00,BNB/EUR,23.4345,24.2,22.0755,23.4034,12875.32,296620.2355982
1601683200000,2020-10-03 00:00:00,BNB/EUR,23.43,24.3206,23.2376,24.3122,5381.929,128182.0004558
1601769600000,2020-10-04 00:00:00,BNB/EUR,24.31,25.0,24.0417,24.7978,5423.955,133720.2062893
1601856000000,2020-10-05 00:00:00,BNB/EUR,24.7082,25.0,23.9897,24.3125,7277.871,177347.0485572
1601942400000,2020-10-06 00:00:00,BNB/EUR,24.375,24.7941,23.2749,23.5479,11182.016,268830.7301438
1602028800000,2020-10-07 00:00:00,BNB/EUR,23.6176,23.8402,22.9531,23.6314,8137.913,190877.6523167
1602115200000,2020-10-08 00:00:00,BNB/EUR,23.5485,23.7556,22.6238,23.6447,10770.428,250619.8394211
1602201600000,2020-10-09 00:00:00,BNB/EUR,23.68,24.2482,23.4631,24.0885,9961.321,239399.057842
1602288000000,2020-10-10 00:00:00,BNB/EUR,24.0837,24.7044,23.7851,23.9519,6593.061,160052.9644907
1602374400000,2020-10-11 00:00:00,BNB/EUR,23.9246,24.3079,23.4773,24.18,6619.064,159054.4434772
1602460800000,2020-10-12 00:00:00,BNB/EUR,24.1557,26.4456,24.12,25.9125,17375.466,445685.8717905
1602547200000,2020-10-13 00:00:00,BNB/EUR,25.9001,26.9162,25.7099,26.2515,13627.943,358524.7164489
1602633600000,2020-10-14 00:00:00,BNB/EUR,26.2515,26.788,26.0,26.3176,7975.124,209681.3733849
1602720000000,2020-10-15 00:00:00,BNB/EUR,26.3129,27.11,26.0905,26.8292,9365.883,249733.4245849
1602806400000,2020-10-16 00:00:00,BNB/EUR,26.8052,27.3482,25.3759,25.75,12513.161,325829.288312
1602892800000,2020-10-17 00:00:00,BNB/EUR,25.6994,26.1866,25.4365,25.9015,4760.907,123665.0933711
1602979200000,2020-10-18 00:00:00,BNB/EUR,25.8343,26.5416,25.8343,26.2366,6017.055,157811.4600378
1603065600000,2020-10-19 00:00:00,BNB/EUR,26.2194,26.2194,25.4413,25.4819,10167.065,261496.0302773
1603152000000,2020-10-20 00:00:00,BNB/EUR,25.4666,25.6239,24.1485,24.4889,15612.659,386752.4157341
1603238400000,2020-10-21 00:00:00,BNB/EUR,24.4057,25.6849,24.3233,25.0764,13286.338,333180.1855164
1603324800000,2020-10-22 00:00:00,BNB/EUR,25.0727,26.5506,25.0727,25.9556,16147.745,420574.7350803
1603411200000,2020-10-23 00:00:00,BNB/EUR,25.9746,26.5,25.4801,25.882,13945.672,361596.0334815
1603497600000,2020-10-24 00:00:00,BNB/EUR,25.8683,26.1085,25.7527,25.869,7079.747,183409.2225258
1603584000000,2020-10-25 00:00:00,BNB/EUR,25.843,26.08,25.3025,25.4923,7962.223,203968.9406597
1603670400000,2020-10-26 00:00:00,BNB/EUR,25.437,26.6799,25.38,26.4,13568.952,355387.7129891
1603756800000,2020-10-27 00:00:00,BNB/EUR,26.3949,27.4649,26.2921,26.79,13615.0,366095.7685468
1603843200000,2020-10-28 00:00:00,BNB/EUR,26.7735,27.125,25.4557,25.9203,11028.204,288821.0190048
1603929600000,2020-10-29 00:00:00,BNB/EUR,25.9025,26.0818,25.2426,25.636,15255.408,393150.5632111
1604016000000,2020-10-30 00:00:00,BNB/EUR,25.6437,25.96,23.6656,24.4894,23084.729,565826.4657735
1604102400000,2020-10-31 00:00:00,BNB/EUR,24.5145,24.8107,24.2228,24.53,13003.735,319039.797905
1604188800000,2020-11-01 00:00:00,BNB/EUR,24.5263,24.6763,24.1532,24.5584,9900.63,240751.3424416
1604275200000,2020-11-02 00:00:00,BNB/EUR,24.5609,25.22,23.9235,23.9235,27268.868,669707.4390004
1604361600000,2020-11-03 00:00:00,BNB/EUR,23.9331,24.0149,22.1901,22.8965,36267.56,832758.6104255
1604448000000,2020-11-04 00:00:00,BNB/EUR,22.8986,23.0721,22.25,23.0208,34240.692,776970.5250554
1604534400000,2020-11-05 00:00:00,BNB/EUR,23.0393,23.68,22.6165,23.3935,44992.503,1047287.8847305
1604620800000,2020-11-06 00:00:00,BNB/EUR,23.3989,24.7967,3.9876,24.4193,66151.289,1497763.8387617
1604707200000,2020-11-07 00:00:00,BNB/EUR,24.4478,25.0532,22.5473,23.3058,47896.674,1153237.4270023
1604793600000,2020-11-08 00:00:00,BNB/EUR,23.3286,24.1873,23.0804,23.7788,29759.779,706326.1920837
1604880000000,2020-11-09 00:00:00,BNB/EUR,23.7963,24.2217,23.2581,23.7503,37260.623,885153.6193846
1604966400000,2020-11-10 00:00:00,BNB/EUR,23.7537,24.1926,23.41,23.9351,26432.421,631115.0802752
1605052800000,2020-11-11 00:00:00,BNB/EUR,23.9454,24.2,23.6712,23.8508,23587.956,564711.8207856
1605139200000,2020-11-12 00:00:00,BNB/EUR,23.8649,23.9432,23.2386,23.5684,23386.816,551927.3338964
1605225600000,2020-11-13 00:00:00,BNB/EUR,23.5684,24.2,23.4015,23.9017,51751.491,1229876.7773626
1605312000000,2020-11-14 00:00:00,BNB/EUR,23.9101,23.9101,23.222,23.7049,16980.13,399497.8967709
1605398400000,2020-11-15 00:00:00,BNB/EUR,23.7212,23.9333,22.9713,23.454,20004.517,471630.4657563
1605484800000,2020-11-16 00:00:00,BNB/EUR,23.451,23.9405,23.2801,23.665,30230.145,715535.3842388
1605571200000,2020-11-17 00:00:00,BNB/EUR,23.6579,24.3277,23.6327,24.1399,36262.665,873612.6223236
1605657600000,2020-11-18 00:00:00,BNB/EUR,24.1197,24.2553,23.2151,23.7716,39122.18,927517.872871
1605744000000,2020-11-19 00:00:00,BNB/EUR,23.782,24.1,23.444,23.7857,29957.577,712042.6210461
1605830400000,2020-11-20 00:00:00,BNB/EUR,23.7854,24.7888,23.664,24.4812,45685.305,1108871.5441021
1605916800000,2020-11-21 00:00:00,BNB/EUR,24.4831,26.0,23.95,25.7094,69152.702,1731920.7122506
1606003200000,2020-11-22 00:00:00,BNB/EUR,25.7094,26.2225,24.4216,25.3735,47511.525,1205714.6544006
1606089600000,2020-11-23 00:00:00,BNB/EUR,25.3753,26.267,25.1377,26.2412,63324.364,1633823.7891688
1606176000000,2020-11-24 00:00:00,BNB/EUR,26.25,29.7302,26.0979,28.65,107283.393,2998333.8796936
1606262400000,2020-11-25 00:00:00,BNB/EUR,28.5505,29.85,25.7,26.3516,75848.099,2113562.9743065
1606348800000,2020-11-26 00:00:00,BNB/EUR,26.3049,26.7449,22.2547,23.822,118319.122,2839769.4697427
1606435200000,2020-11-27 00:00:00,BNB/EUR,23.822,24.1927,22.9095,23.875,70206.346,1659731.2788932
1606521600000,2020-11-28 00:00:00,BNB/EUR,23.8839,24.9055,23.4528,24.5135,37621.856,913556.4734268
1606608000000,2020-11-29 00:00:00,BNB/EUR,24.4896,25.5468,24.2697,25.232,31266.968,780081.4931156
1606694400000,2020-11-30 00:00:00,BNB/EUR,25.2378,26.364,24.9451,26.2865,52199.16,1349243.1937021
1606780800000,2020-12-01 00:00:00,BNB/EUR,26.2865,26.7519,24.5175,25.1288,61163.231,1567436.4203899
1606867200000,2020-12-02 00:00:00,BNB/EUR,25.0989,25.7408,24.5909,25.0403,27095.195,683196.3728612
1606953600000,2020-12-03 00:00:00,BNB/EUR,25.0391,25.4928,24.7418,25.3277,22422.317,564320.9719513
1607040000000,2020-12-04 00:00:00,BNB/EUR,25.3277,25.685,23.85,24.0629,25646.431,631589.7104989
1607126400000,2020-12-05 00:00:00,BNB/EUR,24.0477,24.894,23.7315,24.5899,13710.172,334235.9538917
1607212800000,2020-12-06 00:00:00,BNB/EUR,24.595,24.9467,24.0466,24.3511,12147.949,296446.2255948
1607299200000,2020-12-07 00:00:00,BNB/EUR,24.3393,24.5227,24.0828,24.2751,18981.241,461290.4484367
1607385600000,2020-12-08 00:00:00,BNB/EUR,24.2855,24.4141,22.7409,22.9,30670.671,719863.8611582
1607472000000,2020-12-09 00:00:00,BNB/EUR,22.9265,23.5861,22.26,23.352,42325.745,973529.1247133
1607558400000,2020-12-10 00:00:00,BNB/EUR,23.3619,23.4277,22.6156,22.8747,20449.94,470347.641905
1607644800000,2020-12-11 00:00:00,BNB/EUR,22.8962,22.9152,22.135,22.6626,25850.207,580914.4356585
1607731200000,2020-12-12 00:00:00,BNB/EUR,22.661,23.3694,22.5767,23.3036,19035.64,439624.3375844
1607817600000,2020-12-13 00:00:00,BNB/EUR,23.3036,24.134,23.2089,24.0214,21531.376,513422.3498351
1607904000000,2020-12-14 00:00:00,BNB/EUR,24.0015,24.9103,23.6277,24.7612,38598.243,938851.4226541
1607990400000,2020-12-15 00:00:00,BNB/EUR,24.7652,25.01,24.2011,24.3496,54716.959,1337569.1879064
1608076800000,2020-12-16 00:00:00,BNB/EUR,24.3455,25.15,23.8755,25.1144,58292.261,1431314.4758584
1608163200000,2020-12-17 00:00:00,BNB/EUR,25.1132,25.7396,24.2697,24.6685,68872.667,1729615.507043
1608249600000,2020-12-18 00:00:00,BNB/EUR,24.6404,25.5777,24.1778,25.3359,33567.292,841366.5083802
1608336000000,2020-12-19 00:00:00,BNB/EUR,25.3149,27.9967,25.2794,27.2085,60805.968,1632275.5352531
1608422400000,2020-12-20 00:00:00,BNB/EUR,27.1898,29.1578,26.6524,28.1536,72859.21,2045585.6192651
1608508800000,2020-12-21 00:00:00,BNB/EUR,28.1291,29.2347,25.9628,26.2711,104794.882,2856858.8070294
1608595200000,2020-12-22 00:00:00,BNB/EUR,26.2996,27.801,25.0544,27.5302,77259.085,2054743.5806224
1608681600000,2020-12-23 00:00:00,BNB/EUR,27.524,28.3282,24.6617,25.6302,89583.391,2393992.784701
1608768000000,2020-12-24 00:00:00,BNB/EUR,25.6404,26.9697,25.0002,26.7318,56529.45,1473587.376148
1608854400000,2020-12-25 00:00:00,BNB/EUR,26.7753,27.5321,26.1111,27.2499,53564.284,1442122.7053707
1608940800000,2020-12-26 00:00:00,BNB/EUR,27.2619,27.85,26.7425,27.5121,59173.282,1618983.6951421
1609027200000,2020-12-27 00:00:00,BNB/EUR,27.535,28.4223,26.0806,27.3602,92201.237,2536204.8540035
1609113600000,2020-12-28 00:00:00,BNB/EUR,27.3695,29.6541,27.0903,29.4175,79926.714,2310353.4338621
1609200000000,2020-12-29 00:00:00,BNB/EUR,29.4245,32.5248,28.9326,31.834,119090.882,3690075.519274
1609286400000,2020-12-30 00:00:00,BNB/EUR,31.8566,32.0197,30.0939,30.9506,71685.253,2196665.2441689
1609372800000,2020-12-31 00:00:00,BNB/EUR,30.9824,31.0654,30.0,30.6119,56400.15,1719814.2319301
1609459200000,2021-01-01 00:00:00,BNB/EUR,30.6276,31.8396,30.3927,30.9899,59879.726,1859906.0669566
1609545600000,2021-01-02 00:00:00,BNB/EUR,30.9746,31.6609,28.2215,30.7792,78459.687,2402539.9581286
1609632000000,2021-01-03 00:00:00,BNB/EUR,30.7798,33.0208,29.7138,32.721,109769.76,3494879.6003312
1609718400000,2021-01-04 00:00:00,BNB/EUR,32.7362,33.7324,30.863,33.4659,140288.06,4528472.1322777
1609804800000,2021-01-05 00:00:00,BNB/EUR,33.48,34.0525,31.6356,34.0525,96197.439,3159008.736541
1609891200000,2021-01-06 00:00:00,BNB/EUR,34.0561,34.4216,32.9972,34.2133,112982.565,3814433.9714154
1609977600000,2021-01-07 00:00:00,BNB/EUR,34.2133,36.3469,33.4,35.4127,141489.573,4995273.6174594
1610064000000,2021-01-08 00:00:00,BNB/EUR,35.4036,35.5436,32.874,34.47,88861.001,3072033.3511109
1610150400000,2021-01-09 00:00:00,BNB/EUR,34.4703,35.7372,33.9375,35.1555,57394.492,2002388.1555957
1610236800000,2021-01-10 00:00:00,BNB/EUR,35.1555,36.2,31.452,34.3423,83144.591,2873836.5379723
1610323200000,2021-01-11 00:00:00,BNB/EUR,34.3527,34.3527,28.7594,31.3935,160927.936,5013282.3643236
1610409600000,2021-01-12 00:00:00,BNB/EUR,31.4505,33.048,30.56,31.4434,83587.544,2657393.8930188
1610496000000,2021-01-13 00:00:00,BNB/EUR,31.4092,33.3333,30.4285,33.0561,71805.314,2292889.8548768
1610582400000,2021-01-14 00:00:00,BNB/EUR,33.0089,34.6539,32.5601,34.4132,86240.068,2915715.5930185
1610668800000,2021-01-15 00:00:00,BNB/EUR,34.4477,34.9189,31.9997,33.885,72966.947,2464198.189488
1610755200000,2021-01-16 00:00:00,BNB/EUR,33.885,36.4387,33.7144,35.7715,73758.831,2609923.5026406
1610841600000,2021-01-17 00:00:00,BNB/EUR,35.7174,38.5893,33.97,37.955,89230.152,3225048.2488693
1610928000000,2021-01-18 00:00:00,BNB/EUR,38.0321,38.7594,36.6035,37.5599,81625.567,3059141.6354965
1611014400000,2021-01-19 00:00:00,BNB/EUR,37.5599,39.0,34.5218,35.2509,116374.929,4272798.361634
1611100800000,2021-01-20 00:00:00,BNB/EUR,35.1306,35.3616,33.2475,35.1993,102854.32,3544958.7480189
1611187200000,2021-01-21 00:00:00,BNB/EUR,35.2005,35.2555,31.489,31.7766,95857.27,3187310.1482107
1611273600000,2021-01-22 00:00:00,BNB/EUR,31.7988,35.2677,30.275,33.6163,98110.66,3216841.682323
1611360000000,2021-01-23 00:00:00,BNB/EUR,33.6677,34.4593,32.571,33.6825,45535.215,1527220.2343709
1611446400000,2021-01-24 00:00:00,BNB/EUR,33.6825,34.7004,33.2326,34.4086,44228.359,1510152.3014229
1611532800000,2021-01-25 00:00:00,BNB/EUR,34.4511,35.797,33.4716,34.5676,74329.924,2586726.7689833
1611619200000,2021-01-26 00:00:00,BNB/EUR,34.5676,35.1314,32.7745,34.4672,68521.014,2312599.9633278
1611705600000,2021-01-27 00:00:00,BNB/EUR,34.4412,34.6065,32.8839,33.9041,68137.102,2301403.2691942
1611792000000,2021-01-28 00:00:00,BNB/EUR,33.8564,35.6381,33.4812,35.1435,61397.558,2147028.9219384
1611878400000,2021-01-29 00:00:00,BNB/EUR,35.1416,36.4557,34.6349,35.4087,99256.736,3533092.9186793
1611964800000,2021-01-30 00:00:00,BNB/EUR,35.4061,37.2364,35.1855,36.9732,59930.283,2186502.9811086
1612051200000,2021-01-31 00:00:00,BNB/EUR,36.9966,37.8,35.8661,36.6814,51070.586,1866417.5151692
1612137600000,2021-02-01 00:00:00,BNB/EUR,36.6867,43.4583,35.9198,42.6282,166225.451,6713572.0844777
1612224000000,2021-02-02 00:00:00,BNB/EUR,42.6175,43.9999,40.8636,42.3883,127969.964,5407873.6124033
1612310400000,2021-02-03 00:00:00,BNB/EUR,42.439,43.8598,41.4532,43.4207,88538.627,3770472.7096909
1612396800000,2021-02-04 00:00:00,BNB/EUR,43.3963,47.8338,42.8935,46.9037,134998.287,6097101.3199017
1612483200000,2021-02-05 00:00:00,BNB/EUR,46.9348,57.2782,46.9271,56.2599,250794.105,12951477.5020465
1612569600000,2021-02-06 00:00:00,BNB/EUR,56.3443,62.8997,51.3299,60.617,344103.212,20363839.7533651
1612656000000,2021-02-07 00:00:00,BNB/EUR,60.6967,62.2379,53.4639,56.9721,199013.588,11435850.0574597
1612742400000,2021-02-08 00:00:00,BNB/EUR,56.8803,66.6372,56.3481,66.3871,284158.673,17476972.0179925
1612828800000,2021-02-09 00:00:00,BNB/EUR,66.4288,96.4394,64.8433,88.9507,609698.894,50350211.2119468
1612915200000,2021-02-10 00:00:00,BNB/EUR,88.944,122.7095,88.9197,106.6511,794975.094,85391676.5547412
1613001600000,2021-02-11 00:00:00,BNB/EUR,106.7062,109.3752,97.4647,102.5476,231992.743,23852486.4110515
1613088000000,2021-02-12 00:00:00,BNB/EUR,102.5675,117.2613,100.047,113.1517,243432.14,26779492.2778743
1613174400000,2021-02-13 00:00:00,BNB/EUR,113.2068,114.6493,103.5,110.4992,119636.603,13025665.3704699
1613260800000,2021-02-14 00:00:00,BNB/EUR,110.512,115.0,106.1342,112.5,133313.952,14780388.9003804
1613347200000,2021-02-15 00:00:00,BNB/EUR,112.5551,115.2742,98.2336,107.4537,159305.733,17123225.2091122
1613433600000,2021-02-16 00:00:00,BNB/EUR,107.3201,110.46,104.444,107.8473,103903.247,11173677.3832794
1613520000000,2021-02-17 00:00:00,BNB/EUR,107.7527,147.3111,105.1557,137.6172,497092.162,64075585.9372194
1613606400000,2021-02-18 00:00:00,BNB/EUR,137.6733,165.8,135.4783,162.3674,564794.504,87786450.7038939
1613692800000,2021-02-19 00:00:00,BNB/EUR,162.4488,290.0,161.785,275.2338,1200843.596,279788069.2486248
1613779200000,2021-02-20 00:00:00,BNB/EUR,275.3307,276.9681,182.0574,209.2872,883379.433,205588660.68345448
1613865600000,2021-02-21 00:00:00,BNB/EUR,209.284,255.4471,206.7016,243.5649,720659.182,168296078.1541248
1613952000000,2021-02-22 00:00:00,BNB/EUR,243.3651,244.2456,180.4046,220.5102,676715.434,145271044.0595548
1614038400000,2021-02-23 00:00:00,BNB/EUR,220.6,222.1126,152.1111,190.9069,946440.568,172337664.9997061
1614124800000,2021-02-24 00:00:00,BNB/EUR,190.8538,233.2485,175.7882,209.4976,658284.524,137789537.5280689
1614211200000,2021-02-25 00:00:00,BNB/EUR,209.5007,218.6003,191.1,193.75,332876.748,68468173.8505941
1614297600000,2021-02-26 00:00:00,BNB/EUR,193.8,198.4,173.1336,184.6308,359714.412,67108757.013756
1614384000000,2021-02-27 00:00:00,BNB/EUR,184.645,197.2747,182.7386,187.948,157717.852,29893727.5819543
1614470400000,2021-02-28 00:00:00,BNB/EUR,187.606,190.65,162.2352,174.3088,222455.99,38542262.147992
1614556800000,2021-03-01 00:00:00,BNB/EUR,174.3809,216.7888,173.4691,211.8744,380508.026,77168738.8438409
1614643200000,2021-03-02 00:00:00,BNB/EUR,211.9491,220.0,188.4546,199.1504,232273.18,47319021.5156232
1614729600000,2021-03-03 00:00:00,BNB/EUR,199.1698,211.1888,196.0326,200.2632,169719.255,34841482.7036879
1614816000000,2021-03-04 00:00:00,BNB/EUR,200.2631,207.6001,188.759,192.5005,135450.232,26734324.6394817
1614902400000,2021-03-05 00:00:00,BNB/EUR,192.2418,194.3856,181.2019,189.2971,136857.191,25705732.7194338
1614988800000,2021-03-06 00:00:00,BNB/EUR,189.6012,195.4367,184.4897,190.0714,70511.752,13376787.1713325
1615075200000,2021-03-07 00:00:00,BNB/EUR,190.0243,204.146,188.9125,201.2538,120811.859,23869655.059961
1615161600000,2021-03-08 00:00:00,BNB/EUR,201.048,203.6414,193.1359,202.9476,107749.569,21333161.9691973
1615248000000,2021-03-09 00:00:00,BNB/EUR,202.9476,250.0,198.6214,246.7741,369701.231,84185144.7608098
1615334400000,2021-03-10 00:00:00,BNB/EUR,246.7741,248.698,222.3729,233.6938,256854.733,60993518.0625546
1615420800000,2021-03-11 00:00:00,BNB/EUR,233.7868,264.0,228.6454,242.0,252357.492,61712365.8812046
1615507200000,2021-03-12 00:00:00,BNB/EUR,242.1963,242.5356,208.6169,219.9165,217911.545,49137607.3400686
1615593600000,2021-03-13 00:00:00,BNB/EUR,219.8798,236.9819,213.9926,226.7314,147037.872,33457601.5078353
1615680000000,2021-03-14 00:00:00,BNB/EUR,226.9032,229.3971,219.6,219.6254,82632.135,18477900.9858608
1615766400000,2021-03-15 00:00:00,BNB/EUR,219.6924,222.7292,209.5916,213.7801,126075.615,27137880.886673
1615852800000,2021-03-16 00:00:00,BNB/EUR,214.0851,219.9579,202.5993,217.2059,126036.822,26805654.7502627
1615939200000,2021-03-17 00:00:00,BNB/EUR,217.2105,226.8409,209.4636,225.18,108238.174,23403758.6268781
1616025600000,2021-03-18 00:00:00,BNB/EUR,225.18,232.6417,216.3916,219.9066,119738.174,26996306.282743
1616112000000,2021-03-19 00:00:00,BNB/EUR,219.9159,226.6607,214.83,221.4719,69917.386,15572630.1629044
1616198400000,2021-03-20 00:00:00,BNB/EUR,221.4,230.6964,220.2595,222.3714,74502.466,16835803.7074733
1616284800000,2021-03-21 00:00:00,BNB/EUR,222.1741,225.7016,216.9406,223.3623,57772.83,12844500.8612106
1616371200000,2021-03-22 00:00:00,BNB/EUR,223.3708,232.5183,213.2653,214.5375,116464.838,25996369.4579714
1616457600000,2021-03-23 00:00:00,BNB/EUR,214.618,221.7139,211.834,216.0454,83050.793,18053044.412446
1616544000000,2021-03-24 00:00:00,BNB/EUR,216.0454,227.6641,204.7542,210.9779,103894.75,22694952.1383289
1616630400000,2021-03-25 00:00:00,BNB/EUR,211.0,212.0,191.1291,198.8992,114702.559,23094611.4865707
1616716800000,2021-03-26 00:00:00,BNB/EUR,198.8949,216.6904,198.868,216.5566,75245.025,15838545.7735768
1616803200000,2021-03-27 00:00:00,BNB/EUR,216.6904,233.6,211.851,228.4643,96635.62,21478285.9640177
1616889600000,2021-03-28 00:00:00,BNB/EUR,228.4563,238.3622,221.393,227.9922,74122.383,17035685.1883366
1616976000000,2021-03-29 00:00:00,BNB/EUR,227.9745,235.8719,224.5,233.587,66131.171,15334219.3168335
1617062400000,2021-03-30 00:00:00,BNB/EUR,233.64,265.89,230.501,265.8225,162965.094,41177184.5016762
1617148800000,2021-03-31 00:00:00,BNB/EUR,265.6618,269.9713,244.6317,257.6864,145658.295,37564420.7475775
1617235200000,2021-04-01 00:00:00,BNB/EUR,257.8579,288.0,256.2507,284.7897,134861.376,36772978.4206183
1617321600000,2021-04-02 00:00:00,BNB/EUR,284.7784,302.6887,277.455,287.6426,142937.053,41919494.9431257
1617408000000,2021-04-03 00:00:00,BNB/EUR,287.6427,296.5194,270.223,275.2863,106653.03,30513233.1208411
1617494400000,2021-04-04 00:00:00,BNB/EUR,275.378,300.4237,271.0,297.2463,92668.592,27073322.5558513
1617580800000,2021-04-05 00:00:00,BNB/EUR,297.5483,322.2447,287.0318,311.4522,135314.459,41655400.141775
1617667200000,2021-04-06 00:00:00,BNB/EUR,311.1525,347.9654,308.0527,340.6363,189878.519,62717248.0265395
1617753600000,2021-04-07 00:00:00,BNB/EUR,340.7444,349.7999,301.0,317.7528,224824.223,72847885.1489019
1617840000000,2021-04-08 00:00:00,BNB/EUR,317.8384,355.3309,315.1,351.629,137575.509,47083299.424048
1617926400000,2021-04-09 00:00:00,BNB/EUR,351.7037,382.2259,340.3944,382.2259,135835.845,49688305.2197499
1618012800000,2021-04-10 00:00:00,BNB/EUR,382.2259,408.719,378.317,395.614,163742.852,64684765.2486006
1618099200000,2021-04-11 00:00:00,BNB/EUR,395.6509,444.3957,383.3496,441.743,132484.268,54509390.029605
1618185600000,2021-04-12 00:00:00,BNB/EUR,441.5342,537.7893,432.3644,500.6725,352469.55,171676374.8963477
1618272000000,2021-04-13 00:00:00,BNB/EUR,500.5,505.4607,445.4412,461.0666,193349.039,90686608.7017343
1618358400000,2021-04-14 00:00:00,BNB/EUR,461.3542,493.203,440.1231,459.811,153751.129,72071713.5379041
1618444800000,2021-04-15 00:00:00,BNB/EUR,459.8108,465.4758,446.7974,453.4883,72145.487,33087548.9318563
1618531200000,2021-04-16 00:00:00,BNB/EUR,453.6636,458.9,410.1052,425.6996,145375.867,63207522.484859
1618617600000,2021-04-17 00:00:00,BNB/EUR,425.5753,457.8107,424.4545,433.7749,79163.661,34941746.4296139
1618704000000,2021-04-18 00:00:00,BNB/EUR,433.8282,438.0899,362.1609,405.1834,147430.281,58469418.2247133
1618790400000,2021-04-19 00:00:00,BNB/EUR,405.1634,454.1201,393.8904,419.9143,166002.4397,71102806.7946521
1618876800000,2021-04-20 00:00:00,BNB/EUR,420.226,491.111,395.5391,488.6457,238515.1606,106121463.4108836
1618963200000,2021-04-21 00:00:00,BNB/EUR,488.3384,510.8324,446.8004,453.5963,196816.2232,95323312.34564371
1619049600000,2021-04-22 00:00:00,BNB/EUR,452.7307,484.9211,399.0,421.0486,194051.0764,87512893.62335747
1619136000000,2021-04-23 00:00:00,BNB/EUR,420.9883,442.0,375.2407,437.2798,251175.2844,103101270.61600418
1619222400000,2021-04-24 00:00:00,BNB/EUR,437.1482,439.6662,402.4655,413.4901,75739.1234,31919970.7605397
1619308800000,2021-04-25 00:00:00,BNB/EUR,412.9992,430.5781,397.11,419.22,56559.3256,23534496.25909808
1619395200000,2021-04-26 00:00:00,BNB/EUR,419.06,456.09,416.46,444.0,100001.8336,44309837.10658592
1619481600000,2021-04-27 00:00:00,BNB/EUR,444.0,479.61,435.81,471.47,103495.1905,48017374.0955107
1619568000000,2021-04-28 00:00:00,BNB/EUR,471.47,480.0,447.61,464.99,75631.2016,34961453.33413348
1619654400000,2021-04-29 00:00:00,BNB/EUR,464.81,507.53,458.2,495.65,153705.8861,74509591.55968218
1619740800000,2021-04-30 00:00:00,BNB/EUR,495.53,523.0,484.41,517.84,113475.5711,57586505.67351655
1619827200000,2021-05-01 00:00:00,BNB/EUR,517.89,533.88,506.66,515.25,84454.6012,43821791.47953068
1619913600000,2021-05-02 00:00:00,BNB/EUR,515.26,524.41,494.88,518.05,66207.7991,33992411.899327
1620000000000,2021-05-03 00:00:00,BNB/EUR,518.0,565.0,516.59,561.56,111416.7526,60657322.32220175
1620086400000,2021-05-04 00:00:00,BNB/EUR,561.52,562.58,503.0,508.83,148818.2465,78860174.365328
1620172800000,2021-05-05 00:00:00,BNB/EUR,508.33,548.21,504.5,541.96,88594.0259,47448484.243772
1620259200000,2021-05-06 00:00:00,BNB/EUR,542.0,543.93,515.68,526.2,77709.2613,41259523.940792
1620345600000,2021-05-07 00:00:00,BNB/EUR,526.04,530.68,506.32,514.91,75749.7335,39283536.787232
1620432000000,2021-05-08 00:00:00,BNB/EUR,515.35,543.34,510.41,532.81,72815.841,38498815.8488
1620518400000,2021-05-09 00:00:00,BNB/EUR,532.63,560.0,521.0,545.03,86944.8408,47380585.205275
1620604800000,2021-05-10 00:00:00,BNB/EUR,545.05,569.78,489.0,523.08,132461.3654,71771758.807739
1620691200000,2021-05-11 00:00:00,BNB/EUR,522.8,556.0,514.73,554.63,107826.8164,58162645.845128
1620777600000,2021-05-12 00:00:00,BNB/EUR,555.08,565.56,485.62,496.13,117445.4712,63133419.511059
1620864000000,2021-05-13 00:00:00,BNB/EUR,495.92,527.0,430.0,474.43,204063.6944,99178389.724359
1620950400000,2021-05-14 00:00:00,BNB/EUR,474.66,508.44,469.97,497.99,85687.2651,42343501.865219
1621036800000,2021-05-15 00:00:00,BNB/EUR,497.99,503.84,462.92,465.44,69923.3845,33557679.094611
1621123200000,2021-05-16 00:00:00,BNB/EUR,465.44,500.0,432.79,465.26,96360.637,45202078.141354
1621209600000,2021-05-17 00:00:00,BNB/EUR,465.6,465.88,399.22,421.74,143215.6951,61123819.901507
1621296000000,2021-05-18 00:00:00,BNB/EUR,422.29,439.6,406.6,417.42,97641.8853,41554490.006969
1621382400000,2021-05-19 00:00:00,BNB/EUR,417.29,423.71,224.0,276.43,410117.6304,129631861.9031921
1621468800000,2021-05-20 00:00:00,BNB/EUR,276.48,352.23,235.68,322.11,303846.1797,90852261.191408
1621555200000,2021-05-21 00:00:00,BNB/EUR,322.0,340.96,227.32,269.22,306074.1827,87847492.141513
1621641600000,2021-05-22 00:00:00,BNB/EUR,269.28,277.15,235.54,247.39,237885.7461,60958351.798152
1621728000000,2021-05-23 00:00:00,BNB/EUR,247.43,257.77,175.12,214.56,304729.333,63721658.3817021
1621814400000,2021-05-24 00:00:00,BNB/EUR,214.62,288.25,212.25,284.31,323285.5321,81515637.155075
1621900800000,2021-05-25 00:00:00,BNB/EUR,284.07,308.26,250.52,280.84,272538.2042,74828321.864085
1621987200000,2021-05-26 00:00:00,BNB/EUR,280.93,323.0,252.0,311.92,202079.5481,61041262.793194
1622073600000,2021-05-27 00:00:00,BNB/EUR,311.72,318.16,280.45,303.28,137616.2308,41476237.918233
1622160000000,2021-05-28 00:00:00,BNB/EUR,303.56,306.77,257.9,270.59,199108.8483,54910733.747992
1622246400000,2021-05-29 00:00:00,BNB/EUR,270.72,285.21,243.91,251.44,102817.3813,27101545.708478
1622332800000,2021-05-30 00:00:00,BNB/EUR,251.72,278.54,240.0,267.91,80687.0974,21421834.266165
1622419200000,2021-05-31 00:00:00,BNB/EUR,267.76,291.0,253.36,289.01,117733.4798,32574523.329803
1622505600000,2021-06-01 00:00:00,BNB/EUR,289.05,298.0,278.2,296.89,87471.374,25149589.767518
1622592000000,2021-06-02 00:00:00,BNB/EUR,296.79,343.79,286.91,329.37,130800.9331,42320462.877831
1622678400000,2021-06-03 00:00:00,BNB/EUR,329.41,356.32,321.0,353.63,104919.6425,36012895.312603
1622764800000,2021-06-04 00:00:00,BNB/EUR,353.83,354.51,301.01,321.8,174005.4553,55735603.706959
1622851200000,2021-06-05 00:00:00,BNB/EUR,321.8,351.5,308.0,322.32,131294.092,43429563.713749
1622937600000,2021-06-06 00:00:00,BNB/EUR,322.2,330.12,315.06,324.37,55665.8923,17970691.916162
1623024000000,2021-06-07 00:00:00,BNB/EUR,324.38,335.5,291.27,294.53,116052.2068,36843754.521337
1623110400000,2021-06-08 00:00:00,BNB/EUR,294.01,316.0,262.01,290.15,170920.3069,48628194.915862
1623196800000,2021-06-09 00:00:00,BNB/EUR,290.14,311.36,274.3,308.7,139683.6101,41045980.970504
1623283200000,2021-06-10 00:00:00,BNB/EUR,308.8,310.4,282.83,289.5,97520.3604,28900766.172102
1623369600000,2021-06-11 00:00:00,BNB/EUR,289.41,301.29,280.62,286.06,72427.181,21180324.141204
1623456000000,2021-06-12 00:00:00,BNB/EUR,285.87,289.0,269.64,284.59,62805.9263,17552503.832105
1623542400000,2021-06-13 00:00:00,BNB/EUR,284.73,305.0,273.71,301.6,65310.0965,18820229.452727
1623628800000,2021-06-14 00:00:00,BNB/EUR,302.25,311.55,293.5,305.56,72379.1106,21836932.947496
1623715200000,2021-06-15 00:00:00,BNB/EUR,305.75,313.2,299.0,302.63,63194.2825,19330298.438901
1623801600000,2021-06-16 00:00:00,BNB/EUR,302.62,302.62,283.7,289.59,62360.1303,18312858.307222
1623888000000,2021-06-17 00:00:00,BNB/EUR,289.6,303.5,288.26,296.68,44773.6707,13299892.285167
1623974400000,2021-06-18 00:00:00,BNB/EUR,296.42,301.0,276.01,285.06,54266.7692,15652265.212455
1624060800000,2021-06-19 00:00:00,BNB/EUR,285.09,291.42,280.27,282.39,28843.2714,8252089.337475
1624147200000,2021-06-20 00:00:00,BNB/EUR,282.32,287.5,262.36,285.57,50610.7219,13978541.106088
1624233600000,2021-06-21 00:00:00,BNB/EUR,285.76,288.03,225.43,227.44,143739.0314,36714462.248283
1624320000000,2021-06-22 00:00:00,BNB/EUR,227.48,244.83,189.36,219.45,245345.8191,53161995.614176
1624406400000,2021-06-23 00:00:00,BNB/EUR,219.51,259.37,210.77,248.3,126548.524,30486950.416903
1624492800000,2021-06-24 00:00:00,BNB/EUR,248.43,265.44,235.68,258.59,87276.9838,22082242.311894
1624579200000,2021-06-25 00:00:00,BNB/EUR,258.75,263.87,231.0,236.0,99656.7947,24277113.495218
1624665600000,2021-06-26 00:00:00,BNB/EUR,235.86,244.16,222.35,234.89,82486.9165,19061412.391765
1624752000000,2021-06-27 00:00:00,BNB/EUR,234.93,244.35,226.41,243.73,47187.6632,11052226.161672
1624838400000,2021-06-28 00:00:00,BNB/EUR,244.16,250.86,237.75,243.32,60713.458,14828594.184407
1624924800000,2021-06-29 00:00:00,BNB/EUR,243.34,265.3,242.56,252.99,70400.8521,17996640.112454
1625011200000,2021-06-30 00:00:00,BNB/EUR,252.62,257.0,237.41,255.89,60259.4253,14914890.27185
1625097600000,2021-07-01 00:00:00,BNB/EUR,256.15,256.37,237.41,242.86,45142.6635,11000135.338882
1625184000000,2021-07-02 00:00:00,BNB/EUR,242.99,245.41,233.85,242.32,35992.4713,8566414.391843
1625270400000,2021-07-03 00:00:00,BNB/EUR,241.94,255.51,238.44,251.16,29918.5436,7445711.713732
1625356800000,2021-07-04 00:00:00,BNB/EUR,251.17,265.09,246.13,259.32,38446.8556,9939232.158122
1625443200000,2021-07-05 00:00:00,BNB/EUR,258.9,258.96,246.4,254.82,42049.558,10635123.556948
1625529600000,2021-07-06 00:00:00,BNB/EUR,254.85,271.83,254.58,270.81,50921.6595,13527118.653179
1625616000000,2021-07-07 00:00:00,BNB/EUR,270.59,287.68,269.26,278.4,40525.6028,11406823.982746
1625702400000,2021-07-08 00:00:00,BNB/EUR,277.74,278.65,257.43,262.27,40350.2051,10781238.56945
1625788800000,2021-07-09 00:00:00,BNB/EUR,261.92,269.39,255.0,267.2,27631.8448,7257404.370274
1625875200000,2021-07-10 00:00:00,BNB/EUR,267.32,270.86,262.12,266.7,20300.5096,5390562.238964
1625961600000,2021-07-11 00:00:00,BNB/EUR,266.7,275.21,263.49,271.1,19358.0121,5240593.640001
1626048000000,2021-07-12 00:00:00,BNB/EUR,271.28,281.77,260.79,267.11,34401.8104,9333104.110201
1626134400000,2021-07-13 00:00:00,BNB/EUR,266.84,268.51,259.0,264.14,23475.8647,6187474.822387
1626220800000,2021-07-14 00:00:00,BNB/EUR,264.3,275.5,249.19,265.73,38841.1357,10120761.057554
1626307200000,2021-07-15 00:00:00,BNB/EUR,265.54,277.12,257.88,270.44,46471.7028,12475738.954676
1626393600000,2021-07-16 00:00:00,BNB/EUR,270.97,277.0,257.3,257.76,31287.6475,8250516.493505
1626480000000,2021-07-17 00:00:00,BNB/EUR,257.59,261.46,251.21,257.03,25980.949,6682228.55283
1626566400000,2021-07-18 00:00:00,BNB/EUR,256.67,264.03,256.48,258.46,17386.9494,4529871.514158
1626652800000,2021-07-19 00:00:00,BNB/EUR,258.19,259.87,238.21,240.58,33367.796,8216182.387948
1626739200000,2021-07-20 00:00:00,BNB/EUR,240.72,243.0,218.88,227.61,55387.0486,12649879.115137
1626825600000,2021-07-21 00:00:00,BNB/EUR,227.53,256.41,224.99,251.6,40611.6658,9928297.922765
1626912000000,2021-07-22 00:00:00,BNB/EUR,251.68,255.44,247.12,251.91,24509.148,6171068.060591
1626998400000,2021-07-23 00:00:00,BNB/EUR,251.9,259.17,241.77,256.39,37661.6036,9468516.61363
1627084800000,2021-07-24 00:00:00,BNB/EUR,256.42,264.15,253.42,258.4,31765.2636,8217098.562364
1627171200000,2021-07-25 00:00:00,BNB/EUR,258.69,260.88,251.3,258.96,22452.7819,5761234.769339
1627257600000,2021-07-26 00:00:00,BNB/EUR,259.18,279.49,256.0,258.74,59116.7236,15908514.878924
1627344000000,2021-07-27 00:00:00,BNB/EUR,258.66,272.94,253.7,267.97,34638.535,9133419.898071
1627430400000,2021-07-28 00:00:00,BNB/EUR,267.45,271.7,263.27,267.82,27363.8396,7326723.774654
1627516800000,2021-07-29 00:00:00,BNB/EUR,267.68,271.84,263.54,269.43,19402.5089,5184214.252337
1627603200000,2021-07-30 00:00:00,BNB/EUR,269.34,276.09,260.46,272.7,30141.7835,8070137.585435
1627689600000,2021-07-31 00:00:00,BNB/EUR,272.85,287.7,268.0,282.84,30004.0997,8368027.206941
1627776000000,2021-08-01 00:00:00,BNB/EUR,282.83,295.0,281.2,284.06,32706.0383,9455786.19341
1627862400000,2021-08-02 00:00:00,BNB/EUR,284.1,288.1,278.52,281.81,22460.6256,6356529.723497
1627948800000,2021-08-03 00:00:00,BNB/EUR,281.76,285.09,270.16,274.99,19963.2649,5492397.510871
1628035200000,2021-08-04 00:00:00,BNB/EUR,275.15,287.93,272.86,285.88,20015.0173,5612965.560101
1628121600000,2021-08-05 00:00:00,BNB/EUR,286.07,290.26,275.98,288.68,23670.8532,6716449.347491
1628208000000,2021-08-06 00:00:00,BNB/EUR,288.75,300.0,284.22,293.24,27077.5024,7887296.247849
1628294400000,2021-08-07 00:00:00,BNB/EUR,293.43,310.94,292.14,307.04,36255.4614,10981147.419589
1628380800000,2021-08-08 00:00:00,BNB/EUR,307.05,310.41,290.28,295.63,26010.2014,7835204.70356
1628467200000,2021-08-09 00:00:00,BNB/EUR,295.43,308.33,287.71,305.54,35174.5493,10601725.808633
1628553600000,2021-08-10 00:00:00,BNB/EUR,305.63,325.0,301.26,321.46,40683.7904,12810605.874594
1628640000000,2021-08-11 00:00:00,BNB/EUR,321.53,353.81,320.95,339.4,52922.5077,17950468.643277
1628726400000,2021-08-12 00:00:00,BNB/EUR,339.31,351.91,321.18,334.16,41787.7175,13938698.307284
1628812800000,2021-08-13 00:00:00,BNB/EUR,334.02,352.19,331.8,351.87,31817.863,10980383.920675
1628899200000,2021-08-14 00:00:00,BNB/EUR,351.82,359.76,344.0,350.79,30304.8967,10614983.262718
1628985600000,2021-08-15 00:00:00,BNB/EUR,350.5,355.41,340.62,354.85,24454.7269,8503934.634474
1629072000000,2021-08-16 00:00:00,BNB/EUR,354.85,374.85,351.64,358.8,34256.3336,12462285.407518
1629158400000,2021-08-17 00:00:00,BNB/EUR,358.37,373.91,345.11,348.49,31402.705,11375452.474261
1629244800000,2021-08-18 00:00:00,BNB/EUR,348.38,356.48,334.29,343.14,29349.6048,10132985.668149
1629331200000,2021-08-19 00:00:00,BNB/EUR,343.26,370.51,339.52,370.41,28565.1311,10208819.2706
1629417600000,2021-08-20 00:00:00,BNB/EUR,370.35,391.51,361.71,389.18,29658.7124,11175429.836008
1629504000000,2021-08-21 00:00:00,BNB/EUR,388.88,395.28,380.55,386.23,26264.5348,10213461.944301
1629590400000,2021-08-22 00:00:00,BNB/EUR,386.24,393.74,379.0,386.5,18528.6445,7160582.421415
1629676800000,2021-08-23 00:00:00,BNB/EUR,386.56,438.04,384.44,429.26,51108.0637,21569622.961436
1629763200000,2021-08-24 00:00:00,BNB/EUR,429.17,432.98,395.56,406.86,40044.6213,16644458.620056
1629849600000,2021-08-25 00:00:00,BNB/EUR,406.39,437.23,405.74,433.72,37355.5894,15792762.97172
1629936000000,2021-08-26 00:00:00,BNB/EUR,433.36,447.0,388.0,412.7,33099.1309,13937593.050425
1630022400000,2021-08-27 00:00:00,BNB/EUR,412.5,424.0,403.7,422.6,20376.403,8478745.6339
1630108800000,2021-08-28 00:00:00,BNB/EUR,423.0,424.6,412.4,415.1,12671.885,5272034.8592
1630195200000,2021-08-29 00:00:00,BNB/EUR,415.5,422.9,408.3,411.1,12194.888,5056910.7102
1630281600000,2021-08-30 00:00:00,BNB/EUR,411.1,412.3,392.3,395.0,20990.751,8501015.5986
1630368000000,2021-08-31 00:00:00,BNB/EUR,395.0,406.8,388.2,397.0,29043.018,11559889.029
1630454400000,2021-09-01 00:00:00,BNB/EUR,397.0,416.9,390.2,416.0,23239.516,9477345.9476
1630540800000,2021-09-02 00:00:00,BNB/EUR,416.2,429.0,404.5,409.0,23048.9515,9553270.967154
1630627200000,2021-09-03 00:00:00,BNB/EUR,409.0,418.5,400.8,414.1,20829.327,8595494.2465
1630713600000,2021-09-04 00:00:00,BNB/EUR,414.2,432.2,411.4,422.5,25402.3621,10692571.194811
1630800000000,2021-09-05 00:00:00,BNB/EUR,422.7,427.5,414.6,426.5,17194.931,7241654.1208
1630886400000,2021-09-06 00:00:00,BNB/EUR,427.1,430.4,414.6,421.2,21756.433,9198918.0098
1630972800000,2021-09-07 00:00:00,BNB/EUR,421.2,428.4,321.0,360.6,74290.3161,27899487.699934
1631059200000,2021-09-08 00:00:00,BNB/EUR,360.6,366.4,327.6,355.2,35708.228,12509914.9494
1631145600000,2021-09-09 00:00:00,BNB/EUR,355.2,373.3,344.8,360.0,26301.107,9414946.1083
1631232000000,2021-09-10 00:00:00,BNB/EUR,360.1,375.3,335.4,342.5,22097.429,7758960.5061
1631318400000,2021-09-11 00:00:00,BNB/EUR,342.9,354.3,341.0,346.1,12907.323,4504148.9369
1631404800000,2021-09-12 00:00:00,BNB/EUR,345.8,359.7,339.8,355.3,15990.262,5642116.2873
1631491200000,2021-09-13 00:00:00,BNB/EUR,355.1,357.7,330.0,340.6,23572.437,8020971.7847
1631577600000,2021-09-14 00:00:00,BNB/EUR,340.8,353.6,337.6,353.6,16002.279,5519029.0657
1631664000000,2021-09-15 00:00:00,BNB/EUR,353.6,371.7,349.6,366.7,21816.517,7927267.4828
1631750400000,2021-09-16 00:00:00,BNB/EUR,366.8,368.9,354.3,361.6,20772.799,7532098.1608
1631836800000,2021-09-17 00:00:00,BNB/EUR,361.6,362.7,342.3,347.4,16687.33,5866319.9916
1631923200000,2021-09-18 00:00:00,BNB/EUR,347.3,358.8,343.2,351.0,14227.648,5033826.134
1632009600000,2021-09-19 00:00:00,BNB/EUR,350.9,358.6,344.6,349.6,16508.206,5809575.8766
1632096000000,2021-09-20 00:00:00,BNB/EUR,350.0,350.7,303.5,312.8,35624.4699,11512800.872289
1632182400000,2021-09-21 00:00:00,BNB/EUR,312.6,322.9,289.3,295.8,33317.3743,10327232.499452
1632268800000,2021-09-22 00:00:00,BNB/EUR,296.0,327.3,294.0,326.5,28525.252,8955130.4456
1632355200000,2021-09-23 00:00:00,BNB/EUR,326.1,330.6,317.4,329.0,23203.693,7542530.6435
1632441600000,2021-09-24 00:00:00,BNB/EUR,329.0,330.3,286.2,305.4,36711.5486,11192738.247469
1632528000000,2021-09-25 00:00:00,BNB/EUR,305.4,310.0,295.1,300.3,23707.839,7160792.9221
1632614400000,2021-09-26 00:00:00,BNB/EUR,300.4,302.6,275.1,295.2,34893.2121,10225010.156434
1632700800000,2021-09-27 00:00:00,BNB/EUR,295.1,306.6,287.8,287.9,20309.243,6031159.4878
1632787200000,2021-09-28 00:00:00,BNB/EUR,287.9,296.5,284.3,287.0,18437.518,5339278.0956
1632873600000,2021-09-29 00:00:00,BNB/EUR,286.7,323.7,285.4,318.1,25338.367,7909672.9751
1632960000000,2021-09-30 00:00:00,BNB/EUR,317.9,336.0,317.0,335.1,19829.15,6483645.3095
1633046400000,2021-10-01 00:00:00,BNB/EUR,335.2,365.0,330.1,363.3,27411.996,9647327.3298
1633132800000,2021-10-02 00:00:00,BNB/EUR,363.3,376.8,354.4,367.1,18802.778,6894646.5508
1633219200000,2021-10-03 00:00:00,BNB/EUR,367.2,375.9,362.3,370.0,17415.21,6437948.0594
1633305600000,2021-10-04 00:00:00,BNB/EUR,369.6,370.1,354.1,366.6,20179.605,7300510.0537
1633392000000,2021-10-05 00:00:00,BNB/EUR,366.4,382.3,364.3,379.2,22662.176,8526290.6083
1633478400000,2021-10-06 00:00:00,BNB/EUR,379.3,380.2,357.3,372.9,29069.356,10782130.4479
1633564800000,2021-10-07 00:00:00,BNB/EUR,373.2,386.4,363.3,375.9,25829.607,9745300.0935
1633651200000,2021-10-08 00:00:00,BNB/EUR,375.6,378.6,357.2,359.6,28511.77,10453427.0677
1633737600000,2021-10-09 00:00:00,BNB/EUR,360.1,365.8,357.4,362.8,17237.765,6253569.0469
1633824000000,2021-10-10 00:00:00,BNB/EUR,362.7,363.3,347.4,349.7,20424.559,7315491.2378
1633910400000,2021-10-11 00:00:00,BNB/EUR,349.8,366.8,346.3,358.1,22973.155,8254690.5744
1633996800000,2021-10-12 00:00:00,BNB/EUR,358.1,386.1,340.3,386.0,41880.496,15351624.7425
1634083200000,2021-10-13 00:00:00,BNB/EUR,385.9,407.0,376.2,405.9,55821.106,22103220.1723
1634169600000,2021-10-14 00:00:00,BNB/EUR,406.0,415.8,397.6,407.3,28118.321,11467317.3907
1634256000000,2021-10-15 00:00:00,BNB/EUR,407.1,410.8,388.6,408.1,38803.811,15532265.2311
1634342400000,2021-10-16 00:00:00,BNB/EUR,408.1,417.0,395.3,400.4,22183.365,9021344.218
1634428800000,2021-10-17 00:00:00,BNB/EUR,400.5,406.3,391.8,405.8,18063.98,7243330.0976
1634515200000,2021-10-18 00:00:00,BNB/EUR,405.9,420.6,402.3,418.6,24619.953,10119285.2974
1634601600000,2021-10-19 00:00:00,BNB/EUR,418.5,427.8,413.0,419.8,22986.872,9644682.1298
1634688000000,2021-10-20 00:00:00,BNB/EUR,419.6,433.0,414.0,427.9,26355.084,11213931.148436
1634774400000,2021-10-21 00:00:00,BNB/EUR,427.9,429.7,400.0,404.9,37826.232,15734459.9306
1634860800000,2021-10-22 00:00:00,BNB/EUR,404.9,428.0,404.8,412.7,22947.165,9570185.4251
1634947200000,2021-10-23 00:00:00,BNB/EUR,412.8,418.5,407.3,418.2,13778.144,5706452.7678
1635033600000,2021-10-24 00:00:00,BNB/EUR,418.5,419.1,403.0,409.9,16475.52,6766624.911
1635120000000,2021-10-25 00:00:00,BNB/EUR,409.8,421.4,409.1,418.2,15357.102,6405435.9758
1635206400000,2021-10-26 00:00:00,BNB/EUR,418.1,422.5,409.9,413.5,18115.607,7571263.0745
1635292800000,2021-10-27 00:00:00,BNB/EUR,413.6,420.4,379.0,388.3,38094.257,15117578.952
1635379200000,2021-10-28 00:00:00,BNB/EUR,388.4,424.8,386.6,422.3,33712.105,13849833.4118
1635465600000,2021-10-29 00:00:00,BNB/EUR,422.2,460.9,418.0,458.0,36616.8556,16160768.830751
1635552000000,2021-10-30 00:00:00,BNB/EUR,458.2,466.8,443.6,458.6,25631.8367,11645550.300949
1635638400000,2021-10-31 00:00:00,BNB/EUR,458.0,463.8,442.0,455.3,21658.551,9795052.3626
1635724800000,2021-11-01 00:00:00,BNB/EUR,455.8,478.3,444.3,477.5,27969.3682,12978859.55824
1635811200000,2021-11-02 00:00:00,BNB/EUR,477.5,487.0,465.7,479.3,25715.7674,12274822.948663
1635897600000,2021-11-03 00:00:00,BNB/EUR,479.4,493.0,464.4,490.2,32776.632,15668329.949455
1635984000000,2021-11-04 00:00:00,BNB/EUR,490.1,490.7,470.2,484.3,26064.354,12508304.9286
1636070400000,2021-11-05 00:00:00,BNB/EUR,484.4,534.3,480.6,528.6,43551.7196,22645981.423934
1636156800000,2021-11-06 00:00:00,BNB/EUR,528.6,554.3,519.0,554.1,28416.2892,15193558.8529
1636243200000,2021-11-07 00:00:00,BNB/EUR,554.3,581.5,548.4,565.5,32784.2292,18699560.930591
1636329600000,2021-11-08 00:00:00,BNB/EUR,565.6,566.9,549.1,564.5,26790.878,14964921.7116
1636416000000,2021-11-09 00:00:00,BNB/EUR,564.1,566.9,546.4,549.4,24040.587,13355296.5904
1636502400000,2021-11-10 00:00:00,BNB/EUR,549.7,574.5,501.1,536.9,40519.598,22179451.8597
1636588800000,2021-11-11 00:00:00,BNB/EUR,536.7,556.9,529.0,552.0,23633.151,12938979.9372
1636675200000,2021-11-12 00:00:00,BNB/EUR,551.8,556.7,529.4,550.5,18608.466,10114093.6618
1636761600000,2021-11-13 00:00:00,BNB/EUR,550.4,575.8,544.1,570.6,16528.465,9288105.5254
1636848000000,2021-11-14 00:00:00,BNB/EUR,570.6,580.0,557.7,572.3,16489.392,9399953.8424
1636934400000,2021-11-15 00:00:00,BNB/EUR,572.1,578.8,555.6,558.9,18848.129,10627303.0397
1637020800000,2021-11-16 00:00:00,BNB/EUR,558.8,560.2,506.9,522.1,44627.49,23474493.5843
1637107200000,2021-11-17 00:00:00,BNB/EUR,521.9,525.1,490.1,512.5,31854.905,16165762.0587
1637193600000,2021-11-18 00:00:00,BNB/EUR,512.3,520.8,455.6,468.2,33104.575,16038463.5911
1637280000000,2021-11-19 00:00:00,BNB/EUR,468.5,519.2,461.6,515.7,25842.231,12908371.7261
1637366400000,2021-11-20 00:00:00,BNB/EUR,516.1,538.0,510.1,537.5,19808.008,10350924.8714
1637452800000,2021-11-21 00:00:00,BNB/EUR,537.5,538.3,515.9,519.2,15874.397,8321946.7031
1637539200000,2021-11-22 00:00:00,BNB/EUR,518.9,519.6,494.1,498.3,20285.943,10261073.8524
1637625600000,2021-11-23 00:00:00,BNB/EUR,498.4,538.0,497.2,525.6,19472.829,10146674.0644
1637712000000,2021-11-24 00:00:00,BNB/EUR,525.7,530.9,515.1,528.0,20464.254,10708116.3951
1637798400000,2021-11-25 00:00:00,BNB/EUR,527.9,576.3,525.1,569.8,28607.305,15991965.9515
1637884800000,2021-11-26 00:00:00,BNB/EUR,570.3,586.8,500.7,521.2,39848.3356,21183581.43025868
1637971200000,2021-11-27 00:00:00,BNB/EUR,520.8,551.9,517.9,532.9,20122.407,10780426.7552
1638057600000,2021-11-28 00:00:00,BNB/EUR,532.8,544.1,507.3,542.9,23844.528,12524779.7167
1638144000000,2021-11-29 00:00:00,BNB/EUR,542.8,558.9,534.2,552.5,19839.56,10882080.174
1638230400000,2021-11-30 00:00:00,BNB/EUR,552.7,562.3,534.1,549.1,20990.789,11516125.1873
1638316800000,2021-12-01 00:00:00,BNB/EUR,549.8,574.6,547.1,554.9,20317.843,11423151.0521
1638403200000,2021-12-02 00:00:00,BNB/EUR,554.7,557.9,535.6,549.3,14040.182,7712422.9833
1638489600000,2021-12-03 00:00:00,BNB/EUR,549.3,555.9,510.0,527.7,18563.261,9994447.4782
1638576000000,2021-12-04 00:00:00,BNB/EUR,527.1,528.2,448.4,509.1,76329.909,37247649.6622
1638662400000,2021-12-05 00:00:00,BNB/EUR,508.5,517.9,481.6,494.4,20499.46,10233489.2965
1638748800000,2021-12-06 00:00:00,BNB/EUR,494.5,526.3,473.7,522.2,25511.643,12687218.8285
1638835200000,2021-12-07 00:00:00,BNB/EUR,521.6,527.3,508.3,514.1,14545.426,7552698.419
1638921600000,2021-12-08 00:00:00,BNB/EUR,514.3,536.4,503.0,536.0,19749.495,10243872.561
1639008000000,2021-12-09 00:00:00,BNB/EUR,536.2,544.5,503.5,505.5,16988.302,8856126.541
1639094400000,2021-12-10 00:00:00,BNB/EUR,505.4,528.0,487.8,489.8,17833.963,9068123.9053
1639180800000,2021-12-11 00:00:00,BNB/EUR,489.6,507.6,480.4,499.9,14401.401,7114928.3513
1639267200000,2021-12-12 00:00:00,BNB/EUR,500.8,508.5,495.9,505.2,11663.555,5852491.3239
1639353600000,2021-12-13 00:00:00,BNB/EUR,505.0,506.4,453.3,462.2,16133.973,7693904.6811
1639440000000,2021-12-14 00:00:00,BNB/EUR,462.4,477.5,452.9,469.4,17603.907,8166858.7066
1639526400000,2021-12-15 00:00:00,BNB/EUR,469.4,486.4,446.1,479.0,17697.213,8294551.0684
1639612800000,2021-12-16 00:00:00,BNB/EUR,479.2,483.1,463.3,464.2,12392.938,5881087.8064
1639699200000,2021-12-17 00:00:00,BNB/EUR,464.4,474.3,452.7,467.5,13633.984,6352986.4918
1639785600000,2021-12-18 00:00:00,BNB/EUR,467.9,479.3,460.1,475.7,9906.794,4677297.0091
1639872000000,2021-12-19 00:00:00,BNB/EUR,475.5,484.6,469.3,471.0,8705.4,4140445.0181
1639958400000,2021-12-20 00:00:00,BNB/EUR,471.1,475.6,448.4,464.5,11985.657,5507936.7861
1640044800000,2021-12-21 00:00:00,BNB/EUR,464.7,474.3,458.9,468.1,12947.76,6067542.1215
1640131200000,2021-12-22 00:00:00,BNB/EUR,468.1,480.7,467.1,471.5,11964.697,5670850.6552
1640217600000,2021-12-23 00:00:00,BNB/EUR,471.7,487.7,462.9,484.6,13595.138,6443248.7803
1640304000000,2021-12-24 00:00:00,BNB/EUR,484.9,490.0,476.0,479.8,10035.184,4848933.0477
1640390400000,2021-12-25 00:00:00,BNB/EUR,479.8,487.6,477.5,485.2,7504.549,3627471.492
1640476800000,2021-12-26 00:00:00,BNB/EUR,485.2,486.4,474.7,483.0,7379.509,3554786.9127
1640563200000,2021-12-27 00:00:00,BNB/EUR,483.3,505.0,480.5,497.9,12446.866,6143793.1935
1640649600000,2021-12-28 00:00:00,BNB/EUR,498.2,498.2,467.5,473.1,14236.128,6866051.378
1640736000000,2021-12-29 00:00:00,BNB/EUR,472.9,478.6,450.7,453.4,11670.427,5438737.9376
1640822400000,2021-12-30 00:00:00,BNB/EUR,453.1,465.9,448.1,458.4,10846.472,4976824.439
1640908800000,2021-12-31 00:00:00,BNB/EUR,458.3,467.1,445.1,449.9,12108.514,5524464.5976
1640995200000,2022-01-01 00:00:00,BNB/EUR,449.7,465.1,449.6,464.8,7907.895,3622008.8887
1641081600000,2022-01-02 00:00:00,BNB/EUR,464.8,470.0,456.8,467.5,9622.882,4461234.9688
1641168000000,2022-01-03 00:00:00,BNB/EUR,467.7,470.0,451.9,452.9,10799.832,4985044.8932
1641254400000,2022-01-04 00:00:00,BNB/EUR,453.1,460.7,444.4,449.9,11944.668,5420384.1643
1641340800000,2022-01-05 00:00:00,BNB/EUR,449.5,456.5,406.0,420.0,16811.023,7393300.3035
1641427200000,2022-01-06 00:00:00,BNB/EUR,420.0,427.0,406.0,418.8,18339.343,7625919.7223
1641513600000,2022-01-07 00:00:00,BNB/EUR,418.8,419.9,387.2,395.1,18912.932,7551494.9746
1641600000000,2022-01-08 00:00:00,BNB/EUR,395.3,405.0,367.6,379.3,14252.392,5539975.227
1641686400000,2022-01-09 00:00:00,BNB/EUR,379.2,392.4,376.7,387.3,8852.815,3408821.3976
1641772800000,2022-01-10 00:00:00,BNB/EUR,387.1,393.0,360.6,375.3,14809.326,5561442.1828
1641859200000,2022-01-11 00:00:00,BNB/EUR,375.4,412.2,372.1,408.3,17635.508,7027570.2629
1641945600000,2022-01-12 00:00:00,BNB/EUR,408.4,428.8,402.2,427.4,16841.305,7033856.4132
1642032000000,2022-01-13 00:00:00,BNB/EUR,427.2,428.6,407.4,415.0,15491.617,6484098.882
1642118400000,2022-01-14 00:00:00,BNB/EUR,415.0,431.9,408.7,430.2,15116.16,6352800.5126
1642204800000,2022-01-15 00:00:00,BNB/EUR,429.9,439.8,425.9,433.9,11207.277,4861021.1437
1642291200000,2022-01-16 00:00:00,BNB/EUR,433.9,443.8,429.0,437.4,11267.646,4919306.9833
1642377600000,2022-01-17 00:00:00,BNB/EUR,437.3,437.9,411.0,417.3,14522.029,6102415.2621
1642464000000,2022-01-18 00:00:00,BNB/EUR,417.5,420.8,403.5,416.5,16425.116,6744616.6328
1642550400000,2022-01-19 00:00:00,BNB/EUR,416.6,417.5,400.8,407.7,15915.991,6536878.1587
1642636800000,2022-01-20 00:00:00,BNB/EUR,407.9,421.7,388.2,389.7,22358.417,9175016.6009
1642723200000,2022-01-21 00:00:00,BNB/EUR,389.6,393.2,330.8,339.6,34007.124,12470889.4386
1642809600000,2022-01-22 00:00:00,BNB/EUR,339.5,344.0,297.4,317.3,46755.884,14955174.2668
1642896000000,2022-01-23 00:00:00,BNB/EUR,317.3,344.6,315.4,339.7,22323.37,7429241.1419
1642982400000,2022-01-24 00:00:00,BNB/EUR,339.3,339.4,298.2,328.5,26993.795,8492332.8129
1643068800000,2022-01-25 00:00:00,BNB/EUR,328.2,344.0,316.5,341.0,20882.311,6911513.7366
1643155200000,2022-01-26 00:00:00,BNB/EUR,341.3,357.1,326.4,334.4,21210.261,7259865.9258
1643241600000,2022-01-27 00:00:00,BNB/EUR,334.4,353.3,321.1,350.0,19481.111,6502950.2776
1643328000000,2022-01-28 00:00:00,BNB/EUR,350.0,354.7,337.7,346.9,19638.395,6801814.5942
1643414400000,2022-01-29 00:00:00,BNB/EUR,347.1,357.5,342.6,350.3,9235.684,3230425.6898
1643500800000,2022-01-30 00:00:00,BNB/EUR,350.4,350.4,335.2,339.3,13038.398,4471231.5148
1643587200000,2022-01-31 00:00:00,BNB/EUR,339.2,343.9,327.9,333.6,15435.868,5189703.4673
1643673600000,2022-02-01 00:00:00,BNB/EUR,333.5,345.9,333.0,341.1,16105.774,5491661.6025
1643760000000,2022-02-02 00:00:00,BNB/EUR,341.2,343.0,324.7,325.5,14798.94,4945417.2998
1643846400000,2022-02-03 00:00:00,BNB/EUR,325.6,328.6,316.6,326.0,15247.372,4914809.0077
1643932800000,2022-02-04 00:00:00,BNB/EUR,325.8,349.3,323.1,349.3,18454.421,6181078.6764
1644019200000,2022-02-05 00:00:00,BNB/EUR,349.3,376.8,346.7,361.9,16281.787,5947514.4633
1644105600000,2022-02-06 00:00:00,BNB/EUR,361.6,368.7,355.9,366.8,12394.699,4495182.6984
1644192000000,2022-02-07 00:00:00,BNB/EUR,367.1,384.7,361.1,379.3,18038.949,6797221.6067
1644278400000,2022-02-08 00:00:00,BNB/EUR,379.4,390.3,356.3,357.7,18218.374,6754804.6136
1644364800000,2022-02-09 00:00:00,BNB/EUR,357.8,374.4,357.2,370.7,13437.471,4934567.7882
1644451200000,2022-02-10 00:00:00,BNB/EUR,370.6,380.4,360.0,363.6,16958.032,6274280.4906
1644537600000,2022-02-11 00:00:00,BNB/EUR,363.8,368.5,346.5,352.8,13818.578,4985688.9056
1644624000000,2022-02-12 00:00:00,BNB/EUR,352.9,359.2,347.3,356.0,10545.069,3729786.9192
1644710400000,2022-02-13 00:00:00,BNB/EUR,356.0,359.6,348.5,350.7,8481.953,3006011.9928
1644796800000,2022-02-14 00:00:00,BNB/EUR,350.7,357.8,344.2,357.2,11794.158,4150285.2691
1644883200000,2022-02-15 00:00:00,BNB/EUR,357.1,390.4,356.4,380.6,21557.827,8131871.7724
1644969600000,2022-02-16 00:00:00,BNB/EUR,380.6,381.8,372.0,375.8,12014.095,4533525.1378
1645056000000,2022-02-17 00:00:00,BNB/EUR,376.0,379.2,352.2,354.6,13980.94,5118084.8074
1645142400000,2022-02-18 00:00:00,BNB/EUR,354.4,362.0,346.4,353.1,14245.077,5056556.9439
1645228800000,2022-02-19 00:00:00,BNB/EUR,352.9,359.6,347.6,353.5,9700.906,3429284.3829
1645315200000,2022-02-20 00:00:00,BNB/EUR,353.5,353.7,331.2,336.3,11970.032,4041071.5571
1645401600000,2022-02-21 00:00:00,BNB/EUR,336.5,346.7,314.4,315.6,22514.772,7472034.5787
1645488000000,2022-02-22 00:00:00,BNB/EUR,315.8,331.6,309.0,330.6,21624.892,6938671.5525
1645574400000,2022-02-23 00:00:00,BNB/EUR,330.7,338.9,323.4,323.5,16184.551,5382259.2204
1645660800000,2022-02-24 00:00:00,BNB/EUR,323.5,331.3,288.0,322.4,42797.195,13132748.8439
1645747200000,2022-02-25 00:00:00,BNB/EUR,322.4,335.0,319.5,332.9,16063.098,5237441.1546
1645833600000,2022-02-26 00:00:00,BNB/EUR,333.1,342.8,329.3,331.7,10664.858,3568664.4969
1645920000000,2022-02-27 00:00:00,BNB/EUR,331.8,338.5,320.5,322.3,14779.0,4854379.1675
1646006400000,2022-02-28 00:00:00,BNB/EUR,322.3,353.9,318.4,352.9,19036.996,6390104.6911
1646092800000,2022-03-01 00:00:00,BNB/EUR,352.9,377.9,349.0,367.6,27405.387,9995145.0046
1646179200000,2022-03-02 00:00:00,BNB/EUR,367.6,374.6,363.2,368.2,15092.727,5576901.6021
1646265600000,2022-03-03 00:00:00,BNB/EUR,368.1,373.0,359.6,363.9,10037.653,3671852.7492
1646352000000,2022-03-04 00:00:00,BNB/EUR,363.6,364.8,341.1,342.9,11745.343,4174465.9162
1646438400000,2022-03-05 00:00:00,BNB/EUR,342.8,354.9,336.5,352.6,7844.942,2720240.385
1646524800000,2022-03-06 00:00:00,BNB/EUR,352.4,354.8,341.1,345.1,7299.849,2541995.4202
1646611200000,2022-03-07 00:00:00,BNB/EUR,344.9,355.4,334.7,350.8,12883.166,4456583.2877
1646697600000,2022-03-08 00:00:00,BNB/EUR,350.6,357.0,347.3,350.1,9656.062,3398411.397
1646784000000,2022-03-09 00:00:00,BNB/EUR,350.0,368.9,349.8,355.5,12533.552,4500335.514
1646870400000,2022-03-10 00:00:00,BNB/EUR,355.4,357.3,330.0,338.3,12259.339,4157612.6945
1646956800000,2022-03-11 00:00:00,BNB/EUR,338.4,345.1,331.9,341.5,13415.956,4560491.1644
1647043200000,2022-03-12 00:00:00,BNB/EUR,341.3,348.1,340.7,341.9,8993.603,3105674.5637
1647129600000,2022-03-13 00:00:00,BNB/EUR,342.0,346.4,331.4,331.9,9982.017,3398755.0997
1647216000000,2022-03-14 00:00:00,BNB/EUR,331.9,342.5,330.5,341.7,11705.722,3935716.1593
1647302400000,2022-03-15 00:00:00,BNB/EUR,341.6,342.8,329.7,339.0,18983.295,6386519.5736
1647388800000,2022-03-16 00:00:00,BNB/EUR,339.2,350.9,335.9,349.9,17746.252,6097621.4716
1647475200000,2022-03-17 00:00:00,BNB/EUR,350.0,356.2,345.9,353.5,12725.826,4459006.1526
1647561600000,2022-03-18 00:00:00,BNB/EUR,353.5,362.5,346.8,360.0,14858.853,5260153.3096
1647648000000,2022-03-19 00:00:00,BNB/EUR,360.1,368.3,357.7,362.2,10254.607,3723497.8998
1647734400000,2022-03-20 00:00:00,BNB/EUR,362.2,363.0,350.0,354.4,9243.974,3291852.9716
1647820800000,2022-03-21 00:00:00,BNB/EUR,354.5,361.9,349.4,359.7,11220.156,4012110.0837
1647907200000,2022-03-22 00:00:00,BNB/EUR,359.6,372.7,359.0,367.0,13262.249,4888309.4585
1647993600000,2022-03-23 00:00:00,BNB/EUR,366.8,374.7,361.4,371.3,9390.881,3453499.4481
1648080000000,2022-03-24 00:00:00,BNB/EUR,371.5,379.4,369.3,376.7,11643.274,4360528.04
1648166400000,2022-03-25 00:00:00,BNB/EUR,376.6,383.3,369.6,374.1,11355.436,4278165.7181
1648252800000,2022-03-26 00:00:00,BNB/EUR,374.3,379.8,371.7,379.5,6206.58,2339483.458
1648339200000,2022-03-27 00:00:00,BNB/EUR,379.3,393.2,375.7,392.3,8812.158,3375292.3453
1648425600000,2022-03-28 00:00:00,BNB/EUR,392.3,402.6,389.3,391.7,13458.836,5345606.4197
1648512000000,2022-03-29 00:00:00,BNB/EUR,391.6,399.3,387.4,392.0,13784.507,5436528.7084
1648598400000,2022-03-30 00:00:00,BNB/EUR,392.0,403.2,383.7,396.3,14112.739,5571034.1999
1648684800000,2022-03-31 00:00:00,BNB/EUR,396.5,404.9,382.7,387.8,18557.924,7326035.5557
1648771200000,2022-04-01 00:00:00,BNB/EUR,387.8,406.2,373.9,405.8,17694.601,6942197.1952
1648857600000,2022-04-02 00:00:00,BNB/EUR,405.8,411.4,395.0,396.2,15527.999,6279803.4996
1648944000000,2022-04-03 00:00:00,BNB/EUR,396.4,412.9,391.8,408.2,10250.745,4131929.6843
1649030400000,2022-04-04 00:00:00,BNB/EUR,408.3,410.4,395.7,408.2,14353.401,5792770.0658
1649116800000,2022-04-05 00:00:00,BNB/EUR,408.3,419.9,407.2,408.1,12810.797,5300776.3123
1649203200000,2022-04-06 00:00:00,BNB/EUR,407.9,408.6,383.4,386.0,19668.284,7791409.6111
1649289600000,2022-04-07 00:00:00,BNB/EUR,385.8,403.3,383.0,401.4,14077.449,5566822.1529
1649376000000,2022-04-08 00:00:00,BNB/EUR,401.4,406.0,385.6,388.2,11198.642,4435985.498
1649462400000,2022-04-09 00:00:00,BNB/EUR,387.9,394.4,386.6,393.1,7995.433,3122736.267
1649548800000,2022-04-10 00:00:00,BNB/EUR,393.3,394.1,383.6,384.4,7385.871,2884179.2992
1649635200000,2022-04-11 00:00:00,BNB/EUR,384.4,385.5,359.9,362.9,17567.035,6552679.1827
1649721600000,2022-04-12 00:00:00,BNB/EUR,362.8,383.9,361.3,382.5,13951.167,5256121.8337
1649808000000,2022-04-13 00:00:00,BNB/EUR,382.5,390.8,379.5,388.7,14699.013,5671698.4289
1649894400000,2022-04-14 00:00:00,BNB/EUR,389.0,392.0,380.8,383.7,10437.633,4018791.5544
1649980800000,2022-04-15 00:00:00,BNB/EUR,383.7,389.1,382.0,387.1,8361.819,3229434.1468
1650067200000,2022-04-16 00:00:00,BNB/EUR,387.2,388.6,381.6,386.6,8297.637,3193740.7978
1650153600000,2022-04-17 00:00:00,BNB/EUR,386.7,387.6,375.6,376.7,9330.121,3584230.5885
1650240000000,2022-04-18 00:00:00,BNB/EUR,376.5,388.9,367.8,387.7,17837.586,6736823.374
1650326400000,2022-04-19 00:00:00,BNB/EUR,387.7,393.1,385.4,391.8,16822.214,6552212.2874
1650412800000,2022-04-20 00:00:00,BNB/EUR,391.8,398.0,383.2,386.0,17366.651,6778800.1593
1650499200000,2022-04-21 00:00:00,BNB/EUR,385.9,391.8,371.0,374.5,22111.624,8510158.6568
1650585600000,2022-04-22 00:00:00,BNB/EUR,374.4,382.7,373.2,377.4,17171.674,6502423.7704
1650672000000,2022-04-23 00:00:00,BNB/EUR,377.4,378.8,368.7,372.1,12768.996,4795587.8415
1650758400000,2022-04-24 00:00:00,BNB/EUR,372.2,376.4,368.7,369.2,10549.945,3930817.3373
1650844800000,2022-04-25 00:00:00,BNB/EUR,369.2,378.9,356.5,377.6,22535.652,8258698.4564
1650931200000,2022-04-26 00:00:00,BNB/EUR,377.6,380.1,358.5,363.2,19385.664,7150037.7171
1651017600000,2022-04-27 00:00:00,BNB/EUR,363.2,374.1,360.5,370.7,17054.885,6285357.8542
1651104000000,2022-04-28 00:00:00,BNB/EUR,370.7,389.3,369.1,387.7,28112.096,10732165.5683
1651190400000,2022-04-29 00:00:00,BNB/EUR,387.7,390.0,369.8,372.8,19973.67,7557054.8672
1651276800000,2022-04-30 00:00:00,BNB/EUR,372.9,379.7,357.8,358.8,16604.072,6180077.3583
1651363200000,2022-05-01 00:00:00,BNB/EUR,358.7,371.4,357.2,369.8,18387.005,6721077.4076
1651449600000,2022-05-02 00:00:00,BNB/EUR,369.8,373.6,364.2,370.8,17149.604,6331514.6419
1651536000000,2022-05-03 00:00:00,BNB/EUR,370.8,372.9,361.2,365.2,14719.597,5404671.7854
1651622400000,2022-05-04 00:00:00,BNB/EUR,365.3,380.1,364.1,379.3,17776.736,6618040.9746
1651708800000,2022-05-05 00:00:00,BNB/EUR,379.3,390.1,353.0,359.4,27604.547,10253816.1461
1651795200000,2022-05-06 00:00:00,BNB/EUR,359.4,362.9,350.8,359.8,20742.298,7437158.1185
1651881600000,2022-05-07 00:00:00,BNB/EUR,359.9,361.2,342.0,346.9,15682.026,5574407.4325
1651968000000,2022-05-08 00:00:00,BNB/EUR,347.0,348.4,331.8,338.1,20543.691,6980749.3689
1652054400000,2022-05-09 00:00:00,BNB/EUR,338.3,341.4,280.1,281.0,35146.245,10897455.1171
1652140800000,2022-05-10 00:00:00,BNB/EUR,280.7,315.1,274.2,303.5,41778.453,12630370.4175
1652227200000,2022-05-11 00:00:00,BNB/EUR,303.3,307.1,247.0,257.1,51237.5107,14322694.930651
1652313600000,2022-05-12 00:00:00,BNB/EUR,257.1,272.2,180.0,258.3,112261.5009,26620255.988493
1652400000000,2022-05-13 00:00:00,BNB/EUR,258.4,301.7,255.2,279.4,32004.741,9241173.8975
1652486400000,2022-05-14 00:00:00,BNB/EUR,279.2,287.5,261.6,285.7,22006.621,6044595.6926
1652572800000,2022-05-15 00:00:00,BNB/EUR,285.6,300.8,274.7,300.3,16515.324,4738455.526
1652659200000,2022-05-16 00:00:00,BNB/EUR,300.4,300.5,278.6,284.7,22762.881,6503193.1312
1652745600000,2022-05-17 00:00:00,BNB/EUR,284.8,294.8,281.5,290.1,18631.989,5392166.2441
1652832000000,2022-05-18 00:00:00,BNB/EUR,290.1,291.9,273.7,274.6,20310.866,5737422.7288
1652918400000,2022-05-19 00:00:00,BNB/EUR,274.5,291.5,273.4,290.0,21549.615,6128212.3779
1653004800000,2022-05-20 00:00:00,BNB/EUR,289.7,298.8,278.7,286.1,27107.466,7829427.8788
1653091200000,2022-05-21 00:00:00,BNB/EUR,286.3,297.4,283.7,295.8,11101.879,3240440.5675
1653177600000,2022-05-22 00:00:00,BNB/EUR,295.7,306.6,295.0,302.0,15876.274,4777476.9501
1653264000000,2022-05-23 00:00:00,BNB/EUR,302.0,315.9,295.1,296.7,25485.304,7844982.957
1653350400000,2022-05-24 00:00:00,BNB/EUR,296.9,309.1,290.9,305.8,18150.343,5460938.9078
1653436800000,2022-05-25 00:00:00,BNB/EUR,305.7,315.0,303.7,304.6,13037.112,4019901.071
1653523200000,2022-05-26 00:00:00,BNB/EUR,304.6,309.8,277.8,282.3,24204.272,7075131.5898
1653609600000,2022-05-27 00:00:00,BNB/EUR,282.3,289.0,270.3,280.7,19320.186,5409467.2087
1653696000000,2022-05-28 00:00:00,BNB/EUR,280.9,289.4,276.6,287.0,10365.66,2932812.8028
1653782400000,2022-05-29 00:00:00,BNB/EUR,286.8,287.2,278.7,285.2,8939.022,2525571.0586
1653868800000,2022-05-30 00:00:00,BNB/EUR,285.3,300.7,283.2,298.6,14786.9,4344535.11
1653955200000,2022-05-31 00:00:00,BNB/EUR,298.5,302.3,293.0,298.7,13419.678,3999961.3095
1654041600000,2022-06-01 00:00:00,BNB/EUR,298.9,302.2,279.3,281.8,14046.975,4083162.0196
1654128000000,2022-06-02 00:00:00,BNB/EUR,282.1,287.8,279.6,286.9,10765.178,3050129.6987
1654214400000,2022-06-03 00:00:00,BNB/EUR,286.8,288.3,273.7,278.6,11001.208,3071813.6125
1654300800000,2022-06-04 00:00:00,BNB/EUR,278.5,283.0,275.1,281.4,5712.253,1597485.7482
1654387200000,2022-06-05 00:00:00,BNB/EUR,281.6,282.4,275.5,278.9,5763.409,1606633.5653
1654473600000,2022-06-06 00:00:00,BNB/EUR,278.9,290.7,269.4,276.0,16185.404,4564813.2853
1654560000000,2022-06-07 00:00:00,BNB/EUR,276.1,276.4,256.5,271.1,20162.889,5376138.4889
1654646400000,2022-06-08 00:00:00,BNB/EUR,271.2,274.4,265.6,269.2,13363.432,3624274.4823
1654732800000,2022-06-09 00:00:00,BNB/EUR,269.1,274.6,267.2,272.8,10895.995,2957892.0179
1654819200000,2022-06-10 00:00:00,BNB/EUR,272.8,284.1,267.9,272.2,16808.923,4607516.6383
1654905600000,2022-06-11 00:00:00,BNB/EUR,272.4,276.2,252.4,256.6,14079.358,3717250.2985
1654992000000,2022-06-12 00:00:00,BNB/EUR,257.0,258.8,239.3,242.7,16983.883,4196666.0011
1655078400000,2022-06-13 00:00:00,BNB/EUR,242.7,245.5,204.8,214.6,50805.379,11128020.575
1655164800000,2022-06-14 00:00:00,BNB/EUR,214.3,221.2,196.0,213.6,49660.364,10555062.539
1655251200000,2022-06-15 00:00:00,BNB/EUR,213.6,224.5,189.5,223.5,62070.867,12673103.5719
1655337600000,2022-06-16 00:00:00,BNB/EUR,223.5,226.6,197.3,199.6,25204.699,5282985.0468
1655424000000,2022-06-17 00:00:00,BNB/EUR,199.7,211.2,197.2,205.7,16362.345,3366898.8989
1655510400000,2022-06-18 00:00:00,BNB/EUR,205.7,208.8,175.3,188.5,31459.2485,5968538.162193
1655596800000,2022-06-19 00:00:00,BNB/EUR,188.6,207.2,181.6,205.3,23198.141,4518330.043
1655683200000,2022-06-20 00:00:00,BNB/EUR,205.3,208.3,194.7,205.7,16697.053,3384115.8817
1655769600000,2022-06-21 00:00:00,BNB/EUR,205.6,216.2,202.5,208.8,19990.158,4202531.6261
1655856000000,2022-06-22 00:00:00,BNB/EUR,209.0,209.4,201.2,202.7,21255.661,4371540.6721
1655942400000,2022-06-23 00:00:00,BNB/EUR,203.1,218.9,202.6,217.5,13252.53,2824138.2846
1656028800000,2022-06-24 00:00:00,BNB/EUR,217.4,230.5,217.1,227.6,10774.413,2413377.2682
1656115200000,2022-06-25 00:00:00,BNB/EUR,228.0,229.6,218.1,227.3,7852.68,1766164.7664
1656201600000,2022-06-26 00:00:00,BNB/EUR,227.3,232.7,220.7,221.5,7761.584,1762665.9989
1656288000000,2022-06-27 00:00:00,BNB/EUR,221.4,227.7,217.7,220.6,8339.947,1858526.6954
1656374400000,2022-06-28 00:00:00,BNB/EUR,220.9,230.5,214.5,215.5,11391.506,2544559.8935
1656460800000,2022-06-29 00:00:00,BNB/EUR,215.5,217.8,205.3,210.0,12522.02,2632774.4233
1656547200000,2022-06-30 00:00:00,BNB/EUR,210.1,210.6,197.2,209.8,12779.214,2590542.5562
1656633600000,2022-07-01 00:00:00,BNB/EUR,209.8,216.4,204.9,207.7,16219.4,3408638.1423
1656720000000,2022-07-02 00:00:00,BNB/EUR,207.7,210.8,204.3,209.4,7496.853,1556798.374
1656806400000,2022-07-03 00:00:00,BNB/EUR,209.3,211.1,205.3,210.0,5933.088,1237359.536
1656892800000,2022-07-04 00:00:00,BNB/EUR,210.0,222.4,205.9,221.7,9757.887,2091857.3897
1656979200000,2022-07-05 00:00:00,BNB/EUR,221.7,229.3,216.7,224.6,12821.108,2849234.7849
1657065600000,2022-07-06 00:00:00,BNB/EUR,224.6,235.4,222.8,233.9,12549.664,2894854.2425
1657152000000,2022-07-07 00:00:00,BNB/EUR,233.9,239.8,230.7,237.5,8721.452,2049284.6028
1657238400000,2022-07-08 00:00:00,BNB/EUR,237.4,242.8,233.6,236.5,9737.102,2310878.5561
1657324800000,2022-07-09 00:00:00,BNB/EUR,236.3,240.6,236.3,239.0,5402.036,1289913.6523
1657411200000,2022-07-10 00:00:00,BNB/EUR,239.0,239.1,227.5,230.7,7217.126,1670138.6912
1657497600000,2022-07-11 00:00:00,BNB/EUR,230.6,232.5,224.1,224.5,6664.957,1525625.1424
1657584000000,2022-07-12 00:00:00,BNB/EUR,224.5,226.8,219.4,219.8,8359.403,1868890.5211
1657670400000,2022-07-13 00:00:00,BNB/EUR,220.1,230.0,216.0,229.7,10261.731,2282688.6382
1657756800000,2022-07-14 00:00:00,BNB/EUR,229.7,239.7,226.4,237.4,8646.818,2011224.9364
1657843200000,2022-07-15 00:00:00,BNB/EUR,237.6,240.5,234.2,236.4,7967.178,1889321.8533
1657929600000,2022-07-16 00:00:00,BNB/EUR,236.5,249.1,232.0,247.5,7307.107,1757093.0374
1658016000000,2022-07-17 00:00:00,BNB/EUR,247.6,253.2,244.2,245.3,6308.372,1570888.1836
1658102400000,2022-07-18 00:00:00,BNB/EUR,245.2,261.8,245.0,260.3,8081.464,2067816.3463
1658188800000,2022-07-19 00:00:00,BNB/EUR,260.3,268.8,251.2,262.8,8957.974,2316765.5262
1658275200000,2022-07-20 00:00:00,BNB/EUR,262.8,266.5,251.9,253.6,9857.268,2577164.9921
1658361600000,2022-07-21 00:00:00,BNB/EUR,253.5,260.3,245.8,259.8,6075.804,1542059.9758
1658448000000,2022-07-22 00:00:00,BNB/EUR,260.0,267.2,256.1,257.4,7119.499,1868490.4468
1658534400000,2022-07-23 00:00:00,BNB/EUR,257.5,267.1,247.9,254.0,6516.105,1667626.1043
1658620800000,2022-07-24 00:00:00,BNB/EUR,254.0,260.6,252.1,256.6,4728.87,1217202.8518
1658707200000,2022-07-25 00:00:00,BNB/EUR,256.2,257.7,239.2,239.4,8117.932,2021648.0122
1658793600000,2022-07-26 00:00:00,BNB/EUR,239.5,246.4,235.3,246.3,7872.621,1884899.9125
1658880000000,2022-07-27 00:00:00,BNB/EUR,246.4,266.3,244.3,265.9,11088.543,2835310.1088
1658966400000,2022-07-28 00:00:00,BNB/EUR,266.1,275.5,259.8,272.1,9214.137,2465127.393
1659052800000,2022-07-29 00:00:00,BNB/EUR,272.2,296.0,269.6,286.9,16543.027,4696100.8978
1659139200000,2022-07-30 00:00:00,BNB/EUR,287.2,293.8,279.5,281.9,9891.719,2837406.5084
1659225600000,2022-07-31 00:00:00,BNB/EUR,281.9,290.6,276.6,278.1,7434.141,2120233.1984
1659312000000,2022-08-01 00:00:00,BNB/EUR,278.0,284.0,271.3,276.6,8664.899,2406428.6996
1659398400000,2022-08-02 00:00:00,BNB/EUR,276.3,285.5,267.2,279.5,10482.011,2902516.4995
1659484800000,2022-08-03 00:00:00,BNB/EUR,279.6,301.5,274.2,293.3,15341.611,4441560.0133
1659571200000,2022-08-04 00:00:00,BNB/EUR,293.3,306.7,292.9,305.1,16520.972,4946425.9736
1659657600000,2022-08-05 00:00:00,BNB/EUR,305.2,314.5,302.0,310.4,13745.696,4252583.5707
1659744000000,2022-08-06 00:00:00,BNB/EUR,310.4,317.1,307.1,309.6,9062.623,2819992.9536
1659830400000,2022-08-07 00:00:00,BNB/EUR,309.7,320.5,303.1,317.5,8565.038,2678473.9055
1659916800000,2022-08-08 00:00:00,BNB/EUR,317.3,327.5,315.4,319.0,11081.248,3561224.7582
1660003200000,2022-08-09 00:00:00,BNB/EUR,319.0,322.2,306.1,318.2,9598.47,3017293.788
1660089600000,2022-08-10 00:00:00,BNB/EUR,318.4,325.6,307.5,319.7,13449.036,4273281.3437
1660176000000,2022-08-11 00:00:00,BNB/EUR,319.7,325.4,312.5,314.1,9668.783,3092087.8068
1660262400000,2022-08-12 00:00:00,BNB/EUR,314.6,320.2,309.2,319.8,6763.311,2128589.7097
1660348800000,2022-08-13 00:00:00,BNB/EUR,319.8,324.4,314.8,316.4,7564.368,2422379.5522
1660435200000,2022-08-14 00:00:00,BNB/EUR,316.3,322.6,308.5,310.2,6318.189,1995687.2233
1660521600000,2022-08-15 00:00:00,BNB/EUR,310.2,319.3,306.7,314.3,8045.399,2512057.9456
1660608000000,2022-08-16 00:00:00,BNB/EUR,314.2,317.4,307.4,311.2,6384.766,1988934.9276
1660694400000,2022-08-17 00:00:00,BNB/EUR,311.1,318.1,299.3,301.7,9388.637,2883153.6549
1660780800000,2022-08-18 00:00:00,BNB/EUR,301.7,305.6,293.4,295.5,7915.098,2383935.8276
1660867200000,2022-08-19 00:00:00,BNB/EUR,295.5,295.6,275.0,278.3,13682.592,3872560.5028
1660953600000,2022-08-20 00:00:00,BNB/EUR,278.1,288.4,276.4,282.8,7883.758,2237800.5681
1661040000000,2022-08-21 00:00:00,BNB/EUR,282.9,303.8,282.6,301.1,10413.101,3076704.8784
1661126400000,2022-08-22 00:00:00,BNB/EUR,301.5,304.2,288.8,301.6,9617.412,2858436.8988
1661212800000,2022-08-23 00:00:00,BNB/EUR,301.6,303.3,296.3,300.2,11905.65,3567020.1622
1661299200000,2022-08-24 00:00:00,BNB/EUR,300.5,301.9,295.8,297.5,9399.691,2811047.4523
1661385600000,2022-08-25 00:00:00,BNB/EUR,297.4,307.0,296.5,302.2,8993.472,2721440.5562
1661472000000,2022-08-26 00:00:00,BNB/EUR,302.2,302.7,278.9,281.2,19866.762,5767643.8648
1661558400000,2022-08-27 00:00:00,BNB/EUR,281.2,286.3,275.0,279.3,16386.025,4614363.3379
1661644800000,2022-08-28 00:00:00,BNB/EUR,279.4,285.4,277.5,278.6,10692.294,3002834.0042
1661731200000,2022-08-29 00:00:00,BNB/EUR,278.6,286.8,273.1,286.0,11032.835,3091150.992
1661817600000,2022-08-30 00:00:00,BNB/EUR,285.9,291.4,276.4,281.2,14380.089,4082960.2831
1661904000000,2022-08-31 00:00:00,BNB/EUR,281.2,289.4,276.8,278.4,11594.6,3295196.592
1661990400000,2022-09-01 00:00:00,BNB/EUR,278.4,280.2,272.7,279.4,11240.538,3107488.2178
1662076800000,2022-09-02 00:00:00,BNB/EUR,279.5,283.0,275.4,279.0,7970.24,2226404.6743
1662163200000,2022-09-03 00:00:00,BNB/EUR,278.9,280.2,275.7,279.2,4185.444,1164563.0047
1662249600000,2022-09-04 00:00:00,BNB/EUR,279.3,282.1,276.6,281.2,4311.183,1205253.3424
1662336000000,2022-09-05 00:00:00,BNB/EUR,281.3,283.7,275.2,278.5,8247.486,2294490.1802
1662422400000,2022-09-06 00:00:00,BNB/EUR,278.5,287.0,264.2,265.4,14790.917,4099478.3176
1662508800000,2022-09-07 00:00:00,BNB/EUR,265.4,280.3,262.1,279.2,11471.963,3099289.6863
1662595200000,2022-09-08 00:00:00,BNB/EUR,279.3,284.0,276.2,280.5,8960.85,2505345.6349
1662681600000,2022-09-09 00:00:00,BNB/EUR,280.5,294.6,279.4,291.5,9800.935,2830057.9096
1662768000000,2022-09-10 00:00:00,BNB/EUR,291.6,296.7,288.3,294.8,8292.63,2424188.5873
1662854400000,2022-09-11 00:00:00,BNB/EUR,294.8,296.2,287.5,293.0,6371.384,1866508.1278
1662940800000,2022-09-12 00:00:00,BNB/EUR,293.1,296.0,287.9,290.3,9389.146,2738907.6448
1663027200000,2022-09-13 00:00:00,BNB/EUR,290.3,293.8,276.6,278.2,13056.149,3725990.5276
1663113600000,2022-09-14 00:00:00,BNB/EUR,278.0,283.2,274.2,279.9,9645.94,2694759.2933
1663200000000,2022-09-15 00:00:00,BNB/EUR,279.8,281.4,266.9,271.5,12843.987,3523565.2681
1663286400000,2022-09-16 00:00:00,BNB/EUR,271.7,277.5,269.2,274.7,9564.411,2621938.9929
1663372800000,2022-09-17 00:00:00,BNB/EUR,274.7,279.7,274.7,278.9,5587.833,1549352.5156
1663459200000,2022-09-18 00:00:00,BNB/EUR,279.0,279.9,263.2,265.8,8728.416,2381716.2773
1663545600000,2022-09-19 00:00:00,BNB/EUR,265.7,272.4,257.6,271.3,16394.584,4337167.2831
1663632000000,2022-09-20 00:00:00,BNB/EUR,271.3,272.7,266.4,267.2,11544.91,3107557.0152
1663718400000,2022-09-21 00:00:00,BNB/EUR,267.2,279.2,264.9,268.7,16744.457,4542854.7561
1663804800000,2022-09-22 00:00:00,BNB/EUR,268.6,281.0,268.4,279.7,12380.64,3384215.4206
1663891200000,2022-09-23 00:00:00,BNB/EUR,279.7,285.6,276.7,285.1,12025.158,3370219.3604
1663977600000,2022-09-24 00:00:00,BNB/EUR,285.1,293.6,282.8,283.0,10191.734,2939868.3754
1664064000000,2022-09-25 00:00:00,BNB/EUR,283.0,288.5,280.0,283.0,7523.311,2139730.6963
1664150400000,2022-09-26 00:00:00,BNB/EUR,283.2,287.2,281.3,287.0,10005.957,2843750.9626
1664236800000,2022-09-27 00:00:00,BNB/EUR,286.9,296.9,281.2,283.8,11651.269,3387579.0609
1664323200000,2022-09-28 00:00:00,BNB/EUR,283.9,291.2,279.0,290.0,11640.576,3319392.9549
1664409600000,2022-09-29 00:00:00,BNB/EUR,290.2,294.7,284.8,289.0,9899.722,2863320.2377
1664496000000,2022-09-30 00:00:00,BNB/EUR,289.1,295.4,286.3,290.7,11667.093,3396296.2241
1664582400000,2022-10-01 00:00:00,BNB/EUR,290.6,291.3,283.7,288.8,6106.924,1758340.9845
1664668800000,2022-10-02 00:00:00,BNB/EUR,288.7,293.8,285.4,290.8,5920.774,1712866.3512
1664755200000,2022-10-03 00:00:00,BNB/EUR,291.0,294.9,289.4,291.9,7730.752,2258929.9545
1664841600000,2022-10-04 00:00:00,BNB/EUR,291.9,299.3,290.7,296.9,9940.031,2937858.5405
1664928000000,2022-10-05 00:00:00,BNB/EUR,296.9,298.9,292.6,296.9,7151.385,2114887.7514
1665014400000,2022-10-06 00:00:00,BNB/EUR,296.7,300.5,284.6,293.1,13867.666,4086094.9308
1665100800000,2022-10-07 00:00:00,BNB/EUR,293.0,293.0,287.0,289.9,10432.243,3025804.38
1665187200000,2022-10-08 00:00:00,BNB/EUR,289.8,290.4,283.1,284.0,4524.282,1301873.4566
1665273600000,2022-10-09 00:00:00,BNB/EUR,283.9,287.0,282.8,285.7,3192.183,910996.052
1665360000000,2022-10-10 00:00:00,BNB/EUR,285.9,286.6,279.6,279.8,5255.175,1487954.0641
1665446400000,2022-10-11 00:00:00,BNB/EUR,279.7,281.8,275.5,279.8,5748.706,1606197.6477
1665532800000,2022-10-12 00:00:00,BNB/EUR,279.8,281.2,277.9,278.9,4041.378,1130020.4372
1665619200000,2022-10-13 00:00:00,BNB/EUR,279.2,280.3,265.0,278.4,7707.269,2101262.2542
1665705600000,2022-10-14 00:00:00,BNB/EUR,278.4,282.6,275.6,277.2,4406.709,1233187.2715
1665792000000,2022-10-15 00:00:00,BNB/EUR,277.2,279.6,275.5,276.2,2855.801,794267.3827
1665878400000,2022-10-16 00:00:00,BNB/EUR,276.1,281.7,275.8,279.7,3004.47,836770.7369
1665964800000,2022-10-17 00:00:00,BNB/EUR,279.9,281.5,277.3,280.1,3644.311,1018581.1974
1666051200000,2022-10-18 00:00:00,BNB/EUR,280.2,280.5,274.5,277.2,4368.203,1212517.1826
1666137600000,2022-10-19 00:00:00,BNB/EUR,277.0,280.2,275.0,278.6,3781.721,1051065.9847
1666224000000,2022-10-20 00:00:00,BNB/EUR,278.4,279.3,273.4,275.1,5088.012,1409126.5025
1666310400000,2022-10-21 00:00:00,BNB/EUR,275.1,275.6,271.1,274.0,5167.818,1414500.2847
1666396800000,2022-10-22 00:00:00,BNB/EUR,274.0,275.0,272.1,274.2,3271.184,894825.3754
1666483200000,2022-10-23 00:00:00,BNB/EUR,274.3,280.6,272.6,279.8,3999.535,1102922.3369
1666569600000,2022-10-24 00:00:00,BNB/EUR,279.9,281.4,275.0,277.2,5306.623,1473336.7574
1666656000000,2022-10-25 00:00:00,BNB/EUR,277.3,290.8,275.8,284.9,7041.545,1990593.593
1666742400000,2022-10-26 00:00:00,BNB/EUR,285.1,290.0,284.8,287.6,5655.387,1626426.073
1666828800000,2022-10-27 00:00:00,BNB/EUR,287.6,290.9,285.4,287.8,6959.662,2004926.5295
1666915200000,2022-10-28 00:00:00,BNB/EUR,287.9,302.6,286.5,299.2,8466.171,2492949.3347
1667001600000,2022-10-29 00:00:00,BNB/EUR,299.3,309.5,297.0,305.4,9905.523,3015778.7701
1667088000000,2022-10-30 00:00:00,BNB/EUR,305.4,319.8,303.3,314.9,9413.987,2946583.9233
1667174400000,2022-10-31 00:00:00,BNB/EUR,315.1,340.7,308.4,329.5,15941.683,5224720.6854
1667260800000,2022-11-01 00:00:00,BNB/EUR,329.5,337.6,320.7,328.3,8680.819,2849429.611
1667347200000,2022-11-02 00:00:00,BNB/EUR,328.2,332.3,318.8,326.4,10804.776,3524281.9322
1667433600000,2022-11-03 00:00:00,BNB/EUR,326.2,345.9,324.2,338.2,9854.707,3334435.3699
1667520000000,2022-11-04 00:00:00,BNB/EUR,338.0,362.5,336.6,356.5,13237.857,4688367.4666
1667606400000,2022-11-05 00:00:00,BNB/EUR,356.5,362.8,348.3,351.3,7050.874,2504912.5555
1667692800000,2022-11-06 00:00:00,BNB/EUR,351.1,357.7,341.0,341.1,8542.64,3017555.3248
1667779200000,2022-11-07 00:00:00,BNB/EUR,341.0,344.9,326.7,336.6,10024.262,3366625.4563
1667865600000,2022-11-08 00:00:00,BNB/EUR,336.6,395.0,302.5,326.4,31379.169,10812542.6321
1667952000000,2022-11-09 00:00:00,BNB/EUR,325.6,331.6,261.4,267.3,23966.463,7070376.5866
1668038400000,2022-11-10 00:00:00,BNB/EUR,268.0,325.1,264.5,298.2,20092.034,5777809.9878
1668124800000,2022-11-11 00:00:00,BNB/EUR,298.6,300.9,271.4,281.5,16584.81,4694024.3355
1668211200000,2022-11-12 00:00:00,BNB/EUR,281.7,289.5,263.8,274.9,11379.518,3136335.7576
1668297600000,2022-11-13 00:00:00,BNB/EUR,275.1,278.4,265.1,268.3,8280.578,2244637.6499
1668384000000,2022-11-14 00:00:00,BNB/EUR,267.9,283.1,259.7,270.1,13505.131,3647290.3291
1668470400000,2022-11-15 00:00:00,BNB/EUR,270.0,273.1,263.4,267.2,9169.951,2455117.0873
1668556800000,2022-11-16 00:00:00,BNB/EUR,267.1,270.3,258.7,261.5,8248.935,2165552.4614
1668643200000,2022-11-17 00:00:00,BNB/EUR,261.5,263.0,253.8,258.4,8908.083,2305116.1313
1668729600000,2022-11-18 00:00:00,BNB/EUR,258.5,266.0,258.2,265.1,6323.983,1662403.9797
1668816000000,2022-11-19 00:00:00,BNB/EUR,265.1,270.7,260.4,263.3,5680.147,1494235.2929
1668902400000,2022-11-20 00:00:00,BNB/EUR,263.2,264.6,253.5,255.3,6287.301,1635394.7291
1668988800000,2022-11-21 00:00:00,BNB/EUR,255.3,256.3,243.8,247.5,17456.644,4396414.0802
1669075200000,2022-11-22 00:00:00,BNB/EUR,247.6,264.0,245.4,258.6,12026.846,3045718.1405
1669161600000,2022-11-23 00:00:00,BNB/EUR,258.7,291.7,256.9,286.6,20571.886,5778334.6071
1669248000000,2022-11-24 00:00:00,BNB/EUR,286.7,291.5,282.4,288.3,14135.279,4057833.2847
1669334400000,2022-11-25 00:00:00,BNB/EUR,288.1,294.5,282.5,288.9,10212.586,2937689.2197
1669420800000,2022-11-26 00:00:00,BNB/EUR,289.0,305.4,288.2,299.0,11832.128,3534386.7291
1669507200000,2022-11-27 00:00:00,BNB/EUR,299.1,304.2,295.4,296.5,6133.325,1843265.475
1669593600000,2022-11-28 00:00:00,BNB/EUR,296.5,298.2,278.0,283.5,13807.912,3919893.6655
1669680000000,2022-11-29 00:00:00,BNB/EUR,283.6,294.0,279.3,286.2,9341.582,2697422.0583
1669766400000,2022-11-30 00:00:00,BNB/EUR,286.3,295.1,284.2,288.5,10613.744,3068859.4285
1669852800000,2022-12-01 00:00:00,BNB/EUR,288.4,289.9,276.5,277.9,11017.718,3114423.4065
1669939200000,2022-12-02 00:00:00,BNB/EUR,277.8,279.5,271.4,278.6,7951.235,2193872.8173
1670025600000,2022-12-03 00:00:00,BNB/EUR,278.7,279.6,274.5,275.8,5280.119,1460793.3305
1670112000000,2022-12-04 00:00:00,BNB/EUR,275.9,277.8,273.0,277.0,5329.05,1471327.1255
1670198400000,2022-12-05 00:00:00,BNB/EUR,276.9,282.0,272.8,275.0,7205.566,2000352.4637
1670284800000,2022-12-06 00:00:00,BNB/EUR,275.1,277.8,273.5,277.4,4851.404,1335485.9892
1670371200000,2022-12-07 00:00:00,BNB/EUR,277.3,278.2,268.6,270.5,5565.472,1509382.7366
1670457600000,2022-12-08 00:00:00,BNB/EUR,270.6,276.5,269.0,275.2,5135.418,1399749.0115
1670544000000,2022-12-09 00:00:00,BNB/EUR,275.4,276.6,270.4,271.5,4829.0,1324207.6098
1670630400000,2022-12-10 00:00:00,BNB/EUR,271.7,275.1,271.4,273.5,2826.736,771992.2786
1670716800000,2022-12-11 00:00:00,BNB/EUR,273.5,276.5,269.2,270.5,3473.716,953391.2274
1670803200000,2022-12-12 00:00:00,BNB/EUR,270.4,271.9,257.7,261.8,9163.207,2415737.7414
1670889600000,2022-12-13 00:00:00,BNB/EUR,262.1,264.5,242.2,256.0,20622.801,5233923.2152
1670976000000,2022-12-14 00:00:00,BNB/EUR,255.9,261.8,248.9,250.6,10382.931,2650000.3956
1671062400000,2022-12-15 00:00:00,BNB/EUR,250.7,251.7,241.2,243.3,7296.709,1802633.0337
1671148800000,2022-12-16 00:00:00,BNB/EUR,243.2,248.0,212.5,218.5,20086.181,4628598.3533
1671235200000,2022-12-17 00:00:00,BNB/EUR,218.5,231.4,208.0,229.0,14119.683,3115487.0209
1671321600000,2022-12-18 00:00:00,BNB/EUR,228.9,239.9,226.4,237.1,8158.686,1906607.0524
1671408000000,2022-12-19 00:00:00,BNB/EUR,237.3,239.0,223.6,226.7,8535.375,1977003.4507
1671494400000,2022-12-20 00:00:00,BNB/EUR,226.6,238.1,225.6,236.7,8563.328,2004691.044
1671580800000,2022-12-21 00:00:00,BNB/EUR,236.6,236.8,231.2,232.0,6486.666,1517722.7892
1671667200000,2022-12-22 00:00:00,BNB/EUR,232.0,233.7,226.6,231.7,6902.39,1587696.8055
1671753600000,2022-12-23 00:00:00,BNB/EUR,231.8,234.2,230.1,231.8,4617.393,1070386.9719
1671840000000,2022-12-24 00:00:00,BNB/EUR,231.8,231.9,229.4,230.1,2676.783,616341.1186
1671926400000,2022-12-25 00:00:00,BNB/EUR,230.0,231.1,226.9,228.9,3126.97,716471.8152
1672012800000,2022-12-26 00:00:00,BNB/EUR,228.8,230.5,226.7,228.8,3097.366,706693.1499
1672099200000,2022-12-27 00:00:00,BNB/EUR,229.0,233.4,227.0,231.8,4915.075,1128348.1746
1672185600000,2022-12-28 00:00:00,BNB/EUR,232.0,232.4,226.9,229.7,5023.323,1151013.286
1672272000000,2022-12-29 00:00:00,BNB/EUR,229.8,235.9,228.7,231.0,6165.47,1422463.4535
1672358400000,2022-12-30 00:00:00,BNB/EUR,231.1,231.3,227.4,229.5,4862.451,1113396.09
1672444800000,2022-12-31 00:00:00,BNB/EUR,229.7,231.3,228.6,229.5,4141.423,951840.9708
1672531200000,2023-01-01 00:00:00,BNB/EUR,229.6,230.0,226.8,227.4,3573.045,814524.3359
1672617600000,2023-01-02 00:00:00,BNB/EUR,227.5,231.7,224.3,229.3,5229.047,1200723.899
1672704000000,2023-01-03 00:00:00,BNB/EUR,229.2,236.0,229.1,233.3,4970.786,1154207.5697
1672790400000,2023-01-04 00:00:00,BNB/EUR,233.3,246.0,232.6,244.1,8476.11,2046141.1371
1672876800000,2023-01-05 00:00:00,BNB/EUR,244.1,245.2,240.6,243.8,5548.447,1348892.4475
1672963200000,2023-01-06 00:00:00,BNB/EUR,244.0,245.5,242.2,244.1,4482.829,1092593.1188
1673049600000,2023-01-07 00:00:00,BNB/EUR,244.1,247.8,243.7,245.4,3853.199,945627.4998
1673136000000,2023-01-08 00:00:00,BNB/EUR,245.4,259.0,244.4,257.8,6105.092,1525182.9303
1673222400000,2023-01-09 00:00:00,BNB/EUR,257.7,263.9,252.8,254.0,8165.731,2119473.367
1673308800000,2023-01-10 00:00:00,BNB/EUR,254.1,259.7,252.3,258.3,5711.129,1466184.0702
1673395200000,2023-01-11 00:00:00,BNB/EUR,258.4,266.5,255.5,264.5,5554.096,1440900.5558
1673481600000,2023-01-12 00:00:00,BNB/EUR,264.7,267.6,258.7,264.9,7821.244,2061654.716
1673568000000,2023-01-13 00:00:00,BNB/EUR,265.0,273.4,263.4,271.3,7220.499,1925774.6572
1673654400000,2023-01-14 00:00:00,BNB/EUR,271.4,290.5,271.0,281.6,14956.021,4217300.1878
1673740800000,2023-01-15 00:00:00,BNB/EUR,281.7,282.4,269.2,279.1,6702.62,1851546.0594
1673827200000,2023-01-16 00:00:00,BNB/EUR,279.1,283.3,271.2,276.2,7501.532,2078801.457
1673913600000,2023-01-17 00:00:00,BNB/EUR,276.2,281.5,273.0,277.7,6377.78,1776553.2457
1674000000000,2023-01-18 00:00:00,BNB/EUR,277.6,282.9,260.1,265.6,11451.752,3110092.5518
1674086400000,2023-01-19 00:00:00,BNB/EUR,265.5,272.7,264.9,272.0,4392.084,1180664.4471
1674172800000,2023-01-20 00:00:00,BNB/EUR,272.0,281.4,264.2,281.3,8394.467,2271371.7606
1674259200000,2023-01-21 00:00:00,BNB/EUR,281.1,285.5,275.0,275.5,7014.865,1964243.3333
1674345600000,2023-01-22 00:00:00,BNB/EUR,275.5,286.8,275.1,279.0,6281.991,1758965.2444
1674432000000,2023-01-23 00:00:00,BNB/EUR,278.9,282.5,277.4,280.8,6725.222,1885718.0167
1674518400000,2023-01-24 00:00:00,BNB/EUR,280.9,297.5,275.1,276.1,11439.991,3291846.3011
1674604800000,2023-01-25 00:00:00,BNB/EUR,275.9,287.5,269.8,281.0,10864.408,3016026.9231
1674691200000,2023-01-26 00:00:00,BNB/EUR,281.1,283.8,277.4,279.8,6617.286,1857255.3845
1674777600000,2023-01-27 00:00:00,BNB/EUR,279.9,285.8,274.8,283.6,6425.252,1803505.8007
1674864000000,2023-01-28 00:00:00,BNB/EUR,283.6,288.5,279.0,281.9,5438.673,1537273.1989
1674950400000,2023-01-29 00:00:00,BNB/EUR,281.8,294.9,280.7,291.8,9185.642,2661887.1305
1675036800000,2023-01-30 00:00:00,BNB/EUR,291.7,295.0,279.2,283.2,9280.485,2637941.7313
1675123200000,2023-01-31 00:00:00,BNB/EUR,283.3,289.9,281.6,287.5,6654.632,1911201.6712
1675209600000,2023-02-01 00:00:00,BNB/EUR,287.5,290.9,281.0,288.0,9102.997,2593814.3447
1675296000000,2023-02-02 00:00:00,BNB/EUR,288.1,307.3,287.4,296.7,12422.018,3715034.1116
1675382400000,2023-02-03 00:00:00,BNB/EUR,296.7,308.5,292.4,307.7,10733.469,3247342.6961
1675468800000,2023-02-04 00:00:00,BNB/EUR,308.0,309.4,303.2,306.0,5094.228,1558429.8609
1675555200000,2023-02-05 00:00:00,BNB/EUR,305.9,312.5,300.4,304.0,7814.304,2384726.797
1675641600000,2023-02-06 00:00:00,BNB/EUR,303.9,308.7,297.6,302.4,6441.434,1959097.5914
1675728000000,2023-02-07 00:00:00,BNB/EUR,302.4,311.2,301.6,310.5,6902.88,2121608.8355
1675814400000,2023-02-08 00:00:00,BNB/EUR,310.6,312.7,301.9,306.3,6359.453,1953727.2841
1675900800000,2023-02-09 00:00:00,BNB/EUR,306.4,307.1,281.5,285.4,10861.784,3205959.8396
1675987200000,2023-02-10 00:00:00,BNB/EUR,285.2,289.4,282.4,286.6,5827.755,1671317.4482
1676073600000,2023-02-11 00:00:00,BNB/EUR,286.5,291.5,286.0,290.7,3896.718,1126216.7776
1676160000000,2023-02-12 00:00:00,BNB/EUR,290.7,300.7,286.2,293.0,6111.846,1796560.5134
1676246400000,2023-02-13 00:00:00,BNB/EUR,292.9,296.0,264.1,274.5,22807.224,6272525.691
1676332800000,2023-02-14 00:00:00,BNB/EUR,274.5,280.6,270.4,275.8,9082.395,2495117.3068
1676419200000,2023-02-15 00:00:00,BNB/EUR,276.2,300.0,274.0,296.7,8424.676,2407870.4577
1676505600000,2023-02-16 00:00:00,BNB/EUR,296.6,306.1,285.2,285.4,11199.731,3344590.1348
1676592000000,2023-02-17 00:00:00,BNB/EUR,285.6,297.1,283.9,293.3,6997.864,2041277.3064
1676678400000,2023-02-18 00:00:00,BNB/EUR,293.0,298.4,292.9,296.1,4860.13,1436352.3242
1676764800000,2023-02-19 00:00:00,BNB/EUR,296.1,298.1,290.9,292.0,5003.291,1474523.4194
1676851200000,2023-02-20 00:00:00,BNB/EUR,291.8,299.3,289.0,295.5,6311.799,1867178.2353
1676937600000,2023-02-21 00:00:00,BNB/EUR,295.5,297.3,291.5,292.6,5926.653,1743905.2707
1677024000000,2023-02-22 00:00:00,BNB/EUR,292.7,295.1,285.2,294.8,6204.574,1793825.2482
1677110400000,2023-02-23 00:00:00,BNB/EUR,294.6,296.5,288.6,291.0,5188.326,1517713.3847
1677196800000,2023-02-24 00:00:00,BNB/EUR,291.2,294.9,283.8,287.0,7025.744,2036461.3688
1677283200000,2023-02-25 00:00:00,BNB/EUR,287.1,287.7,280.8,287.2,4896.529,1397924.7635
1677369600000,2023-02-26 00:00:00,BNB/EUR,287.2,294.0,285.6,293.0,4128.16,1194660.7248
1677456000000,2023-02-27 00:00:00,BNB/EUR,292.8,293.3,285.3,288.8,6042.526,1746427.6599
1677542400000,2023-02-28 00:00:00,BNB/EUR,288.9,289.9,284.8,288.1,6630.498,1908325.7956
1677628800000,2023-03-01 00:00:00,BNB/EUR,288.1,290.8,284.2,285.5,5459.418,1567059.621
1677715200000,2023-03-02 00:00:00,BNB/EUR,285.4,286.6,280.9,284.0,5274.462,1494296.8549
1677801600000,2023-03-03 00:00:00,BNB/EUR,284.2,284.3,272.3,275.6,7071.515,1947924.8405
1677888000000,2023-03-04 00:00:00,BNB/EUR,275.7,276.7,271.4,274.9,4118.276,1132977.9998
1677974400000,2023-03-05 00:00:00,BNB/EUR,274.9,277.5,272.2,273.4,3758.971,1034977.8315
1678060800000,2023-03-06 00:00:00,BNB/EUR,273.4,274.1,267.6,270.3,5099.797,1377587.7399
1678147200000,2023-03-07 00:00:00,BNB/EUR,270.3,275.9,268.2,274.8,5075.972,1377348.777
1678233600000,2023-03-08 00:00:00,BNB/EUR,274.9,279.0,270.8,272.8,5930.53,1627887.1161
1678320000000,2023-03-09 00:00:00,BNB/EUR,272.9,276.8,257.2,263.6,7891.162,2117794.3386
1678406400000,2023-03-10 00:00:00,BNB/EUR,263.7,263.7,252.0,261.8,9893.675,2560097.8145
1678492800000,2023-03-11 00:00:00,BNB/EUR,261.8,267.2,252.5,257.2,9551.297,2471897.2501
1678579200000,2023-03-12 00:00:00,BNB/EUR,257.2,270.8,255.3,270.7,6506.99,1691635.5614
1678665600000,2023-03-13 00:00:00,BNB/EUR,270.7,293.2,266.6,286.1,14755.378,4166591.358
1678752000000,2023-03-14 00:00:00,BNB/EUR,286.1,297.9,282.3,287.5,12049.973,3488886.1247
1678838400000,2023-03-15 00:00:00,BNB/EUR,287.3,295.0,285.1,290.4,8807.223,2555760.7416
1678924800000,2023-03-16 00:00:00,BNB/EUR,290.4,315.0,286.6,311.9,13486.389,4099426.4516
1679011200000,2023-03-17 00:00:00,BNB/EUR,311.8,320.0,308.4,319.2,9636.147,3036164.0398
1679097600000,2023-03-18 00:00:00,BNB/EUR,319.1,327.2,310.0,312.0,8377.922,2680841.1875
1679184000000,2023-03-19 00:00:00,BNB/EUR,312.0,322.4,311.4,318.4,5575.489,1773521.1027
1679270400000,2023-03-20 00:00:00,BNB/EUR,318.6,319.9,311.9,312.8,7412.621,2347322.5358
1679356800000,2023-03-21 00:00:00,BNB/EUR,312.7,317.4,307.9,313.1,7869.407,2470056.5239
1679443200000,2023-03-22 00:00:00,BNB/EUR,313.0,317.5,293.1,298.6,12463.114,3815862.1356
1679529600000,2023-03-23 00:00:00,BNB/EUR,298.4,307.4,295.4,305.7,6335.182,1913553.4694
1679616000000,2023-03-24 00:00:00,BNB/EUR,305.7,306.4,296.7,302.1,4369.913,1316503.7488
1679702400000,2023-03-25 00:00:00,BNB/EUR,302.1,304.2,298.8,302.1,4339.196,1311898.2059
1679788800000,2023-03-26 00:00:00,BNB/EUR,302.0,307.0,301.4,306.3,4035.478,1230955.7075
1679875200000,2023-03-27 00:00:00,BNB/EUR,306.1,307.3,285.0,289.3,9418.067,2779469.98
1679961600000,2023-03-28 00:00:00,BNB/EUR,289.3,291.9,284.5,289.5,8271.013,2381387.1682
1680048000000,2023-03-29 00:00:00,BNB/EUR,289.5,296.1,288.9,289.8,7324.782,2139995.5356
1680134400000,2023-03-30 00:00:00,BNB/EUR,289.8,295.6,286.1,291.3,6985.5,2031095.5669
1680220800000,2023-03-31 00:00:00,BNB/EUR,291.3,294.8,288.6,293.0,6112.419,1785864.3598
1680307200000,2023-04-01 00:00:00,BNB/EUR,293.1,294.3,289.5,291.1,4701.115,1369496.8019
1680393600000,2023-04-02 00:00:00,BNB/EUR,291.3,292.6,287.9,291.6,4099.277,1191714.5384
1680480000000,2023-04-03 00:00:00,BNB/EUR,291.6,291.7,277.4,284.8,6264.78,1790700.0128
1680566400000,2023-04-04 00:00:00,BNB/EUR,284.9,288.0,284.0,284.5,5699.301,1626883.9995
1680652800000,2023-04-05 00:00:00,BNB/EUR,284.5,289.8,283.9,288.8,5417.023,1560101.5973
1680739200000,2023-04-06 00:00:00,BNB/EUR,288.8,290.4,285.8,287.2,4758.287,1368333.6348
1680825600000,2023-04-07 00:00:00,BNB/EUR,287.2,289.8,284.9,285.7,4041.61,1156890.153
1680912000000,2023-04-08 00:00:00,BNB/EUR,285.5,287.3,285.0,285.4,2906.316,832117.5255
1680998400000,2023-04-09 00:00:00,BNB/EUR,285.3,288.4,284.5,287.3,2629.799,751829.4359
1681084800000,2023-04-10 00:00:00,BNB/EUR,287.3,293.1,286.7,293.1,4374.093,1262320.5402
1681171200000,2023-04-11 00:00:00,BNB/EUR,293.1,306.8,292.2,296.6,9260.389,2788668.4268
1681257600000,2023-04-12 00:00:00,BNB/EUR,296.5,297.5,290.9,292.3,6864.744,2011762.8312
1681344000000,2023-04-13 00:00:00,BNB/EUR,292.3,296.4,290.5,295.4,6971.242,2049573.029
1681430400000,2023-04-14 00:00:00,BNB/EUR,295.3,304.6,294.7,299.8,8189.846,2466616.238
1681516800000,2023-04-15 00:00:00,BNB/EUR,299.8,306.2,298.2,304.2,5941.048,1800960.3302
1681603200000,2023-04-16 00:00:00,BNB/EUR,304.1,319.5,301.7,317.9,8323.345,2600498.9867
1681689600000,2023-04-17 00:00:00,BNB/EUR,317.8,320.0,310.2,311.8,6984.219,2195046.9439
1681776000000,2023-04-18 00:00:00,BNB/EUR,311.8,317.0,309.4,313.6,5592.807,1755940.4231
1681862400000,2023-04-19 00:00:00,BNB/EUR,313.6,313.9,293.7,295.7,8502.648,2565974.1939
1681948800000,2023-04-20 00:00:00,BNB/EUR,295.6,299.1,289.0,291.0,6476.298,1911293.9159
1682035200000,2023-04-21 00:00:00,BNB/EUR,291.0,305.0,289.3,293.6,8478.448,2518374.0038
1682121600000,2023-04-22 00:00:00,BNB/EUR,293.5,304.3,291.9,302.9,5974.327,1782052.6605
1682208000000,2023-04-23 00:00:00,BNB/EUR,303.2,303.2,298.8,301.7,5340.319,1608163.1163
1682294400000,2023-04-24 00:00:00,BNB/EUR,301.8,304.7,298.2,300.6,7304.419,2202292.5322
1682380800000,2023-04-25 00:00:00,BNB/EUR,300.8,310.3,298.5,309.0,7808.154,2365967.6659
1682467200000,2023-04-26 00:00:00,BNB/EUR,309.1,313.4,294.1,300.3,8706.143,2669513.9536
1682553600000,2023-04-27 00:00:00,BNB/EUR,300.2,305.7,297.0,300.6,7228.076,2181500.9734
1682640000000,2023-04-28 00:00:00,BNB/EUR,300.6,300.6,290.9,294.6,10312.057,3039988.6316
1682726400000,2023-04-29 00:00:00,BNB/EUR,294.7,294.9,291.6,291.9,3998.541,1172263.1673
1682812800000,2023-04-30 00:00:00,BNB/EUR,291.9,307.9,290.3,307.2,7523.963,2249935.4041
1682899200000,2023-05-01 00:00:00,BNB/EUR,307.3,309.3,298.2,300.6,8282.108,2513488.3786
1682985600000,2023-05-02 00:00:00,BNB/EUR,300.6,300.6,293.1,293.1,7740.453,2292815.3211
1683072000000,2023-05-03 00:00:00,BNB/EUR,293.1,296.7,291.4,295.2,7889.591,2317407.946
1683158400000,2023-05-04 00:00:00,BNB/EUR,295.1,297.1,294.1,294.6,5121.408,1513092.6517
1683244800000,2023-05-05 00:00:00,BNB/EUR,294.8,299.3,294.5,296.1,6958.749,2064744.7206
1683331200000,2023-05-06 00:00:00,BNB/EUR,296.1,298.0,289.6,291.7,6629.842,1946054.0342
1683417600000,2023-05-07 00:00:00,BNB/EUR,291.7,295.3,291.2,291.9,5341.315,1566783.6329
1683504000000,2023-05-08 00:00:00,BNB/EUR,292.1,293.3,283.8,286.5,8564.922,2462685.4983
1683590400000,2023-05-09 00:00:00,BNB/EUR,286.6,289.0,284.8,285.8,7315.632,2098621.337
1683676800000,2023-05-10 00:00:00,BNB/EUR,285.7,289.5,281.7,287.5,7020.297,2012018.4329
1683763200000,2023-05-11 00:00:00,BNB/EUR,287.4,292.0,280.0,282.7,7141.813,2031036.9737
1683849600000,2023-05-12 00:00:00,BNB/EUR,282.6,284.9,276.6,284.8,7400.027,2080606.5349
1683936000000,2023-05-13 00:00:00,BNB/EUR,284.9,289.0,283.8,287.8,4154.875,1191796.3875
1684022400000,2023-05-14 00:00:00,BNB/EUR,287.8,294.1,286.5,288.6,4327.712,1250883.0303
1684108800000,2023-05-15 00:00:00,BNB/EUR,288.5,293.1,287.2,289.4,5295.455,1537426.2189
1684195200000,2023-05-16 00:00:00,BNB/EUR,289.2,289.7,285.2,287.4,4060.441,1164862.5176
1684281600000,2023-05-17 00:00:00,BNB/EUR,287.4,290.5,284.4,290.4,4021.815,1154889.8679
1684368000000,2023-05-18 00:00:00,BNB/EUR,290.5,291.6,285.1,287.8,4061.204,1174366.931
1684454400000,2023-05-19 00:00:00,BNB/EUR,287.8,288.5,285.7,286.6,4433.257,1272876.8174
1684540800000,2023-05-20 00:00:00,BNB/EUR,286.7,289.4,285.6,287.9,3310.579,950880.1034
1684627200000,2023-05-21 00:00:00,BNB/EUR,288.0,288.8,283.1,283.8,3603.487,1033251.3651
1684713600000,2023-05-22 00:00:00,BNB/EUR,283.8,288.4,282.0,286.4,4670.342,1336878.6469
1684800000000,2023-05-23 00:00:00,BNB/EUR,286.4,292.2,286.2,291.0,5301.686,1541448.5549
1684886400000,2023-05-24 00:00:00,BNB/EUR,291.1,291.2,283.0,285.2,6182.733,1767934.4871
1684972800000,2023-05-25 00:00:00,BNB/EUR,285.2,287.3,282.3,284.4,5582.917,1590114.0166
1685059200000,2023-05-26 00:00:00,BNB/EUR,284.4,288.7,281.0,287.0,6059.437,1731289.4602
1685145600000,2023-05-27 00:00:00,BNB/EUR,287.0,287.7,284.2,287.3,3799.376,1085395.4711
1685232000000,2023-05-28 00:00:00,BNB/EUR,287.4,293.5,286.7,293.0,4510.386,1301528.3716
1685318400000,2023-05-29 00:00:00,BNB/EUR,293.1,296.4,290.2,291.7,5433.209,1594097.1245
1685404800000,2023-05-30 00:00:00,BNB/EUR,291.6,293.3,290.5,291.0,4203.486,1228215.7216
1685491200000,2023-05-31 00:00:00,BNB/EUR,291.0,291.7,286.3,287.8,5008.99,1443124.9831
1685577600000,2023-06-01 00:00:00,BNB/EUR,287.7,288.5,283.0,284.1,4761.333,1357056.3277
1685664000000,2023-06-02 00:00:00,BNB/EUR,284.1,288.5,282.8,287.6,4609.774,1319749.9254
1685750400000,2023-06-03 00:00:00,BNB/EUR,287.6,288.4,285.6,287.0,3444.308,988419.6253
1685836800000,2023-06-04 00:00:00,BNB/EUR,287.0,287.9,285.5,285.8,3069.056,880269.862
1685923200000,2023-06-05 00:00:00,BNB/EUR,285.8,285.9,255.6,260.2,13955.195,3745670.5939
1686009600000,2023-06-06 00:00:00,BNB/EUR,260.1,268.3,256.8,263.7,9379.873,2456948.1751
1686096000000,2023-06-07 00:00:00,BNB/EUR,263.8,264.1,237.6,242.9,14236.811,3538055.3136
1686182400000,2023-06-08 00:00:00,BNB/EUR,242.9,249.7,241.0,243.7,8313.733,2041122.2249
1686268800000,2023-06-09 00:00:00,BNB/EUR,243.8,246.0,238.0,243.1,7147.888,1735609.0455
1686355200000,2023-06-10 00:00:00,BNB/EUR,243.2,243.3,214.8,225.3,14459.882,3259380.7275
1686441600000,2023-06-11 00:00:00,BNB/EUR,225.4,225.6,219.7,220.8,5609.119,1247894.0677
1686528000000,2023-06-12 00:00:00,BNB/EUR,220.9,222.6,205.9,215.6,15499.255,3325800.5633
1686614400000,2023-06-13 00:00:00,BNB/EUR,215.7,229.3,213.2,227.4,14024.597,3114806.4272
1686700800000,2023-06-14 00:00:00,BNB/EUR,227.3,235.2,216.2,221.2,10905.505,2487662.1206
1686787200000,2023-06-15 00:00:00,BNB/EUR,221.3,223.6,212.0,216.7,8705.776,1887232.5517
1686873600000,2023-06-16 00:00:00,BNB/EUR,216.6,223.4,212.3,219.5,8725.446,1900277.8542
1686960000000,2023-06-17 00:00:00,BNB/EUR,219.5,228.9,217.6,224.2,4962.546,1115136.3184
1687046400000,2023-06-18 00:00:00,BNB/EUR,224.3,227.9,222.3,224.0,4412.443,994961.0043
1687132800000,2023-06-19 00:00:00,BNB/EUR,223.8,225.0,219.1,223.3,5638.628,1254865.2841
1687219200000,2023-06-20 00:00:00,BNB/EUR,223.3,227.6,219.8,227.4,6835.876,1520636.3265
1687305600000,2023-06-21 00:00:00,BNB/EUR,227.5,233.4,225.0,226.9,9534.252,2174949.3636
1687392000000,2023-06-22 00:00:00,BNB/EUR,227.0,234.5,219.2,220.2,9178.016,2080080.9704
1687478400000,2023-06-23 00:00:00,BNB/EUR,220.3,230.0,219.6,225.2,7879.467,1773387.5846
1687564800000,2023-06-24 00:00:00,BNB/EUR,225.2,228.9,212.5,217.6,8925.114,1969892.18
1687651200000,2023-06-25 00:00:00,BNB/EUR,217.6,222.8,216.5,219.5,5102.308,1121840.967
1687737600000,2023-06-26 00:00:00,BNB/EUR,219.5,221.6,214.8,217.0,5309.53,1156405.4742
1687824000000,2023-06-27 00:00:00,BNB/EUR,216.9,220.2,215.4,217.2,4643.551,1015054.4776
1687910400000,2023-06-28 00:00:00,BNB/EUR,217.4,217.4,207.0,212.0,8113.827,1730269.3756
1687996800000,2023-06-29 00:00:00,BNB/EUR,212.0,217.7,211.9,215.1,5963.795,1282181.6735
1688083200000,2023-06-30 00:00:00,BNB/EUR,215.1,223.1,212.0,220.3,9774.724,2145771.6995
1688169600000,2023-07-01 00:00:00,BNB/EUR,220.3,228.7,220.2,227.6,7660.094,1719710.6061
1688256000000,2023-07-02 00:00:00,BNB/EUR,227.8,228.2,223.0,225.9,5648.499,1270584.0043
1688342400000,2023-07-03 00:00:00,BNB/EUR,226.2,234.0,225.4,226.2,8883.686,2029076.3196
1688428800000,2023-07-04 00:00:00,BNB/EUR,226.4,226.8,221.6,223.5,5923.998,1332006.3975
1688515200000,2023-07-05 00:00:00,BNB/EUR,223.5,224.9,217.8,220.6,5985.28,1322349.672
1688601600000,2023-07-06 00:00:00,BNB/EUR,220.6,224.9,213.4,213.9,5971.273,1314106.8558
1688688000000,2023-07-07 00:00:00,BNB/EUR,213.9,216.6,213.0,215.7,5144.229,1107312.8989
1688774400000,2023-07-08 00:00:00,BNB/EUR,215.6,217.4,214.3,216.3,3295.01,712036.0739
1688860800000,2023-07-09 00:00:00,BNB/EUR,216.4,217.0,213.4,214.5,2973.685,639090.7715
1688947200000,2023-07-10 00:00:00,BNB/EUR,214.3,224.5,211.6,224.2,8187.997,1807974.3222
1689033600000,2023-07-11 00:00:00,BNB/EUR,224.2,227.3,222.8,226.4,6448.472,1451724.834
1689120000000,2023-07-12 00:00:00,BNB/EUR,226.4,227.6,218.7,219.7,6699.408,1494946.2566
1689206400000,2023-07-13 00:00:00,BNB/EUR,219.7,230.0,218.6,228.8,8556.225,1918327.4497
1689292800000,2023-07-14 00:00:00,BNB/EUR,229.0,233.1,217.6,221.8,9458.906,2143103.2593
1689379200000,2023-07-15 00:00:00,BNB/EUR,221.6,226.0,220.8,225.0,4532.847,1015741.021
1689465600000,2023-07-16 00:00:00,BNB/EUR,224.9,225.8,216.7,216.8,5139.918,1138583.6577
1689552000000,2023-07-17 00:00:00,BNB/EUR,216.8,219.2,214.3,218.1,6447.288,1398106.7034
1689638400000,2023-07-18 00:00:00,BNB/EUR,218.1,220.1,212.6,214.8,7323.766,1575910.584
1689724800000,2023-07-19 00:00:00,BNB/EUR,214.8,217.9,214.2,215.7,5924.931,1281553.1122
1689811200000,2023-07-20 00:00:00,BNB/EUR,215.7,219.5,215.4,218.6,5015.533,1092166.9064
1689897600000,2023-07-21 00:00:00,BNB/EUR,218.7,221.2,218.2,219.9,4213.06,926675.5547
1689984000000,2023-07-22 00:00:00,BNB/EUR,219.8,220.8,216.7,217.4,3221.916,705717.7523
1690070400000,2023-07-23 00:00:00,BNB/EUR,217.6,220.3,217.0,218.7,2785.607,609796.6592
1690156800000,2023-07-24 00:00:00,BNB/EUR,218.7,219.2,213.4,217.0,6043.372,1306833.3789
1690243200000,2023-07-25 00:00:00,BNB/EUR,216.9,217.3,214.4,216.0,4440.28,958734.1949
1690329600000,2023-07-26 00:00:00,BNB/EUR,216.1,217.7,214.5,216.5,5282.749,1138901.4476
1690416000000,2023-07-27 00:00:00,BNB/EUR,216.5,220.8,215.9,219.9,5442.934,1191550.3063
1690502400000,2023-07-28 00:00:00,BNB/EUR,220.0,221.3,219.2,220.5,4872.284,1074030.5304
1690588800000,2023-07-29 00:00:00,BNB/EUR,220.5,221.5,219.8,221.3,2949.966,650610.5575
1690675200000,2023-07-30 00:00:00,BNB/EUR,221.3,222.5,219.4,221.1,3696.433,817517.6101
1690761600000,2023-07-31 00:00:00,BNB/EUR,221.1,222.8,219.6,220.0,4800.076,1061808.6742
1690848000000,2023-08-01 00:00:00,BNB/EUR,219.9,225.8,216.9,225.8,10884.794,2429014.4931
1690934400000,2023-08-02 00:00:00,BNB/EUR,225.7,226.8,216.1,220.6,10547.958,2338216.3825
1691020800000,2023-08-03 00:00:00,BNB/EUR,220.4,222.0,218.4,221.0,6035.229,1330758.8359
1691107200000,2023-08-04 00:00:00,BNB/EUR,221.0,223.7,220.5,222.8,5946.069,1320813.8403
1691193600000,2023-08-05 00:00:00,BNB/EUR,222.8,224.4,221.5,224.2,3339.891,744541.7659
1691280000000,2023-08-06 00:00:00,BNB/EUR,224.3,226.0,223.4,224.1,3620.017,813519.3202
1691366400000,2023-08-07 00:00:00,BNB/EUR,224.2,225.5,221.3,224.2,5897.042,1318916.21
1691452800000,2023-08-08 00:00:00,BNB/EUR,224.2,230.6,223.5,227.9,6198.496,1407376.2331
1691539200000,2023-08-09 00:00:00,BNB/EUR,228.0,228.1,224.9,226.7,4948.428,1119730.5905
1691625600000,2023-08-10 00:00:00,BNB/EUR,226.8,227.0,221.9,223.4,4153.348,927035.7716
1691712000000,2023-08-11 00:00:00,BNB/EUR,223.5,224.1,220.7,222.6,4582.955,1018652.2033
1691798400000,2023-08-12 00:00:00,BNB/EUR,222.6,223.2,220.9,221.2,2923.687,650192.7396
1691884800000,2023-08-13 00:00:00,BNB/EUR,221.2,222.2,220.5,221.6,2569.531,568589.8528
1691971200000,2023-08-14 00:00:00,BNB/EUR,221.6,224.2,221.2,223.7,3945.652,879260.5746
1692057600000,2023-08-15 00:00:00,BNB/EUR,223.7,223.8,216.5,218.7,4999.028,1100386.453
1692144000000,2023-08-16 00:00:00,BNB/EUR,218.7,219.1,213.7,214.9,5584.426,1205536.4393
1692230400000,2023-08-17 00:00:00,BNB/EUR,214.9,215.3,200.3,202.4,14303.248,2969046.2986
1692316800000,2023-08-18 00:00:00,BNB/EUR,202.5,209.4,198.6,203.1,8308.117,1696245.6475
1692403200000,2023-08-19 00:00:00,BNB/EUR,203.1,206.2,200.7,203.1,5141.397,1043856.2035
1692489600000,2023-08-20 00:00:00,BNB/EUR,203.2,204.2,201.0,201.5,3842.622,776879.7208
1692576000000,2023-08-21 00:00:00,BNB/EUR,201.4,201.6,191.0,193.9,7983.571,1559687.899
1692662400000,2023-08-22 00:00:00,BNB/EUR,193.9,196.8,188.2,195.2,10201.217,1960722.973
1692748800000,2023-08-23 00:00:00,BNB/EUR,195.1,201.8,195.0,199.9,8229.692,1639001.3788
1692835200000,2023-08-24 00:00:00,BNB/EUR,200.0,203.8,198.9,203.2,5356.824,1080549.37
1692921600000,2023-08-25 00:00:00,BNB/EUR,203.1,203.4,198.7,203.0,5540.124,1114478.6804
1693008000000,2023-08-26 00:00:00,BNB/EUR,203.0,203.6,200.6,201.0,3521.534,709652.7868
1693094400000,2023-08-27 00:00:00,BNB/EUR,200.9,203.9,200.5,202.7,2759.707,557829.7238
1693180800000,2023-08-28 00:00:00,BNB/EUR,202.8,203.3,199.6,202.1,4207.383,848020.6439
1693267200000,2023-08-29 00:00:00,BNB/EUR,202.1,216.1,200.9,209.1,9998.987,2096171.2133
1693353600000,2023-08-30 00:00:00,BNB/EUR,209.1,209.4,203.4,205.2,5142.021,1060532.6835
1693440000000,2023-08-31 00:00:00,BNB/EUR,205.2,208.4,198.6,200.5,5988.109,1218305.4867
1693526400000,2023-09-01 00:00:00,BNB/EUR,200.4,202.2,196.8,198.9,5825.104,1157980.328
1693612800000,2023-09-02 00:00:00,BNB/EUR,198.9,200.8,198.3,199.5,3274.609,653435.1645
1693699200000,2023-09-03 00:00:00,BNB/EUR,199.6,200.0,198.2,199.5,2984.529,594559.6497
1693785600000,2023-09-04 00:00:00,BNB/EUR,199.5,201.5,197.7,199.8,3907.251,779725.2555
1693872000000,2023-09-05 00:00:00,BNB/EUR,199.8,201.8,198.3,200.4,3492.279,699305.9807
1693958400000,2023-09-06 00:00:00,BNB/EUR,200.3,203.6,198.0,201.0,3991.945,799369.3399
1694044800000,2023-09-07 00:00:00,BNB/EUR,200.9,203.7,199.7,202.9,4464.64,898406.7391
1694131200000,2023-09-08 00:00:00,BNB/EUR,203.1,204.5,199.8,201.1,3737.949,752480.124
1694217600000,2023-09-09 00:00:00,BNB/EUR,201.1,201.7,200.5,200.5,2397.169,482192.9241
1694304000000,2023-09-10 00:00:00,BNB/EUR,200.5,200.6,197.8,198.4,3314.062,660057.0803
1694390400000,2023-09-11 00:00:00,BNB/EUR,198.4,198.9,190.2,192.3,5700.959,1105754.3408
1694476800000,2023-09-12 00:00:00,BNB/EUR,192.2,200.2,191.2,196.1,5929.008,1168149.9702
1694563200000,2023-09-13 00:00:00,BNB/EUR,196.2,198.9,195.0,198.4,3692.477,729028.3005
1694649600000,2023-09-14 00:00:00,BNB/EUR,198.3,201.0,196.7,199.7,5075.375,1010319.7249
1694736000000,2023-09-15 00:00:00,BNB/EUR,199.7,201.9,198.0,201.0,4483.647,894760.8842
1694822400000,2023-09-16 00:00:00,BNB/EUR,201.1,202.9,200.2,201.6,3230.735,650024.4959
1694908800000,2023-09-17 00:00:00,BNB/EUR,201.6,203.2,200.2,202.9,3387.141,684368.8652
1694995200000,2023-09-18 00:00:00,BNB/EUR,202.9,207.9,201.4,202.3,4695.79,959616.0032
1695081600000,2023-09-19 00:00:00,BNB/EUR,202.2,205.9,201.7,203.7,4745.686,967018.2994
1695168000000,2023-09-20 00:00:00,BNB/EUR,203.6,204.1,200.3,201.5,4801.872,970024.8006
1695254400000,2023-09-21 00:00:00,BNB/EUR,201.5,202.5,196.5,197.9,4597.0,914093.4842
1695340800000,2023-09-22 00:00:00,BNB/EUR,197.9,199.6,197.0,198.5,4071.815,807121.7287
1695427200000,2023-09-23 00:00:00,BNB/EUR,198.6,199.1,197.6,198.0,2404.814,476696.1841
1695513600000,2023-09-24 00:00:00,BNB/EUR,198.1,198.7,194.2,195.6,3313.36,654762.4481
1695600000000,2023-09-25 00:00:00,BNB/EUR,195.6,198.9,194.2,198.3,4223.565,832327.547
1695686400000,2023-09-26 00:00:00,BNB/EUR,198.3,201.8,198.1,201.1,3794.298,759940.1564
1695772800000,2023-09-27 00:00:00,BNB/EUR,201.1,204.8,200.5,201.8,3811.168,770705.6801
1695859200000,2023-09-28 00:00:00,BNB/EUR,201.8,205.2,201.4,203.7,3454.062,701314.118
1695945600000,2023-09-29 00:00:00,BNB/EUR,203.7,205.2,202.8,203.8,3039.32,619685.6521
1696032000000,2023-09-30 00:00:00,BNB/EUR,203.7,204.9,202.7,203.3,2686.42,547397.4235
1696118400000,2023-10-01 00:00:00,BNB/EUR,203.3,207.8,201.8,206.7,2794.076,569933.1873
1696204800000,2023-10-02 00:00:00,BNB/EUR,206.8,209.8,203.1,204.8,4126.396,853629.1333
1696291200000,2023-10-03 00:00:00,BNB/EUR,204.8,206.3,203.1,204.1,3370.961,689915.306
1696377600000,2023-10-04 00:00:00,BNB/EUR,204.1,204.1,201.5,203.2,3587.175,726652.7052
1696464000000,2023-10-05 00:00:00,BNB/EUR,203.2,203.5,199.6,200.0,3632.645,731843.2614
1696550400000,2023-10-06 00:00:00,BNB/EUR,200.0,202.9,199.9,201.9,3400.072,684482.4761
1696636800000,2023-10-07 00:00:00,BNB/EUR,201.9,202.4,200.2,200.9,2286.601,460359.7431
1696723200000,2023-10-08 00:00:00,BNB/EUR,201.0,201.4,197.8,200.3,2538.657,507923.2686
1696809600000,2023-10-09 00:00:00,BNB/EUR,200.4,201.3,192.0,194.7,3757.018,740243.6923
1696896000000,2023-10-10 00:00:00,BNB/EUR,194.6,201.0,194.4,196.8,4840.701,951776.2781
1696982400000,2023-10-11 00:00:00,BNB/EUR,196.7,197.0,193.0,194.6,3613.786,703280.6965
1697068800000,2023-10-12 00:00:00,BNB/EUR,194.6,195.6,191.3,194.9,3451.69,670182.4488
1697155200000,2023-10-13 00:00:00,BNB/EUR,194.9,198.2,193.8,196.2,3530.5,690943.2584
1697241600000,2023-10-14 00:00:00,BNB/EUR,196.3,197.3,196.0,196.9,2443.915,480532.976
1697328000000,2023-10-15 00:00:00,BNB/EUR,197.0,209.1,196.6,199.7,5571.929,1111089.8213
1697414400000,2023-10-16 00:00:00,BNB/EUR,199.6,207.9,199.5,203.7,4160.089,843634.7749
1697500800000,2023-10-17 00:00:00,BNB/EUR,203.7,203.9,198.5,200.2,3834.163,770946.5236
1697587200000,2023-10-18 00:00:00,BNB/EUR,200.2,202.5,199.5,199.7,3446.979,692955.8039
1697673600000,2023-10-19 00:00:00,BNB/EUR,199.8,200.3,197.9,199.7,3408.176,679296.1269
1697760000000,2023-10-20 00:00:00,BNB/EUR,199.8,204.5,199.3,200.4,3378.012,681589.8001
1697846400000,2023-10-21 00:00:00,BNB/EUR,200.5,204.0,199.8,202.4,2953.357,595961.2549
1697932800000,2023-10-22 00:00:00,BNB/EUR,202.5,206.2,202.0,205.8,2403.703,488633.8517
1698019200000,2023-10-23 00:00:00,BNB/EUR,205.9,216.5,205.1,214.2,4980.838,1038611.8909
1698105600000,2023-10-24 00:00:00,BNB/EUR,214.4,222.7,209.4,212.7,5873.459,1264273.5207
1698192000000,2023-10-25 00:00:00,BNB/EUR,212.7,216.2,210.0,210.5,4101.674,873738.3132
1698278400000,2023-10-26 00:00:00,BNB/EUR,210.4,216.5,208.4,211.6,4065.093,863075.7721
1698364800000,2023-10-27 00:00:00,BNB/EUR,211.5,219.0,208.4,212.4,5666.82,1211497.4628
1698451200000,2023-10-28 00:00:00,BNB/EUR,212.2,216.3,212.2,214.0,3068.918,658480.5638
1698537600000,2023-10-29 00:00:00,BNB/EUR,213.8,216.4,212.2,215.4,2729.776,586021.7505
1698624000000,2023-10-30 00:00:00,BNB/EUR,215.4,216.6,213.0,215.2,4422.462,951457.4883
1698710400000,2023-10-31 00:00:00,BNB/EUR,215.2,216.4,211.8,214.2,4294.011,917778.0476
1698796800000,2023-11-01 00:00:00,BNB/EUR,214.1,217.3,210.9,215.7,4365.069,932928.9619
1698883200000,2023-11-02 00:00:00,BNB/EUR,215.8,219.7,215.0,218.6,5855.576,1273509.8179
1698969600000,2023-11-03 00:00:00,BNB/EUR,218.7,219.1,212.3,215.0,4698.999,1007703.5172
1699056000000,2023-11-04 00:00:00,BNB/EUR,215.1,223.0,214.2,221.6,4149.662,909912.4087
1699142400000,2023-11-05 00:00:00,BNB/EUR,221.7,229.2,220.8,227.7,4890.034,1106936.699
1699228800000,2023-11-06 00:00:00,BNB/EUR,227.5,238.8,225.3,238.3,7294.546,1699522.0446
1699315200000,2023-11-07 00:00:00,BNB/EUR,238.1,238.7,226.8,230.4,6697.127,1552793.8559
1699401600000,2023-11-08 00:00:00,BNB/EUR,230.5,232.3,228.6,230.5,4965.715,1145153.6591
1699488000000,2023-11-09 00:00:00,BNB/EUR,230.6,239.0,224.6,236.1,8428.386,1961656.7349
1699574400000,2023-11-10 00:00:00,BNB/EUR,236.3,241.8,232.6,235.4,5432.873,1283925.007
1699660800000,2023-11-11 00:00:00,BNB/EUR,235.4,239.5,230.9,236.1,4778.6,1124365.2856
1699747200000,2023-11-12 00:00:00,BNB/EUR,236.1,236.5,229.6,232.0,3674.739,856967.2151
1699833600000,2023-11-13 00:00:00,BNB/EUR,231.9,234.5,225.0,225.7,4653.722,1069850.2186
1699920000000,2023-11-14 00:00:00,BNB/EUR,225.5,233.1,215.5,222.9,5397.49,1219657.5436
1700006400000,2023-11-15 00:00:00,BNB/EUR,223.0,234.8,222.9,234.1,5773.656,1329900.8944
1700092800000,2023-11-16 00:00:00,BNB/EUR,234.2,236.1,221.4,224.0,5426.673,1247297.5458
1700179200000,2023-11-17 00:00:00,BNB/EUR,223.9,226.9,219.1,224.7,4575.468,1024602.0301
1700265600000,2023-11-18 00:00:00,BNB/EUR,224.9,225.4,219.1,225.1,2919.637,653004.8991
1700352000000,2023-11-19 00:00:00,BNB/EUR,225.0,226.5,222.4,226.1,2956.029,663364.4753
1700438400000,2023-11-20 00:00:00,BNB/EUR,226.2,245.3,218.5,231.4,9046.088,2097243.7613
1700524800000,2023-11-21 00:00:00,BNB/EUR,231.5,248.6,205.4,206.7,17285.861,3992564.3663
1700611200000,2023-11-22 00:00:00,BNB/EUR,206.1,219.0,206.0,217.1,8308.867,1782654.3362
1700697600000,2023-11-23 00:00:00,BNB/EUR,217.1,219.7,211.5,214.4,4477.574,961232.0915
1700784000000,2023-11-24 00:00:00,BNB/EUR,214.4,217.1,211.8,212.8,4201.392,901584.1305
1700870400000,2023-11-25 00:00:00,BNB/EUR,213.0,215.4,210.9,213.8,2769.901,590497.9135
1700956800000,2023-11-26 00:00:00,BNB/EUR,213.7,213.8,207.7,211.4,2970.058,628121.7423
1701043200000,2023-11-27 00:00:00,BNB/EUR,211.6,212.6,203.7,207.5,4804.245,995761.3778
1701129600000,2023-11-28 00:00:00,BNB/EUR,207.6,211.0,205.0,208.8,4017.85,838067.4841
1701216000000,2023-11-29 00:00:00,BNB/EUR,208.9,210.7,206.4,207.3,2773.482,577528.3358
1701302400000,2023-11-30 00:00:00,BNB/EUR,207.3,209.9,206.4,209.2,3209.974,669635.7454
1701388800000,2023-12-01 00:00:00,BNB/EUR,209.2,211.2,208.5,210.0,3620.659,760991.5566
1701475200000,2023-12-02 00:00:00,BNB/EUR,210.0,211.7,208.1,210.7,3716.976,780555.3893
1701561600000,2023-12-03 00:00:00,BNB/EUR,210.8,213.2,207.9,209.5,4482.864,939523.4503
1701648000000,2023-12-04 00:00:00,BNB/EUR,209.6,218.5,207.1,215.7,7991.297,1702511.7149
1701734400000,2023-12-05 00:00:00,BNB/EUR,215.7,216.6,210.9,214.3,5452.911,1166390.6341
1701820800000,2023-12-06 00:00:00,BNB/EUR,214.5,217.8,211.9,213.4,5283.442,1133581.3571
1701907200000,2023-12-07 00:00:00,BNB/EUR,213.4,218.4,212.3,215.9,4354.729,936904.5973
1701993600000,2023-12-08 00:00:00,BNB/EUR,216.0,223.4,201.8,222.5,7608.291,1646765.4218
1702080000000,2023-12-09 00:00:00,BNB/EUR,222.7,228.4,220.1,221.3,7443.46,1673229.7132
1702166400000,2023-12-10 00:00:00,BNB/EUR,221.7,224.7,220.4,223.0,3705.282,826007.0137
1702252800000,2023-12-11 00:00:00,BNB/EUR,223.1,230.4,211.8,229.1,8307.738,1850224.962
1702339200000,2023-12-12 00:00:00,BNB/EUR,229.2,238.5,228.4,235.8,8980.29,2106011.183
1702425600000,2023-12-13 00:00:00,BNB/EUR,235.8,236.2,226.5,232.1,5917.178,1373278.1478
1702512000000,2023-12-14 00:00:00,BNB/EUR,232.2,233.2,227.6,230.4,4344.855,999034.2345
1702598400000,2023-12-15 00:00:00,BNB/EUR,230.6,230.6,223.3,225.0,2879.353,653741.0599
1702684800000,2023-12-16 00:00:00,BNB/EUR,225.1,228.4,223.3,224.1,3170.182,715595.249
1702771200000,2023-12-17 00:00:00,BNB/EUR,224.0,224.2,219.2,219.4,2769.044,612985.2244
1702857600000,2023-12-18 00:00:00,BNB/EUR,219.5,221.2,212.7,221.2,4694.708,1018416.9944
1702944000000,2023-12-19 00:00:00,BNB/EUR,221.1,232.0,220.9,230.2,5837.936,1335335.6302
1703030400000,2023-12-20 00:00:00,BNB/EUR,230.4,238.9,228.4,238.0,4061.193,953150.5837
1703116800000,2023-12-21 00:00:00,BNB/EUR,238.1,250.3,234.3,247.4,7113.37,1740696.0817
1703203200000,2023-12-22 00:00:00,BNB/EUR,247.4,251.6,241.1,246.7,3532.959,868898.7908
1703289600000,2023-12-23 00:00:00,BNB/EUR,246.7,248.5,241.7,247.6,2341.47,573854.5056
1703376000000,2023-12-24 00:00:00,BNB/EUR,247.8,249.4,240.0,242.3,2651.803,650364.8054
1703462400000,2023-12-25 00:00:00,BNB/EUR,242.6,245.0,239.9,243.1,2065.474,501385.3858
1703548800000,2023-12-26 00:00:00,BNB/EUR,243.1,275.5,240.3,270.2,11828.005,3106148.4254
1703635200000,2023-12-27 00:00:00,BNB/EUR,270.0,292.2,258.8,292.1,7623.069,2112135.2839
1703721600000,2023-12-28 00:00:00,BNB/EUR,292.2,304.9,288.3,292.1,7964.752,2365480.3921
1703808000000,2023-12-29 00:00:00,BNB/EUR,292.1,294.7,278.9,285.0,4667.258,1336652.0669
1703894400000,2023-12-30 00:00:00,BNB/EUR,285.1,291.3,283.7,288.4,3833.199,1105973.7689
1703980800000,2023-12-31 00:00:00,BNB/EUR,288.4,300.0,278.5,283.5,4200.561,1213362.1867
1704067200000,2024-01-01 00:00:00,BNB/EUR,283.5,287.4,279.2,284.6,2387.772,675391.7183
1704153600000,2024-01-02 00:00:00,BNB/EUR,285.0,293.3,279.5,285.6,3331.039,956351.8053
1704240000000,2024-01-03 00:00:00,BNB/EUR,285.9,306.1,271.0,290.4,8513.502,2482595.5489
1704326400000,2024-01-04 00:00:00,BNB/EUR,290.4,297.5,285.9,296.6,3917.992,1147282.3264
1704412800000,2024-01-05 00:00:00,BNB/EUR,296.5,299.7,283.0,291.4,3758.937,1094283.6039
1704499200000,2024-01-06 00:00:00,BNB/EUR,291.4,291.4,275.7,281.8,2601.112,732123.993
1704585600000,2024-01-07 00:00:00,BNB/EUR,282.0,284.4,275.4,277.3,2039.388,572805.7028
1704672000000,2024-01-08 00:00:00,BNB/EUR,276.9,281.8,265.6,277.8,3898.629,1071542.898
1704758400000,2024-01-09 00:00:00,BNB/EUR,277.9,280.9,271.1,275.9,3513.522,970452.8019
1704844800000,2024-01-10 00:00:00,BNB/EUR,275.9,283.0,264.4,279.0,3271.914,892959.4833
1704931200000,2024-01-11 00:00:00,BNB/EUR,279.4,288.9,275.9,281.2,4258.442,1208539.6679
1705017600000,2024-01-12 00:00:00,BNB/EUR,281.3,285.8,265.2,271.9,2934.65,817537.1218
1705104000000,2024-01-13 00:00:00,BNB/EUR,272.0,278.0,266.6,277.0,1506.093,413137.1329
1705190400000,2024-01-14 00:00:00,BNB/EUR,277.0,281.1,273.5,274.1,1480.139,412494.3081
1705276800000,2024-01-15 00:00:00,BNB/EUR,274.2,293.0,274.1,290.3,4081.259,1178409.5496
1705363200000,2024-01-16 00:00:00,BNB/EUR,290.0,293.4,287.4,290.2,2865.055,833217.5906
1705449600000,2024-01-17 00:00:00,BNB/EUR,290.1,291.0,281.9,284.4,3122.173,894661.5965
1705536000000,2024-01-18 00:00:00,BNB/EUR,284.4,290.8,280.7,287.9,3161.968,906041.7723
1705622400000,2024-01-19 00:00:00,BNB/EUR,287.9,290.7,280.6,289.0,2780.844,796618.4416
1705708800000,2024-01-20 00:00:00,BNB/EUR,289.0,291.8,286.7,291.5,1880.506,543931.1028
1705795200000,2024-01-21 00:00:00,BNB/EUR,291.4,295.6,290.6,292.6,1633.003,479018.7359
1705881600000,2024-01-22 00:00:00,BNB/EUR,292.7,293.9,279.2,281.3,2821.362,809106.0145
1705968000000,2024-01-23 00:00:00,BNB/EUR,281.2,285.9,267.7,275.2,3531.95,968272.6584
1706054400000,2024-01-24 00:00:00,BNB/EUR,275.3,277.1,266.7,269.5,3574.017,965770.8998
1706140800000,2024-01-25 00:00:00,BNB/EUR,269.2,272.4,264.6,269.4,2973.343,800524.2308
1706227200000,2024-01-26 00:00:00,BNB/EUR,269.3,279.9,268.4,278.8,2052.352,568067.2195
1706313600000,2024-01-27 00:00:00,BNB/EUR,278.7,283.7,278.6,282.4,1240.358,348434.1986
1706400000000,2024-01-28 00:00:00,BNB/EUR,282.3,285.4,279.8,281.8,1329.505,375756.811
1706486400000,2024-01-29 00:00:00,BNB/EUR,281.7,287.5,281.0,287.1,1487.857,424146.0889
1706572800000,2024-01-30 00:00:00,BNB/EUR,286.9,289.2,282.8,284.1,1804.682,516818.2046
1706659200000,2024-01-31 00:00:00,BNB/EUR,284.1,284.5,276.0,278.1,2662.858,746538.8996
1706745600000,2024-02-01 00:00:00,BNB/EUR,278.2,279.2,274.2,276.2,2640.538,730138.0521
1706832000000,2024-02-02 00:00:00,BNB/EUR,276.2,280.5,275.9,279.3,2611.714,727892.9353
1706918400000,2024-02-03 00:00:00,BNB/EUR,279.2,281.3,277.7,278.0,2788.137,780388.9271
1707004800000,2024-02-04 00:00:00,BNB/EUR,278.0,285.5,276.5,282.9,2529.841,712200.975
1707091200000,2024-02-05 00:00:00,BNB/EUR,282.9,285.0,278.7,280.3,2279.5,641987.5675
1707177600000,2024-02-06 00:00:00,BNB/EUR,280.0,283.3,279.7,281.3,1889.149,531857.026
1707264000000,2024-02-07 00:00:00,BNB/EUR,281.3,286.5,279.5,285.2,2155.961,609315.3599
1707350400000,2024-02-08 00:00:00,BNB/EUR,285.2,298.1,285.2,296.3,4136.085,1211334.8357
1707436800000,2024-02-09 00:00:00,BNB/EUR,296.4,302.9,295.3,300.0,4000.956,1199375.8106
1707523200000,2024-02-10 00:00:00,BNB/EUR,300.5,301.6,295.5,299.1,1955.187,583435.0077
1707609600000,2024-02-11 00:00:00,BNB/EUR,299.1,300.4,295.1,296.4,2044.319,608215.6085
1707696000000,2024-02-12 00:00:00,BNB/EUR,296.3,307.9,292.1,303.9,3716.4,1117409.2326
1707782400000,2024-02-13 00:00:00,BNB/EUR,303.9,305.4,297.0,303.4,3510.585,1059125.6786
1707868800000,2024-02-14 00:00:00,BNB/EUR,303.3,312.6,302.1,311.7,3512.082,1085454.4707
1707955200000,2024-02-15 00:00:00,BNB/EUR,311.6,340.5,311.1,329.3,8338.833,2734956.6044
1708041600000,2024-02-16 00:00:00,BNB/EUR,329.4,348.6,326.0,334.9,7301.993,2433369.3717
1708128000000,2024-02-17 00:00:00,BNB/EUR,334.9,337.8,323.2,327.8,3689.276,1216897.6231
1708214400000,2024-02-18 00:00:00,BNB/EUR,327.7,332.7,324.2,324.4,2860.228,937247.2952
1708300800000,2024-02-19 00:00:00,BNB/EUR,324.4,331.0,324.2,326.6,3987.353,1305262.3081
1708387200000,2024-02-20 00:00:00,BNB/EUR,326.6,335.5,319.2,328.2,4397.652,1444115.1571
1708473600000,2024-02-21 00:00:00,BNB/EUR,328.2,350.9,324.8,350.7,7387.565,2502179.097
1708560000000,2024-02-22 00:00:00,BNB/EUR,350.8,358.0,345.5,353.7,6721.633,2364059.7789
1708646400000,2024-02-23 00:00:00,BNB/EUR,353.9,356.7,341.4,347.3,4940.674,1719696.6138
1708732800000,2024-02-24 00:00:00,BNB/EUR,347.5,354.2,343.6,352.6,2805.967,986289.0212
1708819200000,2024-02-25 00:00:00,BNB/EUR,352.5,361.2,349.2,358.9,3015.769,1072837.0982
1708905600000,2024-02-26 00:00:00,BNB/EUR,358.8,373.0,352.9,370.0,5449.948,1980940.31
1708992000000,2024-02-27 00:00:00,BNB/EUR,370.0,372.0,359.8,364.1,4459.211,1632762.0538
1709078400000,2024-02-28 00:00:00,BNB/EUR,364.0,394.3,363.6,382.2,11924.402,4496627.7236
1709164800000,2024-02-29 00:00:00,BNB/EUR,382.2,386.7,359.3,367.2,8808.434,3312400.5316
1709251200000,2024-03-01 00:00:00,BNB/EUR,367.5,378.2,367.0,376.0,4813.573,1803507.5122
1709337600000,2024-03-02 00:00:00,BNB/EUR,376.2,382.7,374.7,379.3,3496.936,1320564.1928
1709424000000,2024-03-03 00:00:00,BNB/EUR,379.2,384.5,371.4,382.5,3455.828,1314523.0146
1709510400000,2024-03-04 00:00:00,BNB/EUR,382.4,390.9,378.6,385.6,5351.045,2058267.7056
1709596800000,2024-03-05 00:00:00,BNB/EUR,385.7,393.7,318.0,364.0,10003.167,3706662.8382
1709683200000,2024-03-06 00:00:00,BNB/EUR,363.7,400.0,356.0,394.5,8378.815,3223439.066
1709769600000,2024-03-07 00:00:00,BNB/EUR,394.5,436.1,388.7,434.3,8028.437,3307936.7805
1709856000000,2024-03-08 00:00:00,BNB/EUR,434.5,448.6,424.4,445.6,7253.332,3166059.606
1709942400000,2024-03-09 00:00:00,BNB/EUR,445.4,452.6,440.5,447.3,4122.968,1838471.4889
1710028800000,2024-03-10 00:00:00,BNB/EUR,447.2,492.1,444.3,484.2,8813.357,4189270.5829
1710115200000,2024-03-11 00:00:00,BNB/EUR,484.0,487.4,461.0,473.9,9104.209,4318734.6185
1710201600000,2024-03-12 00:00:00,BNB/EUR,474.0,501.0,472.3,492.1,11576.444,5648668.2855
1710288000000,2024-03-13 00:00:00,BNB/EUR,492.2,579.0,486.8,576.3,12763.454,6820861.3187
1710374400000,2024-03-14 00:00:00,BNB/EUR,576.8,577.2,518.4,554.8,9444.578,5197986.8499
1710460800000,2024-03-15 00:00:00,BNB/EUR,554.9,585.0,497.8,582.4,11473.188,6213016.0937
1710547200000,2024-03-16 00:00:00,BNB/EUR,581.8,593.5,521.2,530.3,8206.056,4543390.972726
1710633600000,2024-03-17 00:00:00,BNB/EUR,530.2,544.2,505.0,525.8,4881.27,2581400.519
1710720000000,2024-03-18 00:00:00,BNB/EUR,525.7,539.8,497.5,511.5,6261.997,3220371.7819
1710806400000,2024-03-19 00:00:00,BNB/EUR,511.3,515.9,457.3,467.5,8231.787,3960213.8339
1710892800000,2024-03-20 00:00:00,BNB/EUR,467.1,512.9,460.7,510.4,5745.531,2806627.378
1710979200000,2024-03-21 00:00:00,BNB/EUR,510.3,523.5,495.3,510.1,4051.948,2071796.3527
1711065600000,2024-03-22 00:00:00,BNB/EUR,510.2,543.4,495.9,512.9,5608.114,2925282.862
1711152000000,2024-03-23 00:00:00,BNB/EUR,513.0,526.1,503.1,511.4,2586.846,1336178.7949
1711238400000,2024-03-24 00:00:00,BNB/EUR,511.4,530.3,508.7,525.6,2045.287,1061940.3698
1711324800000,2024-03-25 00:00:00,BNB/EUR,525.7,552.2,522.9,540.8,3882.565,2103562.3055
1711411200000,2024-03-26 00:00:00,BNB/EUR,540.8,551.0,528.4,536.4,2416.596,1305411.6557
1711497600000,2024-03-27 00:00:00,BNB/EUR,536.2,541.1,522.0,531.6,2338.635,1243517.5325
1711584000000,2024-03-28 00:00:00,BNB/EUR,531.7,549.0,531.7,540.8,2277.991,1234628.9088
1711670400000,2024-03-29 00:00:00,BNB/EUR,540.8,575.2,539.9,569.1,4854.274,2744093.3214
1711756800000,2024-03-30 00:00:00,BNB/EUR,569.3,569.5,553.6,557.6,2398.497,1344801.9873
1711843200000,2024-03-31 00:00:00,BNB/EUR,557.6,564.9,557.6,563.0,1483.912,833033.5819
1711929600000,2024-04-01 00:00:00,BNB/EUR,562.6,563.6,530.3,536.9,3861.205,2094267.6075
1712016000000,2024-04-02 00:00:00,BNB/EUR,537.1,539.3,508.1,512.9,3875.124,2016201.2208
1712102400000,2024-04-03 00:00:00,BNB/EUR,513.0,528.5,501.9,518.8,3205.002,1658288.3896
1712188800000,2024-04-04 00:00:00,BNB/EUR,518.9,551.5,518.5,541.1,4220.294,2280605.2857
1712275200000,2024-04-05 00:00:00,BNB/EUR,541.2,546.3,522.5,534.2,2791.975,1492238.4504
1712361600000,2024-04-06 00:00:00,BNB/EUR,534.0,546.2,531.8,541.0,1341.304,723967.5542
1712448000000,2024-04-07 00:00:00,BNB/EUR,541.1,546.0,520.0,539.7,1552.162,837630.6119
1712534400000,2024-04-08 00:00:00,BNB/EUR,539.7,555.0,533.6,538.0,3420.834,1861842.5266
1712620800000,2024-04-09 00:00:00,BNB/EUR,537.5,541.3,526.4,535.4,2512.819,1342803.8724
1712707200000,2024-04-10 00:00:00,BNB/EUR,534.9,567.4,528.9,565.2,4305.165,2369806.8623
1712793600000,2024-04-11 00:00:00,BNB/EUR,565.0,571.6,551.1,563.6,3066.546,1724229.4596
1712880000000,2024-04-12 00:00:00,BNB/EUR,563.6,588.0,540.0,562.6,5887.647,3362942.3633
1712966400000,2024-04-13 00:00:00,BNB/EUR,562.6,568.0,486.1,527.9,9836.099,5236006.7953
1713052800000,2024-04-14 00:00:00,BNB/EUR,526.7,545.2,508.5,535.0,6169.356,3257293.0381
1713139200000,2024-04-15 00:00:00,BNB/EUR,534.7,550.9,513.6,520.8,3343.865,1788162.337
1713225600000,2024-04-16 00:00:00,BNB/EUR,520.7,522.9,493.3,507.1,2970.4,1507998.5099
1713312000000,2024-04-17 00:00:00,BNB/EUR,507.0,515.4,482.7,501.3,2238.116,1123191.3717
1713398400000,2024-04-18 00:00:00,BNB/EUR,501.2,521.7,494.7,519.3,2239.939,1149410.4561
1713484800000,2024-04-19 00:00:00,BNB/EUR,519.4,529.7,494.3,520.8,2014.618,1046732.2989
1713571200000,2024-04-20 00:00:00,BNB/EUR,521.2,540.6,515.9,537.7,1157.772,612556.0827
1713657600000,2024-04-21 00:00:00,BNB/EUR,537.7,548.1,532.9,544.9,1237.044,669912.0475
1713744000000,2024-04-22 00:00:00,BNB/EUR,545.1,570.9,543.0,569.0,2362.187,1326582.0384
1713830400000,2024-04-23 00:00:00,BNB/EUR,568.1,580.6,561.5,567.1,2785.412,1586061.9385
1713916800000,2024-04-24 00:00:00,BNB/EUR,567.2,579.4,554.9,569.5,2931.876,1665881.0014
1714003200000,2024-04-25 00:00:00,BNB/EUR,569.6,576.3,561.8,572.0,1934.322,1101314.397
1714089600000,2024-04-26 00:00:00,BNB/EUR,572.6,574.1,558.2,559.4,1393.467,787121.3532
1714176000000,2024-04-27 00:00:00,BNB/EUR,559.7,560.9,547.7,558.3,1301.278,721331.0459
1714262400000,2024-04-28 00:00:00,BNB/EUR,558.5,569.5,558.5,561.1,1092.27,616358.5537
1714348800000,2024-04-29 00:00:00,BNB/EUR,560.8,563.3,541.6,553.2,2359.31,1296404.0783
1714435200000,2024-04-30 00:00:00,BNB/EUR,553.6,564.3,520.2,542.2,3844.599,2076500.2022
1714521600000,2024-05-01 00:00:00,BNB/EUR,541.8,543.6,504.0,525.4,3178.716,1652339.8554
1714608000000,2024-05-02 00:00:00,BNB/EUR,525.1,529.6,505.0,523.1,1990.257,1035555.9305
1714694400000,2024-05-03 00:00:00,BNB/EUR,523.3,548.8,521.8,546.3,1868.027,994457.4644
1714780800000,2024-05-04 00:00:00,BNB/EUR,546.3,552.1,542.2,544.7,1120.94,613161.1817
1714867200000,2024-05-05 00:00:00,BNB/EUR,544.9,553.0,539.1,550.2,958.44,524105.7866
1714953600000,2024-05-06 00:00:00,BNB/EUR,550.4,559.3,541.6,546.6,1414.212,776681.3503
1715040000000,2024-05-07 00:00:00,BNB/EUR,546.8,557.7,536.4,536.9,1606.914,880479.9441
1715126400000,2024-05-08 00:00:00,BNB/EUR,536.5,548.9,534.8,547.2,1566.935,851618.8309
1715212800000,2024-05-09 00:00:00,BNB/EUR,546.9,562.6,545.5,553.7,2664.576,1478956.7258
1715299200000,2024-05-10 00:00:00,BNB/EUR,553.6,554.3,540.2,544.7,1348.906,739014.3205
1715385600000,2024-05-11 00:00:00,BNB/EUR,544.5,552.6,540.2,550.5,1359.294,742866.0731
1715472000000,2024-05-12 00:00:00,BNB/EUR,550.6,557.0,546.0,552.6,1260.802,696750.7776
1715558400000,2024-05-13 00:00:00,BNB/EUR,552.7,555.6,543.5,548.5,1507.663,829859.6896
1715644800000,2024-05-14 00:00:00,BNB/EUR,548.3,549.6,519.6,524.5,1854.73,987883.7289
1715731200000,2024-05-15 00:00:00,BNB/EUR,524.3,539.9,519.3,533.2,1810.274,960877.2391
1715817600000,2024-05-16 00:00:00,BNB/EUR,533.1,538.2,518.7,523.8,1602.373,848370.2474
1715904000000,2024-05-17 00:00:00,BNB/EUR,523.5,536.9,523.5,534.1,1084.486,576486.97
1715990400000,2024-05-18 00:00:00,BNB/EUR,534.0,535.0,524.5,534.1,832.048,442840.8614
1716076800000,2024-05-19 00:00:00,BNB/EUR,534.2,535.2,515.0,528.4,854.173,453289.2219
1716163200000,2024-05-20 00:00:00,BNB/EUR,528.2,545.0,523.8,542.8,2562.737,1366402.0398
1716249600000,2024-05-21 00:00:00,BNB/EUR,543.4,575.5,536.5,566.0,6092.249,3430766.0456
1716336000000,2024-05-22 00:00:00,BNB/EUR,565.8,576.6,562.2,567.0,2579.213,1469089.5434
1716422400000,2024-05-23 00:00:00,BNB/EUR,567.3,569.0,536.7,554.0,2645.52,1468592.754
1716508800000,2024-05-24 00:00:00,BNB/EUR,554.1,559.5,543.8,553.5,1229.951,678040.2167
1716595200000,2024-05-25 00:00:00,BNB/EUR,553.4,559.4,553.0,555.4,659.753,366611.5976
1716681600000,2024-05-26 00:00:00,BNB/EUR,555.5,557.9,551.2,552.8,535.846,297171.7277
1716768000000,2024-05-27 00:00:00,BNB/EUR,553.0,565.0,552.0,555.3,1172.515,653825.1002
1716854400000,2024-05-28 00:00:00,BNB/EUR,555.2,557.0,545.6,554.4,1159.722,639708.5859
1716940800000,2024-05-29 00:00:00,BNB/EUR,554.2,555.6,540.0,551.3,970.651,535552.7332
1717027200000,2024-05-30 00:00:00,BNB/EUR,551.3,555.5,543.0,549.4,1015.252,558007.2586
1717113600000,2024-05-31 00:00:00,BNB/EUR,549.4,552.0,544.3,547.6,907.271,496964.9873
1717200000000,2024-06-01 00:00:00,BNB/EUR,547.5,560.4,546.7,554.6,711.517,392715.9061
1717286400000,2024-06-02 00:00:00,BNB/EUR,554.6,570.5,549.1,555.7,1146.677,635526.7231
1717372800000,2024-06-03 00:00:00,BNB/EUR,555.5,587.5,554.1,574.7,2820.417,1621743.644
1717459200000,2024-06-04 00:00:00,BNB/EUR,575.2,631.5,573.2,629.2,4953.9661,2992653.293797
1717545600000,2024-06-05 00:00:00,BNB/EUR,629.2,656.5,628.0,641.4,5644.024,3627060.8927393
1717632000000,2024-06-06 00:00:00,BNB/EUR,641.4,662.9,635.0,653.2,3215.5534,2085690.2875
1717718400000,2024-06-07 00:00:00,BNB/EUR,653.2,653.8,611.2,634.3,2711.77,1731576.4114
1717804800000,2024-06-08 00:00:00,BNB/EUR,634.3,644.3,629.0,633.2,1257.724,799415.4193
1717891200000,2024-06-09 00:00:00,BNB/EUR,633.0,635.3,622.1,624.9,1342.118,842636.6582
1717977600000,2024-06-10 00:00:00,BNB/EUR,624.3,626.6,570.1,580.6,5940.866,3534350.6965
1718064000000,2024-06-11 00:00:00,BNB/EUR,580.9,584.1,555.1,561.9,4362.12,2488503.5447
