https://www.Saxcoin-b6.nl,BTC,Bitcoin
unix,date,symbol,open,high,low,close,volume,total
1279317600,2010-07-17 00:00:00,BTC/EUR,0.0464990839680458,0.0464990839680458,0.0464990839680458,0.0464990839680458,0.0,0.0
1279404000,2010-07-18 00:00:00,BTC/EUR,0.0797924280891666,0.0797924280891666,0.0797924280891666,0.0797924280891666,0.0,0.0
1279490400,2010-07-19 00:00:00,BTC/EUR,0.075142519692362,0.075142519692362,0.075142519692362,0.075142519692362,0.0,0.0
1279576800,2010-07-20 00:00:00,BTC/EUR,0.0694696314482604,0.0694696314482604,0.0694696314482604,0.0694696314482604,0.0,0.0
1279663200,2010-07-21 00:00:00,BTC/EUR,0.0736545490053846,0.0736545490053846,0.0736545490053846,0.0736545490053846,0.0,0.0
1279749600,2010-07-22 00:00:00,BTC/EUR,0.0469640748077262,0.0469640748077262,0.0469640748077262,0.0469640748077262,0.0,0.0
1279836000,2010-07-23 00:00:00,BTC/EUR,0.0582168531279933,0.0582168531279933,0.0582168531279933,0.0582168531279933,0.0,0.0
1279922400,2010-07-24 00:00:00,BTC/EUR,0.0506840015251699,0.0506840015251699,0.0506840015251699,0.0506840015251699,0.0,0.0
1280008800,2010-07-25 00:00:00,BTC/EUR,0.0469640748077262,0.0469640748077262,0.0469640748077262,0.0469640748077262,0.0,0.0
1280095200,2010-07-26 00:00:00,BTC/EUR,0.0520789740442113,0.0520789740442113,0.0520789740442113,0.0520789740442113,0.0,0.0
1280181600,2010-07-27 00:00:00,BTC/EUR,0.0557989007616549,0.0557989007616549,0.0557989007616549,0.0557989007616549,0.0,0.0
1280268000,2010-07-28 00:00:00,BTC/EUR,0.0547759209143579,0.0547759209143579,0.0547759209143579,0.0547759209143579,0.0,0.0
1280354400,2010-07-29 00:00:00,BTC/EUR,0.065005719387328,0.065005719387328,0.065005719387328,0.065005719387328,0.0,0.0
1280440800,2010-07-30 00:00:00,BTC/EUR,0.0583098512959294,0.0583098512959294,0.0583098512959294,0.0583098512959294,0.0,0.0
1280527200,2010-07-31 00:00:00,BTC/EUR,0.0631457560286062,0.0631457560286062,0.0631457560286062,0.0631457560286062,0.0,0.0
1280613600,2010-08-01 00:00:00,BTC/EUR,0.056821880608952,0.056821880608952,0.056821880608952,0.056821880608952,0.0,0.0
1280700000,2010-08-02 00:00:00,BTC/EUR,0.0557989007616549,0.0557989007616549,0.0557989007616549,0.0557989007616549,0.0,0.0
1280786400,2010-08-03 00:00:00,BTC/EUR,0.0557989007616549,0.0557989007616549,0.0557989007616549,0.0557989007616549,0.0,0.0
1280872800,2010-08-04 00:00:00,BTC/EUR,0.0530089557235722,0.0530089557235722,0.0530089557235722,0.0530089557235722,0.0,0.0
1280959200,2010-08-05 00:00:00,BTC/EUR,0.0567288824410159,0.0567288824410159,0.0567288824410159,0.0567288824410159,0.0,0.0
1281045600,2010-08-06 00:00:00,BTC/EUR,0.0579378586241851,0.0579378586241851,0.0579378586241851,0.0579378586241851,0.0,0.0
1281132000,2010-08-07 00:00:00,BTC/EUR,0.054868919082294,0.054868919082294,0.054868919082294,0.054868919082294,0.0,0.0
1281218400,2010-08-08 00:00:00,BTC/EUR,0.0566358842730798,0.0566358842730798,0.0566358842730798,0.0566358842730798,0.0,0.0
1281304800,2010-08-09 00:00:00,BTC/EUR,0.066028699234625,0.066028699234625,0.066028699234625,0.066028699234625,0.0,0.0
1281391200,2010-08-10 00:00:00,BTC/EUR,0.0650987175552641,0.0650987175552641,0.0650987175552641,0.0650987175552641,0.0,0.0
1281477600,2010-08-11 00:00:00,BTC/EUR,0.0623087725171814,0.0623087725171814,0.0623087725171814,0.0623087725171814,0.0,0.0
1281564000,2010-08-12 00:00:00,BTC/EUR,0.0650987175552641,0.0650987175552641,0.0650987175552641,0.0650987175552641,0.0,0.0
1281650400,2010-08-13 00:00:00,BTC/EUR,0.0599838183187791,0.0599838183187791,0.0599838183187791,0.0599838183187791,0.0,0.0
1281736800,2010-08-14 00:00:00,BTC/EUR,0.0623087725171814,0.0623087725171814,0.0623087725171814,0.0623087725171814,0.0,0.0
1281823200,2010-08-15 00:00:00,BTC/EUR,0.0607278036622678,0.0607278036622678,0.0607278036622678,0.0607278036622678,0.0,0.0
1281909600,2010-08-16 00:00:00,BTC/EUR,0.06091379999814,0.06091379999814,0.06091379999814,0.06091379999814,0.0,0.0
1281996000,2010-08-17 00:00:00,BTC/EUR,0.0650987175552641,0.0650987175552641,0.0650987175552641,0.0650987175552641,0.0,0.0
1282082400,2010-08-18 00:00:00,BTC/EUR,0.0632387541965423,0.0632387541965423,0.0632387541965423,0.0632387541965423,0.0,0.0
1282168800,2010-08-19 00:00:00,BTC/EUR,0.0620297780133731,0.0620297780133731,0.0620297780133731,0.0620297780133731,0.0,0.0
1282255200,2010-08-20 00:00:00,BTC/EUR,0.06091379999814,0.06091379999814,0.06091379999814,0.06091379999814,0.0,0.0
1282341600,2010-08-21 00:00:00,BTC/EUR,0.0617507835095648,0.0617507835095648,0.0617507835095648,0.0617507835095648,0.0,0.0
1282428000,2010-08-22 00:00:00,BTC/EUR,0.0613787908378204,0.0613787908378204,0.0613787908378204,0.0613787908378204,0.0,0.0
1282514400,2010-08-23 00:00:00,BTC/EUR,0.0603558109905234,0.0603558109905234,0.0603558109905234,0.0603558109905234,0.0,0.0
1282600800,2010-08-24 00:00:00,BTC/EUR,0.0604488091584595,0.0604488091584595,0.0604488091584595,0.0604488091584595,0.0,0.0
1282687200,2010-08-25 00:00:00,BTC/EUR,0.0602628128225873,0.0602628128225873,0.0602628128225873,0.0602628128225873,0.0,0.0
1282773600,2010-08-26 00:00:00,BTC/EUR,0.0595188274790986,0.0595188274790986,0.0595188274790986,0.0595188274790986,0.0,0.0
1282860000,2010-08-27 00:00:00,BTC/EUR,0.0604488091584595,0.0604488091584595,0.0604488091584595,0.0604488091584595,0.0,0.0
1282946400,2010-08-28 00:00:00,BTC/EUR,0.0596118256470347,0.0596118256470347,0.0596118256470347,0.0596118256470347,0.0,0.0
1283032800,2010-08-29 00:00:00,BTC/EUR,0.0595188274790986,0.0595188274790986,0.0595188274790986,0.0595188274790986,0.0,0.0
1283119200,2010-08-30 00:00:00,BTC/EUR,0.0604488091584595,0.0604488091584595,0.0604488091584595,0.0604488091584595,0.0,0.0
1283205600,2010-08-31 00:00:00,BTC/EUR,0.0557989007616549,0.0557989007616549,0.0557989007616549,0.0557989007616549,0.0,0.0
1283292000,2010-09-01 00:00:00,BTC/EUR,0.0584958476318016,0.0584958476318016,0.0584958476318016,0.0584958476318016,0.0,0.0
1283378400,2010-09-02 00:00:00,BTC/EUR,0.0589608384714821,0.0589608384714821,0.0589608384714821,0.0589608384714821,0.0,0.0
1283464800,2010-09-03 00:00:00,BTC/EUR,0.0566358842730798,0.0566358842730798,0.0566358842730798,0.0566358842730798,0.0,0.0
1283551200,2010-09-04 00:00:00,BTC/EUR,0.0580308567921211,0.0580308567921211,0.0580308567921211,0.0580308567921211,0.0,0.0
1283637600,2010-09-05 00:00:00,BTC/EUR,0.0572868714486324,0.0572868714486324,0.0572868714486324,0.0572868714486324,0.0,0.0
1283724000,2010-09-06 00:00:00,BTC/EUR,0.0572868714486324,0.0572868714486324,0.0572868714486324,0.0572868714486324,0.0,0.0
1283810400,2010-09-07 00:00:00,BTC/EUR,0.0567288824410159,0.0567288824410159,0.0567288824410159,0.0567288824410159,0.0,0.0
1283896800,2010-09-08 00:00:00,BTC/EUR,0.0576588641203768,0.0576588641203768,0.0576588641203768,0.0576588641203768,0.0,0.0
1283983200,2010-09-09 00:00:00,BTC/EUR,0.056821880608952,0.056821880608952,0.056821880608952,0.056821880608952,0.0,0.0
1284069600,2010-09-10 00:00:00,BTC/EUR,0.0574728677845046,0.0574728677845046,0.0574728677845046,0.0574728677845046,0.0,0.0
1284156000,2010-09-11 00:00:00,BTC/EUR,0.0592398329752903,0.0592398329752903,0.0592398329752903,0.0592398329752903,0.0,0.0
1284242400,2010-09-12 00:00:00,BTC/EUR,0.0571938732806963,0.0571938732806963,0.0571938732806963,0.0571938732806963,0.0,0.0
1284328800,2010-09-13 00:00:00,BTC/EUR,0.057844860456249,0.057844860456249,0.057844860456249,0.057844860456249,0.0,0.0
1284415200,2010-09-14 00:00:00,BTC/EUR,0.0576588641203768,0.0576588641203768,0.0576588641203768,0.0576588641203768,0.0,0.0
1284501600,2010-09-15 00:00:00,BTC/EUR,0.0561708934333993,0.0561708934333993,0.0561708934333993,0.0561708934333993,0.0,0.0
1284588000,2010-09-16 00:00:00,BTC/EUR,0.0575658659524407,0.0575658659524407,0.0575658659524407,0.0575658659524407,0.0,0.0
1284674400,2010-09-17 00:00:00,BTC/EUR,0.054868919082294,0.054868919082294,0.054868919082294,0.054868919082294,0.0,0.0
1284760800,2010-09-18 00:00:00,BTC/EUR,0.0567288824410159,0.0567288824410159,0.0567288824410159,0.0567288824410159,0.0,0.0
1284847200,2010-09-19 00:00:00,BTC/EUR,0.0583098512959294,0.0583098512959294,0.0583098512959294,0.0583098512959294,0.0,0.0
1284933600,2010-09-20 00:00:00,BTC/EUR,0.0577518622883129,0.0577518622883129,0.0577518622883129,0.0577518622883129,0.0,0.0
1285020000,2010-09-21 00:00:00,BTC/EUR,0.0583098512959294,0.0583098512959294,0.0583098512959294,0.0583098512959294,0.0,0.0
1285106400,2010-09-22 00:00:00,BTC/EUR,0.057844860456249,0.057844860456249,0.057844860456249,0.057844860456249,0.0,0.0
1285192800,2010-09-23 00:00:00,BTC/EUR,0.0579378586241851,0.0579378586241851,0.0579378586241851,0.0579378586241851,0.0,0.0
1285279200,2010-09-24 00:00:00,BTC/EUR,0.057844860456249,0.057844860456249,0.057844860456249,0.057844860456249,0.0,0.0
1285365600,2010-09-25 00:00:00,BTC/EUR,0.0576588641203768,0.0576588641203768,0.0576588641203768,0.0576588641203768,0.0,0.0
1285452000,2010-09-26 00:00:00,BTC/EUR,0.0576588641203768,0.0576588641203768,0.0576588641203768,0.0576588641203768,0.0,0.0
1285538400,2010-09-27 00:00:00,BTC/EUR,0.057844860456249,0.057844860456249,0.057844860456249,0.057844860456249,0.0,0.0
1285624800,2010-09-28 00:00:00,BTC/EUR,0.0575658659524407,0.0575658659524407,0.0575658659524407,0.0575658659524407,0.0,0.0
1285711200,2010-09-29 00:00:00,BTC/EUR,0.0575658659524407,0.0575658659524407,0.0575658659524407,0.0575658659524407,0.0,0.0
1285797600,2010-09-30 00:00:00,BTC/EUR,0.0575658659524407,0.0575658659524407,0.0575658659524407,0.0575658659524407,0.0,0.0
1285884000,2010-10-01 00:00:00,BTC/EUR,0.0576588641203768,0.0576588641203768,0.0576588641203768,0.0576588641203768,0.0,0.0
1285970400,2010-10-02 00:00:00,BTC/EUR,0.0571008751127602,0.0571008751127602,0.0571008751127602,0.0571008751127602,0.0,0.0
1286056800,2010-10-03 00:00:00,BTC/EUR,0.056821880608952,0.056821880608952,0.056821880608952,0.056821880608952,0.0,0.0
1286143200,2010-10-04 00:00:00,BTC/EUR,0.0570078769448241,0.0570078769448241,0.0570078769448241,0.0570078769448241,0.0,0.0
1286229600,2010-10-05 00:00:00,BTC/EUR,0.0571008751127602,0.0571008751127602,0.0571008751127602,0.0571008751127602,0.0,0.0
1286316000,2010-10-06 00:00:00,BTC/EUR,0.0584028494638655,0.0584028494638655,0.0584028494638655,0.0584028494638655,0.0,0.0
1286402400,2010-10-07 00:00:00,BTC/EUR,0.0623087725171814,0.0623087725171814,0.0623087725171814,0.0623087725171814,0.0,0.0
1286488800,2010-10-08 00:00:00,BTC/EUR,0.0808154079364636,0.0808154079364636,0.0808154079364636,0.0808154079364636,0.0,0.0
1286575200,2010-10-09 00:00:00,BTC/EUR,0.0872322815240539,0.0872322815240539,0.0872322815240539,0.0872322815240539,0.0,0.0
1286661600,2010-10-10 00:00:00,BTC/EUR,0.0897432320583284,0.0897432320583284,0.0897432320583284,0.0897432320583284,0.0,0.0
1286748000,2010-10-11 00:00:00,BTC/EUR,0.088348259539287,0.088348259539287,0.088348259539287,0.088348259539287,0.0,0.0
1286834400,2010-10-12 00:00:00,BTC/EUR,0.0882552613713509,0.0882552613713509,0.0882552613713509,0.0882552613713509,0.0,0.0
1286920800,2010-10-13 00:00:00,BTC/EUR,0.0976480763328962,0.0976480763328962,0.0976480763328962,0.0976480763328962,0.0,0.0
1287007200,2010-10-14 00:00:00,BTC/EUR,0.0948581312948134,0.0948581312948134,0.0948581312948134,0.0948581312948134,0.0,0.0
1287093600,2010-10-15 00:00:00,BTC/EUR,0.0976480763328962,0.0976480763328962,0.0976480763328962,0.0976480763328962,0.0,0.0
1287180000,2010-10-16 00:00:00,BTC/EUR,0.0939281496154525,0.0939281496154525,0.0939281496154525,0.0939281496154525,0.0,0.0
1287266400,2010-10-17 00:00:00,BTC/EUR,0.0948581312948134,0.0948581312948134,0.0948581312948134,0.0948581312948134,0.0,0.0
1287352800,2010-10-18 00:00:00,BTC/EUR,0.0952301239665578,0.0952301239665578,0.0952301239665578,0.0952301239665578,0.0,0.0
1287439200,2010-10-19 00:00:00,BTC/EUR,0.0902082228980089,0.0902082228980089,0.0902082228980089,0.0902082228980089,0.0,0.0
1287525600,2010-10-20 00:00:00,BTC/EUR,0.0920681862567307,0.0920681862567307,0.0920681862567307,0.0920681862567307,0.0,0.0
1287612000,2010-10-21 00:00:00,BTC/EUR,0.099508039691618,0.099508039691618,0.099508039691618,0.099508039691618,0.0,0.0
1287698400,2010-10-22 00:00:00,BTC/EUR,0.0953231221344939,0.0953231221344939,0.0953231221344939,0.0953231221344939,0.0,0.0
1287784800,2010-10-23 00:00:00,BTC/EUR,0.0981130671725766,0.0981130671725766,0.0981130671725766,0.0981130671725766,0.0,0.0
1287871200,2010-10-24 00:00:00,BTC/EUR,0.1069478931265054,0.1069478931265054,0.1069478931265054,0.1069478931265054,0.0,0.0
1287957600,2010-10-25 00:00:00,BTC/EUR,0.1227575816756409,0.1227575816756409,0.1227575816756409,0.1227575816756409,0.0,0.0
1288044000,2010-10-26 00:00:00,BTC/EUR,0.1397762464079457,0.1397762464079457,0.1397762464079457,0.1397762464079457,0.0,0.0
1288130400,2010-10-27 00:00:00,BTC/EUR,0.174557561216044,0.174557561216044,0.174557561216044,0.174557561216044,0.0,0.0
1288216800,2010-10-28 00:00:00,BTC/EUR,0.1609798286973746,0.1609798286973746,0.1609798286973746,0.1609798286973746,0.0,0.0
1288303200,2010-10-29 00:00:00,BTC/EUR,0.1766965190785741,0.1766965190785741,0.1766965190785741,0.1766965190785741,0.0,0.0
1288389600,2010-10-30 00:00:00,BTC/EUR,0.1849733560248863,0.1849733560248863,0.1849733560248863,0.1849733560248863,0.0,0.0
1288476000,2010-10-31 00:00:00,BTC/EUR,0.1790214732769764,0.1790214732769764,0.1790214732769764,0.1790214732769764,0.0,0.0
1288566000,2010-11-01 00:00:00,BTC/EUR,0.1818114183150591,0.1818114183150591,0.1818114183150591,0.1818114183150591,0.0,0.0
1288652400,2010-11-02 00:00:00,BTC/EUR,0.1802304494601456,0.1802304494601456,0.1802304494601456,0.1802304494601456,0.0,0.0
1288738800,2010-11-03 00:00:00,BTC/EUR,0.1795794622845929,0.1795794622845929,0.1795794622845929,0.1795794622845929,0.0,0.0
1288825200,2010-11-04 00:00:00,BTC/EUR,0.2138957862530108,0.2138957862530108,0.2138957862530108,0.2138957862530108,0.0,0.0
1288911600,2010-11-05 00:00:00,BTC/EUR,0.2417952366338383,0.2417952366338383,0.2417952366338383,0.2417952366338383,0.0,0.0
1288998000,2010-11-06 00:00:00,BTC/EUR,0.3626928549507575,0.3626928549507575,0.3626928549507575,0.3626928549507575,0.0,0.0
1289084400,2010-11-07 00:00:00,BTC/EUR,0.3161937709827116,0.3161937709827116,0.3161937709827116,0.3161937709827116,0.0,0.0
1289170800,2010-11-08 00:00:00,BTC/EUR,0.2259855480847027,0.2259855480847027,0.2259855480847027,0.2259855480847027,0.0,0.0
1289257200,2010-11-09 00:00:00,BTC/EUR,0.1952961526657924,0.1952961526657924,0.1952961526657924,0.1952961526657924,0.0,0.0
1289343600,2010-11-10 00:00:00,BTC/EUR,0.2231956030466199,0.2231956030466199,0.2231956030466199,0.2231956030466199,0.0,0.0
1289430000,2010-11-11 00:00:00,BTC/EUR,0.2074789126654204,0.2074789126654204,0.2074789126654204,0.2074789126654204,0.0,0.0
1289516400,2010-11-12 00:00:00,BTC/EUR,0.2494210864045978,0.2494210864045978,0.2494210864045978,0.2494210864045978,0.0,0.0
1289602800,2010-11-13 00:00:00,BTC/EUR,0.256674943503613,0.256674943503613,0.256674943503613,0.256674943503613,0.0,0.0
1289689200,2010-11-14 00:00:00,BTC/EUR,0.2594648885416957,0.2594648885416957,0.2594648885416957,0.2594648885416957,0.0,0.0
1289775600,2010-11-15 00:00:00,BTC/EUR,0.2494210864045978,0.2494210864045978,0.2494210864045978,0.2494210864045978,0.0,0.0
1289862000,2010-11-16 00:00:00,BTC/EUR,0.2073859144974844,0.2073859144974844,0.2073859144974844,0.2073859144974844,0.0,0.0
1289948400,2010-11-17 00:00:00,BTC/EUR,0.2138027880850747,0.2138027880850747,0.2138027880850747,0.2138027880850747,0.0,0.0
1290034800,2010-11-18 00:00:00,BTC/EUR,0.2490490937328534,0.2490490937328534,0.2490490937328534,0.2490490937328534,0.0,0.0
1290121200,2010-11-19 00:00:00,BTC/EUR,0.2603948702210567,0.2603948702210567,0.2603948702210567,0.2603948702210567,0.0,0.0
1290207600,2010-11-20 00:00:00,BTC/EUR,0.2631848152591393,0.2631848152591393,0.2631848152591393,0.2631848152591393,0.0,0.0
1290294000,2010-11-21 00:00:00,BTC/EUR,0.2574189288471016,0.2574189288471016,0.2574189288471016,0.2574189288471016,0.0,0.0
1290380400,2010-11-22 00:00:00,BTC/EUR,0.2677417254880078,0.2677417254880078,0.2677417254880078,0.2677417254880078,0.0,0.0
1290466800,2010-11-23 00:00:00,BTC/EUR,0.2631848152591393,0.2631848152591393,0.2631848152591393,0.2631848152591393,0.0,0.0
1290553200,2010-11-24 00:00:00,BTC/EUR,0.2631848152591393,0.2631848152591393,0.2631848152591393,0.2631848152591393,0.0,0.0
1290639600,2010-11-25 00:00:00,BTC/EUR,0.2603948702210567,0.2603948702210567,0.2603948702210567,0.2603948702210567,0.0,0.0
1290726000,2010-11-26 00:00:00,BTC/EUR,0.2644867896102446,0.2644867896102446,0.2644867896102446,0.2644867896102446,0.0,0.0
1290812400,2010-11-27 00:00:00,BTC/EUR,0.2631848152591393,0.2631848152591393,0.2631848152591393,0.2631848152591393,0.0,0.0
1290898800,2010-11-28 00:00:00,BTC/EUR,0.2510950534274475,0.2510950534274475,0.2510950534274475,0.2510950534274475,0.0,0.0
1290985200,2010-11-29 00:00:00,BTC/EUR,0.2138027880850747,0.2138027880850747,0.2138027880850747,0.2138027880850747,0.0,0.0
1291071600,2010-11-30 00:00:00,BTC/EUR,0.1936221856429428,0.1936221856429428,0.1936221856429428,0.1936221856429428,0.0,0.0
1291158000,2010-12-01 00:00:00,BTC/EUR,0.2115708320546085,0.2115708320546085,0.2115708320546085,0.2115708320546085,0.0,0.0
1291244400,2010-12-02 00:00:00,BTC/EUR,0.2371453282370337,0.2371453282370337,0.2371453282370337,0.2371453282370337,0.0,0.0
1291330800,2010-12-03 00:00:00,BTC/EUR,0.2335183996875261,0.2335183996875261,0.2335183996875261,0.2335183996875261,0.0,0.0
1291417200,2010-12-04 00:00:00,BTC/EUR,0.1906462442689878,0.1906462442689878,0.1906462442689878,0.1906462442689878,0.0,0.0
1291503600,2010-12-05 00:00:00,BTC/EUR,0.1766965190785741,0.1766965190785741,0.1766965190785741,0.1766965190785741,0.0,0.0
1291590000,2010-12-06 00:00:00,BTC/EUR,0.1897162625896269,0.1897162625896269,0.1897162625896269,0.1897162625896269,0.0,0.0
1291676400,2010-12-07 00:00:00,BTC/EUR,0.2166857312910935,0.2166857312910935,0.2166857312910935,0.2166857312910935,0.0,0.0
1291762800,2010-12-08 00:00:00,BTC/EUR,0.2220796250313868,0.2220796250313868,0.2220796250313868,0.2220796250313868,0.0,0.0
1291849200,2010-12-09 00:00:00,BTC/EUR,0.1859963358721833,0.1859963358721833,0.1859963358721833,0.1859963358721833,0.0,0.0
1291935600,2010-12-10 00:00:00,BTC/EUR,0.1897162625896269,0.1897162625896269,0.1897162625896269,0.1897162625896269,0.0,0.0
1292022000,2010-12-11 00:00:00,BTC/EUR,0.2120358228942889,0.2120358228942889,0.2120358228942889,0.2120358228942889,0.0,0.0
1292108400,2010-12-12 00:00:00,BTC/EUR,0.2045959694594016,0.2045959694594016,0.2045959694594016,0.2045959694594016,0.0,0.0
1292194800,2010-12-13 00:00:00,BTC/EUR,0.2138027880850747,0.2138027880850747,0.2138027880850747,0.2138027880850747,0.0,0.0
1292281200,2010-12-14 00:00:00,BTC/EUR,0.2294264802983381,0.2294264802983381,0.2294264802983381,0.2294264802983381,0.0,0.0
1292367600,2010-12-15 00:00:00,BTC/EUR,0.2213356396878981,0.2213356396878981,0.2213356396878981,0.2213356396878981,0.0,0.0
1292454000,2010-12-16 00:00:00,BTC/EUR,0.2324954198402291,0.2324954198402291,0.2324954198402291,0.2324954198402291,0.0,0.0
1292540400,2010-12-17 00:00:00,BTC/EUR,0.2231956030466199,0.2231956030466199,0.2231956030466199,0.2231956030466199,0.0,0.0
1292626800,2010-12-18 00:00:00,BTC/EUR,0.2241255847259808,0.2241255847259808,0.2241255847259808,0.2241255847259808,0.0,0.0
1292713200,2010-12-19 00:00:00,BTC/EUR,0.223288601214556,0.223288601214556,0.223288601214556,0.223288601214556,0.0,0.0
1292799600,2010-12-20 00:00:00,BTC/EUR,0.2483051083893647,0.2483051083893647,0.2483051083893647,0.2483051083893647,0.0,0.0
1292886000,2010-12-21 00:00:00,BTC/EUR,0.2231956030466199,0.2231956030466199,0.2231956030466199,0.2231956030466199,0.0,0.0
1292972400,2010-12-22 00:00:00,BTC/EUR,0.2324954198402291,0.2324954198402291,0.2324954198402291,0.2324954198402291,0.0,0.0
1293058800,2010-12-23 00:00:00,BTC/EUR,0.2324954198402291,0.2324954198402291,0.2324954198402291,0.2324954198402291,0.0,0.0
1293145200,2010-12-24 00:00:00,BTC/EUR,0.2306354564815073,0.2306354564815073,0.2306354564815073,0.2306354564815073,0.0,0.0
1293231600,2010-12-25 00:00:00,BTC/EUR,0.232402421672293,0.232402421672293,0.232402421672293,0.232402421672293,0.0,0.0
1293318000,2010-12-26 00:00:00,BTC/EUR,0.2464451450306428,0.2464451450306428,0.2464451450306428,0.2464451450306428,0.0,0.0
1293404400,2010-12-27 00:00:00,BTC/EUR,0.2464451450306428,0.2464451450306428,0.2464451450306428,0.2464451450306428,0.0,0.0
1293490800,2010-12-28 00:00:00,BTC/EUR,0.2613248519004175,0.2613248519004175,0.2613248519004175,0.2613248519004175,0.0,0.0
1293577200,2010-12-29 00:00:00,BTC/EUR,0.2789945038082749,0.2789945038082749,0.2789945038082749,0.2789945038082749,0.0,0.0
1293663600,2010-12-30 00:00:00,BTC/EUR,0.2789945038082749,0.2789945038082749,0.2789945038082749,0.2789945038082749,0.0,0.0
1293750000,2010-12-31 00:00:00,BTC/EUR,0.2789945038082749,0.2789945038082749,0.2789945038082749,0.2789945038082749,0.0,0.0
1293836400,2011-01-01 00:00:00,BTC/EUR,0.2789945038082749,0.2789945038082749,0.2789945038082749,0.2789945038082749,0.0,0.0
1293922800,2011-01-02 00:00:00,BTC/EUR,0.2789945038082749,0.2789945038082749,0.2789945038082749,0.2789945038082749,0.0,0.0
1294009200,2011-01-03 00:00:00,BTC/EUR,0.2743445954114704,0.2743445954114704,0.2743445954114704,0.2743445954114704,0.0,0.0
1294095600,2011-01-04 00:00:00,BTC/EUR,0.278064522128914,0.278064522128914,0.278064522128914,0.278064522128914,0.0,0.0
1294182000,2011-01-05 00:00:00,BTC/EUR,0.278064522128914,0.278064522128914,0.278064522128914,0.278064522128914,0.0,0.0
1294268400,2011-01-06 00:00:00,BTC/EUR,0.2771345404495531,0.2771345404495531,0.2771345404495531,0.2771345404495531,0.0,0.0
1294354800,2011-01-07 00:00:00,BTC/EUR,0.2975941373954933,0.2975941373954933,0.2975941373954933,0.2975941373954933,0.0,0.0
1294441200,2011-01-08 00:00:00,BTC/EUR,0.3002910842656399,0.3002910842656399,0.3002910842656399,0.3002910842656399,0.0,0.0
1294527600,2011-01-09 00:00:00,BTC/EUR,0.300384082433576,0.300384082433576,0.300384082433576,0.300384082433576,0.0,0.0
1294614000,2011-01-10 00:00:00,BTC/EUR,0.3037320164792753,0.3037320164792753,0.3037320164792753,0.3037320164792753,0.0,0.0
1294700400,2011-01-11 00:00:00,BTC/EUR,0.3037320164792753,0.3037320164792753,0.3037320164792753,0.3037320164792753,0.0,0.0
1294786800,2011-01-12 00:00:00,BTC/EUR,0.2964781593802602,0.2964781593802602,0.2964781593802602,0.2964781593802602,0.0,0.0
1294873200,2011-01-13 00:00:00,BTC/EUR,0.295362181365027,0.295362181365027,0.295362181365027,0.295362181365027,0.0,0.0
1294959600,2011-01-14 00:00:00,BTC/EUR,0.3719926717443666,0.3719926717443666,0.3719926717443666,0.3719926717443666,0.0,0.0
1295046000,2011-01-15 00:00:00,BTC/EUR,0.3589729282333138,0.3589729282333138,0.3589729282333138,0.3589729282333138,0.0,0.0
1295132400,2011-01-16 00:00:00,BTC/EUR,0.3597169135768024,0.3597169135768024,0.3597169135768024,0.3597169135768024,0.0,0.0
1295218800,2011-01-17 00:00:00,BTC/EUR,0.3250285969366403,0.3250285969366403,0.3250285969366403,0.3250285969366403,0.0,0.0
1295305200,2011-01-18 00:00:00,BTC/EUR,0.2910842656399668,0.2910842656399668,0.2910842656399668,0.2910842656399668,0.0,0.0
1295391600,2011-01-19 00:00:00,BTC/EUR,0.2910842656399668,0.2910842656399668,0.2910842656399668,0.2910842656399668,0.0,0.0
1295478000,2011-01-20 00:00:00,BTC/EUR,0.3626928549507575,0.3626928549507575,0.3626928549507575,0.3626928549507575,0.0,0.0
1295564400,2011-01-21 00:00:00,BTC/EUR,0.3904993071636488,0.3904993071636488,0.3904993071636488,0.3904993071636488,0.0,0.0
1295650800,2011-01-22 00:00:00,BTC/EUR,0.4131908601400552,0.4131908601400552,0.4131908601400552,0.4131908601400552,0.0,0.0
1295737200,2011-01-23 00:00:00,BTC/EUR,0.4114238949492695,0.4114238949492695,0.4114238949492695,0.4114238949492695,0.0,0.0
1295823600,2011-01-24 00:00:00,BTC/EUR,0.3904993071636488,0.3904993071636488,0.3904993071636488,0.3904993071636488,0.0,0.0
1295910000,2011-01-25 00:00:00,BTC/EUR,0.3812924885379757,0.3812924885379757,0.3812924885379757,0.3812924885379757,0.0,0.0
1295996400,2011-01-26 00:00:00,BTC/EUR,0.3878023602935022,0.3878023602935022,0.3878023602935022,0.3878023602935022,0.0,0.0
1296082800,2011-01-27 00:00:00,BTC/EUR,0.391708283346818,0.391708283346818,0.391708283346818,0.391708283346818,0.0,0.0
1296169200,2011-01-28 00:00:00,BTC/EUR,0.4147718289949688,0.4147718289949688,0.4147718289949688,0.4147718289949688,0.0,0.0
1296255600,2011-01-29 00:00:00,BTC/EUR,0.4082619572394423,0.4082619572394423,0.4082619572394423,0.4082619572394423,0.0,0.0
1296342000,2011-01-30 00:00:00,BTC/EUR,0.4462982079253038,0.4462982079253038,0.4462982079253038,0.4462982079253038,0.0,0.0
1296428400,2011-01-31 00:00:00,BTC/EUR,0.4835904732676766,0.4835904732676766,0.4835904732676766,0.4835904732676766,0.0,0.0
1296514800,2011-02-01 00:00:00,BTC/EUR,0.6509871755526415,0.6509871755526415,0.6509871755526415,0.6509871755526415,0.0,0.0
1296601200,2011-02-02 00:00:00,BTC/EUR,0.6658668824224162,0.6658668824224162,0.6658668824224162,0.6658668824224162,0.0,0.0
1296687600,2011-02-03 00:00:00,BTC/EUR,0.6416873587590324,0.6416873587590324,0.6416873587590324,0.6416873587590324,0.0,0.0
1296774000,2011-02-04 00:00:00,BTC/EUR,0.7542151419617034,0.7542151419617034,0.7542151419617034,0.7542151419617034,0.0,0.0
1296860400,2011-02-05 00:00:00,BTC/EUR,0.8555831450120432,0.8555831450120432,0.8555831450120432,0.8555831450120432,0.0,0.0
1296946800,2011-02-06 00:00:00,BTC/EUR,0.8367045169210167,0.8367045169210167,0.8367045169210167,0.8367045169210167,0.0,0.0
1297033200,2011-02-07 00:00:00,BTC/EUR,0.8276836946312157,0.8276836946312157,0.8276836946312157,0.8276836946312157,0.0,0.0
1297119600,2011-02-08 00:00:00,BTC/EUR,0.8537231816533214,0.8537231816533214,0.8537231816533214,0.8537231816533214,0.0,0.0
1297206000,2011-02-09 00:00:00,BTC/EUR,1.013680030503399,1.013680030503399,1.013680030503399,1.013680030503399,0.0,0.0
1297292400,2011-02-10 00:00:00,BTC/EUR,0.9116610402775064,0.9116610402775064,0.9116610402775064,0.9116610402775064,0.0,0.0
1297378800,2011-02-11 00:00:00,BTC/EUR,0.9950803969161808,0.9950803969161808,0.9950803969161808,0.9950803969161808,0.0,0.0
1297465200,2011-02-12 00:00:00,BTC/EUR,1.004287215541854,1.004287215541854,1.004287215541854,1.004287215541854,0.0,0.0
1297551600,2011-02-13 00:00:00,BTC/EUR,0.9764807633289624,0.9764807633289624,0.9764807633289624,0.9764807633289624,0.0,0.0
1297638000,2011-02-14 00:00:00,BTC/EUR,0.9950803969161808,0.9950803969161808,0.9950803969161808,0.9950803969161808,0.0,0.0
1297724400,2011-02-15 00:00:00,BTC/EUR,0.9764807633289624,0.9764807633289624,0.9764807633289624,0.9764807633289624,0.0,0.0
1297810800,2011-02-16 00:00:00,BTC/EUR,0.9718308549321576,0.9718308549321576,0.9718308549321576,0.9718308549321576,0.0,0.0
1297897200,2011-02-17 00:00:00,BTC/EUR,0.9671809465353532,0.9671809465353532,0.9671809465353532,0.9671809465353532,0.0,0.0
1297983600,2011-02-18 00:00:00,BTC/EUR,0.8359605315775279,0.8359605315775279,0.8359605315775279,0.8359605315775279,0.0,0.0
1298070000,2011-02-19 00:00:00,BTC/EUR,0.8825526137135097,0.8825526137135097,0.8825526137135097,0.8825526137135097,0.0,0.0
1298156400,2011-02-20 00:00:00,BTC/EUR,0.790484427456779,0.790484427456779,0.790484427456779,0.790484427456779,0.0,0.0
1298242800,2011-02-21 00:00:00,BTC/EUR,0.7760697114266849,0.7760697114266849,0.7760697114266849,0.7760697114266849,0.0,0.0
1298329200,2011-02-22 00:00:00,BTC/EUR,0.8092700573798696,0.8092700573798696,0.8092700573798696,0.8092700573798696,0.0,0.0
1298415600,2011-02-23 00:00:00,BTC/EUR,0.8369835114248249,0.8369835114248249,0.8369835114248249,0.8369835114248249,0.0,0.0
1298502000,2011-02-24 00:00:00,BTC/EUR,0.927563726994578,0.927563726994578,0.927563726994578,0.927563726994578,0.0,0.0
1298588400,2011-02-25 00:00:00,BTC/EUR,0.847306308065731,0.847306308065731,0.847306308065731,0.847306308065731,0.0,0.0
1298674800,2011-02-26 00:00:00,BTC/EUR,0.890922448827758,0.890922448827758,0.890922448827758,0.890922448827758,0.0,0.0
1298761200,2011-02-27 00:00:00,BTC/EUR,0.8276836946312157,0.8276836946312157,0.8276836946312157,0.8276836946312157,0.0,0.0
1298847600,2011-02-28 00:00:00,BTC/EUR,0.7997842442503882,0.7997842442503882,0.7997842442503882,0.7997842442503882,0.0,0.0
1298934000,2011-03-01 00:00:00,BTC/EUR,0.8557691413479154,0.8557691413479154,0.8557691413479154,0.8557691413479154,0.0,0.0
1299020400,2011-03-02 00:00:00,BTC/EUR,0.8740897804313253,0.8740897804313253,0.8740897804313253,0.8740897804313253,0.0,0.0
1299106800,2011-03-03 00:00:00,BTC/EUR,0.8733457950878367,0.8733457950878367,0.8733457950878367,0.8733457950878367,0.0,0.0
1299193200,2011-03-04 00:00:00,BTC/EUR,0.8379134931041858,0.8379134931041858,0.8379134931041858,0.8379134931041858,0.0,0.0
1299279600,2011-03-05 00:00:00,BTC/EUR,0.8465623227222423,0.8465623227222423,0.8465623227222423,0.8465623227222423,0.0,0.0
1299366000,2011-03-06 00:00:00,BTC/EUR,0.8368905132568888,0.8368905132568888,0.8368905132568888,0.8368905132568888,0.0,0.0
1299452400,2011-03-07 00:00:00,BTC/EUR,0.8230337862344111,0.8230337862344111,0.8230337862344111,0.8230337862344111,0.0,0.0
1299538800,2011-03-08 00:00:00,BTC/EUR,0.8090840610439973,0.8090840610439973,0.8090840610439973,0.8090840610439973,0.0,0.0
1299625200,2011-03-09 00:00:00,BTC/EUR,0.8039691618075123,0.8039691618075123,0.8039691618075123,0.8039691618075123,0.0,0.0
1299711600,2011-03-10 00:00:00,BTC/EUR,0.8675799086757989,0.8675799086757989,0.8675799086757989,0.8675799086757989,0.0,0.0
1299798000,2011-03-11 00:00:00,BTC/EUR,0.8183838778376066,0.8183838778376066,0.8183838778376066,0.8183838778376066,0.0,0.0
1299884400,2011-03-12 00:00:00,BTC/EUR,0.8537231816533214,0.8537231816533214,0.8537231816533214,0.8537231816533214,0.0,0.0
1299970800,2011-03-13 00:00:00,BTC/EUR,0.830008648829618,0.830008648829618,0.830008648829618,0.830008648829618,0.0,0.0
1300057200,2011-03-14 00:00:00,BTC/EUR,0.8322406048600842,0.8322406048600842,0.8322406048600842,0.8322406048600842,0.0,0.0
1300143600,2011-03-15 00:00:00,BTC/EUR,0.8090840610439973,0.8090840610439973,0.8090840610439973,0.8090840610439973,0.0,0.0
1300230000,2011-03-16 00:00:00,BTC/EUR,0.7997842442503882,0.7997842442503882,0.7997842442503882,0.7997842442503882,0.0,0.0
1300316400,2011-03-17 00:00:00,BTC/EUR,0.7676068781445006,0.7676068781445006,0.7676068781445006,0.7676068781445006,0.0,0.0
1300402800,2011-03-18 00:00:00,BTC/EUR,0.7593300411981884,0.7593300411981884,0.7593300411981884,0.7593300411981884,0.0,0.0
1300489200,2011-03-19 00:00:00,BTC/EUR,0.7114359847111011,0.7114359847111011,0.7114359847111011,0.7114359847111011,0.0,0.0
1300575600,2011-03-20 00:00:00,BTC/EUR,0.6892094225743752,0.6892094225743752,0.6892094225743752,0.6892094225743752,0.0,0.0
1300662000,2011-03-21 00:00:00,BTC/EUR,0.7058560946349356,0.7058560946349356,0.7058560946349356,0.7058560946349356,0.0,0.0
1300748400,2011-03-22 00:00:00,BTC/EUR,0.7523551786029815,0.7523551786029815,0.7523551786029815,0.7523551786029815,0.0,0.0
1300834800,2011-03-23 00:00:00,BTC/EUR,0.7902054329529707,0.7902054329529707,0.7902054329529707,0.7902054329529707,0.0,0.0
1300921200,2011-03-24 00:00:00,BTC/EUR,0.8062011178379785,0.8062011178379785,0.8062011178379785,0.8062011178379785,0.0,0.0
1301007600,2011-03-25 00:00:00,BTC/EUR,0.821917808219178,0.821917808219178,0.821917808219178,0.821917808219178,0.0,0.0
1301094000,2011-03-26 00:00:00,BTC/EUR,0.7953203321894557,0.7953203321894557,0.7953203321894557,0.7953203321894557,0.0,0.0
1301180400,2011-03-27 00:00:00,BTC/EUR,0.7625849770759515,0.7625849770759515,0.7625849770759515,0.7625849770759515,0.0,0.0
1301263200,2011-03-28 00:00:00,BTC/EUR,0.7430553618093724,0.7430553618093724,0.7430553618093724,0.7430553618093724,0.0,0.0
1301349600,2011-03-29 00:00:00,BTC/EUR,0.7370104808935263,0.7370104808935263,0.7370104808935263,0.7370104808935263,0.0,0.0
1301436000,2011-03-30 00:00:00,BTC/EUR,0.7344065321913157,0.7344065321913157,0.7344065321913157,0.7344065321913157,0.0,0.0
1301522400,2011-03-31 00:00:00,BTC/EUR,0.729663625626575,0.729663625626575,0.729663625626575,0.729663625626575,0.0,0.0
1301608800,2011-04-01 00:00:00,BTC/EUR,0.7198988179932855,0.7198988179932855,0.7198988179932855,0.7198988179932855,0.0,0.0
1301695200,2011-04-02 00:00:00,BTC/EUR,0.7272456732602367,0.7272456732602367,0.7272456732602367,0.7272456732602367,0.0,0.0
1301781600,2011-04-03 00:00:00,BTC/EUR,0.724455728222154,0.724455728222154,0.724455728222154,0.724455728222154,0.0,0.0
1301868000,2011-04-04 00:00:00,BTC/EUR,0.6323875419654232,0.6323875419654232,0.6323875419654232,0.6323875419654232,0.0,0.0
1301954400,2011-04-05 00:00:00,BTC/EUR,0.6602869923462507,0.6602869923462507,0.6602869923462507,0.6602869923462507,0.0,0.0
1302040800,2011-04-06 00:00:00,BTC/EUR,0.6881864427270782,0.6881864427270782,0.6881864427270782,0.6881864427270782,0.0,0.0
1302127200,2011-04-07 00:00:00,BTC/EUR,0.7010201899022589,0.7010201899022589,0.7010201899022589,0.7010201899022589,0.0,0.0
1302213600,2011-04-08 00:00:00,BTC/EUR,0.6974862595206874,0.6974862595206874,0.6974862595206874,0.6974862595206874,0.0,0.0
1302300000,2011-04-09 00:00:00,BTC/EUR,0.678886625933469,0.678886625933469,0.678886625933469,0.678886625933469,0.0,0.0
1302386400,2011-04-10 00:00:00,BTC/EUR,0.6853034995210594,0.6853034995210594,0.6853034995210594,0.6853034995210594,0.0,0.0
1302472800,2011-04-11 00:00:00,BTC/EUR,0.7160858931079057,0.7160858931079057,0.7160858931079057,0.7160858931079057,0.0,0.0
1302559200,2011-04-12 00:00:00,BTC/EUR,0.7997842442503882,0.7997842442503882,0.7997842442503882,0.7997842442503882,0.0,0.0
1302645600,2011-04-13 00:00:00,BTC/EUR,0.8579080992104455,0.8579080992104455,0.8579080992104455,0.8579080992104455,0.0,0.0
1302732000,2011-04-14 00:00:00,BTC/EUR,0.9299816793609164,0.9299816793609164,0.9299816793609164,0.9299816793609164,0.0,0.0
1302818400,2011-04-15 00:00:00,BTC/EUR,0.9205888643993712,0.9205888643993712,0.9205888643993712,0.9205888643993712,0.0,0.0
1302904800,2011-04-16 00:00:00,BTC/EUR,0.9763877651610264,0.9763877651610264,0.9763877651610264,0.9763877651610264,0.0,0.0
1302991200,2011-04-17 00:00:00,BTC/EUR,1.0344186219531477,1.0344186219531477,1.0344186219531477,1.0344186219531477,0.0,0.0
1303077600,2011-04-18 00:00:00,BTC/EUR,1.080638711417385,1.080638711417385,1.080638711417385,1.080638711417385,0.0,0.0
1303164000,2011-04-19 00:00:00,BTC/EUR,1.1140250537064418,1.1140250537064418,1.1140250537064418,1.1140250537064418,0.0,0.0
1303250400,2011-04-20 00:00:00,BTC/EUR,1.0621320759981026,1.0621320759981026,1.0621320759981026,1.0621320759981026,0.0,0.0
1303336800,2011-04-21 00:00:00,BTC/EUR,1.125277832026709,1.125277832026709,1.125277832026709,1.125277832026709,0.0,0.0
1303423200,2011-04-22 00:00:00,BTC/EUR,1.3103441862195313,1.3103441862195313,1.3103441862195313,1.3103441862195313,0.0,0.0
1303509600,2011-04-23 00:00:00,BTC/EUR,1.5810618530814942,1.5810618530814942,1.5810618530814942,1.5810618530814942,0.0,0.0
1303596000,2011-04-24 00:00:00,BTC/EUR,1.5159631355262302,1.5159631355262302,1.5159631355262302,1.5159631355262302,0.0,0.0
1303682400,2011-04-25 00:00:00,BTC/EUR,1.4498414381236688,1.4498414381236688,1.4498414381236688,1.4498414381236688,0.0,0.0
1303768800,2011-04-26 00:00:00,BTC/EUR,1.669224116284909,1.669224116284909,1.669224116284909,1.669224116284909,0.0,0.0
1303855200,2011-04-27 00:00:00,BTC/EUR,1.766965190785741,1.766965190785741,1.766965190785741,1.766965190785741,0.0,0.0
1303941600,2011-04-28 00:00:00,BTC/EUR,2.055817500395242,2.055817500395242,2.055817500395242,2.055817500395242,0.0,0.0
1304028000,2011-04-29 00:00:00,BTC/EUR,2.67834723655944,2.67834723655944,2.67834723655944,2.67834723655944,0.0,0.0
1304114400,2011-04-30 00:00:00,BTC/EUR,3.254935877763208,3.254935877763208,3.254935877763208,3.254935877763208,0.0,0.0
1304200800,2011-05-01 00:00:00,BTC/EUR,2.820727431669596,2.820727431669596,2.820727431669596,2.820727431669596,0.0,0.0
1304287200,2011-05-02 00:00:00,BTC/EUR,2.975941373954933,2.975941373954933,2.975941373954933,2.975941373954933,0.0,0.0
1304373600,2011-05-03 00:00:00,BTC/EUR,3.1712375266207253,3.1712375266207253,3.1712375266207253,3.1712375266207253,0.0,0.0
1304460000,2011-05-04 00:00:00,BTC/EUR,3.1676105980712177,3.1676105980712177,3.1676105980712177,3.1676105980712177,0.0,0.0
1304546400,2011-05-05 00:00:00,BTC/EUR,3.099628937309935,3.099628937309935,3.099628937309935,3.099628937309935,0.0,0.0
1304632800,2011-05-06 00:00:00,BTC/EUR,3.2084367937951623,3.2084367937951623,3.2084367937951623,3.2084367937951623,0.0,0.0
1304719200,2011-05-07 00:00:00,BTC/EUR,3.386063294553097,3.386063294553097,3.386063294553097,3.386063294553097,0.0,0.0
1304805600,2011-05-08 00:00:00,BTC/EUR,3.5952161742413677,3.5952161742413677,3.5952161742413677,3.5952161742413677,0.0,0.0
1304892000,2011-05-09 00:00:00,BTC/EUR,3.533930381571482,3.533930381571482,3.533930381571482,3.533930381571482,0.0,0.0
1304978400,2011-05-10 00:00:00,BTC/EUR,5.403193557086925,5.403193557086925,5.403193557086925,5.403193557086925,0.0,0.0
1305064800,2011-05-11 00:00:00,BTC/EUR,5.114899236485041,5.114899236485041,5.114899236485041,5.114899236485041,0.0,0.0
1305151200,2011-05-12 00:00:00,BTC/EUR,5.859070576309646,5.859070576309646,5.859070576309646,5.859070576309646,0.0,0.0
1305237600,2011-05-13 00:00:00,BTC/EUR,7.623989807400794,7.623989807400794,7.623989807400794,7.623989807400794,0.0,0.0
1305324000,2011-05-14 00:00:00,BTC/EUR,6.693729133536069,6.693729133536069,6.693729133536069,6.693729133536069,0.0,0.0
1305410400,2011-05-15 00:00:00,BTC/EUR,6.497781993694724,6.497781993694724,6.497781993694724,6.497781993694724,0.0,0.0
1305496800,2011-05-16 00:00:00,BTC/EUR,7.471379813817666,7.471379813817666,7.471379813817666,7.471379813817666,0.0,0.0
1305583200,2011-05-17 00:00:00,BTC/EUR,6.686568274604991,6.686568274604991,6.686568274604991,6.686568274604991,0.0,0.0
1305669600,2011-05-18 00:00:00,BTC/EUR,6.3982739540031055,6.3982739540031055,6.3982739540031055,6.3982739540031055,0.0,0.0
1305756000,2011-05-19 00:00:00,BTC/EUR,6.328525328051037,6.328525328051037,6.328525328051037,6.328525328051037,0.0,0.0
1305842400,2011-05-20 00:00:00,BTC/EUR,5.198969580299267,5.198969580299267,5.198969580299267,5.198969580299267,0.0,0.0
1305928800,2011-05-21 00:00:00,BTC/EUR,5.691208883185001,5.691208883185001,5.691208883185001,5.691208883185001,0.0,0.0
1306015200,2011-05-22 00:00:00,BTC/EUR,6.221670433092468,6.221670433092468,6.221670433092468,6.221670433092468,0.0,0.0
1306101600,2011-05-23 00:00:00,BTC/EUR,6.649276009262617,6.649276009262617,6.649276009262617,6.649276009262617,0.0,0.0
1306188000,2011-05-24 00:00:00,BTC/EUR,6.900464060858001,6.900464060858001,6.900464060858001,6.900464060858001,0.0,0.0
1306274400,2011-05-25 00:00:00,BTC/EUR,7.81156711212789,7.81156711212789,7.81156711212789,7.81156711212789,0.0,0.0
1306360800,2011-05-26 00:00:00,BTC/EUR,8.181978815017343,8.181978815017343,8.181978815017343,8.181978815017343,0.0,0.0
1306447200,2011-05-27 00:00:00,BTC/EUR,7.905030270903662,7.905030270903662,7.905030270903662,7.905030270903662,0.0,0.0
1306533600,2011-05-28 00:00:00,BTC/EUR,7.718940936863544,7.718940936863544,7.718940936863544,7.718940936863544,0.0,0.0
1306620000,2011-05-29 00:00:00,BTC/EUR,7.83965255884459,7.83965255884459,7.83965255884459,7.83965255884459,0.0,0.0
1306706400,2011-05-30 00:00:00,BTC/EUR,8.183838778376066,8.183838778376066,8.183838778376066,8.183838778376066,0.0,0.0
1306792800,2011-05-31 00:00:00,BTC/EUR,8.128969859293772,8.128969859293772,8.128969859293772,8.128969859293772,0.0,0.0
1306879200,2011-06-01 00:00:00,BTC/EUR,8.899924671483971,8.899924671483971,8.899924671483971,8.899924671483971,0.0,0.0
1306965600,2011-06-02 00:00:00,BTC/EUR,9.857805801225714,9.857805801225714,9.857805801225714,9.857805801225714,0.0,0.0
1307052000,2011-06-03 00:00:00,BTC/EUR,13.289438198067495,13.289438198067495,13.289438198067495,13.289438198067495,0.0,0.0
1307138400,2011-06-04 00:00:00,BTC/EUR,17.567353923127715,17.567353923127715,17.567353923127715,17.567353923127715,0.0,0.0
1307224800,2011-06-05 00:00:00,BTC/EUR,15.530694045327303,15.530694045327303,15.530694045327303,15.530694045327303,0.0,0.0
1307311200,2011-06-06 00:00:00,BTC/EUR,17.251067153977065,17.251067153977065,17.251067153977065,17.251067153977065,0.0,0.0
1307397600,2011-06-07 00:00:00,BTC/EUR,22.24832370802295,22.24832370802295,22.24832370802295,22.24832370802295,0.0,0.0
1307484000,2011-06-08 00:00:00,BTC/EUR,27.52745770908313,27.52745770908313,27.52745770908313,27.52745770908313,0.0,0.0
1307570400,2011-06-09 00:00:00,BTC/EUR,26.894140185438346,26.894140185438346,26.894140185438346,26.894140185438346,0.0,0.0
1307656800,2011-06-10 00:00:00,BTC/EUR,22.27278222619014,22.27278222619014,22.27278222619014,22.27278222619014,0.0,0.0
1307743200,2011-06-11 00:00:00,BTC/EUR,13.625254582484724,13.625254582484724,13.625254582484724,13.625254582484724,0.0,0.0
1307829600,2011-06-12 00:00:00,BTC/EUR,17.247812218099302,17.247812218099302,17.247812218099302,17.247812218099302,0.0,0.0
1307916000,2011-06-13 00:00:00,BTC/EUR,18.450836518520585,18.450836518520585,18.450836518520585,18.450836518520585,0.0,0.0
1308002400,2011-06-14 00:00:00,BTC/EUR,17.93004677807847,17.93004677807847,17.93004677807847,17.93004677807847,0.0,0.0
1308088800,2011-06-15 00:00:00,BTC/EUR,18.12534293074426,18.12534293074426,18.12534293074426,18.12534293074426,0.0,0.0
1308175200,2011-06-16 00:00:00,BTC/EUR,15.80968854913558,15.80968854913558,15.80968854913558,15.80968854913558,0.0,0.0
1308261600,2011-06-17 00:00:00,BTC/EUR,14.58304271405853,14.58304271405853,14.58304271405853,14.58304271405853,0.0,0.0
1308348000,2011-06-18 00:00:00,BTC/EUR,15.70739056440588,15.70739056440588,15.70739056440588,15.70739056440588,0.0,0.0
1308434400,2011-06-19 00:00:00,BTC/EUR,16.28397920560965,16.28397920560965,16.28397920560965,16.28397920560965,0.0,0.0
1308520800,2011-06-20 00:00:00,BTC/EUR,16.28397920560965,16.28397920560965,16.28397920560965,16.28397920560965,0.0,0.0
1308607200,2011-06-21 00:00:00,BTC/EUR,16.28397920560965,16.28397920560965,16.28397920560965,16.28397920560965,0.0,0.0
1308693600,2011-06-22 00:00:00,BTC/EUR,16.28397920560965,16.28397920560965,16.28397920560965,16.28397920560965,0.0,0.0
1308780000,2011-06-23 00:00:00,BTC/EUR,16.28397920560965,16.28397920560965,16.28397920560965,16.28397920560965,0.0,0.0
1308866400,2011-06-24 00:00:00,BTC/EUR,16.28397920560965,16.28397920560965,16.28397920560965,16.28397920560965,0.0,0.0
1308952800,2011-06-25 00:00:00,BTC/EUR,16.28397920560965,16.28397920560965,16.28397920560965,16.28397920560965,0.0,0.0
1309039200,2011-06-26 00:00:00,BTC/EUR,15.298198625487077,15.298198625487077,15.298198625487077,15.298198625487077,0.0,0.0
1309125600,2011-06-27 00:00:00,BTC/EUR,15.577193129295352,15.577193129295352,15.577193129295352,15.577193129295352,0.0,0.0
1309212000,2011-06-28 00:00:00,BTC/EUR,15.763003468831664,15.763003468831664,15.763003468831664,15.763003468831664,0.0,0.0
1309298400,2011-06-29 00:00:00,BTC/EUR,15.665541388834638,15.665541388834638,15.665541388834638,15.665541388834638,0.0,0.0
1309384800,2011-06-30 00:00:00,BTC/EUR,14.973635019390116,14.973635019390116,14.973635019390116,14.973635019390116,0.0,0.0
1309471200,2011-07-01 00:00:00,BTC/EUR,14.318927917120032,14.318927917120032,14.318927917120032,14.318927917120032,0.0,0.0
1309557600,2011-07-02 00:00:00,BTC/EUR,14.321717862158115,14.321717862158115,14.321717862158115,14.321717862158115,0.0,0.0
1309644000,2011-07-03 00:00:00,BTC/EUR,14.359382120172231,14.359382120172231,14.359382120172231,14.359382120172231,0.0,0.0
1309730400,2011-07-04 00:00:00,BTC/EUR,12.889546075942302,12.889546075942302,12.889546075942302,12.889546075942302,0.0,0.0
1309816800,2011-07-05 00:00:00,BTC/EUR,12.003180537343413,12.003180537343413,12.003180537343413,12.003180537343413,0.0,0.0
1309903200,2011-07-06 00:00:00,BTC/EUR,13.74838415683211,13.74838415683211,13.74838415683211,13.74838415683211,0.0,0.0
1309989600,2011-07-07 00:00:00,BTC/EUR,13.74150229240484,13.74150229240484,13.74150229240484,13.74150229240484,0.0,0.0
1310076000,2011-07-08 00:00:00,BTC/EUR,13.31175775837216,13.31175775837216,13.31175775837216,13.31175775837216,0.0,0.0
1310162400,2011-07-09 00:00:00,BTC/EUR,13.37313654920998,13.37313654920998,13.37313654920998,13.37313654920998,0.0,0.0
1310248800,2011-07-10 00:00:00,BTC/EUR,13.856727022477656,13.856727022477656,13.856727022477656,13.856727022477656,0.0,0.0
1310335200,2011-07-11 00:00:00,BTC/EUR,13.2142026802072,13.2142026802072,13.2142026802072,13.2142026802072,0.0,0.0
1310421600,2011-07-12 00:00:00,BTC/EUR,13.028485338838824,13.028485338838824,13.028485338838824,13.028485338838824,0.0,0.0
1310508000,2011-07-13 00:00:00,BTC/EUR,12.974174408764148,12.974174408764148,12.974174408764148,12.974174408764148,0.0,0.0
1310594400,2011-07-14 00:00:00,BTC/EUR,13.010443694259225,13.010443694259225,13.010443694259225,13.010443694259225,0.0,0.0
1310680800,2011-07-15 00:00:00,BTC/EUR,12.843046991974258,12.843046991974258,12.843046991974258,12.843046991974258,0.0,0.0
1310767200,2011-07-16 00:00:00,BTC/EUR,12.75851165732035,12.75851165732035,12.75851165732035,12.75851165732035,0.0,0.0
1310853600,2011-07-17 00:00:00,BTC/EUR,12.23855890038966,12.23855890038966,12.23855890038966,12.23855890038966,0.0,0.0
1310940000,2011-07-18 00:00:00,BTC/EUR,12.536153037785157,12.536153037785157,12.536153037785157,12.536153037785157,0.0,0.0
1311026400,2011-07-19 00:00:00,BTC/EUR,12.880432255484566,12.880432255484566,12.880432255484566,12.880432255484566,0.0,0.0
1311112800,2011-07-20 00:00:00,BTC/EUR,12.73089120144333,12.73089120144333,12.73089120144333,12.73089120144333,0.0,0.0
1311199200,2011-07-21 00:00:00,BTC/EUR,12.657050656102074,12.657050656102074,12.657050656102074,12.657050656102074,0.0,0.0
1311285600,2011-07-22 00:00:00,BTC/EUR,12.736471091519496,12.736471091519496,12.736471091519496,12.736471091519496,0.0,0.0
1311372000,2011-07-23 00:00:00,BTC/EUR,12.722149373657338,12.722149373657338,12.722149373657338,12.722149373657338,0.0,0.0
1311458400,2011-07-24 00:00:00,BTC/EUR,13.001143877465614,13.001143877465614,13.001143877465614,13.001143877465614,0.0,0.0
1311544800,2011-07-25 00:00:00,BTC/EUR,13.064196635326285,13.064196635326285,13.064196635326285,13.064196635326285,0.0,0.0
1311631200,2011-07-26 00:00:00,BTC/EUR,12.91009867105618,12.91009867105618,12.91009867105618,12.91009867105618,0.0,0.0
1311717600,2011-07-27 00:00:00,BTC/EUR,12.96338662128356,12.96338662128356,12.96338662128356,12.96338662128356,0.0,0.0
1311804000,2011-07-28 00:00:00,BTC/EUR,12.5455458527467,12.5455458527467,12.5455458527467,12.5455458527467,0.0,0.0
1311890400,2011-07-29 00:00:00,BTC/EUR,12.55317170251746,12.55317170251746,12.55317170251746,12.55317170251746,0.0,0.0
1311976800,2011-07-30 00:00:00,BTC/EUR,12.58293111625701,12.58293111625701,12.58293111625701,12.58293111625701,0.0,0.0
1312063200,2011-07-31 00:00:00,BTC/EUR,12.415255419468236,12.415255419468236,12.415255419468236,12.415255419468236,0.0,0.0
1312149600,2011-08-01 00:00:00,BTC/EUR,12.177738098559455,12.177738098559455,12.177738098559455,12.177738098559455,0.0,0.0
1312236000,2011-08-02 00:00:00,BTC/EUR,11.206279236299045,11.206279236299045,11.206279236299045,11.206279236299045,0.0,0.0
1312322400,2011-08-03 00:00:00,BTC/EUR,8.611630350882086,8.611630350882086,8.611630350882086,8.611630350882086,0.0,0.0
1312408800,2011-08-04 00:00:00,BTC/EUR,9.997303053129851,9.997303053129851,9.997303053129851,9.997303053129851,0.0,0.0
1312495200,2011-08-05 00:00:00,BTC/EUR,9.113727459569043,9.113727459569043,9.113727459569043,9.113727459569043,0.0,0.0
1312581600,2011-08-06 00:00:00,BTC/EUR,6.091379999814003,6.091379999814003,6.091379999814003,6.091379999814003,0.0,0.0
1312668000,2011-08-07 00:00:00,BTC/EUR,7.346855266951241,7.346855266951241,7.346855266951241,7.346855266951241,0.0,0.0
1312754400,2011-08-08 00:00:00,BTC/EUR,7.253764100847213,7.253764100847213,7.253764100847213,7.253764100847213,0.0,0.0
1312840800,2011-08-09 00:00:00,BTC/EUR,9.290516976815557,9.290516976815557,9.290516976815557,9.290516976815557,0.0,0.0
1312927200,2011-08-10 00:00:00,BTC/EUR,9.281217160021948,9.281217160021948,9.281217160021948,9.281217160021948,0.0,0.0
1313013600,2011-08-11 00:00:00,BTC/EUR,8.799951640952672,8.799951640952672,8.799951640952672,8.799951640952672,0.0,0.0
1313100000,2011-08-12 00:00:00,BTC/EUR,8.79809167759395,8.79809167759395,8.79809167759395,8.79809167759395,0.0,0.0
1313186400,2011-08-13 00:00:00,BTC/EUR,9.421644393605446,9.421644393605446,9.421644393605446,9.421644393605446,0.0,0.0
1313272800,2011-08-14 00:00:00,BTC/EUR,10.039803215876647,10.039803215876647,10.039803215876647,10.039803215876647,0.0,0.0
1313359200,2011-08-15 00:00:00,BTC/EUR,10.369109728538348,10.369109728538348,10.369109728538348,10.369109728538348,0.0,0.0
1313445600,2011-08-16 00:00:00,BTC/EUR,10.196412130681026,10.196412130681026,10.196412130681026,10.196412130681026,0.0,0.0
1313532000,2011-08-17 00:00:00,BTC/EUR,10.179207469612848,10.179207469612848,10.179207469612848,10.179207469612848,0.0,0.0
1313618400,2011-08-18 00:00:00,BTC/EUR,10.071701587478726,10.071701587478726,10.071701587478726,10.071701587478726,0.0,0.0
1313704800,2011-08-19 00:00:00,BTC/EUR,10.834286564554676,10.834286564554676,10.834286564554676,10.834286564554676,0.0,0.0
1313791200,2011-08-20 00:00:00,BTC/EUR,10.651080173720576,10.651080173720576,10.651080173720576,10.651080173720576,0.0,0.0
1313877600,2011-08-21 00:00:00,BTC/EUR,10.519301769755137,10.519301769755137,10.519301769755137,10.519301769755137,0.0,0.0
1313964000,2011-08-22 00:00:00,BTC/EUR,10.132150396637185,10.132150396637185,10.132150396637185,10.132150396637185,0.0,0.0
1314050400,2011-08-23 00:00:00,BTC/EUR,10.173999572208428,10.173999572208428,10.173999572208428,10.173999572208428,0.0,0.0
1314136800,2011-08-24 00:00:00,BTC/EUR,10.09085921007356,10.09085921007356,10.09085921007356,10.09085921007356,0.0,0.0
1314223200,2011-08-25 00:00:00,BTC/EUR,8.98083307758837,8.98083307758837,8.98083307758837,8.98083307758837,0.0,0.0
1314309600,2011-08-26 00:00:00,BTC/EUR,7.60669214816468,7.60669214816468,7.60669214816468,7.60669214816468,0.0,0.0
1314396000,2011-08-27 00:00:00,BTC/EUR,7.988728622046144,7.988728622046144,7.988728622046144,7.988728622046144,0.0,0.0
1314482400,2011-08-28 00:00:00,BTC/EUR,8.435026829971449,8.435026829971449,8.435026829971449,8.435026829971449,0.0,0.0
1314568800,2011-08-29 00:00:00,BTC/EUR,8.34100568218806,8.34100568218806,8.34100568218806,8.34100568218806,0.0,0.0
1314655200,2011-08-30 00:00:00,BTC/EUR,8.175747937765625,8.175747937765625,8.175747937765625,8.175747937765625,0.0,0.0
1314741600,2011-08-31 00:00:00,BTC/EUR,7.625384779919836,7.625384779919836,7.625384779919836,7.625384779919836,0.0,0.0
1314828000,2011-09-01 00:00:00,BTC/EUR,7.635149587553125,7.635149587553125,7.635149587553125,7.635149587553125,0.0,0.0
1314914400,2011-09-02 00:00:00,BTC/EUR,8.03504170967832,8.03504170967832,8.03504170967832,8.03504170967832,0.0,0.0
1315000800,2011-09-03 00:00:00,BTC/EUR,7.886244640980572,7.886244640980572,7.886244640980572,7.886244640980572,0.0,0.0
1315087200,2011-09-04 00:00:00,BTC/EUR,7.605390173813576,7.605390173813576,7.605390173813576,7.605390173813576,0.0,0.0
1315173600,2011-09-05 00:00:00,BTC/EUR,7.078090561615936,7.078090561615936,7.078090561615936,7.078090561615936,0.0,0.0
1315260000,2011-09-06 00:00:00,BTC/EUR,6.382278269118098,6.382278269118098,6.382278269118098,6.382278269118098,0.0,0.0
1315346400,2011-09-07 00:00:00,BTC/EUR,6.6832203405592905,6.6832203405592905,6.6832203405592905,6.6832203405592905,0.0,0.0
1315432800,2011-09-08 00:00:00,BTC/EUR,6.072780366226785,6.072780366226785,6.072780366226785,6.072780366226785,0.0,0.0
1315519200,2011-09-09 00:00:00,BTC/EUR,4.67780784718541,4.67780784718541,4.67780784718541,4.67780784718541,0.0,0.0
1315605600,2011-09-10 00:00:00,BTC/EUR,4.43963953910108,4.43963953910108,4.43963953910108,4.43963953910108,0.0,0.0
1315692000,2011-09-11 00:00:00,BTC/EUR,5.453784560444158,5.453784560444158,5.453784560444158,5.453784560444158,0.0,0.0
1315778400,2011-09-12 00:00:00,BTC/EUR,5.652428647155651,5.652428647155651,5.652428647155651,5.652428647155651,0.0,0.0
1315864800,2011-09-13 00:00:00,BTC/EUR,5.393893740293316,5.393893740293316,5.393893740293316,5.393893740293316,0.0,0.0
1315951200,2011-09-14 00:00:00,BTC/EUR,5.225846050832798,5.225846050832798,5.225846050832798,5.225846050832798,0.0,0.0
1316037600,2011-09-15 00:00:00,BTC/EUR,4.501111328106836,4.501111328106836,4.501111328106836,4.501111328106836,0.0,0.0
1316124000,2011-09-16 00:00:00,BTC/EUR,4.4825116945196175,4.4825116945196175,4.4825116945196175,4.4825116945196175,0.0,0.0
1316210400,2011-09-17 00:00:00,BTC/EUR,4.436012610551572,4.436012610551572,4.436012610551572,4.436012610551572,0.0,0.0
1316296800,2011-09-18 00:00:00,BTC/EUR,4.835904732676766,4.835904732676766,4.835904732676766,4.835904732676766,0.0,0.0
1316383200,2011-09-19 00:00:00,BTC/EUR,5.077699969310604,5.077699969310604,5.077699969310604,5.077699969310604,0.0,0.0
1316469600,2011-09-20 00:00:00,BTC/EUR,5.683955026085986,5.683955026085986,5.683955026085986,5.683955026085986,0.0,0.0
1316556000,2011-09-21 00:00:00,BTC/EUR,5.218499195565847,5.218499195565847,5.218499195565847,5.218499195565847,0.0,0.0
1316642400,2011-09-22 00:00:00,BTC/EUR,5.047754559235183,5.047754559235183,5.047754559235183,5.047754559235183,0.0,0.0
1316728800,2011-09-23 00:00:00,BTC/EUR,5.156841410224218,5.156841410224218,5.156841410224218,5.156841410224218,0.0,0.0
1316815200,2011-09-24 00:00:00,BTC/EUR,5.0854188172493,5.0854188172493,5.0854188172493,5.0854188172493,0.0,0.0
1316901600,2011-09-25 00:00:00,BTC/EUR,4.956802350993685,4.956802350993685,4.956802350993685,4.956802350993685,0.0,0.0
1316988000,2011-09-26 00:00:00,BTC/EUR,4.528731783983855,4.528731783983855,4.528731783983855,4.528731783983855,0.0,0.0
1317074400,2011-09-27 00:00:00,BTC/EUR,4.571417943066522,4.571417943066522,4.571417943066522,4.571417943066522,0.0,0.0
1317160800,2011-09-28 00:00:00,BTC/EUR,4.438337564749974,4.438337564749974,4.438337564749974,4.438337564749974,0.0,0.0
1317247200,2011-09-29 00:00:00,BTC/EUR,4.444754438337564,4.444754438337564,4.444754438337564,4.444754438337564,0.0,0.0
1317333600,2011-09-30 00:00:00,BTC/EUR,4.780198830083047,4.780198830083047,4.780198830083047,4.780198830083047,0.0,0.0
1317420000,2011-10-01 00:00:00,BTC/EUR,4.680039803215876,4.680039803215876,4.680039803215876,4.680039803215876,0.0,0.0
1317506400,2011-10-02 00:00:00,BTC/EUR,4.675017902147327,4.675017902147327,4.675017902147327,4.675017902147327,0.0,0.0
1317592800,2011-10-03 00:00:00,BTC/EUR,4.672227957109245,4.672227957109245,4.672227957109245,4.672227957109245,0.0,0.0
1317679200,2011-10-04 00:00:00,BTC/EUR,4.612709129630146,4.612709129630146,4.612709129630146,4.612709129630146,0.0,0.0
1317765600,2011-10-05 00:00:00,BTC/EUR,4.529010778487663,4.529010778487663,4.529010778487663,4.529010778487663,0.0,0.0
1317852000,2011-10-06 00:00:00,BTC/EUR,4.402905262766323,4.402905262766323,4.402905262766323,4.402905262766323,0.0,0.0
1317938400,2011-10-07 00:00:00,BTC/EUR,3.973625719573324,3.973625719573324,3.973625719573324,3.973625719573324,0.0,0.0
1318024800,2011-10-08 00:00:00,BTC/EUR,3.726901580038873,3.726901580038873,3.726901580038873,3.726901580038873,0.0,0.0
1318111200,2011-10-09 00:00:00,BTC/EUR,3.815621832249904,3.815621832249904,3.815621832249904,3.815621832249904,0.0,0.0
1318197600,2011-10-10 00:00:00,BTC/EUR,3.812924885379757,3.812924885379757,3.812924885379757,3.812924885379757,0.0,0.0
1318284000,2011-10-11 00:00:00,BTC/EUR,3.655571985231891,3.655571985231891,3.655571985231891,3.655571985231891,0.0,0.0
1318370400,2011-10-12 00:00:00,BTC/EUR,3.859423969347804,3.859423969347804,3.859423969347804,3.859423969347804,0.0,0.0
1318456800,2011-10-13 00:00:00,BTC/EUR,3.76289187103014,3.76289187103014,3.76289187103014,3.76289187103014,0.0,0.0
1318543200,2011-10-14 00:00:00,BTC/EUR,3.708673939123399,3.708673939123399,3.708673939123399,3.708673939123399,0.0,0.0
1318629600,2011-10-15 00:00:00,BTC/EUR,3.573082610272577,3.573082610272577,3.573082610272577,3.573082610272577,0.0,0.0
1318716000,2011-10-16 00:00:00,BTC/EUR,3.30794483348678,3.30794483348678,3.30794483348678,3.30794483348678,0.0,0.0
1318802400,2011-10-17 00:00:00,BTC/EUR,2.3807530991639463,2.3807530991639463,2.3807530991639463,2.3807530991639463,0.0,0.0
1318888800,2011-10-18 00:00:00,BTC/EUR,2.249625682374057,2.249625682374057,2.249625682374057,2.249625682374057,0.0,0.0
1318975200,2011-10-19 00:00:00,BTC/EUR,2.1110584121492804,2.1110584121492804,2.1110584121492804,2.1110584121492804,0.0,0.0
1319061600,2011-10-20 00:00:00,BTC/EUR,2.183596983139432,2.183596983139432,2.183596983139432,2.183596983139432,0.0,0.0
1319148000,2011-10-21 00:00:00,BTC/EUR,2.3900529159575554,2.3900529159575554,2.3900529159575554,2.3900529159575554,0.0,0.0
1319234400,2011-10-22 00:00:00,BTC/EUR,2.9376261287652627,2.9376261287652627,2.9376261287652627,2.9376261287652627,0.0,0.0
1319320800,2011-10-23 00:00:00,BTC/EUR,2.948041923574105,2.948041923574105,2.948041923574105,2.948041923574105,0.0,0.0
1319407200,2011-10-24 00:00:00,BTC/EUR,2.366803373973533,2.366803373973533,2.366803373973533,2.366803373973533,0.0,0.0
1319493600,2011-10-25 00:00:00,BTC/EUR,2.5760492518297387,2.5760492518297387,2.5760492518297387,2.5760492518297387,0.0,0.0
1319580000,2011-10-26 00:00:00,BTC/EUR,2.578839196867821,2.578839196867821,2.578839196867821,2.578839196867821,0.0,0.0
1319666400,2011-10-27 00:00:00,BTC/EUR,2.8271443052571863,2.8271443052571863,2.8271443052571863,2.8271443052571863,0.0,0.0
1319752800,2011-10-28 00:00:00,BTC/EUR,2.966641557161324,2.966641557161324,2.966641557161324,2.966641557161324,0.0,0.0
1319839200,2011-10-29 00:00:00,BTC/EUR,3.3303573919593785,3.3303573919593785,3.3303573919593785,3.3303573919593785,0.0,0.0
1319925600,2011-10-30 00:00:00,BTC/EUR,3.041040091510197,3.041040091510197,3.041040091510197,3.041040091510197,0.0,0.0
1320015600,2011-10-31 00:00:00,BTC/EUR,3.020580494564257,3.020580494564257,3.020580494564257,3.020580494564257,0.0,0.0
1320102000,2011-11-01 00:00:00,BTC/EUR,2.929442289986887,2.929442289986887,2.929442289986887,2.929442289986887,0.0,0.0
1320188400,2011-11-02 00:00:00,BTC/EUR,3.026439379144231,3.026439379144231,3.026439379144231,3.026439379144231,0.0,0.0
1320274800,2011-11-03 00:00:00,BTC/EUR,2.931302253345609,2.931302253345609,2.931302253345609,2.931302253345609,0.0,0.0
1320361200,2011-11-04 00:00:00,BTC/EUR,2.8913130411330896,2.8913130411330896,2.8913130411330896,2.8913130411330896,0.0,0.0
1320447600,2011-11-05 00:00:00,BTC/EUR,2.7620455877019223,2.7620455877019223,2.7620455877019223,2.7620455877019223,0.0,0.0
1320534000,2011-11-06 00:00:00,BTC/EUR,2.7523737782365685,2.7523737782365685,2.7523737782365685,2.7523737782365685,0.0,0.0
1320620400,2011-11-07 00:00:00,BTC/EUR,2.796268913502404,2.796268913502404,2.796268913502404,2.796268913502404,0.0,0.0
1320706800,2011-11-08 00:00:00,BTC/EUR,2.8224943968603817,2.8224943968603817,2.8224943968603817,2.8224943968603817,0.0,0.0
1320793200,2011-11-09 00:00:00,BTC/EUR,2.743445954114704,2.743445954114704,2.743445954114704,2.743445954114704,0.0,0.0
1320879600,2011-11-10 00:00:00,BTC/EUR,2.641054971217067,2.641054971217067,2.641054971217067,2.641054971217067,0.0,0.0
1320966000,2011-11-11 00:00:00,BTC/EUR,2.864343572431623,2.864343572431623,2.864343572431623,2.864343572431623,0.0,0.0
1321052400,2011-11-12 00:00:00,BTC/EUR,2.8187744701429382,2.8187744701429382,2.8187744701429382,2.8187744701429382,0.0,0.0
1321138800,2011-11-13 00:00:00,BTC/EUR,2.78706209487673,2.78706209487673,2.78706209487673,2.78706209487673,0.0,0.0
1321225200,2011-11-14 00:00:00,BTC/EUR,2.0645593281812347,2.0645593281812347,2.0645593281812347,2.0645593281812347,0.0,0.0
1321311600,2011-11-15 00:00:00,BTC/EUR,2.1659273312315745,2.1659273312315745,2.1659273312315745,2.1659273312315745,0.0,0.0
1321398000,2011-11-16 00:00:00,BTC/EUR,2.3811250918356905,2.3811250918356905,2.3811250918356905,2.3811250918356905,0.0,0.0
1321484400,2011-11-17 00:00:00,BTC/EUR,2.092458778562062,2.092458778562062,2.092458778562062,2.092458778562062,0.0,0.0
1321570800,2011-11-18 00:00:00,BTC/EUR,1.9064624426898784,1.9064624426898784,1.9064624426898784,1.9064624426898784,0.0,0.0
1321657200,2011-11-19 00:00:00,BTC/EUR,2.0421467697086366,2.0421467697086366,2.0421467697086366,2.0421467697086366,0.0,0.0
1321743600,2011-11-20 00:00:00,BTC/EUR,2.0459596945940164,2.0459596945940164,2.0459596945940164,2.0459596945940164,0.0,0.0
1321830000,2011-11-21 00:00:00,BTC/EUR,2.1333779724539426,2.1333779724539426,2.1333779724539426,2.1333779724539426,0.0,0.0
1321916400,2011-11-22 00:00:00,BTC/EUR,2.1658343330636383,2.1658343330636383,2.1658343330636383,2.1658343330636383,0.0,0.0
1322002800,2011-11-23 00:00:00,BTC/EUR,2.1688102744375937,2.1688102744375937,2.1688102744375937,2.1688102744375937,0.0,0.0
1322089200,2011-11-24 00:00:00,BTC/EUR,2.261808442373685,2.261808442373685,2.261808442373685,2.261808442373685,0.0,0.0
1322175600,2011-11-25 00:00:00,BTC/EUR,2.330627086646393,2.330627086646393,2.330627086646393,2.330627086646393,0.0,0.0
1322262000,2011-11-26 00:00:00,BTC/EUR,2.297054748021464,2.297054748021464,2.297054748021464,2.297054748021464,0.0,0.0
1322348400,2011-11-27 00:00:00,BTC/EUR,2.306261566647137,2.306261566647137,2.306261566647137,2.306261566647137,0.0,0.0
1322434800,2011-11-28 00:00:00,BTC/EUR,2.371453282370337,2.371453282370337,2.371453282370337,2.371453282370337,0.0,0.0
1322521200,2011-11-29 00:00:00,BTC/EUR,2.5576356145783925,2.5576356145783925,2.5576356145783925,2.5576356145783925,0.0,0.0
1322607600,2011-11-30 00:00:00,BTC/EUR,2.762138585869858,2.762138585869858,2.762138585869858,2.762138585869858,0.0,0.0
1322694000,2011-12-01 00:00:00,BTC/EUR,2.845743938844405,2.845743938844405,2.845743938844405,2.845743938844405,0.0,0.0
1322780400,2011-12-02 00:00:00,BTC/EUR,2.896985929377191,2.896985929377191,2.896985929377191,2.896985929377191,0.0,0.0
1322866800,2011-12-03 00:00:00,BTC/EUR,2.598368812134401,2.598368812134401,2.598368812134401,2.598368812134401,0.0,0.0
1322953200,2011-12-04 00:00:00,BTC/EUR,2.630081187400608,2.630081187400608,2.630081187400608,2.630081187400608,0.0,0.0
1323039600,2011-12-05 00:00:00,BTC/EUR,2.6781612402235675,2.6781612402235675,2.6781612402235675,2.6781612402235675,0.0,0.0
1323126000,2011-12-06 00:00:00,BTC/EUR,2.8178444884635767,2.8178444884635767,2.8178444884635767,2.8178444884635767,0.0,0.0
1323212400,2011-12-07 00:00:00,BTC/EUR,2.7806452212891406,2.7806452212891406,2.7806452212891406,2.7806452212891406,0.0,0.0
1323298800,2011-12-08 00:00:00,BTC/EUR,2.771345404495531,2.771345404495531,2.771345404495531,2.771345404495531,0.0,0.0
1323385200,2011-12-09 00:00:00,BTC/EUR,2.7620455877019223,2.7620455877019223,2.7620455877019223,2.7620455877019223,0.0,0.0
1323471600,2011-12-10 00:00:00,BTC/EUR,2.8364441220507954,2.8364441220507954,2.8364441220507954,2.8364441220507954,0.0,0.0
1323558000,2011-12-11 00:00:00,BTC/EUR,3.023463437770276,3.023463437770276,3.023463437770276,3.023463437770276,0.0,0.0
1323644400,2011-12-12 00:00:00,BTC/EUR,2.915492564796473,2.915492564796473,2.915492564796473,2.915492564796473,0.0,0.0
1323730800,2011-12-13 00:00:00,BTC/EUR,3.0223474597550424,3.0223474597550424,3.0223474597550424,3.0223474597550424,0.0,0.0
1323817200,2011-12-14 00:00:00,BTC/EUR,2.929442289986887,2.929442289986887,2.929442289986887,2.929442289986887,0.0,0.0
1323903600,2011-12-15 00:00:00,BTC/EUR,2.975941373954933,2.975941373954933,2.975941373954933,2.975941373954933,0.0,0.0
1323990000,2011-12-16 00:00:00,BTC/EUR,2.975941373954933,2.975941373954933,2.975941373954933,2.975941373954933,0.0,0.0
1324076400,2011-12-17 00:00:00,BTC/EUR,2.976034372122869,2.976034372122869,2.976034372122869,2.976034372122869,0.0,0.0
1324162800,2011-12-18 00:00:00,BTC/EUR,2.9694315021994067,2.9694315021994067,2.9694315021994067,2.9694315021994067,0.0,0.0
1324249200,2011-12-19 00:00:00,BTC/EUR,3.2737215076862984,3.2737215076862984,3.2737215076862984,3.2737215076862984,0.0,0.0
1324335600,2011-12-20 00:00:00,BTC/EUR,3.6734276334756206,3.6734276334756206,3.6734276334756206,3.6734276334756206,0.0,0.0
1324422000,2011-12-21 00:00:00,BTC/EUR,3.617628732713965,3.617628732713965,3.617628732713965,3.617628732713965,0.0,0.0
1324508400,2011-12-22 00:00:00,BTC/EUR,3.617721730881901,3.617721730881901,3.617721730881901,3.617721730881901,0.0,0.0
1324594800,2011-12-23 00:00:00,BTC/EUR,3.670451692101665,3.670451692101665,3.670451692101665,3.670451692101665,0.0,0.0
1324681200,2011-12-24 00:00:00,BTC/EUR,3.664127816682011,3.664127816682011,3.664127816682011,3.664127816682011,0.0,0.0
1324767600,2011-12-25 00:00:00,BTC/EUR,3.929172595299872,3.929172595299872,3.929172595299872,3.929172595299872,0.0,0.0
1324854000,2011-12-26 00:00:00,BTC/EUR,3.7366663876721615,3.7366663876721615,3.7366663876721615,3.7366663876721615,0.0,0.0
1324940400,2011-12-27 00:00:00,BTC/EUR,3.7850254349989294,3.7850254349989294,3.7850254349989294,3.7850254349989294,0.0,0.0
1325026800,2011-12-28 00:00:00,BTC/EUR,3.892438318965117,3.892438318965117,3.892438318965117,3.892438318965117,0.0,0.0
1325113200,2011-12-29 00:00:00,BTC/EUR,3.874303676217578,3.874303676217578,3.874303676217578,3.874303676217578,0.0,0.0
1325199600,2011-12-30 00:00:00,BTC/EUR,3.9505621739251735,3.9505621739251735,3.9505621739251735,3.9505621739251735,0.0,0.0
1325286000,2011-12-31 00:00:00,BTC/EUR,4.391373489942248,4.391373489942248,4.391373489942248,4.391373489942248,0.0,0.0
1325372400,2012-01-01 00:00:00,BTC/EUR,4.8988644923695,4.8988644923695,4.8988644923695,4.8988644923695,0.0,0.0
1325458800,2012-01-02 00:00:00,BTC/EUR,4.851528424890029,4.851528424890029,4.851528424890029,4.851528424890029,0.0,0.0
1325545200,2012-01-03 00:00:00,BTC/EUR,4.539054580624761,4.539054580624761,4.539054580624761,4.539054580624761,0.0,0.0
1325631600,2012-01-04 00:00:00,BTC/EUR,5.1835318844218765,5.1835318844218765,5.1835318844218765,5.1835318844218765,0.0,0.0
1325718000,2012-01-05 00:00:00,BTC/EUR,6.461140715527904,6.461140715527904,6.461140715527904,6.461140715527904,0.0,0.0
1325804400,2012-01-06 00:00:00,BTC/EUR,6.227994308512122,6.227994308512122,6.227994308512122,6.227994308512122,0.0,0.0
1325890800,2012-01-07 00:00:00,BTC/EUR,6.3331752364478415,6.3331752364478415,6.3331752364478415,6.3331752364478415,0.0,0.0
1325977200,2012-01-08 00:00:00,BTC/EUR,6.615517674301816,6.615517674301816,6.615517674301816,6.615517674301816,0.0,0.0
1326063600,2012-01-09 00:00:00,BTC/EUR,5.88278510913335,5.88278510913335,5.88278510913335,5.88278510913335,0.0,0.0
1326150000,2012-01-10 00:00:00,BTC/EUR,5.914683480735429,5.914683480735429,5.914683480735429,5.914683480735429,0.0,0.0
1326236400,2012-01-11 00:00:00,BTC/EUR,6.416873587590325,6.416873587590325,6.416873587590325,6.416873587590325,0.0,0.0
1326322800,2012-01-12 00:00:00,BTC/EUR,6.323875419654232,6.323875419654232,6.323875419654232,6.323875419654232,0.0,0.0
1326409200,2012-01-13 00:00:00,BTC/EUR,5.961182564703475,5.961182564703475,5.961182564703475,5.961182564703475,0.0,0.0
1326495600,2012-01-14 00:00:00,BTC/EUR,6.277376335686187,6.277376335686187,6.277376335686187,6.277376335686187,0.0,0.0
1326582000,2012-01-15 00:00:00,BTC/EUR,6.511545722549266,6.511545722549266,6.511545722549266,6.511545722549266,0.0,0.0
1326668400,2012-01-16 00:00:00,BTC/EUR,6.214602572329325,6.214602572329325,6.214602572329325,6.214602572329325,0.0,0.0
1326754800,2012-01-17 00:00:00,BTC/EUR,5.207897404421132,5.207897404421132,5.207897404421132,5.207897404421132,0.0,0.0
1326841200,2012-01-18 00:00:00,BTC/EUR,5.5054915418166255,5.5054915418166255,5.5054915418166255,5.5054915418166255,0.0,0.0
1326927600,2012-01-19 00:00:00,BTC/EUR,5.914497484399557,5.914497484399557,5.914497484399557,5.914497484399557,0.0,0.0
1327014000,2012-01-20 00:00:00,BTC/EUR,6.035395102716476,6.035395102716476,6.035395102716476,6.035395102716476,0.0,0.0
1327100400,2012-01-21 00:00:00,BTC/EUR,5.747286778450464,5.747286778450464,5.747286778450464,5.747286778450464,0.0,0.0
1327186800,2012-01-22 00:00:00,BTC/EUR,5.867905402263575,5.867905402263575,5.867905402263575,5.867905402263575,0.0,0.0
1327273200,2012-01-23 00:00:00,BTC/EUR,5.910963554017985,5.910963554017985,5.910963554017985,5.910963554017985,0.0,0.0
1327359600,2012-01-24 00:00:00,BTC/EUR,5.849398766844292,5.849398766844292,5.849398766844292,5.849398766844292,0.0,0.0
1327446000,2012-01-25 00:00:00,BTC/EUR,5.34739465632527,5.34739465632527,5.34739465632527,5.34739465632527,0.0,0.0
1327532400,2012-01-26 00:00:00,BTC/EUR,4.966102167787295,4.966102167787295,4.966102167787295,4.966102167787295,0.0,0.0
1327618800,2012-01-27 00:00:00,BTC/EUR,4.92146304717797,4.92146304717797,4.92146304717797,4.92146304717797,0.0,0.0
1327705200,2012-01-28 00:00:00,BTC/EUR,5.232727915260068,5.232727915260068,5.232727915260068,5.232727915260068,0.0,0.0
1327791600,2012-01-29 00:00:00,BTC/EUR,5.004138418473155,5.004138418473155,5.004138418473155,5.004138418473155,0.0,0.0
1327878000,2012-01-30 00:00:00,BTC/EUR,5.106064410531112,5.106064410531112,5.106064410531112,5.106064410531112,0.0,0.0
1327964400,2012-01-31 00:00:00,BTC/EUR,5.099833533279393,5.099833533279393,5.099833533279393,5.099833533279393,0.0,0.0
1328050800,2012-02-01 00:00:00,BTC/EUR,5.650196691125184,5.650196691125184,5.650196691125184,5.650196691125184,0.0,0.0
1328137200,2012-02-02 00:00:00,BTC/EUR,5.672888244101591,5.672888244101591,5.672888244101591,5.672888244101591,0.0,0.0
1328223600,2012-02-03 00:00:00,BTC/EUR,5.54203982181551,5.54203982181551,5.54203982181551,5.54203982181551,0.0,0.0
1328310000,2012-02-04 00:00:00,BTC/EUR,5.462154395558407,5.462154395558407,5.462154395558407,5.462154395558407,0.0,0.0
1328396400,2012-02-05 00:00:00,BTC/EUR,5.290479777548382,5.290479777548382,5.290479777548382,5.290479777548382,0.0,0.0
1328482800,2012-02-06 00:00:00,BTC/EUR,5.071655088394758,5.071655088394758,5.071655088394758,5.071655088394758,0.0,0.0
1328569200,2012-02-07 00:00:00,BTC/EUR,5.291595755563615,5.291595755563615,5.291595755563615,5.291595755563615,0.0,0.0
1328655600,2012-02-08 00:00:00,BTC/EUR,5.207897404421132,5.207897404421132,5.207897404421132,5.207897404421132,0.0,0.0
1328742000,2012-02-09 00:00:00,BTC/EUR,5.421793190674143,5.421793190674143,5.421793190674143,5.421793190674143,0.0,0.0
1328828400,2012-02-10 00:00:00,BTC/EUR,5.498609677389355,5.498609677389355,5.498609677389355,5.498609677389355,0.0,0.0
1328914800,2012-02-11 00:00:00,BTC/EUR,5.208362395260814,5.208362395260814,5.208362395260814,5.208362395260814,0.0,0.0
1329001200,2012-02-12 00:00:00,BTC/EUR,5.128569967171647,5.128569967171647,5.128569967171647,5.128569967171647,0.0,0.0
1329087600,2012-02-13 00:00:00,BTC/EUR,4.8917036334384205,4.8917036334384205,4.8917036334384205,4.8917036334384205,0.0,0.0
1329174000,2012-02-14 00:00:00,BTC/EUR,4.150415236819835,4.150415236819835,4.150415236819835,4.150415236819835,0.0,0.0
1329260400,2012-02-15 00:00:00,BTC/EUR,4.0222637614039,4.0222637614039,4.0222637614039,4.0222637614039,0.0,0.0
1329346800,2012-02-16 00:00:00,BTC/EUR,3.974648699420621,3.974648699420621,3.974648699420621,3.974648699420621,0.0,0.0
1329433200,2012-02-17 00:00:00,BTC/EUR,4.101219205981642,4.101219205981642,4.101219205981642,4.101219205981642,0.0,0.0
1329519600,2012-02-18 00:00:00,BTC/EUR,3.92638265026179,3.92638265026179,3.92638265026179,3.92638265026179,0.0,0.0
1329606000,2012-02-19 00:00:00,BTC/EUR,4.079550632852532,4.079550632852532,4.079550632852532,4.079550632852532,0.0,0.0
1329692400,2012-02-20 00:00:00,BTC/EUR,4.056115094532638,4.056115094532638,4.056115094532638,4.056115094532638,0.0,0.0
1329778800,2012-02-21 00:00:00,BTC/EUR,3.972881734229836,3.972881734229836,3.972881734229836,3.972881734229836,0.0,0.0
1329865200,2012-02-22 00:00:00,BTC/EUR,4.114889936668247,4.114889936668247,4.114889936668247,4.114889936668247,0.0,0.0
1329951600,2012-02-23 00:00:00,BTC/EUR,4.663858121994996,4.663858121994996,4.663858121994996,4.663858121994996,0.0,0.0
1330038000,2012-02-24 00:00:00,BTC/EUR,4.6766918691701775,4.6766918691701775,4.6766918691701775,4.6766918691701775,0.0,0.0
1330124400,2012-02-25 00:00:00,BTC/EUR,4.438802555589654,4.438802555589654,4.438802555589654,4.438802555589654,0.0,0.0
1330210800,2012-02-26 00:00:00,BTC/EUR,4.577369825814431,4.577369825814431,4.577369825814431,4.577369825814431,0.0,0.0
1330297200,2012-02-27 00:00:00,BTC/EUR,4.608989202912703,4.608989202912703,4.608989202912703,4.608989202912703,0.0,0.0
1330383600,2012-02-28 00:00:00,BTC/EUR,4.527150815128942,4.527150815128942,4.527150815128942,4.527150815128942,0.0,0.0
1330470000,2012-02-29 00:00:00,BTC/EUR,4.519710961694055,4.519710961694055,4.519710961694055,4.519710961694055,0.0,0.0
1330556400,2012-03-01 00:00:00,BTC/EUR,4.576718838638878,4.576718838638878,4.576718838638878,4.576718838638878,0.0,0.0
1330642800,2012-03-02 00:00:00,BTC/EUR,4.375563801393112,4.375563801393112,4.375563801393112,4.375563801393112,0.0,0.0
1330729200,2012-03-03 00:00:00,BTC/EUR,4.291307461243013,4.291307461243013,4.291307461243013,4.291307461243013,0.0,0.0
1330815600,2012-03-04 00:00:00,BTC/EUR,4.4825116945196175,4.4825116945196175,4.4825116945196175,4.4825116945196175,0.0,0.0
1330902000,2012-03-05 00:00:00,BTC/EUR,4.635307684438616,4.635307684438616,4.635307684438616,4.635307684438616,0.0,0.0
1330988400,2012-03-06 00:00:00,BTC/EUR,4.640701578178909,4.640701578178909,4.640701578178909,4.640701578178909,0.0,0.0
1331074800,2012-03-07 00:00:00,BTC/EUR,4.591784541844525,4.591784541844525,4.591784541844525,4.591784541844525,0.0,0.0
1331161200,2012-03-08 00:00:00,BTC/EUR,4.584995675585191,4.584995675585191,4.584995675585191,4.584995675585191,0.0,0.0
1331247600,2012-03-09 00:00:00,BTC/EUR,4.520733941541351,4.520733941541351,4.520733941541351,4.520733941541351,0.0,0.0
1331334000,2012-03-10 00:00:00,BTC/EUR,4.494787452687182,4.494787452687182,4.494787452687182,4.494787452687182,0.0,0.0
1331420400,2012-03-11 00:00:00,BTC/EUR,4.566210045662101,4.566210045662101,4.566210045662101,4.566210045662101,0.0,0.0
1331506800,2012-03-12 00:00:00,BTC/EUR,4.547703410242818,4.547703410242818,4.547703410242818,4.547703410242818,0.0,0.0
1331593200,2012-03-13 00:00:00,BTC/EUR,4.90100345023203,4.90100345023203,4.90100345023203,4.90100345023203,0.0,0.0
1331679600,2012-03-14 00:00:00,BTC/EUR,5.003301434961731,5.003301434961731,5.003301434961731,5.003301434961731,0.0,0.0
1331766000,2012-03-15 00:00:00,BTC/EUR,4.953640413283858,4.953640413283858,4.953640413283858,4.953640413283858,0.0,0.0
1331852400,2012-03-16 00:00:00,BTC/EUR,4.969729096336802,4.969729096336802,4.969729096336802,4.969729096336802,0.0,0.0
1331938800,2012-03-17 00:00:00,BTC/EUR,4.850691441378605,4.850691441378605,4.850691441378605,4.850691441378605,0.0,0.0
1332025200,2012-03-18 00:00:00,BTC/EUR,4.909745278018023,4.909745278018023,4.909745278018023,4.909745278018023,0.0,0.0
1332111600,2012-03-19 00:00:00,BTC/EUR,4.365241004752206,4.365241004752206,4.365241004752206,4.365241004752206,0.0,0.0
1332198000,2012-03-20 00:00:00,BTC/EUR,4.499158366580178,4.499158366580178,4.499158366580178,4.499158366580178,0.0,0.0
1332284400,2012-03-21 00:00:00,BTC/EUR,4.477768787954877,4.477768787954877,4.477768787954877,4.477768787954877,0.0,0.0
1332370800,2012-03-22 00:00:00,BTC/EUR,4.374912814217559,4.374912814217559,4.374912814217559,4.374912814217559,0.0,0.0
1332457200,2012-03-23 00:00:00,BTC/EUR,4.357894149485254,4.357894149485254,4.357894149485254,4.357894149485254,0.0,0.0
1332543600,2012-03-24 00:00:00,BTC/EUR,4.348594332691646,4.348594332691646,4.348594332691646,4.348594332691646,0.0,0.0
1332630000,2012-03-25 00:00:00,BTC/EUR,4.23141664109217,4.23141664109217,4.23141664109217,4.23141664109217,0.0,0.0
1332712800,2012-03-26 00:00:00,BTC/EUR,4.29567837513601,4.29567837513601,4.29567837513601,4.29567837513601,0.0,0.0
1332799200,2012-03-27 00:00:00,BTC/EUR,4.474420853909177,4.474420853909177,4.474420853909177,4.474420853909177,0.0,0.0
1332885600,2012-03-28 00:00:00,BTC/EUR,4.452752280780069,4.452752280780069,4.452752280780069,4.452752280780069,0.0,0.0
1332972000,2012-03-29 00:00:00,BTC/EUR,4.47172390703903,4.47172390703903,4.47172390703903,4.47172390703903,0.0,0.0
1333058400,2012-03-30 00:00:00,BTC/EUR,4.519710961694055,4.519710961694055,4.519710961694055,4.519710961694055,0.0,0.0
1333144800,2012-03-31 00:00:00,BTC/EUR,4.565001069478931,4.565001069478931,4.565001069478931,4.565001069478931,0.0,0.0
1333231200,2012-04-01 00:00:00,BTC/EUR,4.489021566275144,4.489021566275144,4.489021566275144,4.489021566275144,0.0,0.0
1333317600,2012-04-02 00:00:00,BTC/EUR,4.625728873141199,4.625728873141199,4.625728873141199,4.625728873141199,0.0,0.0
1333404000,2012-04-03 00:00:00,BTC/EUR,4.6052692761952585,4.6052692761952585,4.6052692761952585,4.6052692761952585,0.0,0.0
1333490400,2012-04-04 00:00:00,BTC/EUR,4.566303043830036,4.566303043830036,4.566303043830036,4.566303043830036,0.0,0.0
1333576800,2012-04-05 00:00:00,BTC/EUR,4.574579880776348,4.574579880776348,4.574579880776348,4.574579880776348,0.0,0.0
1333663200,2012-04-06 00:00:00,BTC/EUR,4.603316314668601,4.603316314668601,4.603316314668601,4.603316314668601,0.0,0.0
1333749600,2012-04-07 00:00:00,BTC/EUR,4.359010127500488,4.359010127500488,4.359010127500488,4.359010127500488,0.0,0.0
1333836000,2012-04-08 00:00:00,BTC/EUR,4.456937198337193,4.456937198337193,4.456937198337193,4.456937198337193,0.0,0.0
1333922400,2012-04-09 00:00:00,BTC/EUR,4.530777743678449,4.530777743678449,4.530777743678449,4.530777743678449,0.0,0.0
1334008800,2012-04-10 00:00:00,BTC/EUR,4.498042388564945,4.498042388564945,4.498042388564945,4.498042388564945,0.0,0.0
1334095200,2012-04-11 00:00:00,BTC/EUR,4.5828567177226605,4.5828567177226605,4.5828567177226605,4.5828567177226605,0.0,0.0
1334181600,2012-04-12 00:00:00,BTC/EUR,4.575230867951901,4.575230867951901,4.575230867951901,4.575230867951901,0.0,0.0
1334268000,2012-04-13 00:00:00,BTC/EUR,4.594109496042928,4.594109496042928,4.594109496042928,4.594109496042928,0.0,0.0
1334354400,2012-04-14 00:00:00,BTC/EUR,4.6124301351263375,4.6124301351263375,4.6124301351263375,4.6124301351263375,0.0,0.0
1334440800,2012-04-15 00:00:00,BTC/EUR,4.620985966576458,4.620985966576458,4.620985966576458,4.620985966576458,0.0,0.0
1334527200,2012-04-16 00:00:00,BTC/EUR,4.58666964260804,4.58666964260804,4.58666964260804,4.58666964260804,0.0,0.0
1334613600,2012-04-17 00:00:00,BTC/EUR,4.627495838331985,4.627495838331985,4.627495838331985,4.627495838331985,0.0,0.0
1334700000,2012-04-18 00:00:00,BTC/EUR,4.759460238633299,4.759460238633299,4.759460238633299,4.759460238633299,0.0,0.0
1334786400,2012-04-19 00:00:00,BTC/EUR,4.777966874052581,4.777966874052581,4.777966874052581,4.777966874052581,0.0,0.0
1334872800,2012-04-20 00:00:00,BTC/EUR,4.975401984580903,4.975401984580903,4.975401984580903,4.975401984580903,0.0,0.0
1334959200,2012-04-21 00:00:00,BTC/EUR,4.891796631606358,4.891796631606358,4.891796631606358,4.891796631606358,0.0,0.0
1335045600,2012-04-22 00:00:00,BTC/EUR,4.8391596685545295,4.8391596685545295,4.8391596685545295,4.8391596685545295,0.0,0.0
1335132000,2012-04-23 00:00:00,BTC/EUR,4.612709129630146,4.612709129630146,4.612709129630146,4.612709129630146,0.0,0.0
1335218400,2012-04-24 00:00:00,BTC/EUR,4.741232597717825,4.741232597717825,4.741232597717825,4.741232597717825,0.0,0.0
1335304800,2012-04-25 00:00:00,BTC/EUR,4.772479982144351,4.772479982144351,4.772479982144351,4.772479982144351,0.0,0.0
1335391200,2012-04-26 00:00:00,BTC/EUR,4.740674608710208,4.740674608710208,4.740674608710208,4.740674608710208,0.0,0.0
1335477600,2012-04-27 00:00:00,BTC/EUR,4.751741390694603,4.751741390694603,4.751741390694603,4.751741390694603,0.0,0.0
1335564000,2012-04-28 00:00:00,BTC/EUR,4.630750774209748,4.630750774209748,4.630750774209748,4.630750774209748,0.0,0.0
1335650400,2012-04-29 00:00:00,BTC/EUR,4.561002148257679,4.561002148257679,4.561002148257679,4.561002148257679,0.0,0.0
1335736800,2012-04-30 00:00:00,BTC/EUR,4.602572329325112,4.602572329325112,4.602572329325112,4.602572329325112,0.0,0.0
1335823200,2012-05-01 00:00:00,BTC/EUR,4.649908396804583,4.649908396804583,4.649908396804583,4.649908396804583,0.0,0.0
1335909600,2012-05-02 00:00:00,BTC/EUR,4.7184480465734815,4.7184480465734815,4.7184480465734815,4.7184480465734815,0.0,0.0
1335996000,2012-05-03 00:00:00,BTC/EUR,4.77489793451069,4.77489793451069,4.77489793451069,4.77489793451069,0.0,0.0
1336082400,2012-05-04 00:00:00,BTC/EUR,4.7122171693217645,4.7122171693217645,4.7122171693217645,4.7122171693217645,0.0,0.0
1336168800,2012-05-05 00:00:00,BTC/EUR,4.721516986115373,4.721516986115373,4.721516986115373,4.721516986115373,0.0,0.0
1336255200,2012-05-06 00:00:00,BTC/EUR,4.696314482604692,4.696314482604692,4.696314482604692,4.696314482604692,0.0,0.0
1336341600,2012-05-07 00:00:00,BTC/EUR,4.705707297566237,4.705707297566237,4.705707297566237,4.705707297566237,0.0,0.0
1336428000,2012-05-08 00:00:00,BTC/EUR,4.696407480772629,4.696407480772629,4.696407480772629,4.696407480772629,0.0,0.0
1336514400,2012-05-09 00:00:00,BTC/EUR,4.690548596192655,4.690548596192655,4.690548596192655,4.690548596192655,0.0,0.0
1336600800,2012-05-10 00:00:00,BTC/EUR,4.510411144900445,4.510411144900445,4.510411144900445,4.510411144900445,0.0,0.0
1336687200,2012-05-11 00:00:00,BTC/EUR,4.612709129630146,4.612709129630146,4.612709129630146,4.612709129630146,0.0,0.0
1336773600,2012-05-12 00:00:00,BTC/EUR,4.599875382454965,4.599875382454965,4.599875382454965,4.599875382454965,0.0,0.0
1336860000,2012-05-13 00:00:00,BTC/EUR,4.584809679249318,4.584809679249318,4.584809679249318,4.584809679249318,0.0,0.0
1336946400,2012-05-14 00:00:00,BTC/EUR,4.655395288712811,4.655395288712811,4.655395288712811,4.655395288712811,0.0,0.0
1337032800,2012-05-15 00:00:00,BTC/EUR,4.682457755582215,4.682457755582215,4.682457755582215,4.682457755582215,0.0,0.0
1337119200,2012-05-16 00:00:00,BTC/EUR,4.732397771763896,4.732397771763896,4.732397771763896,4.732397771763896,0.0,0.0
1337205600,2012-05-17 00:00:00,BTC/EUR,4.742720568404803,4.742720568404803,4.742720568404803,4.742720568404803,0.0,0.0
1337292000,2012-05-18 00:00:00,BTC/EUR,4.759646234969171,4.759646234969171,4.759646234969171,4.759646234969171,0.0,0.0
1337378400,2012-05-19 00:00:00,BTC/EUR,4.742441573900994,4.742441573900994,4.742441573900994,4.742441573900994,0.0,0.0
1337464800,2012-05-20 00:00:00,BTC/EUR,4.733606747947065,4.733606747947065,4.733606747947065,4.733606747947065,0.0,0.0
1337551200,2012-05-21 00:00:00,BTC/EUR,4.742720568404803,4.742720568404803,4.742720568404803,4.742720568404803,0.0,0.0
1337637600,2012-05-22 00:00:00,BTC/EUR,4.741790586725441,4.741790586725441,4.741790586725441,4.741790586725441,0.0,0.0
1337724000,2012-05-23 00:00:00,BTC/EUR,4.779826837411303,4.779826837411303,4.779826837411303,4.779826837411303,0.0,0.0
1337810400,2012-05-24 00:00:00,BTC/EUR,4.760576216648532,4.760576216648532,4.760576216648532,4.760576216648532,0.0,0.0
1337896800,2012-05-25 00:00:00,BTC/EUR,4.785220731151596,4.785220731151596,4.785220731151596,4.785220731151596,0.0,0.0
1337983200,2012-05-26 00:00:00,BTC/EUR,4.745882506114629,4.745882506114629,4.745882506114629,4.745882506114629,0.0,0.0
1338069600,2012-05-27 00:00:00,BTC/EUR,4.779175850235751,4.779175850235751,4.779175850235751,4.779175850235751,0.0,0.0
1338156000,2012-05-28 00:00:00,BTC/EUR,4.776199908861795,4.776199908861795,4.776199908861795,4.776199908861795,0.0,0.0
1338242400,2012-05-29 00:00:00,BTC/EUR,4.78940564870872,4.78940564870872,4.78940564870872,4.78940564870872,0.0,0.0
1338328800,2012-05-30 00:00:00,BTC/EUR,4.775455923518306,4.775455923518306,4.775455923518306,4.775455923518306,0.0,0.0
1338415200,2012-05-31 00:00:00,BTC/EUR,4.817398097257484,4.817398097257484,4.817398097257484,4.817398097257484,0.0,0.0
1338501600,2012-06-01 00:00:00,BTC/EUR,4.9054673622929625,4.9054673622929625,4.9054673622929625,4.9054673622929625,0.0,0.0
1338588000,2012-06-02 00:00:00,BTC/EUR,4.88147383496545,4.88147383496545,4.88147383496545,4.88147383496545,0.0,0.0
1338674400,2012-06-03 00:00:00,BTC/EUR,4.8406476392415065,4.8406476392415065,4.8406476392415065,4.8406476392415065,0.0,0.0
1338760800,2012-06-04 00:00:00,BTC/EUR,4.897283523514586,4.897283523514586,4.897283523514586,4.897283523514586,0.0,0.0
1338847200,2012-06-05 00:00:00,BTC/EUR,5.059100335723386,5.059100335723386,5.059100335723386,5.059100335723386,0.0,0.0
1338933600,2012-06-06 00:00:00,BTC/EUR,5.077699969310604,5.077699969310604,5.077699969310604,5.077699969310604,0.0,0.0
1339020000,2012-06-07 00:00:00,BTC/EUR,5.199527569306884,5.199527569306884,5.199527569306884,5.199527569306884,0.0,0.0
1339106400,2012-06-08 00:00:00,BTC/EUR,5.238586799840043,5.238586799840043,5.238586799840043,5.238586799840043,0.0,0.0
1339192800,2012-06-09 00:00:00,BTC/EUR,5.170698137246696,5.170698137246696,5.170698137246696,5.170698137246696,0.0,0.0
1339279200,2012-06-10 00:00:00,BTC/EUR,5.0854188172493,5.0854188172493,5.0854188172493,5.0854188172493,0.0,0.0
1339365600,2012-06-11 00:00:00,BTC/EUR,5.184368867933301,5.184368867933301,5.184368867933301,5.184368867933301,0.0,0.0
1339452000,2012-06-12 00:00:00,BTC/EUR,5.300895572357224,5.300895572357224,5.300895572357224,5.300895572357224,0.0,0.0
1339538400,2012-06-13 00:00:00,BTC/EUR,5.513861376930874,5.513861376930874,5.513861376930874,5.513861376930874,0.0,0.0
1339624800,2012-06-14 00:00:00,BTC/EUR,5.5372039170828335,5.5372039170828335,5.5372039170828335,5.5372039170828335,0.0,0.0
1339711200,2012-06-15 00:00:00,BTC/EUR,6.044880915845957,6.044880915845957,6.044880915845957,6.044880915845957,0.0,0.0
1339797600,2012-06-16 00:00:00,BTC/EUR,5.951882747909866,5.951882747909866,5.951882747909866,5.951882747909866,0.0,0.0
1339884000,2012-06-17 00:00:00,BTC/EUR,5.7322210752448175,5.7322210752448175,5.7322210752448175,5.7322210752448175,0.0,0.0
1339970400,2012-06-18 00:00:00,BTC/EUR,5.868184396767383,5.868184396767383,5.868184396767383,5.868184396767383,0.0,0.0
1340056800,2012-06-19 00:00:00,BTC/EUR,6.0437649378307245,6.0437649378307245,6.0437649378307245,6.0437649378307245,0.0,0.0
1340143200,2012-06-20 00:00:00,BTC/EUR,6.202977801337313,6.202977801337313,6.202977801337313,6.202977801337313,0.0,0.0
1340229600,2012-06-21 00:00:00,BTC/EUR,6.212370616298859,6.212370616298859,6.212370616298859,6.212370616298859,0.0,0.0
1340316000,2012-06-22 00:00:00,BTC/EUR,6.089334040119409,6.089334040119409,6.089334040119409,6.089334040119409,0.0,0.0
1340402400,2012-06-23 00:00:00,BTC/EUR,5.978387225771652,5.978387225771652,5.978387225771652,5.978387225771652,0.0,0.0
1340488800,2012-06-24 00:00:00,BTC/EUR,5.905383663941819,5.905383663941819,5.905383663941819,5.905383663941819,0.0,0.0
1340575200,2012-06-25 00:00:00,BTC/EUR,5.8633484920347065,5.8633484920347065,5.8633484920347065,5.8633484920347065,0.0,0.0
1340661600,2012-06-26 00:00:00,BTC/EUR,5.970017390657404,5.970017390657404,5.970017390657404,5.970017390657404,0.0,0.0
1340748000,2012-06-27 00:00:00,BTC/EUR,6.181588222712012,6.181588222712012,6.181588222712012,6.181588222712012,0.0,0.0
1340834400,2012-06-28 00:00:00,BTC/EUR,6.143365975690279,6.143365975690279,6.143365975690279,6.143365975690279,0.0,0.0
1340920800,2012-06-29 00:00:00,BTC/EUR,6.184378167750095,6.184378167750095,6.184378167750095,6.184378167750095,0.0,0.0
1341007200,2012-06-30 00:00:00,BTC/EUR,6.221577434924532,6.221577434924532,6.221577434924532,6.221577434924532,0.0,0.0
1341093600,2012-07-01 00:00:00,BTC/EUR,6.164848552483515,6.164848552483515,6.164848552483515,6.164848552483515,0.0,0.0
1341180000,2012-07-02 00:00:00,BTC/EUR,6.286676152479796,6.286676152479796,6.286676152479796,6.286676152479796,0.0,0.0
1341266400,2012-07-03 00:00:00,BTC/EUR,5.998288833709976,5.998288833709976,5.998288833709976,5.998288833709976,0.0,0.0
1341352800,2012-07-04 00:00:00,BTC/EUR,6.054273730807503,6.054273730807503,6.054273730807503,6.054273730807503,0.0,0.0
1341439200,2012-07-05 00:00:00,BTC/EUR,6.202977801337313,6.202977801337313,6.202977801337313,6.202977801337313,0.0,0.0
1341525600,2012-07-06 00:00:00,BTC/EUR,6.182611202559309,6.182611202559309,6.182611202559309,6.182611202559309,0.0,0.0
1341612000,2012-07-07 00:00:00,BTC/EUR,6.288629114006453,6.288629114006453,6.288629114006453,6.288629114006453,0.0,0.0
1341698400,2012-07-08 00:00:00,BTC/EUR,6.322945437974872,6.322945437974872,6.322945437974872,6.322945437974872,0.0,0.0
1341784800,2012-07-09 00:00:00,BTC/EUR,6.529866361632675,6.529866361632675,6.529866361632675,6.529866361632675,0.0,0.0
1341871200,2012-07-10 00:00:00,BTC/EUR,6.695775093230663,6.695775093230663,6.695775093230663,6.695775093230663,0.0,0.0
1341957600,2012-07-11 00:00:00,BTC/EUR,6.649369007430553,6.649369007430553,6.649369007430553,6.649369007430553,0.0,0.0
1342044000,2012-07-12 00:00:00,BTC/EUR,7.2207497512299,7.2207497512299,7.2207497512299,7.2207497512299,0.0,0.0
1342130400,2012-07-13 00:00:00,BTC/EUR,7.128402570469361,7.128402570469361,7.128402570469361,7.128402570469361,0.0,0.0
1342216800,2012-07-14 00:00:00,BTC/EUR,7.014014823907968,7.014014823907968,7.014014823907968,7.014014823907968,0.0,0.0
1342303200,2012-07-15 00:00:00,BTC/EUR,7.0873903784095456,7.0873903784095456,7.0873903784095456,7.0873903784095456,0.0,0.0
1342389600,2012-07-16 00:00:00,BTC/EUR,7.904472281896045,7.904472281896045,7.904472281896045,7.904472281896045,0.0,0.0
1342476000,2012-07-17 00:00:00,BTC/EUR,8.183838778376066,8.183838778376066,8.183838778376066,8.183838778376066,0.0,0.0
1342562400,2012-07-18 00:00:00,BTC/EUR,8.471947102642078,8.471947102642078,8.471947102642078,8.471947102642078,0.0,0.0
1342648800,2012-07-19 00:00:00,BTC/EUR,8.24893749593133,8.24893749593133,8.24893749593133,8.24893749593133,0.0,0.0
1342735200,2012-07-20 00:00:00,BTC/EUR,7.923443908155009,7.923443908155009,7.923443908155009,7.923443908155009,0.0,0.0
1342821600,2012-07-21 00:00:00,BTC/EUR,8.226152944786987,8.226152944786987,8.226152944786987,8.226152944786987,0.0,0.0
1342908000,2012-07-22 00:00:00,BTC/EUR,7.820773930753563,7.820773930753563,7.820773930753563,7.820773930753563,0.0,0.0
1342994400,2012-07-23 00:00:00,BTC/EUR,7.854346269378493,7.854346269378493,7.854346269378493,7.854346269378493,0.0,0.0
1343080800,2012-07-24 00:00:00,BTC/EUR,7.997842442503882,7.997842442503882,7.997842442503882,7.997842442503882,0.0,0.0
1343167200,2012-07-25 00:00:00,BTC/EUR,8.183838778376066,8.183838778376066,8.183838778376066,8.183838778376066,0.0,0.0
1343253600,2012-07-26 00:00:00,BTC/EUR,8.276836946312157,8.276836946312157,8.276836946312157,8.276836946312157,0.0,0.0
1343340000,2012-07-27 00:00:00,BTC/EUR,8.276836946312157,8.276836946312157,8.276836946312157,8.276836946312157,0.0,0.0
1343426400,2012-07-28 00:00:00,BTC/EUR,8.265770164327762,8.265770164327762,8.265770164327762,8.265770164327762,0.0,0.0
1343512800,2012-07-29 00:00:00,BTC/EUR,8.100419421737392,8.100419421737392,8.100419421737392,8.100419421737392,0.0,0.0
1343599200,2012-07-30 00:00:00,BTC/EUR,8.46097331882562,8.46097331882562,8.46097331882562,8.46097331882562,0.0,0.0
1343685600,2012-07-31 00:00:00,BTC/EUR,8.69532870202457,8.69532870202457,8.69532870202457,8.69532870202457,0.0,0.0
1343772000,2012-08-01 00:00:00,BTC/EUR,8.881604032400562,8.881604032400562,8.881604032400562,8.881604032400562,0.0,0.0
1343858400,2012-08-02 00:00:00,BTC/EUR,9.79270708367045,9.79270708367045,9.79270708367045,9.79270708367045,0.0,0.0
1343944800,2012-08-03 00:00:00,BTC/EUR,10.201899022589254,10.201899022589254,10.201899022589254,10.201899022589254,0.0,0.0
1344031200,2012-08-04 00:00:00,BTC/EUR,10.214918766100308,10.214918766100308,10.214918766100308,10.214918766100308,0.0,0.0
1344117600,2012-08-05 00:00:00,BTC/EUR,10.108900854653164,10.108900854653164,10.108900854653164,10.108900854653164,0.0,0.0
1344204000,2012-08-06 00:00:00,BTC/EUR,10.09513712579862,10.09513712579862,10.09513712579862,10.09513712579862,0.0,0.0
1344290400,2012-08-07 00:00:00,BTC/EUR,10.322796640906173,10.322796640906173,10.322796640906173,10.322796640906173,0.0,0.0
1344376800,2012-08-08 00:00:00,BTC/EUR,10.281226459838742,10.281226459838742,10.281226459838742,10.281226459838742,0.0,0.0
1344463200,2012-08-09 00:00:00,BTC/EUR,10.286620353579034,10.286620353579034,10.286620353579034,10.286620353579034,0.0,0.0
1344549600,2012-08-10 00:00:00,BTC/EUR,10.58914339387514,10.58914339387514,10.58914339387514,10.58914339387514,0.0,0.0
1344636000,2012-08-11 00:00:00,BTC/EUR,10.70427512578002,10.70427512578002,10.70427512578002,10.70427512578002,0.0,0.0
1344722400,2012-08-12 00:00:00,BTC/EUR,10.810107040891294,10.810107040891294,10.810107040891294,10.810107040891294,0.0,0.0
1344808800,2012-08-13 00:00:00,BTC/EUR,11.194654465307032,11.194654465307032,11.194654465307032,11.194654465307032,0.0,0.0
1344895200,2012-08-14 00:00:00,BTC/EUR,11.336476671409573,11.336476671409573,11.336476671409573,11.336476671409573,0.0,0.0
1344981600,2012-08-15 00:00:00,BTC/EUR,12.322257251532143,12.322257251532143,12.322257251532143,12.322257251532143,0.0,0.0
1345068000,2012-08-16 00:00:00,BTC/EUR,12.554752671372372,12.554752671372372,12.554752671372372,12.554752671372372,0.0,0.0
1345154400,2012-08-17 00:00:00,BTC/EUR,10.772535781045113,10.772535781045113,10.772535781045113,10.772535781045113,0.0,0.0
1345240800,2012-08-18 00:00:00,BTC/EUR,10.79708729738024,10.79708729738024,10.79708729738024,10.79708729738024,0.0,0.0
1345327200,2012-08-19 00:00:00,BTC/EUR,7.439853434887332,7.439853434887332,7.439853434887332,7.439853434887332,0.0,0.0
1345413600,2012-08-20 00:00:00,BTC/EUR,9.392814961545255,9.392814961545255,9.392814961545255,9.392814961545255,0.0,0.0
1345500000,2012-08-21 00:00:00,BTC/EUR,9.220768350863487,9.220768350863487,9.220768350863487,9.220768350863487,0.0,0.0
1345586400,2012-08-22 00:00:00,BTC/EUR,9.120144333156636,9.120144333156636,9.120144333156636,9.120144333156636,0.0,0.0
1345672800,2012-08-23 00:00:00,BTC/EUR,9.392814961545255,9.392814961545255,9.392814961545255,9.392814961545255,0.0,0.0
1345759200,2012-08-24 00:00:00,BTC/EUR,9.857805801225714,9.857805801225714,9.857805801225714,9.857805801225714,0.0,0.0
1345845600,2012-08-25 00:00:00,BTC/EUR,9.78703419542635,9.78703419542635,9.78703419542635,9.78703419542635,0.0,0.0
1345932000,2012-08-26 00:00:00,BTC/EUR,9.867105618019323,9.867105618019323,9.867105618019323,9.867105618019323,0.0,0.0
1346018400,2012-08-27 00:00:00,BTC/EUR,10.183299389002036,10.183299389002036,10.183299389002036,10.183299389002036,0.0,0.0
1346104800,2012-08-28 00:00:00,BTC/EUR,10.173999572208428,10.173999572208428,10.173999572208428,10.173999572208428,0.0,0.0
1346191200,2012-08-29 00:00:00,BTC/EUR,10.152516995415189,10.152516995415189,10.152516995415189,10.152516995415189,0.0,0.0
1346277600,2012-08-30 00:00:00,BTC/EUR,10.022412558472595,10.022412558472595,10.022412558472595,10.022412558472595,0.0,0.0
1346364000,2012-08-31 00:00:00,BTC/EUR,9.448613862306912,9.448613862306912,9.448613862306912,9.448613862306912,0.0,0.0
1346450400,2012-09-01 00:00:00,BTC/EUR,9.267639427503278,9.267639427503278,9.267639427503278,9.267639427503278,0.0,0.0
1346536800,2012-09-02 00:00:00,BTC/EUR,9.48962605436673,9.48962605436673,9.48962605436673,9.48962605436673,0.0,0.0
1346623200,2012-09-03 00:00:00,BTC/EUR,9.79270708367045,9.79270708367045,9.79270708367045,9.79270708367045,0.0,0.0
1346709600,2012-09-04 00:00:00,BTC/EUR,9.65758074565931,9.65758074565931,9.65758074565931,9.65758074565931,0.0,0.0
1346796000,2012-09-05 00:00:00,BTC/EUR,10.229519478466274,10.229519478466274,10.229519478466274,10.229519478466274,0.0,0.0
1346882400,2012-09-06 00:00:00,BTC/EUR,10.398125156934409,10.398125156934409,10.398125156934409,10.398125156934409,0.0,0.0
1346968800,2012-09-07 00:00:00,BTC/EUR,10.22979847297008,10.22979847297008,10.22979847297008,10.22979847297008,0.0,0.0
1347055200,2012-09-08 00:00:00,BTC/EUR,10.264207795106437,10.264207795106437,10.264207795106437,10.264207795106437,0.0,0.0
1347141600,2012-09-09 00:00:00,BTC/EUR,10.2483981065573,10.2483981065573,10.2483981065573,10.2483981065573,0.0,0.0
1347228000,2012-09-10 00:00:00,BTC/EUR,10.387895358461437,10.387895358461437,10.387895358461437,10.387895358461437,0.0,0.0
1347314400,2012-09-11 00:00:00,BTC/EUR,10.537436412502672,10.537436412502672,10.537436412502672,10.537436412502672,0.0,0.0
1347400800,2012-09-12 00:00:00,BTC/EUR,10.56914878776888,10.56914878776888,10.56914878776888,10.56914878776888,0.0,0.0
1347487200,2012-09-13 00:00:00,BTC/EUR,10.600861163035086,10.600861163035086,10.600861163035086,10.600861163035086,0.0,0.0
1347573600,2012-09-14 00:00:00,BTC/EUR,10.852886198141896,10.852886198141896,10.852886198141896,10.852886198141896,0.0,0.0
1347660000,2012-09-15 00:00:00,BTC/EUR,10.927284732490769,10.927284732490769,10.927284732490769,10.927284732490769,0.0,0.0
1347746400,2012-09-16 00:00:00,BTC/EUR,11.038882534014078,11.038882534014078,11.038882534014078,11.038882534014078,0.0,0.0
1347832800,2012-09-17 00:00:00,BTC/EUR,11.057482167601298,11.057482167601298,11.057482167601298,11.057482167601298,0.0,0.0
1347919200,2012-09-18 00:00:00,BTC/EUR,11.392275572171227,11.392275572171227,11.392275572171227,11.392275572171227,0.0,0.0
1348005600,2012-09-19 00:00:00,BTC/EUR,11.692194663765124,11.692194663765124,11.692194663765124,11.692194663765124,0.0,0.0
1348092000,2012-09-20 00:00:00,BTC/EUR,11.422499976750458,11.422499976750458,11.422499976750458,11.422499976750458,0.0,0.0
1348178400,2012-09-21 00:00:00,BTC/EUR,11.502013410335817,11.502013410335817,11.502013410335817,11.502013410335817,0.0,0.0
1348264800,2012-09-22 00:00:00,BTC/EUR,11.380929795683024,11.380929795683024,11.380929795683024,11.380929795683024,0.0,0.0
1348351200,2012-09-23 00:00:00,BTC/EUR,11.339545610951465,11.339545610951465,11.339545610951465,11.339545610951465,0.0,0.0
1348437600,2012-09-24 00:00:00,BTC/EUR,11.25277832026709,11.25277832026709,11.25277832026709,11.25277832026709,0.0,0.0
1348524000,2012-09-25 00:00:00,BTC/EUR,11.342986543165098,11.342986543165098,11.342986543165098,11.342986543165098,0.0,0.0
1348610400,2012-09-26 00:00:00,BTC/EUR,11.410875205758446,11.410875205758446,11.410875205758446,11.410875205758446,0.0,0.0
1348696800,2012-09-27 00:00:00,BTC/EUR,11.447051493085583,11.447051493085583,11.447051493085583,11.447051493085583,0.0,0.0
1348783200,2012-09-28 00:00:00,BTC/EUR,11.523402988961116,11.523402988961116,11.523402988961116,11.523402988961116,0.0,0.0
1348869600,2012-09-29 00:00:00,BTC/EUR,11.497456500106946,11.497456500106946,11.497456500106946,11.497456500106946,0.0,0.0
1348956000,2012-09-30 00:00:00,BTC/EUR,11.531772824075365,11.531772824075365,11.531772824075365,11.531772824075365,0.0,0.0
1349042400,2012-10-01 00:00:00,BTC/EUR,11.531772824075365,11.531772824075365,11.531772824075365,11.531772824075365,0.0,0.0
1349128800,2012-10-02 00:00:00,BTC/EUR,11.940964762994168,11.940964762994168,11.940964762994168,11.940964762994168,0.0,0.0
1349215200,2012-10-03 00:00:00,BTC/EUR,11.987463846962214,11.987463846962214,11.987463846962214,11.987463846962214,0.0,0.0
1349301600,2012-10-04 00:00:00,BTC/EUR,11.950264579787778,11.950264579787778,11.950264579787778,11.950264579787778,0.0,0.0
1349388000,2012-10-05 00:00:00,BTC/EUR,11.79960754773131,11.79960754773131,11.79960754773131,11.79960754773131,0.0,0.0
1349474400,2012-10-06 00:00:00,BTC/EUR,11.62942090040826,11.62942090040826,11.62942090040826,11.62942090040826,0.0,0.0
1349560800,2012-10-07 00:00:00,BTC/EUR,10.973783816458816,10.973783816458816,10.973783816458816,10.973783816458816,0.0,0.0
1349647200,2012-10-08 00:00:00,BTC/EUR,10.95341721768081,10.95341721768081,10.95341721768081,10.95341721768081,0.0,0.0
1349733600,2012-10-09 00:00:00,BTC/EUR,11.062132075998102,11.062132075998102,11.062132075998102,11.062132075998102,0.0,0.0
1349820000,2012-10-10 00:00:00,BTC/EUR,11.271377953854309,11.271377953854309,11.271377953854309,11.271377953854309,0.0,0.0
1349906400,2012-10-11 00:00:00,BTC/EUR,11.187679602711825,11.187679602711825,11.187679602711825,11.187679602711825,0.0,0.0
1349992800,2012-10-12 00:00:00,BTC/EUR,11.159780152331,11.159780152331,11.159780152331,11.159780152331,0.0,0.0
1350079200,2012-10-13 00:00:00,BTC/EUR,11.030512698899832,11.030512698899832,11.030512698899832,11.030512698899832,0.0,0.0
1350165600,2012-10-14 00:00:00,BTC/EUR,10.916961935849862,10.916961935849862,10.916961935849862,10.916961935849862,0.0,0.0
1350252000,2012-10-15 00:00:00,BTC/EUR,11.009216118442469,11.009216118442469,11.009216118442469,11.009216118442469,0.0,0.0
1350338400,2012-10-16 00:00:00,BTC/EUR,11.020189902258924,11.020189902258924,11.020189902258924,11.020189902258924,0.0,0.0
1350424800,2012-10-17 00:00:00,BTC/EUR,10.983083633252424,10.983083633252424,10.983083633252424,10.983083633252424,0.0,0.0
1350511200,2012-10-18 00:00:00,BTC/EUR,11.103795255233472,11.103795255233472,11.103795255233472,11.103795255233472,0.0,0.0
1350597600,2012-10-19 00:00:00,BTC/EUR,10.918077913865096,10.918077913865096,10.918077913865096,10.918077913865096,0.0,0.0
1350684000,2012-10-20 00:00:00,BTC/EUR,10.917891917529223,10.917891917529223,10.917891917529223,10.917891917529223,0.0,0.0
1350770400,2012-10-21 00:00:00,BTC/EUR,10.816709910814756,10.816709910814756,10.816709910814756,10.816709910814756,0.0,0.0
1350856800,2012-10-22 00:00:00,BTC/EUR,10.890178463484268,10.890178463484268,10.890178463484268,10.890178463484268,0.0,0.0
1350943200,2012-10-23 00:00:00,BTC/EUR,10.834286564554676,10.834286564554676,10.834286564554676,10.834286564554676,0.0,0.0
1351029600,2012-10-24 00:00:00,BTC/EUR,10.834286564554676,10.834286564554676,10.834286564554676,10.834286564554676,0.0,0.0
1351116000,2012-10-25 00:00:00,BTC/EUR,10.10108900854653,10.10108900854653,10.10108900854653,10.10108900854653,0.0,0.0
1351202400,2012-10-26 00:00:00,BTC/EUR,9.458471668108135,9.458471668108135,9.458471668108135,9.458471668108135,0.0,0.0
1351288800,2012-10-27 00:00:00,BTC/EUR,9.542077021082685,9.542077021082685,9.542077021082685,9.542077021082685,0.0,0.0
1351375200,2012-10-28 00:00:00,BTC/EUR,9.950803969161806,9.950803969161806,9.950803969161806,9.950803969161806,0.0,0.0
1351465200,2012-10-29 00:00:00,BTC/EUR,9.857805801225714,9.857805801225714,9.857805801225714,9.857805801225714,0.0,0.0
1351551600,2012-10-30 00:00:00,BTC/EUR,10.125175534041976,10.125175534041976,10.125175534041976,10.125175534041976,0.0,0.0
1351638000,2012-10-31 00:00:00,BTC/EUR,10.416724790521627,10.416724790521627,10.416724790521627,10.416724790521627,0.0,0.0
1351724400,2012-11-01 00:00:00,BTC/EUR,9.829906350844889,9.829906350844889,9.829906350844889,9.829906350844889,0.0,0.0
1351810800,2012-11-02 00:00:00,BTC/EUR,9.735792204893563,9.735792204893563,9.735792204893563,9.735792204893563,0.0,0.0
1351897200,2012-11-03 00:00:00,BTC/EUR,9.897330022598554,9.897330022598554,9.897330022598554,9.897330022598554,0.0,0.0
1351983600,2012-11-04 00:00:00,BTC/EUR,10.043895135265837,10.043895135265837,10.043895135265837,10.043895135265837,0.0,0.0
1352070000,2012-11-05 00:00:00,BTC/EUR,9.99544308977113,9.99544308977113,9.99544308977113,9.99544308977113,0.0,0.0
1352156400,2012-11-06 00:00:00,BTC/EUR,10.135870323354627,10.135870323354627,10.135870323354627,10.135870323354627,0.0,0.0
1352242800,2012-11-07 00:00:00,BTC/EUR,10.155399938621208,10.155399938621208,10.155399938621208,10.155399938621208,0.0,0.0
1352329200,2012-11-08 00:00:00,BTC/EUR,10.160049847018014,10.160049847018014,10.160049847018014,10.160049847018014,0.0,0.0
1352415600,2012-11-09 00:00:00,BTC/EUR,10.057751862288312,10.057751862288312,10.057751862288312,10.057751862288312,0.0,0.0
1352502000,2012-11-10 00:00:00,BTC/EUR,10.12750048824038,10.12750048824038,10.12750048824038,10.12750048824038,0.0,0.0
1352588400,2012-11-11 00:00:00,BTC/EUR,10.107691878469996,10.107691878469996,10.107691878469996,10.107691878469996,0.0,0.0
1352674800,2012-11-12 00:00:00,BTC/EUR,10.237238326404968,10.237238326404968,10.237238326404968,10.237238326404968,0.0,0.0
1352761200,2012-11-13 00:00:00,BTC/EUR,10.18441536701727,10.18441536701727,10.18441536701727,10.18441536701727,0.0,0.0
1352847600,2012-11-14 00:00:00,BTC/EUR,10.183299389002036,10.183299389002036,10.183299389002036,10.183299389002036,0.0,0.0
1352934000,2012-11-15 00:00:00,BTC/EUR,10.413655850979737,10.413655850979737,10.413655850979737,10.413655850979737,0.0,0.0
1353020400,2012-11-16 00:00:00,BTC/EUR,10.926261752643471,10.926261752643471,10.926261752643471,10.926261752643471,0.0,0.0
1353106800,2012-11-17 00:00:00,BTC/EUR,10.963461019817908,10.963461019817908,10.963461019817908,10.963461019817908,0.0,0.0
1353193200,2012-11-18 00:00:00,BTC/EUR,10.83568153707372,10.83568153707372,10.83568153707372,10.83568153707372,0.0,0.0
1353279600,2012-11-19 00:00:00,BTC/EUR,10.973690818290878,10.973690818290878,10.973690818290878,10.973690818290878,0.0,0.0
1353366000,2012-11-20 00:00:00,BTC/EUR,10.91128904760576,10.91128904760576,10.91128904760576,10.91128904760576,0.0,0.0
1353452400,2012-11-21 00:00:00,BTC/EUR,10.945884366077989,10.945884366077989,10.945884366077989,10.945884366077989,0.0,0.0
1353538800,2012-11-22 00:00:00,BTC/EUR,11.55213942285337,11.55213942285337,11.55213942285337,11.55213942285337,0.0,0.0
1353625200,2012-11-23 00:00:00,BTC/EUR,11.480623831710515,11.480623831710515,11.480623831710515,11.480623831710515,0.0,0.0
1353711600,2012-11-24 00:00:00,BTC/EUR,11.542467613388016,11.542467613388016,11.542467613388016,11.542467613388016,0.0,0.0
1353798000,2012-11-25 00:00:00,BTC/EUR,11.608124319950896,11.608124319950896,11.608124319950896,11.608124319950896,0.0,0.0
1353884400,2012-11-26 00:00:00,BTC/EUR,11.388090654614103,11.388090654614103,11.388090654614103,11.388090654614103,0.0,0.0
1353970800,2012-11-27 00:00:00,BTC/EUR,11.345776488203182,11.345776488203182,11.345776488203182,11.345776488203182,0.0,0.0
1354057200,2012-11-28 00:00:00,BTC/EUR,11.483134782244788,11.483134782244788,11.483134782244788,11.483134782244788,0.0,0.0
1354143600,2012-11-29 00:00:00,BTC/EUR,11.57827190804341,11.57827190804341,11.57827190804341,11.57827190804341,0.0,0.0
1354230000,2012-11-30 00:00:00,BTC/EUR,11.685219801169916,11.685219801169916,11.685219801169916,11.685219801169916,0.0,0.0
1354316400,2012-12-01 00:00:00,BTC/EUR,11.682429856131831,11.682429856131831,11.682429856131831,11.682429856131831,0.0,0.0
1354402800,2012-12-02 00:00:00,BTC/EUR,11.624770992011456,11.624770992011456,11.624770992011456,11.624770992011456,0.0,0.0
1354489200,2012-12-03 00:00:00,BTC/EUR,11.79123771261706,11.79123771261706,11.79123771261706,11.79123771261706,0.0,0.0
1354575600,2012-12-04 00:00:00,BTC/EUR,12.471054320229891,12.471054320229891,12.471054320229891,12.471054320229891,0.0,0.0
1354662000,2012-12-05 00:00:00,BTC/EUR,12.443154869849064,12.443154869849064,12.443154869849064,12.443154869849064,0.0,0.0
1354748400,2012-12-06 00:00:00,BTC/EUR,12.367826353820828,12.367826353820828,12.367826353820828,12.367826353820828,0.0,0.0
1354834800,2012-12-07 00:00:00,BTC/EUR,12.554659673204435,12.554659673204435,12.554659673204435,12.554659673204435,0.0,0.0
1354921200,2012-12-08 00:00:00,BTC/EUR,12.480447135191437,12.480447135191437,12.480447135191437,12.480447135191437,0.0,0.0
1355007600,2012-12-09 00:00:00,BTC/EUR,12.45059472328395,12.45059472328395,12.45059472328395,12.45059472328395,0.0,0.0
1355094000,2012-12-10 00:00:00,BTC/EUR,12.492815891526936,12.492815891526936,12.492815891526936,12.492815891526936,0.0,0.0
1355180400,2012-12-11 00:00:00,BTC/EUR,12.607761627095943,12.607761627095943,12.607761627095943,12.607761627095943,0.0,0.0
1355266800,2012-12-12 00:00:00,BTC/EUR,12.73972602739726,12.73972602739726,12.73972602739726,12.73972602739726,0.0,0.0
1355353200,2012-12-13 00:00:00,BTC/EUR,12.740842005412492,12.740842005412492,12.740842005412492,12.740842005412492,0.0,0.0
1355439600,2012-12-14 00:00:00,BTC/EUR,12.647750839308465,12.647750839308465,12.647750839308465,12.647750839308465,0.0,0.0
1355526000,2012-12-15 00:00:00,BTC/EUR,12.5455458527467,12.5455458527467,12.5455458527467,12.5455458527467,0.0,0.0
1355612400,2012-12-16 00:00:00,BTC/EUR,12.36875633550019,12.36875633550019,12.36875633550019,12.36875633550019,0.0,0.0
1355698800,2012-12-17 00:00:00,BTC/EUR,12.32235024970008,12.32235024970008,12.32235024970008,12.32235024970008,0.0,0.0
1355785200,2012-12-18 00:00:00,BTC/EUR,12.367826353820828,12.367826353820828,12.367826353820828,12.367826353820828,0.0,0.0
1355871600,2012-12-19 00:00:00,BTC/EUR,12.646820857629104,12.646820857629104,12.646820857629104,12.646820857629104,0.0,0.0
1355958000,2012-12-20 00:00:00,BTC/EUR,12.577630220684652,12.577630220684652,12.577630220684652,12.577630220684652,0.0,0.0
1356044400,2012-12-21 00:00:00,BTC/EUR,12.554752671372372,12.554752671372372,12.554752671372372,12.554752671372372,0.0,0.0
1356130800,2012-12-22 00:00:00,BTC/EUR,12.43515702740656,12.43515702740656,12.43515702740656,12.43515702740656,0.0,0.0
1356217200,2012-12-23 00:00:00,BTC/EUR,12.37991611565252,12.37991611565252,12.37991611565252,12.37991611565252,0.0,0.0
1356303600,2012-12-24 00:00:00,BTC/EUR,12.443154869849064,12.443154869849064,12.443154869849064,12.443154869849064,0.0,0.0
1356390000,2012-12-25 00:00:00,BTC/EUR,12.415255419468236,12.415255419468236,12.415255419468236,12.415255419468236,0.0,0.0
1356476400,2012-12-26 00:00:00,BTC/EUR,12.524900259464887,12.524900259464887,12.524900259464887,12.524900259464887,0.0,0.0
1356562800,2012-12-27 00:00:00,BTC/EUR,12.481935105878414,12.481935105878414,12.481935105878414,12.481935105878414,0.0,0.0
1356649200,2012-12-28 00:00:00,BTC/EUR,12.481470115038734,12.481470115038734,12.481470115038734,12.481470115038734,0.0,0.0
1356735600,2012-12-29 00:00:00,BTC/EUR,12.461754503436282,12.461754503436282,12.461754503436282,12.461754503436282,0.0,0.0
1356822000,2012-12-30 00:00:00,BTC/EUR,12.508253587404326,12.508253587404326,12.508253587404326,12.508253587404326,0.0,0.0
1356908400,2012-12-31 00:00:00,BTC/EUR,12.564052488165984,12.564052488165984,12.564052488165984,12.564052488165984,0.0,0.0
1356994800,2013-01-01 00:00:00,BTC/EUR,12.37256926038557,12.37256926038557,12.37256926038557,12.37256926038557,0.0,0.0
1357081200,2013-01-02 00:00:00,BTC/EUR,12.35015670191297,12.35015670191297,12.35015670191297,12.35015670191297,0.0,0.0
1357167600,2013-01-03 00:00:00,BTC/EUR,12.459801541909624,12.459801541909624,12.459801541909624,12.459801541909624,0.0,0.0
1357254000,2013-01-04 00:00:00,BTC/EUR,12.554752671372372,12.554752671372372,12.554752671372372,12.554752671372372,0.0,0.0
1357340400,2013-01-05 00:00:00,BTC/EUR,12.498953770610717,12.498953770610717,12.498953770610717,12.498953770610717,0.0,0.0
1357426800,2013-01-06 00:00:00,BTC/EUR,12.511973514121772,12.511973514121772,12.511973514121772,12.511973514121772,0.0,0.0
1357513200,2013-01-07 00:00:00,BTC/EUR,12.63621906648439,12.63621906648439,12.63621906648439,12.63621906648439,0.0,0.0
1357599600,2013-01-08 00:00:00,BTC/EUR,12.780552223121203,12.780552223121203,12.780552223121203,12.780552223121203,0.0,0.0
1357686000,2013-01-09 00:00:00,BTC/EUR,12.80584772479982,12.80584772479982,12.80584772479982,12.80584772479982,0.0,0.0
1357772400,2013-01-10 00:00:00,BTC/EUR,13.14994094616336,13.14994094616336,13.14994094616336,13.14994094616336,0.0,0.0
1357858800,2013-01-11 00:00:00,BTC/EUR,13.147151001125277,13.147151001125277,13.147151001125277,13.147151001125277,0.0,0.0
1357945200,2013-01-12 00:00:00,BTC/EUR,13.240149169061368,13.240149169061368,13.240149169061368,13.240149169061368,0.0,0.0
1358031600,2013-01-13 00:00:00,BTC/EUR,13.127621385858696,13.127621385858696,13.127621385858696,13.127621385858696,0.0,0.0
1358118000,2013-01-14 00:00:00,BTC/EUR,13.298738014861106,13.298738014861106,13.298738014861106,13.298738014861106,0.0,0.0
1358204400,2013-01-15 00:00:00,BTC/EUR,13.25223893089306,13.25223893089306,13.25223893089306,13.25223893089306,0.0,0.0
1358290800,2013-01-16 00:00:00,BTC/EUR,13.6986301369863,13.6986301369863,13.6986301369863,13.6986301369863,0.0,0.0
1358377200,2013-01-17 00:00:00,BTC/EUR,14.414716030094208,14.414716030094208,14.414716030094208,14.414716030094208,0.0,0.0
1358463600,2013-01-18 00:00:00,BTC/EUR,14.605362274363197,14.605362274363197,14.605362274363197,14.605362274363197,0.0,0.0
1358550000,2013-01-19 00:00:00,BTC/EUR,14.521663923220713,14.521663923220713,14.521663923220713,14.521663923220713,0.0,0.0
1358636400,2013-01-20 00:00:00,BTC/EUR,14.60071236596639,14.60071236596639,14.60071236596639,14.60071236596639,0.0,0.0
1358722800,2013-01-21 00:00:00,BTC/EUR,15.623692213263398,15.623692213263398,15.623692213263398,15.623692213263398,0.0,0.0
1358809200,2013-01-22 00:00:00,BTC/EUR,16.05278576012052,16.05278576012052,16.05278576012052,16.05278576012052,0.0,0.0
1358895600,2013-01-23 00:00:00,BTC/EUR,16.27467938881604,16.27467938881604,16.27467938881604,16.27467938881604,0.0,0.0
1358982000,2013-01-24 00:00:00,BTC/EUR,15.712970454482049,15.712970454482049,15.712970454482049,15.712970454482049,0.0,0.0
1359068400,2013-01-25 00:00:00,BTC/EUR,16.181681220879945,16.181681220879945,16.181681220879945,16.181681220879945,0.0,0.0
1359154800,2013-01-26 00:00:00,BTC/EUR,16.628072426973187,16.628072426973187,16.628072426973187,16.628072426973187,0.0,0.0
1359241200,2013-01-27 00:00:00,BTC/EUR,16.570599559188683,16.570599559188683,16.570599559188683,16.570599559188683,0.0,0.0
1359327600,2013-01-28 00:00:00,BTC/EUR,17.410187019315718,17.410187019315718,17.410187019315718,17.410187019315718,0.0,0.0
1359414000,2013-01-29 00:00:00,BTC/EUR,18.15826428219364,18.15826428219364,18.15826428219364,18.15826428219364,0.0,0.0
1359500400,2013-01-30 00:00:00,BTC/EUR,18.32063908341005,18.32063908341005,18.32063908341005,18.32063908341005,0.0,0.0
1359586800,2013-01-31 00:00:00,BTC/EUR,18.980926075756308,18.980926075756308,18.980926075756308,18.980926075756308,0.0,0.0
1359673200,2013-02-01 00:00:00,BTC/EUR,19.063694445219426,19.063694445219426,19.063694445219426,19.063694445219426,0.0,0.0
1359759600,2013-02-02 00:00:00,BTC/EUR,18.25554036585479,18.25554036585479,18.25554036585479,18.25554036585479,0.0,0.0
1359846000,2013-02-03 00:00:00,BTC/EUR,19.148322778041276,19.148322778041276,19.148322778041276,19.148322778041276,0.0,0.0
1359932400,2013-02-04 00:00:00,BTC/EUR,18.99961870751146,18.99961870751146,18.99961870751146,18.99961870751146,0.0,0.0
1360018800,2013-02-05 00:00:00,BTC/EUR,19.15762259483488,19.15762259483488,19.15762259483488,19.15762259483488,0.0,0.0
1360105200,2013-02-06 00:00:00,BTC/EUR,19.69701196886421,19.69701196886421,19.69701196886421,19.69701196886421,0.0,0.0
1360191600,2013-02-07 00:00:00,BTC/EUR,20.5990941978443,20.5990941978443,20.5990941978443,20.5990941978443,0.0,0.0
1360278000,2013-02-08 00:00:00,BTC/EUR,21.07338485431837,21.07338485431837,21.07338485431837,21.07338485431837,0.0,0.0
1360364400,2013-02-09 00:00:00,BTC/EUR,21.994066716885676,21.994066716885676,21.994066716885676,21.994066716885676,0.0,0.0
1360450800,2013-02-10 00:00:00,BTC/EUR,22.291474857945296,22.291474857945296,22.291474857945296,22.291474857945296,0.0,0.0
1360537200,2013-02-11 00:00:00,BTC/EUR,22.92404839624659,22.92404839624659,22.92404839624659,22.92404839624659,0.0,0.0
1360623600,2013-02-12 00:00:00,BTC/EUR,23.4074528731784,23.4074528731784,23.4074528731784,23.4074528731784,0.0,0.0
1360710000,2013-02-13 00:00:00,BTC/EUR,22.50555664053418,22.50555664053418,22.50555664053418,22.50555664053418,0.0,0.0
1360796400,2013-02-14 00:00:00,BTC/EUR,25.31456630304383,25.31456630304383,25.31456630304383,25.31456630304383,0.0,0.0
1360882800,2013-02-15 00:00:00,BTC/EUR,25.20250351068084,25.20250351068084,25.20250351068084,25.20250351068084,0.0,0.0
1360969200,2013-02-16 00:00:00,BTC/EUR,25.310195389150834,25.310195389150834,25.310195389150834,25.310195389150834,0.0,0.0
1361055600,2013-02-17 00:00:00,BTC/EUR,24.93708673939123,24.93708673939123,24.93708673939123,24.93708673939123,0.0,0.0
1361142000,2013-02-18 00:00:00,BTC/EUR,25.0630062587767,25.0630062587767,25.0630062587767,25.0630062587767,0.0,0.0
1361228400,2013-02-19 00:00:00,BTC/EUR,27.357829050767695,27.357829050767695,27.357829050767695,27.357829050767695,0.0,0.0
1361314800,2013-02-20 00:00:00,BTC/EUR,27.56930688465437,27.56930688465437,27.56930688465437,27.56930688465437,0.0,0.0
1361401200,2013-02-21 00:00:00,BTC/EUR,27.66481600312473,27.66481600312473,27.66481600312473,27.66481600312473,0.0,0.0
1361487600,2013-02-22 00:00:00,BTC/EUR,28.127667884942664,28.127667884942664,28.127667884942664,28.127667884942664,0.0,0.0
1361574000,2013-02-23 00:00:00,BTC/EUR,27.713454044955316,27.713454044955316,27.713454044955316,27.713454044955316,0.0,0.0
1361660400,2013-02-24 00:00:00,BTC/EUR,27.7971523960978,27.7971523960978,27.7971523960978,27.7971523960978,0.0,0.0
1361746800,2013-02-25 00:00:00,BTC/EUR,28.27144305257186,28.27144305257186,28.27144305257186,28.27144305257186,0.0,0.0
1361833200,2013-02-26 00:00:00,BTC/EUR,28.922430228124504,28.922430228124504,28.922430228124504,28.922430228124504,0.0,0.0
1361919600,2013-02-27 00:00:00,BTC/EUR,28.737549870267557,28.737549870267557,28.737549870267557,28.737549870267557,0.0,0.0
1362006000,2013-02-28 00:00:00,BTC/EUR,31.042788457067395,31.042788457067395,31.042788457067395,31.042788457067395,0.0,0.0
1362092400,2013-03-01 00:00:00,BTC/EUR,32.08436793795162,32.08436793795162,32.08436793795162,32.08436793795162,0.0,0.0
1362178800,2013-03-02 00:00:00,BTC/EUR,31.851872518111392,31.851872518111392,31.851872518111392,31.851872518111392,0.0,0.0
1362265200,2013-03-03 00:00:00,BTC/EUR,32.08436793795162,32.08436793795162,32.08436793795162,32.08436793795162,0.0,0.0
1362351600,2013-03-04 00:00:00,BTC/EUR,33.62069767225586,33.62069767225586,33.62069767225586,33.62069767225586,0.0,0.0
1362438000,2013-03-05 00:00:00,BTC/EUR,37.50616112862576,37.50616112862576,37.50616112862576,37.50616112862576,0.0,0.0
1362524400,2013-03-06 00:00:00,BTC/EUR,38.14794148555273,38.14794148555273,38.14794148555273,38.14794148555273,0.0,0.0
1362610800,2013-03-07 00:00:00,BTC/EUR,39.05923053315849,39.05923053315849,39.05923053315849,39.05923053315849,0.0,0.0
1362697200,2013-03-08 00:00:00,BTC/EUR,41.086590594165294,41.086590594165294,41.086590594165294,41.086590594165294,0.0,0.0
1362783600,2013-03-09 00:00:00,BTC/EUR,43.56964167805894,43.56964167805894,43.56964167805894,43.56964167805894,0.0,0.0
1362870000,2013-03-10 00:00:00,BTC/EUR,42.77915725060216,42.77915725060216,42.77915725060216,42.77915725060216,0.0,0.0
1362956400,2013-03-11 00:00:00,BTC/EUR,45.01111328106836,45.01111328106836,45.01111328106836,45.01111328106836,0.0,0.0
1363042800,2013-03-12 00:00:00,BTC/EUR,41.18879558072706,41.18879558072706,41.18879558072706,41.18879558072706,0.0,0.0
1363129200,2013-03-13 00:00:00,BTC/EUR,43.6347403956142,43.6347403956142,43.6347403956142,43.6347403956142,0.0,0.0
1363215600,2013-03-14 00:00:00,BTC/EUR,43.86686382278269,43.86686382278269,43.86686382278269,43.86686382278269,0.0,0.0
1363302000,2013-03-15 00:00:00,BTC/EUR,43.66263984599503,43.66263984599503,43.66263984599503,43.66263984599503,0.0,0.0
1363388400,2013-03-16 00:00:00,BTC/EUR,43.70932492629895,43.70932492629895,43.70932492629895,43.70932492629895,0.0,0.0
1363474800,2013-03-17 00:00:00,BTC/EUR,44.08113160170744,44.08113160170744,44.08113160170744,44.08113160170744,0.0,0.0
1363561200,2013-03-18 00:00:00,BTC/EUR,47.98705465502329,47.98705465502329,47.98705465502329,47.98705465502329,0.0,0.0
1363647600,2013-03-19 00:00:00,BTC/EUR,54.9991165174046,54.9991165174046,54.9991165174046,54.9991165174046,0.0,0.0
1363734000,2013-03-20 00:00:00,BTC/EUR,59.97340252397027,59.97340252397027,59.97340252397027,59.97340252397027,0.0,0.0
1363820400,2013-03-21 00:00:00,BTC/EUR,65.88920198272093,65.88920198272093,65.88920198272093,65.88920198272093,0.0,0.0
1363906800,2013-03-22 00:00:00,BTC/EUR,64.97317002855043,64.97317002855043,64.97317002855043,64.97317002855043,0.0,0.0
1363993200,2013-03-23 00:00:00,BTC/EUR,59.844321066874976,59.844321066874976,59.844321066874976,59.844321066874976,0.0,0.0
1364079600,2013-03-24 00:00:00,BTC/EUR,66.49369007430553,66.49369007430553,66.49369007430553,66.49369007430553,0.0,0.0
1364166000,2013-03-25 00:00:00,BTC/EUR,68.44665160096345,68.44665160096345,68.44665160096345,68.44665160096345,0.0,0.0
1364252400,2013-03-26 00:00:00,BTC/EUR,73.00356182983195,73.00356182983195,73.00356182983195,73.00356182983195,0.0,0.0
1364338800,2013-03-27 00:00:00,BTC/EUR,82.6939709287727,82.6939709287727,82.6939709287727,82.6939709287727,0.0,0.0
1364425200,2013-03-28 00:00:00,BTC/EUR,80.1458211273238,80.1458211273238,80.1458211273238,80.1458211273238,0.0,0.0
1364511600,2013-03-29 00:00:00,BTC/EUR,84.16334198216295,84.16334198216295,84.16334198216295,84.16334198216295,0.0,0.0
1364598000,2013-03-30 00:00:00,BTC/EUR,85.7350110202829,85.7350110202829,85.7350110202829,85.7350110202829,0.0,0.0
1364684400,2013-03-31 00:00:00,BTC/EUR,86.51619563094607,86.51619563094607,86.51619563094607,86.51619563094607,0.0,0.0
1364767200,2013-04-01 00:00:00,BTC/EUR,96.71809465353532,96.71809465353532,96.71809465353532,96.71809465353532,0.0,0.0
1364853600,2013-04-02 00:00:00,BTC/EUR,109.71923853100094,109.71923853100094,109.71923853100094,109.71923853100094,0.0,0.0
1364940000,2013-04-03 00:00:00,BTC/EUR,125.54752671372373,125.54752671372373,125.54752671372373,125.54752671372373,0.0,0.0
1365026400,2013-04-04 00:00:00,BTC/EUR,122.8691794771643,122.8691794771643,122.8691794771643,122.8691794771643,0.0,0.0
1365112800,2013-04-05 00:00:00,BTC/EUR,132.35834054069133,132.35834054069133,132.35834054069133,132.35834054069133,0.0,0.0
1365199200,2013-04-06 00:00:00,BTC/EUR,132.64430990709482,132.64430990709482,132.64430990709482,132.64430990709482,0.0,0.0
1365285600,2013-04-07 00:00:00,BTC/EUR,150.9369565419561,150.9369565419561,150.9369565419561,150.9369565419561,0.0,0.0
1365372000,2013-04-08 00:00:00,BTC/EUR,174.37156488017186,174.37156488017186,174.37156488017186,174.37156488017186,0.0,0.0
1365458400,2013-04-09 00:00:00,BTC/EUR,213.8957862530108,213.8957862530108,213.8957862530108,213.8957862530108,0.0,0.0
1365544800,2013-04-10 00:00:00,BTC/EUR,153.44697709455122,153.44697709455122,153.44697709455122,153.44697709455122,0.0,0.0
1365631200,2013-04-11 00:00:00,BTC/EUR,116.15471175217849,116.15471175217849,116.15471175217849,116.15471175217849,0.0,0.0
1365717600,2013-04-12 00:00:00,BTC/EUR,108.80785648522723,108.80785648522723,108.80785648522723,108.80785648522723,0.0,0.0
1365804000,2013-04-13 00:00:00,BTC/EUR,86.48829618056524,86.48829618056524,86.48829618056524,86.48829618056524,0.0,0.0
1365890400,2013-04-14 00:00:00,BTC/EUR,83.6983511424825,83.6983511424825,83.6983511424825,83.6983511424825,0.0,0.0
1365976800,2013-04-15 00:00:00,BTC/EUR,76.61747063582847,76.61747063582847,76.61747063582847,76.61747063582847,0.0,0.0
1366063200,2013-04-16 00:00:00,BTC/EUR,63.569548679891,63.569548679891,63.569548679891,63.569548679891,0.0,0.0
1366149600,2013-04-17 00:00:00,BTC/EUR,86.55339489812049,86.55339489812049,86.55339489812049,86.55339489812049,0.0,0.0
1366236000,2013-04-18 00:00:00,BTC/EUR,101.37730286713352,101.37730286713352,101.37730286713352,101.37730286713352,0.0,0.0
1366322400,2013-04-19 00:00:00,BTC/EUR,110.1842293706814,110.1842293706814,110.1842293706814,110.1842293706814,0.0,0.0
1366408800,2013-04-20 00:00:00,BTC/EUR,117.75009532312212,117.75009532312212,117.75009532312212,117.75009532312212,0.0,0.0
1366495200,2013-04-21 00:00:00,BTC/EUR,110.85381617982124,110.85381617982124,110.85381617982124,110.85381617982124,0.0,0.0
1366581600,2013-04-22 00:00:00,BTC/EUR,118.47966595058077,118.47966595058077,118.47966595058077,118.47966595058077,0.0,0.0
1366668000,2013-04-23 00:00:00,BTC/EUR,133.4291214463075,133.4291214463075,133.4291214463075,133.4291214463075,0.0,0.0
1366754400,2013-04-24 00:00:00,BTC/EUR,143.40317495745333,143.40317495745333,143.40317495745333,143.40317495745333,0.0,0.0
1366840800,2013-04-25 00:00:00,BTC/EUR,131.7877037822355,131.7877037822355,131.7877037822355,131.7877037822355,0.0,0.0
1366927200,2013-04-26 00:00:00,BTC/EUR,127.31449190450948,127.31449190450948,127.31449190450948,127.31449190450948,0.0,0.0
1367013600,2013-04-27 00:00:00,BTC/EUR,119.03774795636524,119.03774795636524,119.03774795636524,119.03774795636524,0.0,0.0
1367100000,2013-04-28 00:00:00,BTC/EUR,125.0308288926708,126.45890875949742,122.85057984357708,124.8128411870286,0.0,1379477838.3865836
1367186400,2013-04-29 00:00:00,BTC/EUR,125.03045689999904,137.16113792558286,124.61754503436282,134.41955193482687,0.0,1441007427.072645
1367272800,2013-04-30 00:00:00,BTC/EUR,133.91736182797197,136.64220814849946,124.66404411833086,129.26745343116738,0.0,1468147800.3220837
1367359200,2013-05-01 00:00:00,BTC/EUR,129.26745343116738,130.0951371257986,100.17762650075792,108.79855666843362,0.0,1322941787.887195
1367445600,2013-05-02 00:00:00,BTC/EUR,108.23126784402346,116.80569892773111,85.82047633661615,97.84337248556204,0.0,1149870055.8254714
1367532000,2013-05-03 00:00:00,BTC/EUR,98.81055343209738,100.55705902593718,73.5615508374485,90.9057091575296,0.0,964890250.6888322
1367618400,2013-05-04 00:00:00,BTC/EUR,91.23120274530592,106.9478931265054,86.02330534088478,104.62293892810312,0.0,1079783194.2461774
1367704800,2013-05-05 00:00:00,BTC/EUR,104.99493159984748,110.48182350807689,99.64102707176669,107.79417645472384,0.0,1179505711.2581174
1367791200,2013-05-06 00:00:00,BTC/EUR,107.8592751722791,115.93430609416993,99.17324628704814,104.43694259223092,0.0,1229636719.777662
1367877600,2013-05-07 00:00:00,BTC/EUR,104.39044350826288,105.5008416334198,90.85921007356154,103.6929572487422,0.0,1116022106.5718963
1367964000,2013-05-08 00:00:00,BTC/EUR,101.92599205795644,107.67327883640692,101.92599205795644,105.61429939830184,0.0,1168010208.7899284
1368050400,2013-05-09 00:00:00,BTC/EUR,105.27392610365575,105.5157213402896,101.60979828697374,104.78103581359449,0.0,1158173439.3835633
1368136800,2013-05-10 00:00:00,BTC/EUR,104.90100345023204,113.4577648820318,103.7403863143896,108.99385282109942,0.0,1206166175.0854795
1368223200,2013-05-11 00:00:00,BTC/EUR,109.45884366077988,110.36929572487422,105.09722958457718,107.1738786745901,0.0,1204914313.4634502
1368309600,2013-05-12 00:00:00,BTC/EUR,107.5430814012964,109.22541825926028,105.49247179830556,106.9478931265054,0.0,1196190635.807088
1368396000,2013-05-13 00:00:00,BTC/EUR,106.78049642422044,110.38789535846144,106.48290228682494,109.71923853100094,0.0,1210289214.2597706
1368482400,2013-05-14 00:00:00,BTC/EUR,109.71923853100094,111.4118051874378,102.53048014954103,103.6929572487422,0.0,1219705421.137683
1368568800,2013-05-15 00:00:00,BTC/EUR,103.5999590808061,107.70117828678777,96.25310381385486,106.22250741660388,0.0,1162663298.5884373
1368655200,2013-05-16 00:00:00,BTC/EUR,106.22250741660388,110.44462424090246,104.34394442429485,110.44462424090246,0.0,1192849737.8861215
1368741600,2013-05-17 00:00:00,BTC/EUR,109.93313431725392,116.52670442392284,108.4088943447814,114.40169628658316,0.0,1241370914.390278
1368828000,2013-05-18 00:00:00,BTC/EUR,114.85273740107318,116.4802053399548,113.73675938584007,114.85087743771447,0.0,1282663958.0369017
1368914400,2013-05-19 00:00:00,BTC/EUR,114.58397269573788,115.7827190804341,111.19883938286416,113.4484650652382,0.0,1273015576.878815
1369000800,2013-05-20 00:00:00,BTC/EUR,113.92275572171228,114.96526518427584,111.7093993248333,113.4577648820318,0.0,1272467880.6867087
1369087200,2013-05-21 00:00:00,BTC/EUR,113.47636451561904,114.38774656139272,112.72307935533668,114.2761487598694,0.0,1271437087.5014594
1369173600,2013-05-22 00:00:00,BTC/EUR,114.28544857666304,115.31865822243302,113.4577648820318,115.2145002743446,0.0,1276439073.3384843
1369260000,2013-05-23 00:00:00,BTC/EUR,115.13173190488146,118.04629448799858,114.48074472932882,117.82867877502812,0.0,1300808999.1119158
1369346400,2013-05-24 00:00:00,BTC/EUR,117.45668610328376,124.47804778245867,116.91636674757504,123.87355969087407,0.0,1340342308.5348551
1369432800,2013-05-25 00:00:00,BTC/EUR,123.780561522938,123.89122934278193,119.87463846962214,122.73898204205376,0.0,1369731722.9247458
1369519200,2013-05-26 00:00:00,BTC/EUR,122.74456193212993,126.47750839308463,121.46955704972612,124.13395456109512,0.0,1389246563.1450217
1369605600,2013-05-27 00:00:00,BTC/EUR,124.15255419468237,125.97996819462657,115.9687154163063,120.66047298868212,0.0,1384668581.4053004
1369692000,2013-05-28 00:00:00,BTC/EUR,120.68372253066616,121.43700769094848,116.80569892773111,119.96763663755824,0.0,1338504251.533953
1369778400,2013-05-29 00:00:00,BTC/EUR,119.96763663755824,123.30627086646392,118.72332115057333,123.03657617944928,0.0,1352580426.579958
1369864800,2013-05-30 00:00:00,BTC/EUR,122.9900770954812,122.9900770954812,118.1076732788364,119.78071032000668,0.0,1361070481.2830167
1369951200,2013-05-31 00:00:00,BTC/EUR,119.78071032000668,120.80462014898306,117.54968427121986,119.96763663755824,0.0,1341973513.8950272
1370037600,2013-06-01 00:00:00,BTC/EUR,119.79559002687644,120.69302234745976,118.2927396330292,120.24663114136652,0.0,1343511199.217188
1370124000,2013-06-02 00:00:00,BTC/EUR,120.24663114136652,120.3396293093026,106.99439221047344,113.7293195324052,0.0,1287838676.906674
1370210400,2013-06-03 00:00:00,BTC/EUR,113.92275572171228,113.92275572171228,107.87787480586633,113.66422081484994,0.0,1249571894.590968
1370296800,2013-06-04 00:00:00,BTC/EUR,112.28319802099897,115.1689311720559,110.76081801188516,112.91837550800248,0.0,1270838372.7501965
1370383200,2013-06-05 00:00:00,BTC/EUR,112.89977587441528,114.823907969013,111.50387337369452,113.1322712942555,0.0,1270539163.3012953
1370469600,2013-06-06 00:00:00,BTC/EUR,113.36476671409572,114.48074472932882,109.04035190506748,109.73783816458815,0.0,1267520734.0549536
1370556000,2013-06-07 00:00:00,BTC/EUR,110.63992039356825,110.66781984394906,98.96865031758874,103.6929572487422,0.0,1195645608.119541
1370642400,2013-06-08 00:00:00,BTC/EUR,103.22796640906174,103.61390880599652,99.78703419542634,100.71701587478724,0.0,1144315665.773884
1370728800,2013-06-09 00:00:00,BTC/EUR,100.337583349608,101.3587032335463,82.3033786234411,92.99816793609163,0.0,1047314608.835934
1370815200,2013-06-10 00:00:00,BTC/EUR,93.40456992997235,102.39191287931628,88.35011950264578,98.90355160003348,0.0,1094723488.8431787
1370901600,2013-06-11 00:00:00,BTC/EUR,98.90355160003348,101.92599205795644,96.71809465353532,101.27500488240382,0.0,1120520004.006374
1370988000,2013-06-12 00:00:00,BTC/EUR,101.3680030503399,103.95986199071878,99.26066456490804,100.57751862288312,0.0,1142298583.7961285
1371074400,2013-06-13 00:00:00,BTC/EUR,101.15968715416304,102.57697923350908,93.49105822615294,96.71809465353532,0.0,1137067623.7441883
1371160800,2013-06-14 00:00:00,BTC/EUR,96.67066558788792,97.36908182908796,91.13820457736982,92.97854532265713,0.0,1067704492.550312
1371247200,2013-06-15 00:00:00,BTC/EUR,92.99816793609163,96.43910014972704,91.13820457736982,92.98710115410726,0.0,1055870142.9123514
1371333600,2013-06-16 00:00:00,BTC/EUR,92.81217160021949,94.48613862306912,92.01852523505286,92.5424769132048,0.0,1050586980.933723
1371420000,2013-06-17 00:00:00,BTC/EUR,92.90516976815556,95.05342744747928,92.06818625673074,94.5791367910052,0.0,1061833372.8787647
1371506400,2013-06-18 00:00:00,BTC/EUR,94.81163221084545,103.3311943754708,93.95883901087149,99.88003236336245,0.0,1105678516.1724298
1371592800,2013-06-19 00:00:00,BTC/EUR,99.55453877558612,102.50723060755702,98.35021250081373,100.6705167908192,0.0,1132754977.5364215
1371679200,2013-06-20 00:00:00,BTC/EUR,100.67144677249858,106.29690595095276,99.97303053129852,102.43748198160496,0.0,1159064945.202293
1371765600,2013-06-21 00:00:00,BTC/EUR,103.4976610960764,106.9385933097118,100.1450771419803,101.83299389002036,0.0,1163415911.705602
1371852000,2013-06-22 00:00:00,BTC/EUR,101.83299389002036,102.25706553580892,99.98605027480956,100.71701587478724,0.0,1143531602.5922203
1371938400,2013-06-23 00:00:00,BTC/EUR,100.62401770685118,101.18200671446772,98.7956737252276,100.0660286992346,0.0,1132564217.06576
1372024800,2013-06-24 00:00:00,BTC/EUR,100.3450232030429,100.74863525188552,93.90954998186535,95.54352779250247,0.0,1098513881.3941407
1372111200,2013-06-25 00:00:00,BTC/EUR,94.94182964595598,99.01514940155678,93.93744943224618,96.67159556956727,0.0,1096796903.984429
1372197600,2013-06-26 00:00:00,BTC/EUR,96.09407694668414,98.10283737410371,95.59467678486732,96.71809465353532,0.0,1098806737.723816
1372284000,2013-06-27 00:00:00,BTC/EUR,96.71809465353532,96.71809465353532,94.02114778338866,94.33455160933327,0.0,1084374945.6001222
1372370400,2013-06-28 00:00:00,BTC/EUR,94.61354611314157,94.61354611314157,85.8679984004315,88.02202196616726,0.0,1028353767.1749532
1372456800,2013-06-29 00:00:00,BTC/EUR,88.03206576830435,92.98886811929805,86.48829618056524,88.34267964921091,0.0,1016771877.0947876
1372543200,2013-06-30 00:00:00,BTC/EUR,88.34732955760771,91.25194133675564,87.62501278724808,89.8492499697756,0.0,1017309252.6608692
1372629600,2013-07-01 00:00:00,BTC/EUR,90.68251355448298,90.82656771661598,80.25481498014489,81.8848868677287,0.0,994012140.3747928
1372716000,2013-07-02 00:00:00,BTC/EUR,81.8848868677287,85.83730900501259,81.38269676087381,83.82296868751685,0.0,950226081.5396312
1372802400,2013-07-03 00:00:00,BTC/EUR,84.07499372262366,84.61084916627142,71.58924569185987,72.10147960085186,0.0,917163585.4132304
1372888800,2013-07-04 00:00:00,BTC/EUR,73.3662546847827,77.28612746328898,66.95868091398599,74.8875187158813,0.0,837932391.498438
1372975200,2013-07-05 00:00:00,BTC/EUR,74.38923453207971,74.39853434887333,60.93797952180341,63.63957630034688,0.0,780128908.8550788
1373061600,2013-07-06 00:00:00,BTC/EUR,63.70839494461959,69.74862595206874,62.14137581489644,65.35660147495093,0.0,736579472.0267968
1373148000,2013-07-07 00:00:00,BTC/EUR,63.93531047438365,69.34045699299723,61.955379479024266,69.34045699299723,0.0,735733373.3743912
1373234400,2013-07-08 00:00:00,BTC/EUR,71.14359847111011,74.39853434887333,67.51666992160253,71.15847817797989,0.0,817034965.1121247
1373320800,2013-07-09 00:00:00,BTC/EUR,70.67860763142966,72.81756549395976,67.44227138725367,71.32401491690614,0.0,802596834.9074564
1373407200,2013-07-10 00:00:00,BTC/EUR,71.34819444056951,80.90840610439973,70.86460396730185,80.68521050135313,0.0,834755798.8746568
1373493600,2013-07-11 00:00:00,BTC/EUR,81.83838778376065,83.95874601270354,79.12274828185883,82.74976982953436,0.0,923258132.4030144
1373580000,2013-07-12 00:00:00,BTC/EUR,82.748839847855,96.71809465353532,81.99276474253456,87.04154228161704,0.0,1016847884.9536456
1373666400,2013-07-13 00:00:00,BTC/EUR,87.40888504496462,91.37069999721004,81.89623264421691,91.26272912423624,0.0,986508143.0519776
1373752800,2013-07-14 00:00:00,BTC/EUR,91.78919175292246,91.78919175292246,86.35809874545471,88.06117419486836,0.0,1016134394.2107496
1373839200,2013-07-15 00:00:00,BTC/EUR,87.0509350965786,94.7651331268774,86.59059416529493,91.51038324545006,0.0,1029214315.13695
1373925600,2013-07-16 00:00:00,BTC/EUR,91.96616726650484,92.87010945884366,89.40992662444549,90.6274586390648,0.0,1040583146.729431
1374012000,2013-07-17 00:00:00,BTC/EUR,89.93852821099424,92.97026848571082,89.44563792093295,91.60319541705027,0.0,1041728609.8429714
1374098400,2013-07-18 00:00:00,BTC/EUR,91.60319541705027,91.88218992085856,80.164420760911,84.23774051651182,0.0,976658264.1558198
1374184800,2013-07-19 00:00:00,BTC/EUR,83.76242688019045,88.53434887332719,81.65239144788846,85.71641138669568,0.0,963112949.0035504
1374271200,2013-07-20 00:00:00,BTC/EUR,85.55831450120432,86.58129434850132,83.02048749639631,83.13115531624027,0.0,977573846.6515752
1374357600,2013-07-21 00:00:00,BTC/EUR,83.53225641454863,85.51181541723628,81.83838778376065,84.40262626826251,0.0,953824064.6855077
1374444000,2013-07-22 00:00:00,BTC/EUR,85.5564545378456,85.5564545378456,83.7684717611063,85.19562164625356,0.0,970032960.103915
1374530400,2013-07-23 00:00:00,BTC/EUR,85.18632182945994,90.04017520854838,85.18632182945994,88.86765430721013,0.0,999309590.1648237
1374616800,2013-07-24 00:00:00,BTC/EUR,88.86765430721013,89.26894140185438,86.48829618056524,87.89256851640023,0.0,1006371383.6212338
1374703200,2013-07-25 00:00:00,BTC/EUR,87.88791860800342,90.515116852198,87.29338132038798,90.1152247300728,0.0,1019913647.1097976
1374789600,2013-07-26 00:00:00,BTC/EUR,90.16172381404084,90.6444773037971,89.27824121864799,89.29702684857108,0.0,1027239062.8309828
1374876000,2013-07-27 00:00:00,BTC/EUR,89.29693385040314,90.2035729896121,86.48829618056524,87.52615573473201,0.0,1008045290.5340264
1374962400,2013-07-28 00:00:00,BTC/EUR,87.79027053167053,93.5347673650829,87.41827785992615,92.7712524063276,0.0,1028164667.79256
1375048800,2013-07-29 00:00:00,BTC/EUR,91.69619358498636,95.32312213449394,91.56134624147904,94.11414595132476,0.0,1072298109.6733851
1375135200,2013-07-30 00:00:00,BTC/EUR,94.38291065666006,100.42872155418536,93.43525932539129,100.42872155418536,0.0,1090314888.4278867
1375221600,2013-07-31 00:00:00,BTC/EUR,100.39152228701094,103.54788010676188,96.606496852012,98.66175636339965,0.0,1150675263.8529153
1375308000,2013-08-01 00:00:00,BTC/EUR,98.77614410996102,100.438021370979,95.79834277264736,96.71809465353532,0.0,1126568050.17587
1375394400,2013-08-02 00:00:00,BTC/EUR,97.51415897106826,100.438021370979,94.12437574979772,97.18401547489516,0.0,1118530849.3458097
1375480800,2013-08-03 00:00:00,BTC/EUR,97.18401547489516,98.37346204279775,94.8599912581722,96.72274456193212,0.0,1111104591.0192442
1375567200,2013-08-04 00:00:00,BTC/EUR,97.6015772489282,98.5315589282891,96.27449339248015,97.7819936947242,0.0,1119779935.5448167
1375653600,2013-08-05 00:00:00,BTC/EUR,97.75967413441956,100.22412558472595,97.64807633289624,98.78265398171656,0.0,1138533065.953913
1375740000,2013-08-06 00:00:00,BTC/EUR,99.247644821397,99.86329269313394,98.16607612830026,99.27554427177785,0.0,1140836123.8854425
1375826400,2013-08-07 00:00:00,BTC/EUR,99.27554427177785,99.27554427177785,99.27554427177785,99.27554427177785,0.0,1143038761.6363957
1375912800,2013-08-08 00:00:00,BTC/EUR,99.27554427177785,99.27554427177785,94.16994485208642,95.7881129741744,0.0,1116651616.2209728
1375999200,2013-08-09 00:00:00,BTC/EUR,95.85321169172964,98.34556259241693,94.79768248565505,95.60211663830222,0.0,1106467004.527719
1376085600,2013-08-10 00:00:00,BTC/EUR,95.60211663830222,96.62509648559924,95.23942378335146,95.7881129741744,0.0,1104994263.1270788
1376172000,2013-08-11 00:00:00,BTC/EUR,95.7881129741744,97.8247728519748,95.56026746273098,97.64807633289624,0.0,1115572459.6165178
1376258400,2013-08-12 00:00:00,BTC/EUR,97.64807633289624,100.438021370979,96.25310381385486,99.16952636033068,0.0,1125084899.3592944
1376344800,2013-08-13 00:00:00,BTC/EUR,99.49873987482444,101.69349663811622,97.32258274511992,101.3680030503399,0.0,1147873322.3517995
1376431200,2013-08-14 00:00:00,BTC/EUR,101.88414288238522,106.9432432181086,100.43895135265836,104.68059779222348,0.0,1204335586.6368177
1376517600,2013-08-15 00:00:00,BTC/EUR,104.68059779222348,105.315775279227,101.3680030503399,102.2886849129072,0.0,1194730362.009122
1376604000,2013-08-16 00:00:00,BTC/EUR,102.293334821304,104.43694259223092,100.91882189920858,101.36242316026372,0.0,1179368395.7899983
1376690400,2013-08-17 00:00:00,BTC/EUR,101.36242316026372,105.78541602730424,100.6472672488352,105.55292060746405,0.0,1188079972.408606
1376776800,2013-08-18 00:00:00,BTC/EUR,104.85543434794334,106.6577388425448,104.15794808842266,105.55292060746405,0.0,1219845632.7493274
1376863200,2013-08-19 00:00:00,BTC/EUR,105.44132280594071,114.4454054255131,103.944982283849,110.66781984394906,0.0,1268982460.0062668
1376949600,2013-08-20 00:00:00,BTC/EUR,110.66781984394906,114.3979763598657,109.28028717834258,112.71842944693988,0.0,1297093514.3400593
1377036000,2013-08-21 00:00:00,BTC/EUR,112.72307935533668,116.16773149568952,111.30206734927322,114.666741065201,0.0,1318168423.3988185
1377122400,2013-08-22 00:00:00,BTC/EUR,114.666741065201,114.85273740107318,112.15579053092652,112.66728045457504,0.0,1316596839.6316342
1377208800,2013-08-23 00:00:00,BTC/EUR,113.4577648820318,113.4577648820318,110.1507500302244,110.20375898594796,0.0,1292768443.335312
1377295200,2013-08-24 00:00:00,BTC/EUR,110.21212882106222,112.89047605762164,109.75643779817536,111.63965069888124,0.0,1287727623.6074817
1377381600,2013-08-25 00:00:00,BTC/EUR,111.22859879660368,114.37565679956104,110.82591672944042,113.56099284844088,0.0,1307993524.2264924
1377468000,2013-08-26 00:00:00,BTC/EUR,113.56099284844088,114.1599010499493,111.53270280575472,111.6498804973542,0.0,1312286657.4107656
1377554400,2013-08-27 00:00:00,BTC/EUR,111.66290024086524,118.33086888188302,111.66290024086524,117.64268243915592,0.0,1346056751.5249116
1377640800,2013-08-28 00:00:00,BTC/EUR,117.62408280556872,118.40526741623188,114.0343535232356,114.0343535232356,0.0,1340465983.4314852
1377727200,2013-08-29 00:00:00,BTC/EUR,114.0343535232356,115.03873373694536,113.6530610346976,113.82045773698258,0.0,1328003235.548343
1377813600,2013-08-30 00:00:00,BTC/EUR,113.78325846980812,126.2450129732444,112.51848338587727,124.14325437788877,0.0,1361996541.1907518
1377900000,2013-08-31 00:00:00,BTC/EUR,123.7712617061444,131.0251188051595,123.42716848478084,125.87302030150003,0.0,1469319210.2117672
1377986400,2013-09-01 00:00:00,BTC/EUR,125.67772414883424,135.60062866761524,125.37083019464517,128.6536655227892,0.0,1489335717.676745
1378072800,2013-09-02 00:00:00,BTC/EUR,128.92336020980386,136.24231602637428,125.445228728994,126.3380111411805,0.0,1485147828.789856
1378159200,2013-09-03 00:00:00,BTC/EUR,126.1148155381339,128.6536655227892,123.6875633550019,127.19359428619256,0.0,1473637553.4222808
1378245600,2013-09-04 00:00:00,BTC/EUR,126.97039868314592,134.38235266765244,114.95503538580289,117.86587804220255,0.0,1453992610.6452205
1378332000,2013-09-05 00:00:00,BTC/EUR,117.88447767578978,122.23679193519888,113.29966799654046,117.57758372160067,0.0,1374092492.4484196
1378418400,2013-09-06 00:00:00,BTC/EUR,117.63338262236232,118.42386704981912,110.8073170958532,110.8073170958532,0.0,1352979313.2550287
1378504800,2013-09-07 00:00:00,BTC/EUR,110.56552185921936,117.12189269871382,110.16562973709416,115.4572254926578,0.0,1329014572.1638658
1378591200,2013-09-08 00:00:00,BTC/EUR,115.43862585907056,115.98731504989352,112.05349254619682,113.1415711110491,0.0,1330382150.184394
1378677600,2013-09-09 00:00:00,BTC/EUR,113.3275674469213,120.02343553831987,111.36530610346976,118.2099712635661,0.0,1339349017.9651792
1378764000,2013-09-10 00:00:00,BTC/EUR,118.35876833226384,120.65582308028532,117.0846934315394,117.093993248333,0.0,1385706508.6543837
1378850400,2013-09-11 00:00:00,BTC/EUR,117.07539361474578,128.17937486631513,114.63884161482018,125.78002213356396,0.0,1399337994.2330115
1378936800,2013-09-12 00:00:00,BTC/EUR,126.05901663737224,126.55190692743354,122.5808851565624,123.80846097331882,0.0,1457531095.426066
1379023200,2013-09-13 00:00:00,BTC/EUR,123.52946646951057,127.94687944647492,123.00867672906844,125.5289270801365,0.0,1471509140.4637868
1379109600,2013-09-14 00:00:00,BTC/EUR,125.55682653051733,126.3380111411805,119.84673901924133,120.17223260701763,0.0,1437250008.240671
1379196000,2013-09-15 00:00:00,BTC/EUR,120.3396293093026,122.23679193519888,119.27945019483114,121.24171153828269,0.0,1411919319.5657809
1379282400,2013-09-16 00:00:00,BTC/EUR,121.69740256116955,123.42716848478084,120.68372253066616,122.49718680541991,0.0,1430444554.5245676
1379368800,2013-09-17 00:00:00,BTC/EUR,122.376289187103,123.46436775195528,116.14541193538489,122.44138790465828,0.0,1421558207.330503
1379455200,2013-09-18 00:00:00,BTC/EUR,122.48788698862631,123.87355969087407,121.39980842377403,122.2646913855797,0.0,1436620025.7005458
1379541600,2013-09-19 00:00:00,BTC/EUR,122.1716932176436,122.54368588938796,119.45614671390972,120.57212472914284,0.0,1423880435.8979127
1379628000,2013-09-20 00:00:00,BTC/EUR,120.61862381311086,126.1241153549275,117.81007914144092,118.14487254601084,0.0,1409676590.7594953
1379714400,2013-09-21 00:00:00,BTC/EUR,118.06117419486836,119.60494378260748,117.4008872025221,118.5075654009616,0.0,1389366623.3256452
1379800800,2013-09-22 00:00:00,BTC/EUR,118.9167573398804,124.56174613360116,117.72638079029842,120.07923443908156,0.0,1399858135.241565
1379887200,2013-09-23 00:00:00,BTC/EUR,119.949037003971,123.43181839317764,116.86149782849276,117.13119251550744,0.0,1391506767.014919
1379973600,2013-09-24 00:00:00,BTC/EUR,117.22419068344352,118.5354648513424,116.61040277506532,118.34016869867662,0.0,1380843667.1089246
1380060000,2013-09-25 00:00:00,BTC/EUR,118.46106631699354,120.60932399631726,118.4145672330255,119.24225092765673,0.0,1404591028.9268694
1380146400,2013-09-26 00:00:00,BTC/EUR,119.23295111086313,125.4861479228859,118.40526741623188,119.39104799635446,0.0,1405249293.2429855
1380232800,2013-09-27 00:00:00,BTC/EUR,119.91183773679656,125.3057314770899,119.49334598108418,124.41294906490342,0.0,1441634830.071035
1380319200,2013-09-28 00:00:00,BTC/EUR,124.40364924810982,126.1334151717211,123.27837141608308,125.34293074426434,0.0,1465125917.5528617
1380405600,2013-09-29 00:00:00,BTC/EUR,125.45452854578764,130.76472393493847,125.27783202670908,127.72368384342828,0.0,1516227397.2343512
1380492000,2013-09-30 00:00:00,BTC/EUR,127.5469873243497,128.6629653395828,121.1487133703466,123.6875633550019,0.0,1461158096.1088748
1380578400,2013-10-01 00:00:00,BTC/EUR,123.3899692176064,125.2034334923602,122.33908991992858,122.92497837792595,0.0,1458095145.97677
1380664800,2013-10-02 00:00:00,BTC/EUR,122.80408075960904,124.23625254582484,95.09062671465372,106.1388090654614,0.0,1396645956.8884473
1380751200,2013-10-03 00:00:00,BTC/EUR,106.4364032028569,114.9736350193901,103.99055138613768,114.9736350193901,0.0,1313761923.497356
1380837600,2013-10-04 00:00:00,BTC/EUR,114.76903904993073,120.98131666806164,114.76903904993073,119.97693645435184,0.0,1395209442.2557583
1380924000,2013-10-05 00:00:00,BTC/EUR,119.62354341619468,121.30681025583796,119.06555440857814,119.54914488184583,0.0,1415923862.1738734
1381010400,2013-10-06 00:00:00,BTC/EUR,119.37244836276726,120.58142454593644,117.31718885137964,119.96763663755824,0.0,1405369695.2249134
1381096800,2013-10-07 00:00:00,BTC/EUR,120.36752875968344,121.1487133703466,117.51248500404542,118.05187437807474,0.0,1412342210.6607416
1381183200,2013-10-08 00:00:00,BTC/EUR,117.86587804220255,118.54476466813604,115.9780152330999,117.17769159947548,0.0,1383062661.9338756
1381269600,2013-10-09 00:00:00,BTC/EUR,117.03819434757132,122.52508625580076,116.7870992941439,121.53930567567818,0.0,1417445316.76942
1381356000,2013-10-10 00:00:00,BTC/EUR,121.52070604209096,122.29259083596052,120.20943187419206,121.44630750774208,0.0,1434176619.9312122
1381442400,2013-10-11 00:00:00,BTC/EUR,121.59510457643984,122.5808851565624,120.5628249123492,121.73460182834398,0.0,1434376323.2315364
1381528800,2013-10-12 00:00:00,BTC/EUR,121.73460182834398,126.16131462210193,121.41840805736126,125.7242232328023,0.0,1470104133.6033063
1381615200,2013-10-13 00:00:00,BTC/EUR,125.7242232328023,128.9512596601847,125.12903495801132,128.4583693701234,0.0,1492795079.428185
1381701600,2013-10-14 00:00:00,BTC/EUR,129.51854848459485,134.0289596294953,129.17445526323132,130.681025583796,0.0,1555272690.3808117
1381788000,2013-10-15 00:00:00,BTC/EUR,130.91352100363622,135.21003636228363,129.3883510494843,135.0705391103795,0.0,1558854483.57084
1381874400,2013-10-16 00:00:00,BTC/EUR,135.4518315989175,141.57111104911232,132.45729059137534,132.56888839289866,0.0,1631463677.3879943
1381960800,2013-10-17 00:00:00,BTC/EUR,132.4386909577881,137.0978991713863,132.4386909577881,136.00982060653405,0.0,1601047338.779926
1382047200,2013-10-18 00:00:00,BTC/EUR,136.12141840805737,145.03994271312854,135.3774330645686,145.03994271312854,0.0,1653155227.223586
1382133600,2013-10-19 00:00:00,BTC/EUR,144.99344362916048,165.05314845297545,144.7981474764947,160.34744115540923,0.0,1843528127.3126185
1382220000,2013-10-20 00:00:00,BTC/EUR,159.64065507909493,162.6630955370179,157.12040472802684,162.38410103320965,0.0,1905204769.585414
1382306400,2013-10-21 00:00:00,BTC/EUR,162.56079755228822,171.87921397948458,162.56079755228822,169.4519617963526,0.0,1985858586.7533407
1382392800,2013-10-22 00:00:00,BTC/EUR,169.86115373527142,182.5275042081671,169.86115373527142,180.1932501929712,0.0,2107034052.5137649
1382479200,2013-10-23 00:00:00,BTC/EUR,179.82125752122684,198.66268634507895,178.9098754754531,198.66268634507895,0.0,2217612030.5486627
1382565600,2013-10-24 00:00:00,BTC/EUR,199.2950738870444,202.1966167266505,156.72051260590166,184.3502682997145,0.0,2213880194.067156
1382652000,2013-10-25 00:00:00,BTC/EUR,183.8480781928596,184.94545657450547,156.70191297231443,173.6182797198895,0.0,2021719942.149327
1382738400,2013-10-26 00:00:00,BTC/EUR,174.3250657962038,175.21784820839028,163.44428014768107,164.9043513842777,0.0,2003103671.8268983
1382824800,2013-10-27 00:00:00,BTC/EUR,164.23476457513786,182.68560109365845,164.23476457513786,182.68560109365845,0.0,2047056757.7635384
1382914800,2013-10-28 00:00:00,BTC/EUR,182.47170530740544,184.71296115466524,178.61228133805764,184.64786243711,0.0,2180390314.8759184
1383001200,2013-10-29 00:00:00,BTC/EUR,184.64786243711,190.45094811632208,184.64786243711,190.0789554445777,0.0,2228755578.346565
1383087600,2013-10-30 00:00:00,BTC/EUR,190.0789554445777,194.5149680551293,185.9684364218025,185.9684364218025,0.0,2263548168.8746524
1383174000,2013-10-31 00:00:00,BTC/EUR,185.83823898669195,190.8136409712729,184.92685694091824,189.71626258962695,0.0,2239685807.817165
1383260400,2013-11-01 00:00:00,BTC/EUR,189.6232644216909,192.1807140399334,187.97719684922205,191.74362265063377,0.0,2268293408.8439574
1383346800,2013-11-02 00:00:00,BTC/EUR,191.39952942927025,193.212993704024,187.5308056431288,191.7808219178082,0.0,2272695420.3995185
1383433200,2013-11-03 00:00:00,BTC/EUR,191.5669261315552,199.9925601465651,189.70696277283335,199.9925601465651,0.0,2305914256.2671723
1383519600,2013-11-04 00:00:00,BTC/EUR,199.62986729161435,214.8350677491653,198.96028048247447,213.058802741586,0.0,2445778189.427064
1383606000,2013-11-05 00:00:00,BTC/EUR,213.16110072631568,233.10920774860733,210.38045550502653,228.0687070464712,0.0,2640585760.7566586
1383692400,2013-11-06 00:00:00,BTC/EUR,227.64091547396515,244.58518167192105,227.64091547396515,244.12019083224055,0.0,2854105012.4061503
1383778800,2013-11-07 00:00:00,BTC/EUR,243.35760585516465,282.87252741121,243.23670823684773,275.65586957936927,0.0,3189316019.483374
1383865200,2013-11-08 00:00:00,BTC/EUR,276.995043197649,314.947595532368,276.13946005263693,314.4361056087195,0.0,3563124533.7401223
1383951600,2013-11-09 00:00:00,BTC/EUR,314.8731969980191,344.85580634061506,297.3244427084786,315.3660872880804,0.0,3931840387.584608
1384038000,2013-11-10 00:00:00,BTC/EUR,324.3962093946749,326.14457495187344,257.8281207860205,303.75061611286253,0.0,3475910695.2865944
1384124400,2013-11-11 00:00:00,BTC/EUR,302.6253382808359,326.6746645091091,289.9496879911465,318.46292628035224,0.0,3702947591.534738
1384210800,2013-11-12 00:00:00,BTC/EUR,319.039514921556,337.4066530889341,318.7977196849222,335.100298524119,0.0,3957215631.816636
1384297200,2013-11-13 00:00:00,BTC/EUR,335.69548679891005,385.0589143393875,334.6074082340578,378.8466367212566,0.0,4276159785.337386
1384383600,2013-11-14 00:00:00,BTC/EUR,377.9538543090701,396.07919723981433,367.5194598666406,390.77830166745713,0.0,4638517030.796473
1384470000,2013-11-15 00:00:00,BTC/EUR,390.043616140762,407.2296775753517,368.3750430116527,388.685842888895,0.0,4731854057.382072
1384556400,2013-11-16 00:00:00,BTC/EUR,388.0627551637232,418.7335509490463,386.47248649201606,409.3965348882627,0.0,4861080903.362742
1384642800,2013-11-17 00:00:00,BTC/EUR,410.08472133098974,465.5302290544876,409.4151345218499,457.65328423030064,0.0,5241444775.850519
1384729200,2013-11-18 00:00:00,BTC/EUR,461.810302337044,654.5025063006258,460.285132382892,654.2979103311663,0.0,6251564058.30701
1384815600,2013-11-19 00:00:00,BTC/EUR,662.8537417812869,749.6675315496284,424.4343386435287,543.6765895711854,0.0,7293818257.503659
1384902000,2013-11-20 00:00:00,BTC/EUR,537.5108110370226,557.6635140287735,417.050284109403,549.4610756168104,0.0,5964412340.452261
1384988400,2013-11-21 00:00:00,BTC/EUR,552.7067116777799,682.0485636432961,536.8691236782635,671.8466646207069,0.0,7252069895.543682
1385074800,2013-11-22 00:00:00,BTC/EUR,673.3718345748589,726.1761943289716,621.3486594314091,717.4250667261855,0.0,7951576182.459783
1385161200,2013-11-23 00:00:00,BTC/EUR,717.6668619628193,785.8066196095937,717.6668619628193,741.9579834277265,0.0,9044781714.028566
1385247600,2013-11-24 00:00:00,BTC/EUR,739.921323549926,750.8300086488296,672.2558565596257,720.0383152451897,0.0,8663294642.074192
1385334000,2013-11-25 00:00:00,BTC/EUR,718.8944377795757,753.9175478243078,701.6060783602562,743.157659794102,0.0,8815671785.515789
1385420400,2013-11-26 00:00:00,BTC/EUR,749.3141385114712,863.5251885537854,744.7293288322219,863.1159966148666,0.0,9449450842.146849
1385506800,2013-11-27 00:00:00,BTC/EUR,859.1635744775828,931.804443452464,829.246063852542,931.804443452464,0.0,10498110328.208033
1385593200,2013-11-28 00:00:00,BTC/EUR,933.1250174371564,1002.1110584121492,894.800472430693,959.6945940164978,0.0,11335754395.723091
1385679600,2013-11-29 00:00:00,BTC/EUR,969.0502097108688,1066.6610867765903,930.5768676357076,1052.7113615861767,0.0,12210862735.74482
1385766000,2013-11-30 00:00:00,BTC/EUR,1050.2934092198382,1075.1890187763302,1029.1270261975835,1050.3492081206,0.0,12727541254.722857
1385852400,2013-12-01 00:00:00,BTC/EUR,1049.874917464126,1053.7436412502673,745.6779101451701,888.9229882171321,0.0,11538475586.08207
1385938800,2013-12-02 00:00:00,BTC/EUR,884.8031693775631,981.5212640310986,872.7041077290777,970.2777855276248,0.0,11286339127.271492
1386025200,2013-12-03 00:00:00,BTC/EUR,973.1328292832632,1019.2599205795646,940.4067739865524,1002.7806452212892,0.0,11874541590.05657
1386111600,2013-12-04 00:00:00,BTC/EUR,1002.1296580457364,1075.1704191427427,995.2291939848784,1070.5670098299065,0.0,12471379027.986422
1386198000,2013-12-05 00:00:00,BTC/EUR,1072.0177812497093,1073.5336513870675,834.2958643714718,971.9331529168874,0.0,11871395046.437796
1386284400,2013-12-06 00:00:00,BTC/EUR,969.3943029322322,969.3943029322322,771.3733039459122,771.3733039459122,0.0,10900849889.560566
1386370800,2013-12-07 00:00:00,BTC/EUR,776.8322964037608,794.7995424490136,595.392870760446,649.3411079801728,0.0,8301405304.102858
1386457200,2013-12-08 00:00:00,BTC/EUR,648.4855248351606,746.3195975039291,623.9061090496517,740.1445191529726,0.0,8248626287.779169
1386543600,2013-12-09 00:00:00,BTC/EUR,738.2194570766954,857.3780096532097,726.2226934129396,830.6503361883771,0.0,9748341182.077354
1386630000,2013-12-10 00:00:00,BTC/EUR,829.8412521273331,927.4056301090868,829.8412521273331,919.2961898650595,0.0,10562616178.503508
1386716400,2013-12-11 00:00:00,BTC/EUR,919.8169796055016,931.4510504143068,775.8186163732574,816.9703056849779,0.0,10352774769.554768
1386802800,2013-12-12 00:00:00,BTC/EUR,820.9692269062299,838.7876758827852,785.7880199760065,812.1158013187139,0.0,9805702769.276602
1386889200,2013-12-13 00:00:00,BTC/EUR,813.7153698072148,875.8474458053175,799.8307433343562,830.0830473639669,0.0,10057311054.498474
1386975600,2013-12-14 00:00:00,BTC/EUR,836.8440141729208,841.3079262338531,798.2590742962363,811.5020134103357,0.0,9919550279.583492
1387062000,2013-12-15 00:00:00,BTC/EUR,814.0036641278166,824.1125649824697,767.2348854727561,814.7755489216862,0.0,9651296664.293736
1387148400,2013-12-16 00:00:00,BTC/EUR,818.6907717917957,820.4763366161686,621.4602572329325,656.5391661784263,0.0,9111290499.310404
1387234800,2013-12-17 00:00:00,BTC/EUR,656.9111588501706,701.9780710320007,586.706841875215,634.3591031256684,0.0,7822854066.889273
1387321200,2013-12-18 00:00:00,BTC/EUR,630.7135749425736,631.7551544234578,391.066595988059,486.1014238019511,0.0,6420597621.236931
1387407600,2013-12-19 00:00:00,BTC/EUR,482.71629048907727,657.710943094421,467.67848673381127,643.5101228505798,0.0,6973786292.895973
1387494000,2013-12-20 00:00:00,BTC/EUR,645.6118814459355,678.1054413228059,553.6459931739345,581.5361437379684,0.0,7699150909.492817
1387580400,2013-12-21 00:00:00,BTC/EUR,576.4956430358321,608.4591133554668,538.617489235462,563.2527039217326,0.0,6971599349.571459
1387666800,2013-12-22 00:00:00,BTC/EUR,559.6443750058123,620.0559848970975,544.6344707009272,573.9660928679704,0.0,7099918358.64802
1387753200,2013-12-23 00:00:00,BTC/EUR,570.1345683490034,633.2338252936416,568.2560053566943,626.2589626984347,0.0,7268411288.253245
1387839600,2013-12-24 00:00:00,BTC/EUR,625.2824819351058,636.4701615378176,600.4984701801375,618.9772061490388,0.0,7521280778.886781
1387926000,2013-12-25 00:00:00,BTC/EUR,619.6560927749722,634.8984924996978,604.0045011113281,634.4428014768109,0.0,7548897534.906959
1388012400,2013-12-26 00:00:00,BTC/EUR,636.0516697821053,723.2932511229528,636.0516697821053,708.6274400394312,0.0,8205474310.774644
1388098800,2013-12-27 00:00:00,BTC/EUR,709.8364162226003,723.0700555199062,663.6349263919501,683.601633047829,55403488.87573723,47502813900.61283
1388185200,2013-12-28 00:00:00,BTC/EUR,686.3078797347692,694.7521133833662,655.9625775372225,676.8685656892559,34560242.93324906,8418570814.940861
1388271600,2013-12-29 00:00:00,BTC/EUR,677.0731616587152,696.1935849863758,664.4161110026132,692.8828502078508,23458528.131281525,8235001051.397894
1388358000,2013-12-30 00:00:00,BTC/EUR,689.4419179942155,712.9239553980786,688.4096383301248,703.1870472151699,21167850.660008665,8563615612.786522
1388444400,2013-12-31 00:00:00,BTC/EUR,707.0836704516921,707.325465688326,686.4845762538478,701.2154860549247,18938110.752551507,8518856427.347317
1388530800,2014-01-01 00:00:00,BTC/EUR,702.1082684671112,721.0612950924866,702.1082684671112,717.387867459011,21418678.62694394,8707482115.509674
1388617200,2014-01-02 00:00:00,BTC/EUR,719.2850300849074,762.8732713965534,713.4912442224888,746.2079997024058,19310005.25956305,8825410685.904985
1388703600,2014-01-03 00:00:00,BTC/EUR,746.6357912749119,775.7442178389085,733.8671428172864,761.3946005263696,43469119.37709827,9223758052.444435
1388790000,2014-01-04 00:00:00,BTC/EUR,765.6260171674618,799.3285532275014,745.5384128932659,799.3285532275014,32183306.04095432,9397561339.28721
1388876400,2014-01-05 00:00:00,BTC/EUR,798.4357708153149,885.7145514233368,794.6879446474903,868.1657971337963,47795408.437422425,10116373447.140038
1388962800,2014-01-06 00:00:00,BTC/EUR,870.5093509657859,945.9029657115756,842.2937068139757,886.5422351179681,78331434.7520913,10923604849.981398
1389049200,2014-01-07 00:00:00,BTC/EUR,880.2183596983139,898.1205070260115,745.845306847455,745.845306847455,70290905.62887134,10271437095.256807
1389135600,2014-01-08 00:00:00,BTC/EUR,740.256116954496,809.7164485859628,721.8331798863561,783.7141608310316,90409198.3971249,9484810845.196371
1389222000,2014-01-09 00:00:00,BTC/EUR,782.5516837318304,803.8389643724018,747.8354676412874,787.5642849835858,48151213.5953082,9582596245.561352
1389308400,2014-01-10 00:00:00,BTC/EUR,787.4061880980945,810.190739242437,765.00292944229,807.6704888913688,45010468.75209892,9551235910.40864
1389394800,2014-01-11 00:00:00,BTC/EUR,806.5917101433101,856.9595178974973,801.383812738889,849.9567558519097,40103341.95374685,10168217788.408749
1389481200,2014-01-12 00:00:00,BTC/EUR,855.2111523402989,863.5065889201982,791.5725060216313,802.7787852579304,37985752.35663676,10111097796.578836
1389567600,2014-01-13 00:00:00,BTC/EUR,799.9609407694668,800.9839206167637,749.6117326488667,782.3005886784031,37110162.01314167,9540375380.387957
1389654000,2014-01-14 00:00:00,BTC/EUR,784.1326525867439,795.7760232123427,767.8486733811343,774.9258339610709,32639273.475062534,9590973823.483015
1389740400,2014-01-15 00:00:00,BTC/EUR,774.7863367091668,811.6973095630015,772.6845781138111,800.621227761813,23080337.48808319,9754014707.483915
1389826800,2014-01-16 00:00:00,BTC/EUR,800.0539389374028,805.5129313952514,777.1205907243626,777.1205907243626,20251732.1754216,9731889073.290457
1389913200,2014-01-17 00:00:00,BTC/EUR,776.0604116098913,783.8908573501101,741.7812869086479,757.600275274577,27021067.4017554,9401893603.84322
1389999600,2014-01-18 00:00:00,BTC/EUR,758.9301490760632,782.5702833654177,758.9301490760632,781.1846106631699,28812441.13175181,9504096868.477411
1390086000,2014-01-19 00:00:00,BTC/EUR,780.8684168921872,809.9768434561839,767.7277757628174,809.9768434561839,15957368.657443082,9590638837.673971
1390172400,2014-01-20 00:00:00,BTC/EUR,810.3767355783091,824.3264607687228,794.0834565559057,809.2700573798696,29453839.19686782,9977806596.791348
1390258800,2014-01-21 00:00:00,BTC/EUR,808.758567456221,819.4998558528397,795.9992188153892,803.4204726166894,19672150.458635963,9895827825.560236
1390345200,2014-01-22 00:00:00,BTC/EUR,806.4894121585804,809.2235582959015,778.729459029657,786.3832082507975,16177203.835586203,9786511496.512049
1390431600,2014-01-23 00:00:00,BTC/EUR,786.2623106324805,791.9444986933757,761.9525895339862,764.4821397018478,15817146.349585332,9579557674.509838
1390518000,2014-01-24 00:00:00,BTC/EUR,764.8448325567986,764.8448325567986,728.715044313627,741.2604971682058,28082975.807043266,9189854104.987448
1390604400,2014-01-25 00:00:00,BTC/EUR,740.4886123743362,801.1327176854616,737.4382724660323,793.841661319272,22648310.765777912,9471851242.212503
1390690800,2014-01-26 00:00:00,BTC/EUR,793.9067600368272,834.2121660203293,785.704321624864,823.2941811046321,25190965.90521905,9932238919.690529
1390777200,2014-01-27 00:00:00,BTC/EUR,822.6617935626667,830.4736396692984,704.0984292609435,717.3785676422174,30008560.998015005,9712589231.788897
1390863600,2014-01-28 00:00:00,BTC/EUR,719.8244194589366,774.209748067963,713.2773484362358,755.6194142975382,56705815.9790489,9196950242.93718
1390950000,2014-01-29 00:00:00,BTC/EUR,753.247961015168,778.2737680067702,753.1456630304383,768.164867152117,27014650.474543545,9419410062.424404
1391036400,2014-01-30 00:00:00,BTC/EUR,768.1834667857042,772.3497847092411,743.111160710134,761.6828948469714,19844799.66720265,9365256138.29391
1391122800,2014-01-31 00:00:00,BTC/EUR,761.1249058393548,773.6238596099656,755.7031126486808,771.8103953352118,24344060.67200476,9426254114.737082
1391209200,2014-02-01 00:00:00,BTC/EUR,770.5921193352491,793.7579629681295,769.1971468162077,774.2841466023119,15327013.526583524,9619127351.269938
1391295600,2014-02-02 00:00:00,BTC/EUR,774.5817407397074,785.5741241897534,763.2080648011233,767.5789786941197,15342968.656409454,9585982223.58565
1391382000,2014-02-03 00:00:00,BTC/EUR,766.3793023277441,768.6112583582103,750.699811213719,766.1468069079039,11907969.440210508,9397378979.181908
1391468400,2014-02-04 00:00:00,BTC/EUR,766.0910080071421,781.3427075486612,763.4591598545509,769.9876312436645,15085503.005064484,9542991078.528696
1391554800,2014-02-05 00:00:00,BTC/EUR,771.8475946023863,778.6922597624826,755.0614252899217,755.0614252899217,13973973.085552514,9512988663.797644
1391641200,2014-02-06 00:00:00,BTC/EUR,758.48375786997,762.4082805568729,716.6345822987287,726.8271815045242,44176417.13573225,9193923598.94153
1391727600,2014-02-07 00:00:00,BTC/EUR,728.3616512754699,728.3616512754699,608.5335118898157,662.5189483767169,81219563.12043986,8364865989.745028
1391814000,2014-02-08 00:00:00,BTC/EUR,650.5872834305164,671.2793757962968,615.5269741186098,626.7332533549088,61382728.083173424,8046034989.415183
1391900400,2014-02-09 00:00:00,BTC/EUR,624.445498423681,662.3980507584,609.3704954012405,635.0844888355699,36586813.87134568,7869984099.800458
1391986800,2014-02-10 00:00:00,BTC/EUR,633.6151177821797,654.4374075830706,511.95491448818456,633.345423095165,71450351.95931639,7671636978.283142
1392073200,2014-02-11 00:00:00,BTC/EUR,635.6424778431865,662.5747472774787,592.082135981921,625.1057854160272,80284993.70141356,7916000585.531503
1392159600,2014-02-12 00:00:00,BTC/EUR,625.301081568693,625.7846720419607,598.0154190962437,606.0876600730966,55177890.13212827,7606402820.922748
1392246000,2014-02-13 00:00:00,BTC/EUR,605.4924717983056,611.9186452026895,559.7652726241292,562.8621116164011,21391190.053486258,7385424010.831427
1392332400,2014-02-14 00:00:00,BTC/EUR,559.0770861814021,643.2869272475332,503.15728780143024,615.6385719201331,77751147.79019341,7171278410.599488
1392418800,2014-02-15 00:00:00,BTC/EUR,614.6248918896297,615.499074668229,588.5296059667625,605.3436747296078,55540658.08861899,7471499987.873776
1392505200,2014-02-16 00:00:00,BTC/EUR,605.6970677677649,618.5308149429457,543.2673976322666,573.454602944322,25012373.77888464,7299994474.981194
1392591600,2014-02-17 00:00:00,BTC/EUR,571.2226469138558,610.9514642561542,564.7871736926782,582.4196263333612,39921645.791829646,7251785345.156367
1392678000,2014-02-18 00:00:00,BTC/EUR,583.2473100279924,600.5449692641055,569.6509778757357,582.7265202875503,23822025.653463047,7249185637.595463
1392764400,2014-02-19 00:00:00,BTC/EUR,582.140631829553,587.5345255698462,575.3796650205991,579.4064856922317,14214461.399138704,7207488959.646975
1392850800,2014-02-20 00:00:00,BTC/EUR,579.4622845929935,583.7773995852282,517.20001115978,517.20001115978,27753593.233086545,6903131750.829113
1392937200,2014-02-21 00:00:00,BTC/EUR,517.8881976025071,542.1421198002399,493.3273814505854,533.9582810218639,51331692.17763593,6506472910.453072
1393023600,2014-02-22 00:00:00,BTC/EUR,534.0326795562127,571.455142333696,519.4691664574208,563.029508318686,26950479.901329912,6677425087.062676
1393110000,2014-02-23 00:00:00,BTC/EUR,564.005989082015,595.1045764398441,557.7100131127416,563.4015009904305,33189095.11907702,7137886219.472691
1393196400,2014-02-24 00:00:00,BTC/EUR,563.6060969598898,565.0661681964865,500.9811306717258,508.067591068456,44255263.65551651,6608052970.368724
1393282800,2014-02-25 00:00:00,BTC/EUR,502.4133024579416,503.473481572413,390.97359782012296,500.9904304885194,91983305.45234828,5814412563.861661
1393369200,2014-02-26 00:00:00,BTC/EUR,499.43736108398656,561.5229379981214,495.289642794037,541.8910247468125,81991130.72542892,6626229511.158158
1393455600,2014-02-27 00:00:00,BTC/EUR,540.923843800277,552.4556166243524,526.9462191594826,538.2454965637177,40413275.3742646,6706039326.828637
1393542000,2014-02-28 00:00:00,BTC/EUR,539.1103795255234,543.2394981818858,506.9981121371909,510.801737205777,22161886.642412093,6575207927.141459
1393628400,2014-03-01 00:00:00,BTC/EUR,511.4155251141552,533.2328953119624,501.5298198625487,526.006937663328,25572088.88609894,6493579280.191399
1393714800,2014-03-02 00:00:00,BTC/EUR,527.5135079838927,530.5359484418157,514.5309637400143,520.5944442894474,9822324.45494508,6520834096.223963
1393801200,2014-03-03 00:00:00,BTC/EUR,523.1704935412771,653.6934222395818,521.2733309153809,621.0045662100456,37353459.016130105,6973837749.6293545
1393887600,2014-03-04 00:00:00,BTC/EUR,621.4509574161389,647.4718448046573,609.7703875233657,620.0931841642719,79673453.13751864,7815173195.527081
1393974000,2014-03-05 00:00:00,BTC/EUR,619.590994057417,627.0680467594788,601.0285597373731,618.9121074314835,35211278.21996192,7665376052.15013
1394060400,2014-03-06 00:00:00,BTC/EUR,617.9914255689163,622.8738293855611,604.2927954319299,617.3776376605381,17208128.618240777,7667858842.402754
1394146800,2014-03-07 00:00:00,BTC/EUR,617.7961294162504,618.7540105459922,573.194208074101,585.0979735699206,21056123.54295775,7463528692.675465
1394233200,2014-03-08 00:00:00,BTC/EUR,585.5722642263946,590.6685638292925,562.1367259064996,574.2171879213979,26748979.732599262,7193864879.681957
1394319600,2014-03-09 00:00:00,BTC/EUR,573.1570088069265,598.8617024244622,569.4742813566572,592.3611304857294,14801158.861226378,7284528965.237916
1394406000,2014-03-10 00:00:00,BTC/EUR,591.775242027732,599.6149875847445,571.9573324405509,583.8331984859898,16821812.797787882,7322926706.987608
1394492400,2014-03-11 00:00:00,BTC/EUR,583.9819955546876,593.7189037375963,575.5098624557096,589.7106826995508,14139983.110625405,7288887525.638285
1394578800,2014-03-12 00:00:00,BTC/EUR,587.6647230049567,602.6560276762547,585.4327669744905,587.8414195240354,17614363.851198796,7402581916.566057
1394665200,2014-03-13 00:00:00,BTC/EUR,589.254991676664,599.0941978443025,586.6789424248342,593.4585088673753,12002315.264179504,7424192204.131005
1394751600,2014-03-14 00:00:00,BTC/EUR,593.4585088673753,594.751183401687,583.2938091119605,584.7724799821443,11237468.164734298,7368275108.270666
1394838000,2014-03-15 00:00:00,BTC/EUR,585.30256953938,594.3884905467362,583.3775074631029,591.5799458750662,7927920.155389604,7377371150.49288
1394924400,2014-03-16 00:00:00,BTC/EUR,591.9333389132233,592.8819202261715,584.1307926233853,586.920737661468,4221786.599793531,7368989911.625281
1395010800,2014-03-17 00:00:00,BTC/EUR,586.7440411423894,588.3808088980646,573.6638488221781,578.7954877288918,9796802.51487857,7277115938.95218
1395097200,2014-03-18 00:00:00,BTC/EUR,578.2979475304336,578.8122273991202,561.519218071404,571.7824958848311,18579710.99011016,7157526138.732898
1395183600,2014-03-19 00:00:00,BTC/EUR,570.9120330329491,578.4486045624901,566.4481209720168,567.1846664620707,18209391.683375444,7159068582.485972
1395270000,2014-03-20 00:00:00,BTC/EUR,567.0516790819221,567.0516790819221,546.3577267527829,547.5453133573268,15518990.857761633,6964552927.136837
1395356400,2014-03-21 00:00:00,BTC/EUR,547.102642077951,562.2594834881752,522.4757972267946,531.4752299379702,27615963.54885142,6794526416.219435
1395442800,2014-03-22 00:00:00,BTC/EUR,531.1869356173682,532.459150554734,515.5734732025778,525.4768481060922,25549165.483523306,6588812212.268878
1395529200,2014-03-23 00:00:00,BTC/EUR,526.1501548419495,530.3108928754103,521.6062643565922,521.9726771382603,12217812.40247546,6594955819.038668
1395615600,2014-03-24 00:00:00,BTC/EUR,523.121204512271,545.4919138092979,513.1378511843317,542.5624715193111,13204663.019187473,6582302837.676903
1395702000,2014-03-25 00:00:00,BTC/EUR,544.0634619497995,544.4466144016963,532.5121595104576,543.0321122673884,18994835.82465092,6754558512.637852
1395788400,2014-03-26 00:00:00,BTC/EUR,542.6275702368663,548.7152303099629,530.9851295929469,540.158468878163,14606863.66269629,6791046207.579014
1395874800,2014-03-27 00:00:00,BTC/EUR,539.6283793209273,539.9101637697736,438.2436366003589,438.2436366003589,32991853.704926457,6315944808.534347
1395961200,2014-03-28 00:00:00,BTC/EUR,443.73424843530574,489.1917529224674,440.0989500506839,460.96029908210807,70119460.85309891,5873712483.322217
1396047600,2014-03-29 00:00:00,BTC/EUR,466.5838982972035,469.5096206604729,455.4436477601391,456.7809614150601,23176477.916907303,5905652062.967893
1396134000,2014-03-30 00:00:00,BTC/EUR,457.8969394302932,457.8969394302932,413.0783323568525,428.0454575044872,23256284.69820637,5487088258.449716
1396216800,2014-03-31 00:00:00,BTC/EUR,429.9296003868723,449.20161072826863,412.3213272698528,425.00255744961817,43196165.57212359,5353801359.786603
1396303200,2014-04-01 00:00:00,BTC/EUR,425.0016274679389,460.65991499967447,425.0016274679389,444.87998586427847,27937912.70822603,5578602286.5577
1396389600,2014-04-02 00:00:00,BTC/EUR,445.58863190395147,460.3827804592249,401.0722688763031,406.532191315831,31581509.935163368,5461495503.603374
1396476000,2014-04-03 00:00:00,BTC/EUR,405.8849240669959,418.0872136818904,385.8400989500506,413.5795924820281,49839975.367274,5075726991.358427
1396562400,2014-04-04 00:00:00,BTC/EUR,414.4593551507035,422.8180304847994,399.0467687786551,416.1909810376735,28729144.06722076,5191867180.940148
1396648800,2014-04-05 00:00:00,BTC/EUR,415.3995666285374,431.11253708301945,413.095072027081,429.5650475685629,15829017.637102548,5290210924.85328
1396735200,2014-04-06 00:00:00,BTC/EUR,430.9507202708106,433.66812673790326,421.2538013001144,428.25563336402274,10682440.57675397,5393583166.240556
1396821600,2014-04-07 00:00:00,BTC/EUR,429.1623655013996,430.176045531903,413.9553050804899,417.9551562834212,11232895.992436754,5331844173.468342
1396908000,2014-04-08 00:00:00,BTC/EUR,416.2718894437779,425.3959396999879,414.8778469064159,421.36167917492025,13054429.98744656,5309558982.096087
1396994400,2014-04-09 00:00:00,BTC/EUR,421.44630750774206,423.81869077179175,410.9895935050079,411.7261389950618,10291809.554139238,5275905562.24633
1397080800,2014-04-10 00:00:00,BTC/EUR,411.2899775874415,412.3222572515321,333.6141878005003,339.60698974230206,30351570.532393843,4799819980.13364
1397167200,2014-04-11 00:00:00,BTC/EUR,338.2436366003589,399.675436393903,327.1824345060402,391.4729979819397,68512082.45483278,4743861169.812598
1397253600,2014-04-12 00:00:00,BTC/EUR,391.4190590445368,408.8255261371351,386.6761524797961,391.6301648857517,32373265.77791417,5002057550.087687
1397340000,2014-04-13 00:00:00,BTC/EUR,391.9510085651313,397.472309795497,367.5789786941197,385.0710041012192,14440891.462354856,4894153731.617064
1397426400,2014-04-14 00:00:00,BTC/EUR,385.7824400859303,436.85982386146986,378.8494266662946,426.6635047289568,38710096.158474095,5239757086.810241
1397512800,2014-04-15 00:00:00,BTC/EUR,426.2784923137014,482.6567716615982,421.78668080238816,479.4855341349775,44780898.0312024,5721999443.132969
1397599200,2014-04-16 00:00:00,BTC/EUR,485.6224832370801,504.4016032884152,467.57711873076096,490.4676877865505,50550785.525076754,6078059935.78298
1397685600,2014-04-17 00:00:00,BTC/EUR,492.022617154442,496.16103562759815,450.9239367984451,461.2365036408783,40923983.94786587,5947937871.545181
1397772000,2014-04-18 00:00:00,BTC/EUR,461.0830566637837,463.6897953110324,439.640469082759,446.0610625970668,23056343.63672025,5718420680.538566
1397858400,2014-04-19 00:00:00,BTC/EUR,446.0024737512671,468.2969245505863,437.6131090217522,466.4462610086581,18659265.7562146,5787134531.843493
1397944800,2014-04-20 00:00:00,BTC/EUR,466.6192376010192,475.1006705167908,456.4722074975122,463.287113243869,14221568.199689798,5911676402.143576
1398031200,2014-04-21 00:00:00,BTC/EUR,462.8881511034232,474.8188860679444,458.6678942424834,461.0598071217997,13249698.715201044,5896748237.504059
1398117600,2014-04-22 00:00:00,BTC/EUR,460.7640729477629,467.9872406513591,453.4404672227957,453.76038092049583,11870234.16680358,5831317292.908652
1398204000,2014-04-23 00:00:00,BTC/EUR,454.1649229510178,458.7125333630928,451.8009095220824,456.9027890150564,10102121.718451256,5776171048.527761
1398290400,2014-04-24 00:00:00,BTC/EUR,456.4582577723218,465.42328116136105,449.1365120107134,465.42328116136105,9636913.858097346,5783723444.386936
1398376800,2014-04-25 00:00:00,BTC/EUR,465.07174808656265,465.2689042025872,411.93631485459736,429.1391159594156,32190730.470269304,5469760930.492752
1398463200,2014-04-26 00:00:00,BTC/EUR,429.377191269332,432.0164792753582,417.6575621460257,426.4905281365957,24452461.86544862,5384138751.521541
1398549600,2014-04-27 00:00:00,BTC/EUR,425.2266830343442,427.1684847808498,405.8347050563103,405.8347050563103,8239461.804157227,5331223555.158151
1398636000,2014-04-28 00:00:00,BTC/EUR,400.5579890076165,416.1984208911084,393.3283114322648,409.4569836974212,18653484.37423017,5150418573.722216
1398722400,2014-04-29 00:00:00,BTC/EUR,409.17612923025416,420.0132057398469,404.710357205963,415.8961768453161,16488307.003627889,5253462206.099348
1398808800,2014-04-30 00:00:00,BTC/EUR,415.5995126896,419.5138055780301,406.12206939523287,416.3016488575175,15058510.72733867,5269042175.856594
1398895200,2014-05-01 00:00:00,BTC/EUR,416.2904890773651,428.3625812571492,416.2904890773651,425.7084135442531,12632446.82829748,5368402892.206018
1398981600,2014-05-02 00:00:00,BTC/EUR,425.3401407992262,425.8655804480652,412.35666657366846,417.9123771261706,11192373.9687694,5311602209.715094
1399068000,2014-05-03 00:00:00,BTC/EUR,417.936556649834,417.936556649834,400.5263696305183,407.1106399203936,8456434.588446941,5216593036.450632
1399154400,2014-05-04 00:00:00,BTC/EUR,407.812776088311,408.9771131508709,399.9423411358796,405.8467948181421,7891008.795043403,5146016151.501851
1399240800,2014-05-05 00:00:00,BTC/EUR,404.339294515898,410.0977410745008,397.67597578327707,403.1303183327289,7835044.872264099,5119537636.521784
1399327200,2014-05-06 00:00:00,BTC/EUR,403.0205804945642,416.66713165750633,393.6156757711873,398.92680114201744,10908033.623487616,5086319330.180263
1399413600,2014-05-07 00:00:00,BTC/EUR,399.2792641984952,414.890866649927,398.4515805038641,408.0954905188368,12194047.0710227,5171252581.962921
1399500000,2014-05-08 00:00:00,BTC/EUR,407.9634331203675,417.0028550437556,407.46496294023,409.3491058226152,13940008.83515928,5239781092.586113
1399586400,2014-05-09 00:00:00,BTC/EUR,409.3574756577296,420.99526639325205,409.3249262989519,417.9904955872369,8582553.485368812,5278311400.080133
1399672800,2014-05-10 00:00:00,BTC/EUR,418.91582735820106,423.8586799840043,417.06702377963154,422.6143644970194,8376130.702725156,5352079070.650515
1399759200,2014-05-11 00:00:00,BTC/EUR,422.13728389550727,423.4569278985204,403.0549898167006,408.1559393279952,8122927.497078308,5277254013.76681
1399845600,2014-05-12 00:00:00,BTC/EUR,407.6137600089278,411.2936975141589,403.8268746105701,410.5515721340289,10054247.257113006,5212492106.378759
1399932000,2014-05-13 00:00:00,BTC/EUR,410.6157408699048,411.0295827172204,406.3713044853016,409.8159566256545,6781626.351960866,5221733247.901628
1400018400,2014-05-14 00:00:00,BTC/EUR,409.74248807298494,415.3846869216676,409.6597197035218,412.8858261492248,7522464.2277344335,5264347876.957989
1400104800,2014-05-15 00:00:00,BTC/EUR,413.03834314464007,418.30482939486086,412.5677724148834,415.9361660575286,8396818.920167271,5312195789.6603565
1400191200,2014-05-16 00:00:00,BTC/EUR,416.0607836025631,419.10647360247,413.8083679751509,416.68573129109353,6282423.446711061,5323067661.512704
1400277600,2014-05-17 00:00:00,BTC/EUR,416.74060021017584,420.3331194375471,415.9817351598173,417.4715658101536,4580739.717760893,5339251143.816028
1400364000,2014-05-18 00:00:00,BTC/EUR,417.2837095109226,418.27506998112136,413.6409712728659,415.01734415832,2500475.3562604818,5320936092.039229
1400450400,2014-05-19 00:00:00,BTC/EUR,414.8425076026002,416.217950506375,412.0748821248221,414.9401556789331,4166445.431477961,5296337895.329668
1400536800,2014-05-20 00:00:00,BTC/EUR,415.05547340717385,457.0339164318463,414.7783388667243,451.7144212259018,19395888.32495833,5526122535.68628
1400623200,2014-05-21 00:00:00,BTC/EUR,451.78509983353325,459.75411284397694,449.6359121725301,457.3370904593179,29018147.202394847,5844410185.439175
1400709600,2014-05-22 00:00:00,BTC/EUR,457.5965553478596,488.57145514233366,455.868649387607,487.8488593774702,21786185.135069504,6049351793.195422
1400796000,2014-05-23 00:00:00,BTC/EUR,488.90531856522426,504.00915101972487,483.66115187530806,483.7969292004947,32473257.76114266,6288080403.084264
1400882400,2014-05-24 00:00:00,BTC/EUR,484.56788401268494,488.3984785499725,480.1318714021333,488.368719136233,16654730.282410448,6206173431.370459
1400968800,2014-05-25 00:00:00,BTC/EUR,488.4524174873754,536.1139785546223,488.4524174873754,531.5663681425475,30225182.470155336,6660970109.153251
1401055200,2014-05-26 00:00:00,BTC/EUR,531.3850217150722,547.1909903374903,525.7484027564657,542.5736312994634,36792805.18173792,6907993893.726859
1401141600,2014-05-27 00:00:00,BTC/EUR,541.7961666155176,548.2400096718095,515.6134624147903,531.2464544448475,28339082.20788538,6841442512.206847
1401228000,2014-05-28 00:00:00,BTC/EUR,531.8704721516986,538.1097192385309,524.5905755656613,536.6570878553692,26244138.209227275,6823084377.406172
1401314400,2014-05-29 00:00:00,BTC/EUR,535.976341266077,536.6887072324674,522.2739912023733,528.3969905792856,17944917.348286133,6776267777.689705
1401400800,2014-05-30 00:00:00,BTC/EUR,528.3942006342475,575.1546094541936,528.3756010006603,572.240976852756,21891065.25124103,7037420589.173886
1401487200,2014-05-31 00:00:00,BTC/EUR,572.5776302206846,580.973504821955,562.1469557049726,580.0081838387783,24111166.135027137,7363625111.586252
1401573600,2014-06-01 00:00:00,BTC/EUR,580.0230635456481,624.4947874526872,576.5012229259082,586.1014238019511,24954272.02584109,7695818466.747934
1401660000,2014-06-02 00:00:00,BTC/EUR,585.5583145012042,618.9009476513313,575.4215141961703,614.36263705605,44213448.29715188,7591138575.164438
1401746400,2014-06-03 00:00:00,BTC/EUR,614.2993983018533,626.9108798556667,605.2171972212147,620.8604190497447,47572912.75090103,7913362723.882537
1401832800,2014-06-04 00:00:00,BTC/EUR,620.0876042741958,621.7513414985724,580.3913362906751,596.6892652214751,45410236.08501579,7671165039.196798
1401919200,2014-06-05 00:00:00,BTC/EUR,596.1852151512614,617.0670237796314,595.2719731421291,613.0978619721192,24414740.57127741,7791161754.548757
1402005600,2014-06-06 00:00:00,BTC/EUR,613.1211115141032,615.058263352212,606.6307693738432,607.9308837615898,23204666.31755089,7852454682.730184
1402092000,2014-06-07 00:00:00,BTC/EUR,607.7634870593049,610.945884366078,599.7516948916107,609.1091705493402,18332642.95110053,7813133245.814774
1402178400,2014-06-08 00:00:00,BTC/EUR,609.1324200913242,612.7500488240381,607.7151280119781,610.1981790958718,9248452.969018176,7853613196.525913
1402264800,2014-06-09 00:00:00,BTC/EUR,609.7331882561913,611.6517404607129,599.2736843084191,603.7059769922532,13130726.13615345,7786900744.464515
1402351200,2014-06-10 00:00:00,BTC/EUR,604.527150815129,613.4298654316509,601.2926745343116,607.4175338745827,17497095.265411425,7824923809.988368
1402437600,2014-06-11 00:00:00,BTC/EUR,607.4528731783984,611.0351626072966,588.2571213347097,588.6970026690474,19102826.34098775,7743298423.842192
1402524000,2014-06-12 00:00:00,BTC/EUR,589.0764351942266,593.4296794353152,533.1324572905913,545.8546066642486,24520348.06372648,7501023160.135181
1402610400,2014-06-13 00:00:00,BTC/EUR,544.6865496749714,572.0661402970361,544.6865496749714,558.1405946302857,54935863.50564922,7181667316.162723
1402696800,2014-06-14 00:00:00,BTC/EUR,558.6827739493532,559.1700843493383,511.3234569278985,536.93236243246,27925280.621971745,6951219263.342647
1402783200,2014-06-15 00:00:00,BTC/EUR,535.6024886309739,551.4205470152237,516.0384640422583,551.4205470152237,29857784.166235257,6812198309.424159
1402869600,2014-06-16 00:00:00,BTC/EUR,551.1527122915678,566.0984478605772,545.9624845390546,550.7239907373825,29242277.406301763,7168716398.049755
1402956000,2014-06-17 00:00:00,BTC/EUR,550.1641417664072,568.1155781231109,549.0611834946851,568.0923285811269,18403771.344659213,7198636462.481358
1403042400,2014-06-18 00:00:00,BTC/EUR,567.072138678868,572.7580466664806,562.0772070790205,565.389801820904,19531872.409613527,7324392734.903686
1403128800,2014-06-19 00:00:00,BTC/EUR,565.4939597689926,569.3729133536069,555.2158022486957,556.1950729570627,12719548.00823757,7291360353.348334
1403215200,2014-06-20 00:00:00,BTC/EUR,555.5729152135702,557.7602321234272,546.6023119344549,552.5448948655711,16225225.101741452,7149937478.251614
1403301600,2014-06-21 00:00:00,BTC/EUR,552.1096634396301,557.4886774730537,546.584642282547,553.3316593663104,12261194.396137062,7142022150.213928
1403388000,2014-06-22 00:00:00,BTC/EUR,554.1798026578876,563.5661077476773,552.9922160533437,560.1028559737373,10490917.372677756,7238434811.540919
1403474400,2014-06-23 00:00:00,BTC/EUR,559.9986980256488,560.9761087706572,545.2882478215179,552.3942378335147,10616233.895464985,7140048994.336677
1403560800,2014-06-24 00:00:00,BTC/EUR,552.3812180900036,555.1720931097657,541.5813408475852,541.5813408475852,11688693.59492699,7123946203.755115
1403647200,2014-06-25 00:00:00,BTC/EUR,541.0717108872955,542.7363780933516,526.0208873885184,526.682104362544,16433011.737753872,6923578427.197404
1403733600,2014-06-26 00:00:00,BTC/EUR,526.4970380083512,540.9043141850105,525.1894837671697,540.4467631987649,16550320.34359489,6902397000.481019
1403820000,2014-06-27 00:00:00,BTC/EUR,540.5955602674627,558.1043253447907,539.2824261362051,555.4417877967803,14760395.79323658,7063423053.281694
1403906400,2014-06-28 00:00:00,BTC/EUR,557.1306345264998,562.1488156683313,554.1928224013986,554.7796408410753,16990096.311677244,7240634695.620144
1403992800,2014-06-29 00:00:00,BTC/EUR,554.5778348166541,561.779612941625,554.4197379311628,560.5139078760149,9100924.318507344,7223125655.084388
1404079200,2014-06-30 00:00:00,BTC/EUR,560.4255596164755,599.9823303480921,557.8801997600647,594.9994885100763,24868008.636688188,7493176864.516663
1404165600,2014-07-01 00:00:00,BTC/EUR,596.4818793069776,611.7958876210138,595.2877828306781,595.9378400245515,41988885.33849008,7844466832.955564
1404252000,2014-07-02 00:00:00,BTC/EUR,596.1526657924838,610.6985092393679,593.6435752215682,605.305545480754,29320587.34195832,7808873364.312152
1404338400,2014-07-03 00:00:00,BTC/EUR,605.2032474960242,605.2032474960242,596.4000409191939,599.9832603297714,21107445.01815457,7791618378.93305
1404424800,2014-07-04 00:00:00,BTC/EUR,599.5089696732973,603.0308102930371,585.333258934799,586.5320053194952,18568158.77599249,7709833098.988922
1404511200,2014-07-05 00:00:00,BTC/EUR,585.8428888950888,588.8848589682783,584.032214565373,587.2434413042063,15620353.579034492,7617760942.378253
1404597600,2014-07-06 00:00:00,BTC/EUR,587.536385533205,593.9355894688874,586.967236745436,591.2888616094262,9553542.051500654,7660483271.586068
1404684000,2014-07-07 00:00:00,BTC/EUR,590.9689479117261,592.5443368765635,573.8052060374409,580.388546345637,10776693.186644224,7592750276.267517
1404770400,2014-07-08 00:00:00,BTC/EUR,578.9786941197259,582.8148685470896,577.4321345869487,581.0692929349291,14284152.293244597,7540423555.437775
1404856800,2014-07-09 00:00:00,BTC/EUR,581.4440755517116,583.096652995936,579.0028736433892,580.803318174632,8817865.572524756,7558563099.778921
1404943200,2014-07-10 00:00:00,BTC/EUR,580.7819285960067,582.2764091547396,569.4705614299398,573.648039133629,11385455.415903306,7496726596.107009
1405029600,2014-07-11 00:00:00,BTC/EUR,573.5773605259975,587.8283997805243,572.6538887183922,587.8283997805243,14527565.580477228,7532735746.99142
1405116000,2014-07-12 00:00:00,BTC/EUR,587.7512113011373,592.0802760185624,583.0817732890662,589.8669196216835,15512085.047341231,7636649892.116254
1405202400,2014-07-13 00:00:00,BTC/EUR,589.3414799728445,590.2844813957164,581.153921267751,582.6530517348807,11343970.177633652,7611121609.743698
1405288800,2014-07-14 00:00:00,BTC/EUR,582.6307321745761,583.4165666936361,574.0981502664397,576.4723934938481,10526116.558848737,7526407837.563224
1405375200,2014-07-15 00:00:00,BTC/EUR,575.9516037534061,581.3696770173627,575.9516037534061,578.4988235731755,10634104.456058882,7546962558.36715
1405461600,2014-07-16 00:00:00,BTC/EUR,578.0635921472347,579.4641445563522,572.240976852756,573.7373173748476,11316983.809793947,7501991956.404952
1405548000,2014-07-17 00:00:00,BTC/EUR,573.6126998298133,582.4382259669484,565.7999237415022,579.3664964800192,12245489.30469403,7496964521.916621
1405634400,2014-07-18 00:00:00,BTC/EUR,579.4613546113142,585.1565624157204,577.0275925564266,585.1565624157204,14415883.205707118,7547272114.521545
1405720800,2014-07-19 00:00:00,BTC/EUR,584.7529503668777,585.1128532767905,580.8637669837904,584.6125231332943,11619722.483133748,7609886106.710094
1405807200,2014-07-20 00:00:00,BTC/EUR,584.5074352035265,584.5483543974183,579.1693403639948,580.3029880311358,5725014.685960687,7581082044.090547
1405893600,2014-07-21 00:00:00,BTC/EUR,580.2155697532758,580.3922662723544,575.7600275274577,578.4802239395883,7109173.290338811,7536552103.640261
1405980000,2014-07-22 00:00:00,BTC/EUR,578.6448306968352,580.5857024616614,577.4786336709167,577.9027053167052,9675271.548192168,7554907415.844998
1406066400,2014-07-23 00:00:00,BTC/EUR,578.0310427884571,580.7093900250165,575.0011624770991,575.972063350352,8908171.67151807,7541095306.177687
1406152800,2014-07-24 00:00:00,BTC/EUR,576.0446019213421,576.9876033442141,553.8654688502636,559.1449748439956,15363535.327937372,7406773173.612679
1406239200,2014-07-25 00:00:00,BTC/EUR,559.6006658668823,564.5593281812348,555.4092384380027,559.4872081020003,17039455.169423055,7303233650.794755
1406325600,2014-07-26 00:00:00,BTC/EUR,559.001757665374,559.9308093630555,552.3756381999275,554.2551311739159,11034558.11920505,7254373049.347023
1406412000,2014-07-27 00:00:00,BTC/EUR,554.0951743250657,557.005086999786,551.8790279831486,552.7029917510625,8289745.86700642,7237211402.247508
1406498400,2014-07-28 00:00:00,BTC/EUR,552.271480251839,552.9419970426582,534.9115122432087,544.7460685024505,13463429.349714536,7106894312.692365
1406584800,2014-07-29 00:00:00,BTC/EUR,544.6818997665746,547.1872704107728,540.9656929758484,543.7407583070612,13805377.112429094,7110612308.131619
1406671200,2014-07-30 00:00:00,BTC/EUR,543.783537464312,544.1527401910182,525.3429307442642,527.1591849640562,10753095.902552389,7036951335.048515
1406757600,2014-07-31 00:00:00,BTC/EUR,527.5720968296924,545.187809800147,524.9848877977104,545.187809800147,18552679.52263007,7013777756.366057
1406844000,2014-08-01 00:00:00,BTC/EUR,545.187809800147,556.0565056868379,542.7689274521292,553.2535409052441,18631832.21004832,7189549200.942496
1406930400,2014-08-02 00:00:00,BTC/EUR,553.260980758679,553.260980758679,545.113411265798,548.1423615954766,12609046.796514949,7189143875.858154
1407016800,2014-08-03 00:00:00,BTC/EUR,548.068893042807,548.068893042807,540.923843800277,544.6205209757368,7676467.543381061,7124690208.699403
1407103200,2014-08-04 00:00:00,BTC/EUR,545.5886319039515,550.4989351709771,542.8675055101414,547.4950943466414,7703276.805028821,7146590936.580094
1407189600,2014-08-05 00:00:00,BTC/EUR,547.5564731374792,548.563643296227,543.2041588780701,544.1936593849101,10440601.811810972,7150288606.169527
1407276000,2014-08-06 00:00:00,BTC/EUR,544.4447544383376,546.3512168810274,542.2704572719916,543.6951892047726,9274408.8222712,7139490818.572645
1407362400,2014-08-07 00:00:00,BTC/EUR,543.716578783398,549.7158905969552,543.1576597941021,547.5592630825172,9844006.519946557,7155502420.612735
1407448800,2014-08-08 00:00:00,BTC/EUR,547.6373815435836,556.2369221326339,547.5648429725934,551.124812841187,12205616.486637443,7233834463.504097
1407535200,2014-08-09 00:00:00,BTC/EUR,551.0857536106538,551.0857536106538,546.4879241878934,548.0028643435724,8534178.44126804,7188468067.333855
1407621600,2014-08-10 00:00:00,BTC/EUR,548.1051623283021,552.8369091128905,546.775288526816,549.6284723190953,6576325.017230494,7200695378.38054
1407708000,2014-08-11 00:00:00,BTC/EUR,549.6759013847427,550.0906732137375,533.8569130188135,536.2292962828632,8723234.503499793,7155541332.83054
1407794400,2014-08-12 00:00:00,BTC/EUR,536.0116805698927,536.551069943922,526.9229696174986,529.7101247105431,16091644.463354072,6967129588.067582
1407880800,2014-08-13 00:00:00,BTC/EUR,529.7566237945113,532.9101916692241,495.3705512001413,507.8443954654093,17278582.341094546,6756880516.407261
1407967200,2014-08-14 00:00:00,BTC/EUR,508.3819248760799,508.3819248760799,463.8051130392731,470.5465502329604,30341810.56841513,6348198388.637104
1408053600,2014-08-15 00:00:00,BTC/EUR,470.5465502329604,481.8969766295604,453.7622408838545,462.4287401538189,26739889.600481488,6251159642.794265
1408140000,2014-08-16 00:00:00,BTC/EUR,462.2101944591691,484.962196244734,453.5929842182109,483.7597299333203,23854439.52587467,6140218713.367096
1408226400,2014-08-17 00:00:00,BTC/EUR,483.3189186173032,483.7671697867552,449.7633196626026,458.1396646486064,22061619.55276148,6136286287.073331
1408312800,2014-08-18 00:00:00,BTC/EUR,457.360340001302,464.4049512224609,412.7732983660222,429.1158664174315,33982793.32991216,5764095989.053874
1408399200,2014-08-19 00:00:00,BTC/EUR,429.1493457578885,451.70140148239074,423.6429242343925,449.6191725023017,43200925.57718279,5789520723.633971
1408485600,2014-08-20 00:00:00,BTC/EUR,451.2689600014879,481.99555468757256,434.7766648997015,477.2842674999303,35770909.60474745,6000353111.178595
1408572000,2014-08-21 00:00:00,BTC/EUR,476.132020199202,494.6572552520715,474.7082182481005,480.9428154265361,53066847.72893307,6350094126.82675
1408658400,2014-08-22 00:00:00,BTC/EUR,481.0209338876023,484.96591617145145,466.1765663216434,478.6401807884384,37688047.7231602,6279214300.612812
1408744800,2014-08-23 00:00:00,BTC/EUR,478.0505724037236,478.28864771364,457.6570041570181,463.5196086637093,28130309.291240294,6159050915.958988
1408831200,2014-08-24 00:00:00,BTC/EUR,463.2006249476885,476.9764435640618,462.5273182118312,472.4920719061834,20373068.285971437,6180861149.712235
1408917600,2014-08-25 00:00:00,BTC/EUR,472.6966678756428,472.6966678756428,464.2775437323885,467.4515712040472,17652860.391960382,6166057728.480127
1409004000,2014-08-26 00:00:00,BTC/EUR,467.3120739521431,476.7904472281896,467.3120739521431,475.8400059518827,18532377.82882344,6229844343.635148
1409090400,2014-08-27 00:00:00,BTC/EUR,475.7507277106641,484.2498302783434,475.1480995824382,475.1480995824382,22204831.88772848,6322388211.108786
1409176800,2014-08-28 00:00:00,BTC/EUR,475.3629253503706,480.01655367389264,471.3863236894233,471.8429446939895,19506204.91526317,6267516990.610446
1409263200,2014-08-29 00:00:00,BTC/EUR,472.25864650466383,475.8669754205842,468.5405797505789,472.96264263594,16845655.412365377,6240950676.940867
1409349600,2014-08-30 00:00:00,BTC/EUR,472.9114936435752,473.6471091519497,466.5122897078928,469.0818290879669,14574684.923498672,6197601674.601747
1409436000,2014-08-31 00:00:00,BTC/EUR,468.9423318360628,469.5282202940602,441.56832110407424,443.91001497270497,25409101.42716022,6001869801.287402
1409522400,2014-09-01 00:00:00,BTC/EUR,444.31083707650953,451.3256888839289,438.86765430721016,442.415534413972,30826467.265633192,5890874512.6497
1409608800,2014-09-02 00:00:00,BTC/EUR,441.6287699132327,449.1699913511703,439.2526667224656,444.0755517116313,19584369.07604109,5871416914.552393
1409695200,2014-09-03 00:00:00,BTC/EUR,443.99743325056494,447.9833347283058,442.8647155651034,444.11089101544695,15820428.222980672,5876646784.443809
1409781600,2014-09-04 00:00:00,BTC/EUR,444.1462303192627,459.3439909233788,443.6812394795823,455.7961108166169,16656774.30946277,5951801046.880287
1409868000,2014-09-05 00:00:00,BTC/EUR,455.3748291158664,456.2890011066781,447.8875466153317,449.2890290061285,21247071.084267583,5991388238.237044
1409954400,2014-09-06 00:00:00,BTC/EUR,449.4992048656641,454.384398627347,449.1792911679639,451.0606441053111,11391932.31851666,5973878130.732501
1410040800,2014-09-07 00:00:00,BTC/EUR,450.8830176045531,453.89243831896505,448.8398478549972,448.8398478549972,8688097.513228988,5983623678.742371
1410127200,2014-09-08 00:00:00,BTC/EUR,448.50970435882414,455.5366459280752,435.9661114676041,441.5450715620902,18704722.89717094,5850999360.214105
1410213600,2014-09-09 00:00:00,BTC/EUR,441.369305024691,443.9518641482762,435.0249700080908,442.2090784811539,22936919.60101719,5813827591.171774
1410300000,2014-09-10 00:00:00,BTC/EUR,441.9830929330692,453.3363092747073,441.8761450399427,445.27057816961,21528689.35356973,5931521186.55169
1410386400,2014-09-11 00:00:00,BTC/EUR,445.7950878367696,448.57759302141744,441.3786048414846,446.0610625970668,18366877.25585139,5903052833.245317
1410472800,2014-09-12 00:00:00,BTC/EUR,446.1577806917204,446.1577806917204,439.88970417282775,444.1527401910182,14987361.808205826,5875933754.685772
1410559200,2014-09-13 00:00:00,BTC/EUR,444.30153725971593,448.359977308447,441.83243590101273,445.3486966306764,14472326.134758478,5902717692.133239
1410645600,2014-09-14 00:00:00,BTC/EUR,445.46308437723775,446.25449878637386,442.7819471956402,444.2940974062811,12622368.151847407,5900597431.507321
1410732000,2014-09-15 00:00:00,BTC/EUR,444.4308047131471,445.1078313757218,440.8317756140204,442.144909745278,12864646.2215217,5883584750.488591
1410818400,2014-09-16 00:00:00,BTC/EUR,442.0863208994782,442.33834593458505,432.5605185577844,433.3296134066159,15818670.299278436,5815936194.126225
1410904800,2014-09-17 00:00:00,BTC/EUR,433.4244715379107,435.3932427531177,420.7441713398246,425.3522305610579,16597559.340580989,5691662192.78401
1410991200,2014-09-18 00:00:00,BTC/EUR,425.3122413488454,425.3122413488454,384.179151670712,394.5261278352816,22260330.19274956,5439392699.93961
1411077600,2014-09-19 00:00:00,BTC/EUR,394.7214239879474,397.8787117893777,357.60771512801193,367.072138678868,36850108.78202366,5017783812.7797365
1411164000,2014-09-20 00:00:00,BTC/EUR,367.1530470849724,393.6575249467585,362.5840470942722,380.8814366356983,36990467.23571212,5073669232.707579
1411250400,2014-09-21 00:00:00,BTC/EUR,380.2732286173962,383.5486240921053,365.6511266728045,370.73254656883256,28984899.487063438,4952919958.295399
1411336800,2014-09-22 00:00:00,BTC/EUR,370.8962233444001,378.4244250388267,369.3236243246008,374.0274716588083,22476793.959772237,4980538854.944394
1411423200,2014-09-23 00:00:00,BTC/EUR,373.9939923183513,410.6399203935682,368.455951417757,405.4366728975439,25050467.005799983,5053958963.1901655
1411509600,2014-09-24 00:00:00,BTC/EUR,405.2776460303732,405.5761701494481,391.6450445926215,393.1916041253987,41675218.419249766,5285717180.841684
1411596000,2014-09-25 00:00:00,BTC/EUR,393.5728966139367,393.86584084293537,380.7977382845558,382.8669475211338,27268983.072810467,5119569402.104323
1411682400,2014-09-26 00:00:00,BTC/EUR,382.7562797012899,385.88473807066,372.0010415794809,375.6660993778422,20856162.44609981,5032137671.492299
1411768800,2014-09-27 00:00:00,BTC/EUR,376.1078406755387,378.151940406774,369.54867989100615,371.2533363092747,16674944.472343896,4981002852.89981
1411855200,2014-09-28 00:00:00,BTC/EUR,371.5462805382734,372.9384631122767,348.1219019985306,350.6588920198272,15661271.868777515,4852467489.966968
1411941600,2014-09-29 00:00:00,BTC/EUR,350.77141980302986,358.239172688298,346.17638032530755,349.3615675771187,27593067.430508897,4694435262.752266
1412028000,2014-09-30 00:00:00,BTC/EUR,349.1774312046052,363.601447051493,347.2951482855788,360.0303174027472,28883594.774432942,4729870880.164663
1412114400,2014-10-01 00:00:00,BTC/EUR,359.8508309386305,363.97529968659614,354.1184238670498,356.754921928038,31318650.208761096,4782570628.952732
1412200800,2014-10-02 00:00:00,BTC/EUR,357.1018050944396,358.50514744859527,346.8329473909364,348.8184582763719,18868917.24529323,4713352229.520609
1412287200,2014-10-03 00:00:00,BTC/EUR,348.8100884412577,351.2494303862214,332.8023137944182,334.7952645332887,22179655.416189,4599680620.043488
1412373600,2014-10-04 00:00:00,BTC/EUR,334.3395735104018,338.9662323652224,303.0680095602117,305.86353448837053,35406914.83650499,4313145679.534218
1412460000,2014-10-05 00:00:00,BTC/EUR,305.8393549647072,317.8686679872406,269.0399799123957,299.2402049679621,54585548.82093822,3946249731.6677394
1412546400,2014-10-06 00:00:00,BTC/EUR,298.0684280519674,320.9682969245506,281.3752569074389,306.3238754196542,88327895.85682791,4033204429.7407656
1412632800,2014-10-07 00:00:00,BTC/EUR,306.967422741772,315.49349477815286,298.04238856494527,313.1415711110492,58498922.06081873,4115285242.073988
1412719200,2014-10-08 00:00:00,BTC/EUR,312.64775083930846,329.5520278250518,304.2788457067396,328.70202457011595,43133094.3926238,4208212976.187681
1412805600,2014-10-09 00:00:00,BTC/EUR,328.2277339136419,355.92816821508615,323.342540151959,338.98762194384767,62011801.2737649,4508740060.923291
1412892000,2014-10-10 00:00:00,BTC/EUR,339.46749249039794,348.8054385328609,328.2491234922672,335.32907401724185,66120255.44490501,4509744548.401595
1412978400,2014-10-11 00:00:00,BTC/EUR,336.24603595309173,341.4809028262143,331.02790875019764,337.6214788568665,24148535.253022183,4488770729.805279
1413064800,2014-10-12 00:00:00,BTC/EUR,336.9314324507807,352.86573854495066,331.20739521431426,352.62208334495807,10980118.089590302,4527741166.2471
1413151200,2014-10-13 00:00:00,BTC/EUR,352.0436347403956,369.4129025658194,343.067451571204,362.8751313599122,22426790.432646595,4707397764.141033
1413237600,2014-10-14 00:00:00,BTC/EUR,363.07786736601287,382.8715974295306,363.07786736601287,373.2583768099768,39637207.36576489,5018739759.962008
1413324000,2014-10-15 00:00:00,BTC/EUR,372.8017558054106,374.0637409443033,361.5452575584261,367.09445823917264,29847218.54104474,4915899554.08061
1413410400,2014-10-16 00:00:00,BTC/EUR,367.1316575063471,370.883203600889,346.9482651191771,356.0286062364571,20758627.53238953,4827018499.78318
1413496800,2014-10-17 00:00:00,BTC/EUR,355.7700713295948,358.4874777966874,349.1048926336151,356.9278985203991,21205254.6362746,4744981435.650873
1413583200,2014-10-18 00:00:00,BTC/EUR,356.8879093081866,367.48970045290105,352.4360870090859,364.139906443843,11489629.80012627,4820768484.378761
1413669600,2014-10-19 00:00:00,BTC/EUR,364.0338885323959,366.35605278576014,359.3979298607817,363.19504505761233,8614259.680334296,4866146092.604729
1413756000,2014-10-20 00:00:00,BTC/EUR,362.2706432683276,362.7709734118238,351.7674301816254,355.698462740284,11596250.884171171,4782030714.750809
1413842400,2014-10-21 00:00:00,BTC/EUR,356.0388360349301,365.15358647434647,354.1686428777353,359.1161454119353,12541531.94848728,4817154060.832939
1413928800,2014-10-22 00:00:00,BTC/EUR,359.41466953101025,361.3685610393475,355.484566954031,356.36339964102706,12260064.726724884,4802638652.415689
1414015200,2014-10-23 00:00:00,BTC/EUR,356.32992030057005,358.0875856745622,331.4891796631606,333.91271191957514,17758416.398780275,4609157550.450524
1414101600,2014-10-24 00:00:00,BTC/EUR,333.3212435715016,338.83417496675315,328.56717722660864,333.3779724539426,21566476.694416087,4479640956.054203
1414188000,2014-10-25 00:00:00,BTC/EUR,333.25428489058766,334.66413711649875,318.869328274233,322.3809390954998,14417102.551023996,4387529979.217999
1414274400,2014-10-26 00:00:00,BTC/EUR,322.9556677733448,334.0689488417078,319.8495289642794,329.8468320174092,14287644.043829,4403290181.090017
1414364400,2014-10-27 00:00:00,BTC/EUR,329.8682215960345,333.52118963256424,325.31596127556287,328.44906955332976,10177704.463681996,4431507743.998464
1414450800,2014-10-28 00:00:00,BTC/EUR,328.27330301593054,334.77852486306017,327.98500869532864,332.36522240511863,9778626.12773195,4457604486.594162
1414537200,2014-10-29 00:00:00,BTC/EUR,332.57818820969226,332.7781342707549,311.86284630192785,312.1762501278725,11372578.205001028,4348712075.018272
1414623600,2014-10-30 00:00:00,BTC/EUR,312.0934817584093,326.3426610495773,311.610821266821,320.73487152303096,17720084.685165036,4245458074.9735713
1414710000,2014-10-31 00:00:00,BTC/EUR,321.12732379172127,323.6754735931702,313.53588334309813,314.8862167415302,25384382.328364994,4276144493.316564
1414796400,2014-11-01 00:00:00,BTC/EUR,314.63233174306464,316.68573129109353,298.57526806721904,302.02829004268614,12834071.17947392,4140645830.677177
1414882800,2014-11-02 00:00:00,BTC/EUR,302.9406020701392,306.0104715937096,298.1763059267732,303.169377563262,12711743.28300515,4075052388.424893
1414969200,2014-11-03 00:00:00,BTC/EUR,303.0735894502878,310.61574086990487,302.6913669800705,304.5643500823033,10459158.104759552,4116501146.47726
1415055600,2014-11-04 00:00:00,BTC/EUR,304.6192190013856,308.5372318165332,302.3156543816087,307.5607510532042,12281144.957277674,4105873259.682429
1415142000,2014-11-05 00:00:00,BTC/EUR,307.35150517534805,319.32687926047856,307.35150517534805,315.9026867170717,17941779.07820216,4235972970.0038896
1415228400,2014-11-06 00:00:00,BTC/EUR,315.7157603995201,328.2519134373053,314.7281198560388,325.0202271015261,14765914.569816306,4304483497.759248
1415314800,2014-11-07 00:00:00,BTC/EUR,324.8333007839745,328.0342977243348,317.8454184452566,318.4991955658473,22251257.84882665,4336999112.488618
1415401200,2014-11-08 00:00:00,BTC/EUR,318.43967673836823,322.73340215197754,318.19695152005505,321.47699690316097,10983718.830114046,4315611176.645
1415487600,2014-11-09 00:00:00,BTC/EUR,321.29751043904434,338.1655181392926,320.1508430283924,337.5954393698444,12411189.849559965,4402895151.770818
1415574000,2014-11-10 00:00:00,BTC/EUR,337.828864771364,348.57201313134124,332.52517925396864,340.055240911754,26662766.25221563,4574328983.387064
1415660400,2014-11-11 00:00:00,BTC/EUR,341.2325977178249,345.3114973635019,338.26688614234297,342.031451980396,23113299.667996537,4596840470.629319
1415746800,2014-11-12 00:00:00,BTC/EUR,341.9496135926122,399.6298672916144,341.9496135926122,391.885909847576,26681737.21352689,4956538701.269448
1415833200,2014-11-13 00:00:00,BTC/EUR,393.9039700917891,425.0881157641194,373.0370411702889,389.0708553041505,54341167.71857928,5456940032.441632
1415919600,2014-11-14 00:00:00,BTC/EUR,391.2758418659152,391.2758418659152,357.8467204196077,369.7142166299324,43987731.6298402,4957486250.240509
1416006000,2014-11-15 00:00:00,BTC/EUR,369.96345172000105,377.1336104678738,345.0306428963349,351.0085651312669,18652374.20447817,4886233636.157066
1416092400,2014-11-16 00:00:00,BTC/EUR,349.7967990030596,363.4359103125668,348.372997051958,361.1193259492788,14421827.483748568,4804844947.075667
1416178800,2014-11-17 00:00:00,BTC/EUR,360.72315375387103,381.4775548921686,351.0699439221047,360.57249672181456,22324215.39762565,4991194326.249714
1416265200,2014-11-18 00:00:00,BTC/EUR,360.282342437854,364.9266709445823,345.13201089938525,348.7477796687405,35866004.42929607,4802756096.710444
1416351600,2014-11-19 00:00:00,BTC/EUR,348.92726613285714,359.4202494210864,347.7164299863293,353.9910163769773,23964275.205861777,4755175529.141315
1416438000,2014-11-20 00:00:00,BTC/EUR,353.9091779891936,355.2762510578541,331.79979354406714,332.7465148936565,20214380.15171101,4613661953.244833
1416524400,2014-11-21 00:00:00,BTC/EUR,332.7846441425104,332.82091342800544,320.0178556482437,326.7295334281915,28121848.53268495,4432825580.071833
1416610800,2014-11-22 00:00:00,BTC/EUR,326.28221224041886,339.29544587971617,326.28221224041886,328.5374178128691,18788275.204311807,4506194567.935073
1416697200,2014-11-23 00:00:00,BTC/EUR,328.2091342800547,344.8790558825991,328.2091342800547,342.20349859107773,12259797.679902373,4528630510.144068
1416783600,2014-11-24 00:00:00,BTC/EUR,341.8361558277301,360.09727608366114,340.9954523895879,350.25992987938133,21469251.808352616,4716066747.601893
1416870000,2014-11-25 00:00:00,BTC/EUR,350.5110249328088,367.06469882543314,348.54225371760174,348.744059742023,30560797.55228822,4826798617.39695
1416956400,2014-11-26 00:00:00,BTC/EUR,349.0667633847613,351.2522203312594,340.202178017093,341.36465511629416,20920545.27150815,4685005567.076472
1417042800,2014-11-27 00:00:00,BTC/EUR,342.57735122618084,347.8057082275479,342.495512838397,343.6607798826363,12446514.654702969,4698215980.386836
1417129200,2014-11-28 00:00:00,BTC/EUR,343.78632740935,356.03232616317456,333.3565828753173,350.6086730091417,12098355.024426924,4652161926.66636
1417215600,2014-11-29 00:00:00,BTC/EUR,350.08881325037896,360.4618289019706,346.0880320657683,349.23973997712244,20031654.89723185,4763338354.742774
1417302000,2014-11-30 00:00:00,BTC/EUR,349.1997507649099,355.7431018608933,347.1705307405444,351.7525504747556,12166594.011847964,4762274817.743778
1417388400,2014-12-01 00:00:00,BTC/EUR,351.5767839373564,356.7986310669679,350.29526918319704,352.80342977243345,9277756.753279068,4788197841.842892
1417474800,2014-12-02 00:00:00,BTC/EUR,352.6909019892308,357.14830417840767,351.405667308354,354.9842368105348,10480867.402953828,4805830916.653755
1417561200,2014-12-03 00:00:00,BTC/EUR,354.61596406550785,356.20716271889444,348.1349217420417,348.9495856931618,12326855.8171904,4780344781.302994
1417647600,2014-12-04 00:00:00,BTC/EUR,348.7524295771373,352.1422127984078,342.0091324200913,343.224618475016,12641040.71365822,4725505509.91734
1417734000,2014-12-05 00:00:00,BTC/EUR,343.7249486185122,352.6416129602247,340.14637911633133,350.24598015419093,13809605.044530625,4698344943.349535
1417820400,2014-12-06 00:00:00,BTC/EUR,350.4673157938788,351.9497065907801,344.9720540505352,348.5413237359224,11550798.763847684,4732998466.07925
1417906800,2014-12-07 00:00:00,BTC/EUR,348.54318369928114,349.944666090078,347.1389113634461,348.888206902324,5369039.753875181,4736927219.487979
1417993200,2014-12-08 00:00:00,BTC/EUR,348.83147801988304,349.70008090840605,336.5473500172047,336.5473500172047,10923224.92501253,4664570250.78863
1418079600,2014-12-09 00:00:00,BTC/EUR,336.5687395958299,337.6456583805299,320.7981102772275,326.9638888113904,26116299.310986903,4460742486.708319
1418166000,2014-12-10 00:00:00,BTC/EUR,327.55721712282264,327.7106640999172,322.7799012359456,323.01239665578584,20813835.68618698,4416959115.7887535
1418252400,2014-12-11 00:00:00,BTC/EUR,322.11310437184386,336.0553897088228,315.04338364534215,325.9641585060773,22281827.213358227,4409643992.909161
1418338800,2014-12-12 00:00:00,BTC/EUR,326.26826251522846,328.2677231258544,324.8342307656539,327.85760120525623,19702814.088328693,4445373786.396084
1418425200,2014-12-13 00:00:00,BTC/EUR,327.7078741548791,327.7078741548791,322.32049028634134,323.22164253364207,13705968.35307918,4402791176.230869
1418511600,2014-12-14 00:00:00,BTC/EUR,323.0533158496777,328.5774070250816,321.2324117214891,327.08757637474537,8958977.119609077,4403021188.09514
1418598000,2014-12-15 00:00:00,BTC/EUR,327.0113178770378,327.18150452436083,320.7823005886784,321.0101461001218,14460165.655569918,4401946813.842671
1418684400,2014-12-16 00:00:00,BTC/EUR,321.1645230588957,321.6425336420872,305.51200141357214,305.5436207906704,23586138.96978703,4258231703.300505
1418770800,2014-12-17 00:00:00,BTC/EUR,304.1616680151401,310.5711017492955,293.0855862139516,296.95245003673426,31162774.8877598,4092371031.478436
1418857200,2014-12-18 00:00:00,BTC/EUR,297.3858214993165,301.0434394442429,282.9301862753304,289.8092607575631,37634296.13561612,3963375011.3370047
1418943600,2014-12-19 00:00:00,BTC/EUR,289.592575026272,296.22985427187086,285.289549795869,295.43657989937594,26665781.89243005,3958407079.723633
1419030000,2014-12-20 00:00:00,BTC/EUR,295.5881669131118,307.1961982348947,293.9151298719415,306.3034158227083,22520669.32887694,4111556580.0943847
1419116400,2014-12-21 00:00:00,BTC/EUR,306.8530349952106,306.8530349952106,296.5739474932344,298.4274009802007,16297873.71313785,4103555463.244386
1419202800,2014-12-22 00:00:00,BTC/EUR,298.37811195119457,310.7226887630314,297.9893796092217,308.6571994531708,17648048.885520287,4163187478.02925
1419289200,2014-12-23 00:00:00,BTC/EUR,308.6478996363772,312.7407490072445,306.5238214807168,311.26672804545746,17307097.90433795,4221809468.1237054
1419375600,2014-12-24 00:00:00,BTC/EUR,311.14583042714054,311.30299733095256,298.8561225343861,300.1739065740405,13771250.688939825,4176277519.941937
1419462000,2014-12-25 00:00:00,BTC/EUR,299.95071097099384,300.07718847938696,294.7651331268774,296.6641557161324,13541586.90782125,4049510655.310637
1419548400,2014-12-26 00:00:00,BTC/EUR,296.6715955695672,308.2182481005124,294.4573091910089,305.5147913586102,9593358.92332921,4106850180.672197
1419634800,2014-12-27 00:00:00,BTC/EUR,304.96331222274915,305.88120414027844,290.7401724186033,293.5310474383654,16514275.072962249,4046164700.932117
1419721200,2014-12-28 00:00:00,BTC/EUR,293.74680318797715,297.6201768825154,289.2968408522352,295.2747630871671,12573548.95733554,4013449062.158302
1419807600,2014-12-29 00:00:00,BTC/EUR,295.0264579787778,297.84244250388264,290.4397883361698,290.4397883361698,10701586.251667509,4010508468.452831
1419894000,2014-12-30 00:00:00,BTC/EUR,290.7773716857778,292.7666024979308,287.71122208892484,288.8616094262943,10996986.049270298,3970934521.0223184
1419980400,2014-12-31 00:00:00,BTC/EUR,288.9797170995731,297.5783277069441,288.4905467362293,297.5783277069441,11456560.232846746,3984218337.489047
1420066800,2015-01-01 00:00:00,BTC/EUR,297.7736238596099,297.9986794260153,292.01703726436585,292.1407248277209,12145374.187170178,4020220013.911964
1420153200,2015-01-02 00:00:00,BTC/EUR,292.2458127574887,293.7244836276725,291.6097052888058,293.1367352063164,6653898.373410377,4000866652.771802
1420239600,2015-01-03 00:00:00,BTC/EUR,292.97398841242824,293.0837262505928,264.33241265147075,264.33241265147075,14997862.824332325,3865087046.1800513
1420326000,2015-01-04 00:00:00,BTC/EUR,261.4011103981251,267.11863776283604,239.5744403835245,245.70208966883357,46540455.55927548,3500880285.865129
1420412400,2015-01-05 00:00:00,BTC/EUR,245.69650977875733,258.85203061499686,245.69650977875733,255.34506970212684,46145494.60042303,3478194609.2053227
1420498800,2015-01-06 00:00:00,BTC/EUR,255.2557914609082,267.41902184526964,253.6022840350045,265.8213133201276,27114979.078814585,3525470618.12192
1420585200,2015-01-07 00:00:00,BTC/EUR,266.15052683462136,277.8357466357913,263.2582838118089,273.3299853992876,22776370.53466713,3664632029.86186
1420671600,2015-01-08 00:00:00,BTC/EUR,273.7280175580541,273.7280175580541,262.4175803736666,263.64980609881985,21385181.555673357,3673931874.076277
1420758000,2015-01-09 00:00:00,BTC/EUR,263.5093788652364,270.7306866054738,260.890550456156,270.07411953984507,17917219.167838227,3607779553.5110726
1420844400,2015-01-10 00:00:00,BTC/EUR,267.1865264254294,267.9528313292228,254.78336076779289,255.46317737540568,17836454.304331955,3523345269.779089
1420930800,2015-01-11 00:00:00,BTC/EUR,255.5552455616624,260.058216853128,246.48141431613797,249.12349226720232,13895380.35475701,3482526694.765495
1421017200,2015-01-12 00:00:00,BTC/EUR,247.0589329390211,253.14380306707957,246.63114136651504,249.179291167964,18507175.32531276,3441740560.309227
1421103600,2015-01-13 00:00:00,BTC/EUR,249.045373806136,249.4926949939086,204.5085511815417,207.36080499214165,43399961.03118435,3055477970.82424
1421190000,2015-01-14 00:00:00,BTC/EUR,210.046592082136,210.046592082136,159.50115782719078,166.27607436133505,78024063.06533043,2502298652.999357
1421276400,2015-01-15 00:00:00,BTC/EUR,165.63252703921734,213.02811334616703,164.51096913390805,195.74440383524444,91465301.0919018,2612825410.8335586
1421362800,2015-01-16 00:00:00,BTC/EUR,195.15107552381212,206.07557031126487,185.78337006760964,193.279952384938,55125757.095501885,2692171673.751474
1421449200,2015-01-17 00:00:00,BTC/EUR,193.52639752996865,196.9059509527662,181.23017976545864,185.32581908136407,29440739.477362607,2562071369.6648226
1421535600,2015-01-18 00:00:00,BTC/EUR,185.30814942945625,203.38234336783563,180.88701652577444,195.8457718382948,23560241.11325007,2641759413.409373
1421622000,2015-01-19 00:00:00,BTC/EUR,195.61141645509585,201.55306940453272,192.8019418017465,199.72379544122975,22644014.12125514,2719650044.2990565
1421708400,2015-01-20 00:00:00,BTC/EUR,199.81679360916587,200.17018664732305,190.7885314659301,196.4660696184285,20179923.038849466,2670138787.437516
1421794800,2015-01-21 00:00:00,BTC/EUR,196.51907857415208,211.83866677826447,196.42329046117788,210.992383450046,19390485.47085085,2746967207.659506
1421881200,2015-01-22 00:00:00,BTC/EUR,211.01005310195387,220.42332766044507,210.57947158440976,216.5294943689609,37466917.51630826,2974400242.6347656
1421967600,2015-01-23 00:00:00,BTC/EUR,217.0633038529141,218.40154748951443,209.42815426536092,216.6011029582717,23986833.719792385,2940265089.6442804
1422054000,2015-01-24 00:00:00,BTC/EUR,216.57320350789087,230.8307526341731,213.91624584995677,230.5089789731142,20248684.55387596,3035305250.743342
1422140400,2015-01-25 00:00:00,BTC/EUR,230.49316928456508,237.2141468813064,226.8132317793339,235.72896613936703,29287754.479153425,3171712683.167829
1422226800,2015-01-26 00:00:00,BTC/EUR,235.953091724093,287.7214518873978,235.953091724093,254.24583135712223,74521768.86906995,3627260068.850656
1422313200,2015-01-27 00:00:00,BTC/EUR,254.32487979986797,256.1913530303453,233.1026978768518,245.4389048535744,65528289.00937318,3336541929.258271
1422399600,2015-01-28 00:00:00,BTC/EUR,245.0269229696175,247.8726669084619,211.14862037217864,217.29114936435752,31782745.39211089,3237399085.9735217
1422486000,2015-01-29 00:00:00,BTC/EUR,217.5366645277088,221.9922067535269,205.2581164151066,217.17025174604055,39554544.2650613,2963812674.7163124
1422572400,2015-01-30 00:00:00,BTC/EUR,217.1628118926057,225.84698081447797,210.02613248519003,210.02613248519003,27996081.28969859,2967562752.0245605
1422658800,2015-01-31 00:00:00,BTC/EUR,210.57110174929556,217.15444205749145,201.1634070808805,202.55000976480764,21885358.384755608,2921032737.5288167
1422745200,2015-02-01 00:00:00,BTC/EUR,202.23753592054237,215.3595774163249,197.1700657497047,211.1039812515693,24344410.70677574,2793258387.8769464
1422831600,2015-02-02 00:00:00,BTC/EUR,211.079801727906,225.21831319923,207.0687907448223,221.7718010955184,27768600.343989886,2903538701.4729204
1422918000,2015-02-03 00:00:00,BTC/EUR,221.5486054924718,228.73550391057293,208.76507732797663,211.2258088515656,35471763.88333483,3028046869.714549
1423004400,2015-02-04 00:00:00,BTC/EUR,211.3550763049968,213.9497251904137,205.63103906853036,210.3125668424332,30602839.162530035,2896844393.811736
1423090800,2015-02-05 00:00:00,BTC/EUR,210.969133908062,222.6422639474002,199.6903161007728,201.7771949892587,22670487.27681731,2873085438.314335
1423177200,2015-02-06 00:00:00,BTC/EUR,201.90925238772795,214.37007690948485,201.0917984915697,206.67540849445265,23449345.145461608,2832801243.365956
1423263600,2015-02-07 00:00:00,BTC/EUR,206.70330794483343,214.17385077513973,206.70330794483343,211.7754280240679,21158016.103459068,2907205093.5820603
1423350000,2015-02-08 00:00:00,BTC/EUR,211.80704740116616,213.37313654921,205.59755972807332,207.66490900129267,18115511.603588074,2889996086.953698
1423436400,2015-02-09 00:00:00,BTC/EUR,207.76906694938108,208.29450659822,201.8236940732268,204.4453124273452,19546632.31113441,2840480837.9898715
1423522800,2015-02-10 00:00:00,BTC/EUR,204.69826744413132,206.2764463540068,200.2548149801449,204.64525848840776,22672930.73909777,2809207788.5549183
1423609200,2015-02-11 00:00:00,BTC/EUR,204.3467343693329,207.7634870593049,202.80482474495253,203.66970770675812,18998829.03317257,2838205287.6216154
1423695600,2015-02-12 00:00:00,BTC/EUR,203.8380343907225,206.6409991723163,202.3770331724465,206.09230998149332,14398580.847957294,2825298377.716063
1423782000,2015-02-13 00:00:00,BTC/EUR,206.2364571417943,223.4364683015744,205.76960633875512,218.99952570934352,27808641.22185126,2983844398.9743524
1423868400,2015-02-14 00:00:00,BTC/EUR,218.94279682690248,241.616680151401,218.94279682690248,239.69998791023812,39833016.58677604,3166149277.0830045
1423954800,2015-02-15 00:00:00,BTC/EUR,239.3038157148304,247.0133638367324,211.74194868361093,217.34043839336368,49760335.62034298,3220968535.989853
1424041200,2015-02-16 00:00:00,BTC/EUR,218.3829478559272,222.75014182220607,212.9862641705958,217.3460182834398,43454335.57458918,3018147052.359693
1424127600,2015-02-17 00:00:00,BTC/EUR,217.4697058467948,228.5662472449293,216.04776385905197,226.40589980377385,23422156.628810577,3067503365.9975657
1424214000,2015-02-18 00:00:00,BTC/EUR,226.5528369091129,227.14895516558323,216.07194338271532,219.67655237191823,24626311.726242326,3088905505.9793324
1424300400,2015-02-19 00:00:00,BTC/EUR,219.77885035664795,225.68051409387232,219.09624380399703,223.847520203852,20445623.00247685,3067230796.75558
1424386800,2015-02-20 00:00:00,BTC/EUR,223.4587878618791,229.79940295176183,222.543685889388,226.98713835337443,22246627.78309934,3132436236.4330525
1424473200,2015-02-21 00:00:00,BTC/EUR,226.71000381292487,237.4429223744292,226.1566647137051,227.26520287550332,16469524.631350676,3156296575.9698567
1424559600,2015-02-22 00:00:00,BTC/EUR,227.41213998084237,229.1400459410949,217.4771457002297,219.61052367268368,12887359.973175194,3113967246.9169736
1424646000,2015-02-23 00:00:00,BTC/EUR,219.454286750551,223.2969710496703,216.1472718987436,221.9884868268095,16470012.35325664,3047102642.050849
1424732400,2015-02-24 00:00:00,BTC/EUR,222.16518334588807,223.10353486036325,219.8495289642794,222.07032521459325,15042831.16493685,3075598962.1723905
1424818800,2015-02-25 00:00:00,BTC/EUR,222.0191762222284,222.58181513824172,219.03858493987667,220.7590510466944,12476566.399141936,3069269499.0191364
1424905200,2015-02-26 00:00:00,BTC/EUR,220.84274939783683,221.06594500088343,217.85471826205023,219.99460610625968,12174630.086870622,3052148901.737422
1424991600,2015-02-27 00:00:00,BTC/EUR,219.87184852458404,238.68258795301733,219.87184852458404,236.05538970882276,28684732.442369398,3225509240.4510164
1425078000,2015-02-28 00:00:00,BTC/EUR,235.7689553515796,236.85889387979057,232.0108993852821,236.4701615378177,23700809.32809879,3258916176.9157844
1425164400,2015-03-01 00:00:00,BTC/EUR,236.4599317393447,243.33900622157745,228.71318435026828,242.1402598368812,12784266.337453151,3251500201.9767914
1425250800,2015-03-02 00:00:00,BTC/EUR,241.9830929330692,256.9548679891006,240.2263575407564,256.3010908685099,30662781.151544645,3395068496.720429
1425337200,2015-03-03 00:00:00,BTC/EUR,256.36804954942386,265.7850440346325,249.38481711910276,261.9776990393289,41258353.27238743,3543178879.102755
1425423600,2015-03-04 00:00:00,BTC/EUR,262.24553376298485,264.3240428163565,249.35226776032508,254.3100000929981,42583267.4429647,3613523755.007006
1425510000,2015-03-05 00:00:00,BTC/EUR,253.9705567800314,261.94514968055125,246.2303192627105,256.64518408987345,37292552.40963419,3500864887.098216
1425596400,2015-03-06 00:00:00,BTC/EUR,256.8404802425392,258.1703540440253,251.10900315263785,253.51300579378585,35939503.65844459,3527312825.370439
1425682800,2015-03-07 00:00:00,BTC/EUR,253.62739354034724,258.3991295371481,251.21874099080244,256.8423402058979,20483946.53268687,3530911236.754589
1425769200,2015-03-08 00:00:00,BTC/EUR,256.9176687219262,258.40284946386555,253.48045643500825,255.17116312808636,18165150.667365182,3562973722.539151
1425855600,2015-03-09 00:00:00,BTC/EUR,255.14419365938488,272.2065675306196,254.7154721051995,269.5654195612346,32145748.02946312,3655626552.890865
1425942000,2015-03-10 00:00:00,BTC/EUR,269.32920421467696,279.0354230021668,269.32920421467696,271.27193594286194,64730067.61487078,3807352395.0045033
1426028400,2015-03-11 00:00:00,BTC/EUR,271.331454770341,276.56818160682235,270.1671177077812,275.7098085167722,47372839.99198595,3804450877.6246367
1426114800,2015-03-12 00:00:00,BTC/EUR,275.6270401473091,276.286397157976,271.9387328069637,274.09071041300484,30849823.0709855,3812144378.641912
1426201200,2015-03-13 00:00:00,BTC/EUR,273.7438272466032,273.8777446084312,266.46393066056595,266.46393066056595,28256280.46277314,3769199420.315639
1426287600,2015-03-14 00:00:00,BTC/EUR,265.35818244380584,266.2928140315635,261.30253234011286,262.4780291828251,27164202.637935303,3664657134.8018017
1426374000,2015-03-15 00:00:00,BTC/EUR,262.14788568665193,266.46672060560405,261.32113197370006,265.60927749723334,13804127.19411094,3679544595.814464
1426460400,2015-03-16 00:00:00,BTC/EUR,266.34024309721093,273.5187716801979,265.68181606822344,270.18199741465094,17103364.428304095,3766987591.5062666
1426546800,2015-03-17 00:00:00,BTC/EUR,270.24616615052685,271.8940936863544,264.4626100865813,265.477220098764,18032970.56297991,3754589288.485459
1426633200,2015-03-18 00:00:00,BTC/EUR,265.51441936593847,265.51441936593847,232.3745222219122,238.6797980079792,31234024.76985141,3551130865.252086
1426719600,2015-03-19 00:00:00,BTC/EUR,238.35337443852356,245.74207888104604,231.22692482958084,242.48435305824472,57767077.69588646,3339413258.366491
1426806000,2015-03-20 00:00:00,BTC/EUR,242.6582596322852,246.30378781538,241.01591198653384,243.49617312538945,33871606.405312,3393764042.3788686
1426892400,2015-03-21 00:00:00,BTC/EUR,243.42177459104056,243.8374764017149,237.74981632861832,241.8119763040668,16552545.883377563,3372173787.954327
1426978800,2015-03-22 00:00:00,BTC/EUR,241.8184861758223,250.8597680625692,241.4139441453003,249.20626063666543,13578589.199709432,3400069827.2666
1427065200,2015-03-23 00:00:00,BTC/EUR,249.1978908015512,257.8811297417441,243.4180546643231,248.009374215328,19823294.76234318,3476214052.9729247
1427151600,2015-03-24 00:00:00,BTC/EUR,248.06331315273087,248.3078983344028,227.05967692436457,227.8966604357894,27233338.086573027,3330997719.225786
1427238000,2015-03-25 00:00:00,BTC/EUR,228.39885054264428,231.7421346799468,219.95461689404715,228.8508216388137,39516216.72565245,3211138922.7762837
1427324400,2015-03-26 00:00:00,BTC/EUR,228.9586995136196,236.54456007216655,227.75716318388527,231.08370765095927,26710978.35622638,3245015759.2756085
1427410800,2015-03-27 00:00:00,BTC/EUR,231.13020673492733,238.82952505835632,228.0435975411284,229.7668535929842,21722023.18031001,3226634683.2921085
1427497200,2015-03-28 00:00:00,BTC/EUR,229.73244427084785,236.4059928019418,229.68222526016237,235.18306689358215,15593109.847314954,3273808096.609451
1427583600,2015-03-29 00:00:00,BTC/EUR,235.09750857908097,235.41463233174304,223.98608747407675,225.6479647350947,16544641.528008709,3201760383.7244067
1427666400,2015-03-30 00:00:00,BTC/EUR,225.71864334272607,231.79049372727357,222.46463744664229,230.3164727654865,21135942.77864368,3202103539.7277217
1427752800,2015-03-31 00:00:00,BTC/EUR,230.19464516549024,231.31434310744075,225.74282286638956,227.0457271991741,20370878.6515853,3197682464.30347
1427839200,2015-04-01 00:00:00,BTC/EUR,227.12384566024048,230.20859489068064,224.27438179467865,229.97423950748168,20444032.54005896,3179529480.366633
1427925600,2015-04-02 00:00:00,BTC/EUR,229.95842981893253,236.6440681118582,228.23238382203868,235.30768443861652,22167643.570148937,3237246719.682725
1428012000,2015-04-03 00:00:00,BTC/EUR,235.29001478670867,238.11529912860715,234.2428554157483,236.51387067674764,24957705.668862656,3308301574.7537403
1428098400,2015-04-04 00:00:00,BTC/EUR,236.51480065842705,237.38526351030885,233.5183996875261,236.05724967218143,16639944.761032457,3298334152.6601186
1428184800,2015-04-05 00:00:00,BTC/EUR,235.93356210882644,242.4229742674069,234.30144426154803,242.2146583712301,12296049.10406958,3329635378.9386206
1428271200,2015-04-06 00:00:00,BTC/EUR,242.35136567809613,243.4673436933292,236.7500860233053,237.6354285820569,19792676.73010175,3366971272.1815376
1428357600,2015-04-07 00:00:00,BTC/EUR,237.60287922327927,237.89396348891927,234.54602944322,235.70478661570365,19031209.34559256,3308277437.836067
1428444000,2015-04-08 00:00:00,BTC/EUR,235.45276158059684,236.07305936073055,227.11547582512625,227.92362990449087,20574975.468036283,3247446438.632604
1428530400,2015-04-09 00:00:00,BTC/EUR,227.86597104037048,228.88523096095005,222.6376140390034,226.67745445414724,25409811.60379473,3179035591.930144
1428616800,2015-04-10 00:00:00,BTC/EUR,226.61421569995068,226.6309553701792,216.47276548651988,219.36500850933237,22137145.36698627,3109797347.598994
1428703200,2015-04-11 00:00:00,BTC/EUR,219.5426350100903,222.76502152907585,217.77845976434264,220.0680746589292,22575817.24246304,3082594974.755373
1428789600,2015-04-12 00:00:00,BTC/EUR,219.9890262161835,221.082684671112,217.1460722223772,219.5417050284109,13482986.43725052,3085959429.5062623
1428876000,2015-04-13 00:00:00,BTC/EUR,219.6179635261185,220.3452091993788,206.452212891406,209.06918133712765,14038428.974199207,3038283241.355348
1428962400,2015-04-14 00:00:00,BTC/EUR,208.8617954226301,209.22355829590157,201.17642682439157,203.81757479377652,33657329.4874512,2884841848.4899406
1429048800,2015-04-15 00:00:00,BTC/EUR,203.8138548670591,207.99598247914517,203.33956421058505,207.99598247914517,26412256.280027296,2891648503.2716146
1429135200,2015-04-16 00:00:00,BTC/EUR,208.160589236392,213.5907522621804,208.160589236392,212.60776162709595,22777051.134749983,2968997789.0895896
1429221600,2015-04-17 00:00:00,BTC/EUR,212.5687023965628,212.87838629579,206.4019938807205,207.3403453951957,19867558.61954816,2937964984.1841884
1429308000,2015-04-18 00:00:00,BTC/EUR,207.2761766593198,208.60977038752333,205.4106334105218,207.77371685777788,15456021.75580803,2916496404.4984403
1429394400,2015-04-19 00:00:00,BTC/EUR,207.71698797533688,210.50414306838155,206.80281598452507,207.01764175245748,12524635.724040192,2939061297.886543
1429480800,2015-04-20 00:00:00,BTC/EUR,207.01392182574,210.50228310502283,206.43454323949817,208.9157343600331,15649960.59366363,2935475896.649021
1429567200,2015-04-21 00:00:00,BTC/EUR,208.89806470812525,218.65915241469745,208.59582066233293,218.0453645063192,17189327.75136218,2963880462.1630816
1429653600,2015-04-22 00:00:00,BTC/EUR,218.7958597215635,221.2510113550763,217.12840257046932,217.50504515061053,25943149.99311587,3087552907.2051272
1429740000,2015-04-23 00:00:00,BTC/EUR,217.779389746022,219.91741762687272,216.8707976452864,219.91741762687272,18525359.26720565,3073745781.425921
1429826400,2015-04-24 00:00:00,BTC/EUR,219.90532786504104,219.90532786504104,213.8334774804936,215.02571399343432,19760321.11750732,3032747979.7829804
1429912800,2015-04-25 00:00:00,BTC/EUR,215.07500302244048,216.2774693338541,210.48926336151172,210.62504068669847,15534488.463114588,3000904260.095948
1429999200,2015-04-26 00:00:00,BTC/EUR,210.53855239051788,211.05376224088383,199.8288833709976,204.0296106166708,20718836.953894585,2872483788.3007164
1430085600,2015-04-27 00:00:00,BTC/EUR,204.06587990216596,216.96937570329865,202.7573956793051,213.16947056142996,23784620.50547604,2904684835.356207
1430172000,2015-04-28 00:00:00,BTC/EUR,213.23177933394712,213.42614550493357,207.4500832333603,209.94243413404757,33444685.750217035,2959220077.085042
1430258400,2015-04-29 00:00:00,BTC/EUR,210.04101219205975,211.1430404821025,207.7858066196096,210.17771949892585,18185982.116587084,2949857476.7605467
1430344800,2015-04-30 00:00:00,BTC/EUR,209.99730305312983,222.78920105273923,209.2393679844507,219.47288638413823,23735562.48310329,3038226321.765647
1430431200,2015-05-01 00:00:00,BTC/EUR,219.61052367268368,222.2340019901608,215.8998967720336,215.8998967720336,25851955.73040939,3084615625.458281
1430517600,2015-05-02 00:00:00,BTC/EUR,215.82921816440216,219.2217913307108,215.82921816440216,218.57080415515813,15306845.170939606,3081620249.0458684
1430604000,2015-05-03 00:00:00,BTC/EUR,218.4805959322601,226.20874368774932,217.69290144984143,223.5452761580597,14164095.688569289,3143421572.048424
1430690400,2015-05-04 00:00:00,BTC/EUR,223.5285364878312,225.64889471677407,221.15894316881955,222.26934129397648,16884603.14173916,3152655403.7151165
1430776800,2015-05-05 00:00:00,BTC/EUR,222.28236103748756,222.45533762984869,215.8059686224181,219.58820411237895,22424226.53001009,3091941667.1214967
1430863200,2015-05-06 00:00:00,BTC/EUR,219.7072417673372,219.89788801160617,213.18063034158223,213.3740665308893,18891724.77546797,3084522778.4442883
1430949600,2015-05-07 00:00:00,BTC/EUR,213.69305024691013,222.36326944359195,212.5687023965628,220.53120553525093,29992903.723129984,3052100213.175774
1431036000,2015-05-08 00:00:00,BTC/EUR,220.71627188944376,229.03123808460973,219.7304913093212,226.859730863302,26408199.570968453,3153013173.490046
1431122400,2015-05-09 00:00:00,BTC/EUR,226.7881222739912,230.45318007235252,222.8598796603707,225.07602600228773,25408364.96562684,3189139799.69292
1431208800,2015-05-10 00:00:00,BTC/EUR,224.8993294832092,226.97876851826015,222.12519413367556,223.65222405118615,15100890.98097914,3172416529.1159334
1431295200,2015-05-11 00:00:00,BTC/EUR,223.4708776237108,227.16662481749108,222.6152944786988,225.0081373396944,15690719.028251808,3175200558.0038977
1431381600,2015-05-12 00:00:00,BTC/EUR,225.2025035106808,225.8748802648588,223.28767123287668,224.5849956755852,19837127.804401062,3178057633.612508
1431468000,2015-05-13 00:00:00,BTC/EUR,224.22974267406929,226.6402551869728,218.5875438253866,219.9639167108408,17456895.754205905,3190480018.164476
1431554400,2015-05-14 00:00:00,BTC/EUR,219.82627942229536,221.1487133703466,217.668721926178,220.29964009709008,25578870.971241865,3112190263.896886
1431640800,2015-05-15 00:00:00,BTC/EUR,220.33962930930255,222.0359158924569,220.2150117642682,220.9534172176808,20074674.299749624,3127393567.2832613
1431727200,2015-05-16 00:00:00,BTC/EUR,220.96829692455057,221.05385523905176,218.82003924522684,219.64772293985808,13320258.695070373,3118708885.272897
1431813600,2015-05-17 00:00:00,BTC/EUR,219.6179635261185,221.35888922988212,219.4849761459699,220.2159417459476,9740156.702885078,3118464352.942143
1431900000,2015-05-18 00:00:00,BTC/EUR,220.2215216360237,220.60095416120305,216.18354118423863,216.66713165750636,12056449.302634051,3113040529.3735547
1431986400,2015-05-19 00:00:00,BTC/EUR,216.80476894605167,217.756140204038,215.5855629644096,215.69623078425357,15799641.5066442,3070515342.028617
1432072800,2015-05-20 00:00:00,BTC/EUR,215.7064605827265,218.250890457458,215.60881250639363,217.57758372160063,13835236.66883414,3074972163.3549232
1432159200,2015-05-21 00:00:00,BTC/EUR,217.63245264068297,219.70073189558164,217.46226599335992,218.87025825591232,14533622.906378744,3100472717.5348315
1432245600,2015-05-22 00:00:00,BTC/EUR,218.86560834751552,224.0967552939207,218.60149355057703,223.62618456416408,17388062.819745783,3129741979.830109
1432332000,2015-05-23 00:00:00,BTC/EUR,223.5192366710376,224.1488342679649,221.9782570283365,222.18750290619272,21674850.019391894,3168085976.365961
1432418400,2015-05-24 00:00:00,BTC/EUR,222.14658371230087,225.03510680839585,222.08985482985983,224.0790856420128,11547586.739813952,3170350482.2409167
1432504800,2015-05-25 00:00:00,BTC/EUR,224.0818755870509,224.14511434124745,220.0680746589292,220.49493624975588,12263841.070163084,3150574779.174296
1432591200,2015-05-26 00:00:00,BTC/EUR,220.50795599326693,221.56069525430345,219.18924197193317,220.63722344669807,13949534.922077227,3135760102.969404
1432677600,2015-05-27 00:00:00,BTC/EUR,220.51353588334308,221.92710803597168,220.12201359633207,220.66326293372015,16052498.822712692,3137187346.701214
1432764000,2015-05-28 00:00:00,BTC/EUR,220.66884282379635,221.17196291233063,220.0820243841196,220.7748607352435,15453180.610952005,3136454846.200666
1432850400,2015-05-29 00:00:00,BTC/EUR,220.78509053371647,220.8911084451636,219.2255112574282,220.51260590166373,13899849.756293133,3130594713.4146123
1432936800,2015-05-30 00:00:00,BTC/EUR,220.49493624975588,220.49493624975588,215.79852876898323,217.1460722223772,13237668.565297684,3096413961.542513
1433023200,2015-05-31 00:00:00,BTC/EUR,217.00657497047305,217.00657497047305,213.4698546438635,213.86602683927123,12009020.303833114,3069208168.342029
1433109600,2015-06-01 00:00:00,BTC/EUR,214.07248277208936,215.48884486975604,205.80122571585335,207.31709585321167,18049071.38066222,3006174179.7713246
1433196000,2015-06-02 00:00:00,BTC/EUR,207.2873364394721,210.56273191418128,206.8455951417757,210.0149727050377,23244301.621803503,2967820722.587823
1433282400,2015-06-03 00:00:00,BTC/EUR,209.99265314473303,211.4815538133899,208.25079745929008,209.98986319969492,17661591.850612666,2991111494.577815
1433368800,2015-06-04 00:00:00,BTC/EUR,210.0586818439677,210.7161788912758,208.3661151875308,208.5697811753108,14702533.089264808,2984844623.700442
1433455200,2015-06-05 00:00:00,BTC/EUR,208.61721024095823,210.1461001218276,207.55238121809,209.2179784058254,15810041.167189006,2972646162.030497
1433541600,2015-06-06 00:00:00,BTC/EUR,209.2012387355969,209.91453468366672,208.6683592333231,209.81874657069253,13356268.164125862,2980351273.58964
1433628000,2015-06-07 00:00:00,BTC/EUR,209.82153651573063,210.35627598136315,207.0622808730668,207.74860735243516,11142261.82496818,2976510353.531969
1433714400,2015-06-08 00:00:00,BTC/EUR,207.27524667764044,213.3973160728733,207.23618744710728,212.5342930744264,16108555.921865009,2994052758.9223223
1433800800,2015-06-09 00:00:00,BTC/EUR,212.4905839354965,214.7829887751211,211.96979419505436,213.06159268662407,26461279.8898695,3040874075.150244
1433887200,2015-06-10 00:00:00,BTC/EUR,213.0104436942592,213.69305024691013,212.04512271108257,212.8160775232728,18544756.56725033,3034715872.3327584
1433973600,2015-06-11 00:00:00,BTC/EUR,212.78259818281575,214.1626909949874,212.7491188423588,213.60656195072957,14504686.59100749,3046161989.740066
1434060000,2015-06-12 00:00:00,BTC/EUR,213.62144165759932,214.87877688809527,213.25688883928984,213.9487952087344,12894012.571285678,3053740835.5532203
1434146400,2015-06-13 00:00:00,BTC/EUR,213.8790465827823,216.36209766667596,213.16110072631568,216.0319541705028,12510960.979720874,3059318005.100412
1434232800,2015-06-14 00:00:00,BTC/EUR,216.1296022468357,218.41363725134613,215.75946953845008,217.2009411414595,12464719.7516411,3097473511.656856
1434319200,2015-06-15 00:00:00,BTC/EUR,217.19071134298653,221.18312269248293,217.07818355978387,220.27639055510605,13967482.35101435,3123628007.109299
1434405600,2015-06-16 00:00:00,BTC/EUR,220.24105125129037,234.11544792567585,219.58913409405835,232.8962419440337,25715009.310149923,3211409797.758742
1434492000,2015-06-17 00:00:00,BTC/EUR,233.3277534432572,238.8685842888895,229.21816440216125,231.49289958987805,44838785.731670216,3334111381.2466745
1434578400,2015-06-18 00:00:00,BTC/EUR,231.8295529578067,234.45582122032195,227.0336374373425,231.44733048758937,33889892.171207555,3307607622.5910463
1434664800,2015-06-19 00:00:00,BTC/EUR,231.5719480326237,233.40401194096475,226.71744366635977,227.39819025565197,23934088.58178827,3294897363.08254
1434751200,2015-06-20 00:00:00,BTC/EUR,227.47909866175635,228.6155362739354,223.77870155957928,228.0594072296776,22513793.43660263,3232541141.1037474
1434837600,2015-06-21 00:00:00,BTC/EUR,228.04266755944903,228.05382733960136,224.9458285671772,226.8653107533781,13154369.089698162,3238642091.932777
1434924000,2015-06-22 00:00:00,BTC/EUR,226.8634507900194,230.55826800212037,226.71000381292487,229.70361483878764,13743983.535191022,3268014230.054827
1435010400,2015-06-23 00:00:00,BTC/EUR,229.6961749853528,229.9881892326721,226.10923564805773,227.2373034251225,15035240.493262282,3259023617.1410685
1435096800,2015-06-24 00:00:00,BTC/EUR,227.1908043411545,227.2326535167257,223.6838434282845,223.6838434282845,14930926.018652167,3228901987.092279
1435183200,2015-06-25 00:00:00,BTC/EUR,223.67454361149083,226.29430200225053,223.53504635958672,225.70097369081827,16301307.21841446,3220411128.954171
1435269600,2015-06-26 00:00:00,BTC/EUR,225.7986217671512,226.68210436254404,224.63986459466747,226.5426071106399,12496653.680505827,3222505028.2646184
1435356000,2015-06-27 00:00:00,BTC/EUR,226.5379572022431,233.7406653088934,226.09435594118796,233.50258999897704,14223858.279575223,3273770942.7401686
1435442400,2015-06-28 00:00:00,BTC/EUR,233.41610170279645,233.58535836844013,230.10908685098903,231.5533483990365,18750206.370063428,3322799415.8458524
1435528800,2015-06-29 00:00:00,BTC/EUR,231.5756679593412,239.16617842628497,231.175775837216,239.02575119270148,20634109.622623768,3361544381.8070183
1435615200,2015-06-30 00:00:00,BTC/EUR,239.06481042323463,249.11140250537065,238.02509090570916,244.6846897116127,41143192.57285631,3498175221.434966
1435701600,2015-07-01 00:00:00,BTC/EUR,244.65214035283503,246.605101879493,237.86513405685903,240.5406913483804,31730367.33336632,3466044822.990869
1435788000,2015-07-02 00:00:00,BTC/EUR,240.5127918979996,243.3120367528759,236.32322443247867,237.6093890950348,23022745.375261053,3425907887.272181
1435874400,2015-07-03 00:00:00,BTC/EUR,237.5284806889304,239.07690018506636,235.75500562638916,238.27246603241915,18428335.805534627,3406740898.8617573
1435960800,2015-07-04 00:00:00,BTC/EUR,238.38778376065991,243.15021994066717,236.40134289354495,242.70103878953583,14911627.923856728,3430950248.841001
1436047200,2015-07-05 00:00:00,BTC/EUR,242.6192004017521,255.28555087464773,240.58719043234848,252.7857601205256,22407070.28904864,3522019870.833615
1436133600,2015-07-06 00:00:00,BTC/EUR,252.8741083800649,257.9973774516642,248.8630973969813,250.2069209236578,47559951.85019855,3619191192.626822
1436220000,2015-07-07 00:00:00,BTC/EUR,250.19297119846732,252.3421588594705,246.28890810851024,248.0103041970073,38564588.13178047,3586541489.4315257
1436306400,2015-07-08 00:00:00,BTC/EUR,247.5676329176315,253.85802899682875,245.87413627951528,251.64932250834656,29067081.263516527,3582126037.0188146
1436392800,2015-07-09 00:00:00,BTC/EUR,251.8250890457458,253.2665606487552,248.38508681378977,250.59286332059256,36590584.15507548,3606525507.481879
1436479200,2015-07-10 00:00:00,BTC/EUR,250.37710757098083,273.9642329046118,249.9809353755731,265.149866547629,64567752.265280366,3751202268.7284408
1436565600,2015-07-11 00:00:00,BTC/EUR,264.94620055984893,277.60511117930974,263.67770554920065,272.62970919472883,69628156.06051724,3895885825.075656
1436652000,2015-07-12 00:00:00,BTC/EUR,272.5915799458751,292.380660100996,272.0242911214649,289.2466218415497,46717740.74384068,4071885749.132368
1436738400,2015-07-13 00:00:00,BTC/EUR,289.10061471789004,289.17594323391825,261.3350816988905,271.8401547489514,54829520.473030016,3931673274.902895
1436824800,2015-07-14 00:00:00,BTC/EUR,271.6048693840731,275.41128439769733,266.5680886086544,267.6115280528973,38252781.2041824,3887498982.6201367
1436911200,2015-07-15 00:00:00,BTC/EUR,267.33625347580653,272.71526750923005,265.3860818941867,266.0519487766091,25405365.24252772,3896287455.790173
1436997600,2015-07-16 00:00:00,BTC/EUR,265.8157334300514,270.7948553413498,255.96815742729868,258.6167452501186,36759722.95845772,3779934918.602852
1437084000,2015-07-17 00:00:00,BTC/EUR,258.61767523179793,260.65526509127767,252.99500599838183,259.970798575268,36733162.294202805,3709689859.700343
1437170400,2015-07-18 00:00:00,BTC/EUR,259.90383989435406,262.74493392480167,254.8847287708432,255.48828688074843,23949527.16284636,3711513091.9696302
1437256800,2015-07-19 00:00:00,BTC/EUR,255.65289363799533,256.36804954942386,253.4320973876814,254.3211598731505,18155832.44468417,3673946906.22021
1437343200,2015-07-20 00:00:00,BTC/EUR,254.45600721665775,258.9068995340791,253.84779919835572,258.9068995340791,18178728.09160015,3699899283.173623
1437429600,2015-07-21 00:00:00,BTC/EUR,259.44721888978785,260.90357019966706,256.1346241479043,256.89069925322474,21082043.113820583,3731586568.268311
1437516000,2015-07-22 00:00:00,BTC/EUR,256.51963656315974,258.2242929814282,255.1693031647276,257.8457904379284,19762956.418887462,3699183026.3457327
1437602400,2015-07-23 00:00:00,BTC/EUR,257.811381115792,258.63813482874383,256.41082870667447,256.7307424043746,16928040.293829985,3712292688.9499183
1437688800,2015-07-24 00:00:00,BTC/EUR,256.7205126059016,268.9999907001832,255.98117717080973,268.2104362544057,24784102.492764223,3786224799.527091
1437775200,2015-07-25 00:00:00,BTC/EUR,268.0932585628063,270.37636358563736,265.97662026058083,268.5377898055408,29057910.4128234,3864464569.265611
1437861600,2015-07-26 00:00:00,BTC/EUR,268.48292088645854,272.5329911000753,267.56130904221186,272.1377488863469,15988785.906334313,3895489310.9559503
1437948000,2015-07-27 00:00:00,BTC/EUR,272.1926178054292,276.92436459001755,267.3232337322954,273.08633019929505,19117004.353347573,3906596147.0640903
1438034400,2015-07-28 00:00:00,BTC/EUR,273.0649406206698,275.8781352007365,272.8780143031182,273.7968362023268,29075363.777833577,3956525098.901063
1438120800,2015-07-29 00:00:00,BTC/EUR,273.8117159091966,273.9130839122469,268.5573194208074,269.3143245078072,22475152.396292217,3909532874.549624
1438207200,2015-07-30 00:00:00,BTC/EUR,269.3133945261278,269.8118647062652,266.5029898910991,267.7054562025128,21578430.45700333,3861877123.2571607
1438293600,2015-07-31 00:00:00,BTC/EUR,267.5761887490816,268.7265760864511,262.5747472774786,264.5807177598601,21293902.23929255,3828368655.013385
1438380000,2015-08-01 00:00:00,BTC/EUR,264.71928503008485,264.9815398636647,258.63906481042324,262.2669233416101,19613541.23561528,3778117526.3672
1438466400,2015-08-02 00:00:00,BTC/EUR,261.88377088971345,263.2145746728789,258.0968854913558,262.8351421476997,17136150.480335537,3753834135.281946
1438552800,2015-08-03 00:00:00,BTC/EUR,262.825842330906,265.4827999888402,260.6115559523477,261.9107403584149,17258391.08261234,3805801421.7868094
1438639200,2015-08-04 00:00:00,BTC/EUR,261.53595774163244,265.70971551860424,261.53409777827375,265.3191232132727,20495854.85054056,3820681911.827946
1438725600,2015-08-05 00:00:00,BTC/EUR,265.2475146239619,265.510699439221,261.7786829599457,262.1302160347441,18900245.142522607,3801478267.102586
1438812000,2015-08-06 00:00:00,BTC/EUR,262.1450957416139,262.16741530191854,258.9096894791173,259.1514847157511,18488062.587250363,3763559295.594289
1438898400,2015-08-07 00:00:00,BTC/EUR,259.07150629132605,260.7594230393661,257.01531679825905,259.84246110351626,26013471.753356457,3753804188.067926
1438984800,2015-08-08 00:00:00,BTC/EUR,260.0089278241218,260.3279115401426,242.4555236261845,242.51039254526685,41015168.64926123,3684637162.688005
1439071200,2015-08-09 00:00:00,BTC/EUR,242.72242836816116,248.3078983344028,242.2304680597792,246.46746459094757,46966725.25551246,3550720556.935414
1439157600,2015-08-10 00:00:00,BTC/EUR,246.52233351002985,248.33486780310423,244.20946907345925,245.89087594974376,19859126.504374526,3571542432.8383245
1439244000,2015-08-11 00:00:00,BTC/EUR,245.9522547405816,251.36288815110345,245.6025816291419,251.36288815110345,20780254.955293167,3577226615.8241687
1439330400,2015-08-12 00:00:00,BTC/EUR,251.4540263556808,251.72093109765737,246.88130643826315,247.708060151215,25064254.76728213,3614471176.798362
1439416800,2015-08-13 00:00:00,BTC/EUR,247.72479982144347,247.72479982144347,244.43731458490268,245.49470375433603,24280162.53496473,3561972928.1434894
1439503200,2015-08-14 00:00:00,BTC/EUR,245.5895618856308,248.7384798519469,243.16974955593372,247.17146072222377,26354251.914987277,3575136872.553076
1439589600,2015-08-15 00:00:00,BTC/EUR,247.0775325726083,247.9954244901375,243.00049289029005,243.18555924448287,19929431.88844964,3576047882.4933243
1439676000,2015-08-16 00:00:00,BTC/EUR,243.23763821852705,244.06439193147887,239.04342084460933,240.413283858308,24258907.609936748,3505671399.5336995
1439762400,2015-08-17 00:00:00,BTC/EUR,240.40677398655245,242.2648773819156,239.1140994522408,239.89156413618647,22801577.55892209,3486582623.714491
1439848800,2015-08-18 00:00:00,BTC/EUR,239.9129537148118,239.92876340336093,198.23303480921425,198.23303480921425,22516616.318491857,3436029526.581543
1439935200,2015-08-19 00:00:00,BTC/EUR,196.2996028978229,220.78602051539585,196.2996028978229,210.84730630806573,68560915.8957315,3348868044.370012
1440021600,2015-08-20 00:00:00,BTC/EUR,210.81196700425,220.745101321504,210.81196700425,218.93163704675013,37352952.45933655,3154682559.6844244
1440108000,2015-08-21 00:00:00,BTC/EUR,218.8711882375917,219.87742841466024,215.499074668229,216.46160570636755,24524739.96678932,3160176473.300652
1440194400,2015-08-22 00:00:00,BTC/EUR,216.28490918728895,218.50570543760287,207.1106399203936,214.3458973858215,19779924.06276869,3110533315.12934
1440280800,2015-08-23 00:00:00,BTC/EUR,214.25847910796156,216.4113866956821,209.78526723023555,212.3920058774842,21126672.481635444,3103076124.608043
1440367200,2015-08-24 00:00:00,BTC/EUR,212.19298979810097,212.19298979810097,195.70813454974936,196.5925471268216,34435181.135642424,2977810004.363147
1440453600,2015-08-25 00:00:00,BTC/EUR,195.7564935970761,210.474383654642,185.59365380502004,206.15461875401053,61497881.127158456,2898777325.365474
1440540000,2015-08-26 00:00:00,BTC/EUR,206.09230998149332,214.9959545796948,204.78568572199129,210.0056728882441,39951661.69094065,3062837996.3273907
1440626400,2015-08-27 00:00:00,BTC/EUR,210.01869263175516,212.63380111411803,208.02202196616724,208.8338959722493,24490275.42699075,3061901781.3664026
1440712800,2015-08-28 00:00:00,BTC/EUR,209.03105208827384,218.74936063759543,205.45713249448983,215.26936919342688,24427549.777269386,3084190445.817875
1440799200,2015-08-29 00:00:00,BTC/EUR,215.19404067739865,216.8921872239117,211.4127351691172,213.7042100270625,22878815.06629056,3117227441.11731
1440885600,2015-08-30 00:00:00,BTC/EUR,213.6911902835514,215.8189883659292,210.4055650103693,212.4812841187029,17191668.449131552,3098153220.2031813
1440972000,2015-08-31 00:00:00,BTC/EUR,212.74353895228265,215.71483041784077,210.09681109282144,214.06318295529576,18065232.531585798,3105403715.7896857
1441058400,2015-09-01 00:00:00,BTC/EUR,213.94786522705505,215.02664397511367,210.97564377981757,212.07860205153955,19544527.264479555,3099063584.636923
1441144800,2015-09-02 00:00:00,BTC/EUR,212.14835067749163,214.43238568200204,210.6176008332636,213.17877037822356,17551007.95594466,3094108109.5984063
1441231200,2015-09-03 00:00:00,BTC/EUR,213.2299193705884,213.52844348966323,210.79615731570087,211.1588501706516,17006845.56930895,3087034787.790923
1441317600,2015-09-04 00:00:00,BTC/EUR,211.27602786225108,214.73276976443563,211.15327028057544,214.25847910796156,18195936.93587569,3108198646.988947
1441404000,2015-09-05 00:00:00,BTC/EUR,214.17292079346035,219.6086637093249,213.3777864576068,218.588473807066,16415555.354818253,3144303190.1612477
1441490400,2015-09-06 00:00:00,BTC/EUR,218.56336430172323,225.90370969691892,218.2490304940993,223.1444540542551,23095541.861575324,3247281204.065338
1441576800,2015-09-07 00:00:00,BTC/EUR,223.04680597792225,225.15414446335404,222.00708646039672,223.28023137944183,19469235.560226128,3260122769.183136
1441663200,2015-09-08 00:00:00,BTC/EUR,223.05331584967772,228.57182713500544,222.89614894586572,226.56027676254772,21845443.288123865,3298986080.1489387
1441749600,2015-09-09 00:00:00,BTC/EUR,226.5500469640748,227.30240214267775,221.16917296729247,221.433287764231,22009158.75873329,3261789912.5404086
1441836000,2015-09-10 00:00:00,BTC/EUR,221.4918766100308,224.39806935803364,219.28131015818985,221.88990876879728,19654854.091041077,3239855066.9384413
1441922400,2015-09-11 00:00:00,BTC/EUR,221.7792409489533,224.2827516297929,221.64160366040787,223.3536999321113,18148590.53526645,3256656643.0872154
1442008800,2015-09-12 00:00:00,BTC/EUR,223.2951110863116,223.3109207748607,218.3169191566926,218.7168112788178,15380520.99669411,3234581790.5499544
1442095200,2015-09-13 00:00:00,BTC/EUR,218.75866045438903,219.41522752001785,213.2745584911977,214.64814143161377,15736790.901885897,3167322906.4166875
1442181600,2015-09-14 00:00:00,BTC/EUR,214.3719368728436,216.16494155065143,211.99955360879392,214.5058542346716,18532227.998441763,3133430163.3898478
1442268000,2015-09-15 00:00:00,BTC/EUR,214.49469445451925,241.0345116201211,213.73024951408456,214.2501092728473,17941745.42914815,3138875282.5228214
1442354400,2015-09-16 00:00:00,BTC/EUR,214.17850068353653,215.02571399343432,211.47969385003117,213.0243934194496,16568638.52490439,3116362894.388568
1442440800,2015-09-17 00:00:00,BTC/EUR,213.0504329064717,214.16083103162865,212.8969859293772,213.71908973393224,17231686.335779183,3120756212.1033497
1442527200,2015-09-18 00:00:00,BTC/EUR,217.17025174604055,217.9439965032689,215.9277962224144,216.7089808330776,19646964.98295885,3225450208.1025696
1442613600,2015-09-19 00:00:00,BTC/EUR,216.66248174910956,216.8763775353625,214.90853630183483,215.27866901022048,14032025.621912148,3154548127.622705
1442700000,2015-09-20 00:00:00,BTC/EUR,215.28424890029663,216.09519292469935,214.74206958122923,214.9661951659552,11977516.44951935,3149283429.099724
1442786400,2015-09-21 00:00:00,BTC/EUR,215.02292404839625,215.02757395679305,210.66037999051417,211.0016832668396,14817052.066574289,3112668839.1686034
1442872800,2015-09-22 00:00:00,BTC/EUR,211.1848896576737,216.11472253996595,209.35468571269143,214.44075551711632,20586191.670774084,3119191451.0399785
1442959200,2015-09-23 00:00:00,BTC/EUR,214.47051493085584,215.60230263463808,213.51542374615215,214.17478075681908,18098368.618388217,3147464248.241797
1443045600,2015-09-24 00:00:00,BTC/EUR,214.15897106826992,219.1492527597206,214.15897106826992,218.1141831505919,18187446.912870727,3168965640.024623
1443132000,2015-09-25 00:00:00,BTC/EUR,218.1076732788364,220.80276018562432,217.32183875977643,218.73913083912245,22522816.180379905,3207802323.04054
1443218400,2015-09-26 00:00:00,BTC/EUR,218.67961201164337,218.92047726659783,217.0186647323048,217.97282593532904,14901098.507399997,3193374774.900387
1443304800,2015-09-27 00:00:00,BTC/EUR,217.9319067414372,218.1048833337983,216.19842089110844,216.4513759078946,11890493.652745424,3181310320.9664297
1443391200,2015-09-28 00:00:00,BTC/EUR,216.45974574300885,222.5808851565624,216.1900510559942,222.42092830771236,18079686.66292535,3234642043.142738
1443477600,2015-09-29 00:00:00,BTC/EUR,222.3976787657283,223.0114666741065,219.4087176482623,219.98623627114543,21327875.632516704,3241053513.8895445
1443564000,2015-09-30 00:00:00,BTC/EUR,220.11457374289725,221.0882645611881,219.13065312613335,219.55286480856324,18695682.93462952,3229578405.944995
1443650400,2015-10-01 00:00:00,BTC/EUR,219.531475229938,221.74948153521373,219.1185633643017,220.91807791386503,16938448.465875328,3230911298.599626
1443736800,2015-10-02 00:00:00,BTC/EUR,220.9162179505064,221.8387597764324,220.0364552818309,220.70232216425333,18023956.52180652,3237476301.0234404
1443823200,2015-10-03 00:00:00,BTC/EUR,220.67814264059,222.5585655962577,220.35357903449295,222.07497512299005,16450998.69427309,3250838292.0216618
1443909600,2015-10-04 00:00:00,BTC/EUR,222.0145263138316,222.2358619535195,221.2798407871365,221.52070604209095,11925106.793166207,3254136462.1632986
1443996000,2015-10-05 00:00:00,BTC/EUR,221.5765049428526,223.55085604813584,220.43820736731485,223.4187986496666,14786441.00919545,3257005332.235892
1444082400,2015-10-06 00:00:00,BTC/EUR,223.5517860298152,229.6450259929879,223.32208055501303,228.81641231667732,23326007.86440465,3317960590.948085
1444168800,2015-10-07 00:00:00,BTC/EUR,228.8340819685852,229.40881064643025,225.59960568776796,225.8748802648588,22608887.615330644,3349649586.412456
1444255200,2015-10-08 00:00:00,BTC/EUR,225.9567186526425,227.14895516558323,225.2220331259474,225.42941904044488,18269229.89059624,3328216816.341812
1444341600,2015-10-09 00:00:00,BTC/EUR,225.33828083586752,227.12756558695796,225.16902417022385,226.87089064345432,16780210.64860022,3330634035.6160007
1444428000,2015-10-10 00:00:00,BTC/EUR,226.8513610281877,228.14217559914067,226.05436672897545,227.73856355029804,14683139.415837718,3336872534.916992
1444514400,2015-10-11 00:00:00,BTC/EUR,227.79064252434225,229.93146035023108,227.0568869793265,229.82451245710456,11599196.81986446,3351256522.590418
1444600800,2015-10-12 00:00:00,BTC/EUR,229.75197388611443,230.12768648457623,228.01197816403013,228.14589552585807,15997731.167612664,3368519252.9615874
1444687200,2015-10-13 00:00:00,BTC/EUR,228.1319458006677,232.7148955165583,226.6895442159789,231.87419207841603,21399660.53085421,3383709781.2810907
1444773600,2015-10-14 00:00:00,BTC/EUR,232.0378688539836,236.4710915194971,231.4752299379702,234.42699178826172,23364912.02373313,3433466948.859568
1444860000,2015-10-15 00:00:00,BTC/EUR,234.345153400478,238.0399706125789,234.345153400478,236.5696695775093,24313222.51203399,3479641820.8429794
1444946400,2015-10-16 00:00:00,BTC/EUR,236.5129406950683,247.50067423671751,236.1465279134001,244.21876889025285,24494661.1947578,3549616939.7790074
1445032800,2015-10-17 00:00:00,BTC/EUR,244.4633540719248,254.4225278762008,243.9965032688856,252.1078034762715,38530270.33262181,3677515010.078896
1445119200,2015-10-18 00:00:00,BTC/EUR,251.69024170223844,252.64626286862148,242.51783239870173,243.36504570859952,28948471.983394608,3649761786.0821767
1445205600,2015-10-19 00:00:00,BTC/EUR,243.32319653302827,246.27774832835792,242.67964921091053,245.020413097862,22298105.17524471,3607944464.054743
1445292000,2015-10-20 00:00:00,BTC/EUR,244.99158366580176,251.8715881297138,244.79628751313595,250.59379330227196,24385032.177366104,3653890463.0142326
1445378400,2015-10-21 00:00:00,BTC/EUR,250.59565326563063,251.81113932055536,245.3654363009049,247.6727208473993,26103117.466502573,3664760398.686861
1445464800,2015-10-22 00:00:00,BTC/EUR,247.62808172679,257.149234160087,247.50067423671751,254.70059239832972,26128333.97216918,3721036438.163168
1445551200,2015-10-23 00:00:00,BTC/EUR,254.83636972351644,259.17101433101766,254.3899785174232,257.15760399520127,31705798.87492883,3780173779.038825
1445637600,2015-10-24 00:00:00,BTC/EUR,257.136214416576,261.9814189660464,257.136214416576,261.9814189660464,24084351.251046307,3824375994.243765
1445724000,2015-10-25 00:00:00,BTC/EUR,261.93305991871955,273.4694826511917,261.7386937477331,263.2936231156246,32570633.971751176,3957073927.459472
1445814000,2015-10-26 00:00:00,BTC/EUR,263.8172028011048,265.31261334151714,260.8691608775307,265.31261334151714,36351031.20760188,3891969792.4240127
1445900400,2015-10-27 00:00:00,BTC/EUR,265.3237731216695,275.4717332068558,265.0522184712961,273.1746784588344,33259216.0538604,3992840128.718967
1445986800,2015-10-28 00:00:00,BTC/EUR,273.21745761608497,284.88221782030894,273.13840917333926,283.51328478828964,44512104.486541614,4125802880.3967857
1446073200,2015-10-29 00:00:00,BTC/EUR,283.28915920356366,295.8922709222628,280.6898604097499,291.839410763608,49450326.0655103,4247985817.5837455
1446159600,2015-10-30 00:00:00,BTC/EUR,291.8793999758205,310.7710478103581,291.8793999758205,305.04980051892977,74144926.40744977,4467810862.759841
1446246000,2015-10-31 00:00:00,BTC/EUR,305.047940555571,309.4765133126877,287.5977643240428,292.0477266597848,50583920.27257133,4447336190.360724
1446332400,2015-11-01 00:00:00,BTC/EUR,292.1686242781017,304.54296050367805,290.043616140762,302.92479238159007,38721926.8544046,4380844128.571686
1446418800,2015-11-02 00:00:00,BTC/EUR,302.6448678961024,339.7781063713045,300.5784486045625,335.3774330645686,49883012.50257036,4624944508.278186
1446505200,2015-11-03 00:00:00,BTC/EUR,335.8991527866901,388.63934380492697,332.6051576783937,373.0584307489143,143868356.31421393,5279108153.813991
1446591600,2015-11-04 00:00:00,BTC/EUR,375.1704191427429,460.8635809874545,353.90266811743805,380.2620688372439,234352098.99791548,6179139821.098079
1446678000,2015-11-05 00:00:00,BTC/EUR,382.7460499028169,416.2235303964512,348.35346743669146,360.4953082424276,220712244.1290694,5477835113.078447
1446764400,2015-11-06 00:00:00,BTC/EUR,359.3021417478075,368.1202280315077,329.2367640357484,347.68202066419286,121877670.46822508,5155933329.749745
1446850800,2015-11-07 00:00:00,BTC/EUR,348.25023947028245,363.2378242148629,346.3558667894242,359.83223130504325,79292944.85781191,5287673764.027392
1446937200,2015-11-08 00:00:00,BTC/EUR,359.42117940276574,362.59520687442455,342.88424518037,346.2489188962977,43280879.77433395,5258463274.567559
1447023600,2015-11-09 00:00:00,BTC/EUR,347.2253996596267,358.30148146081524,337.4857015316798,354.6364236624538,58858076.78755394,5193533414.257438
1447110000,2015-11-10 00:00:00,BTC/EUR,353.632043448744,354.68292274642187,306.0644105311125,313.0634526499828,62409818.57865733,5041556477.513445
1447196400,2015-11-11 00:00:00,BTC/EUR,313.23549926066454,316.73781026513774,279.92169554259783,289.21965237284826,112345798.38152188,4398068678.264673
1447282800,2015-11-12 00:00:00,BTC/EUR,289.30242074231137,320.91900789554444,289.30242074231137,315.12708199648466,78132547.53445818,4567005106.667082
1447369200,2015-11-13 00:00:00,BTC/EUR,314.4751648392526,317.0437742376475,303.24377609761086,312.70447972174946,56861499.44304431,4607864663.792527
1447455600,2015-11-14 00:00:00,BTC/EUR,313.17412046982673,314.5021343079541,306.86605473872163,309.4811632210845,38719860.21875369,4600739900.034633
1447542000,2015-11-15 00:00:00,BTC/EUR,309.59648094932527,311.229528778283,295.25988338029737,297.80896316342563,33895531.561164126,4537906240.722427
1447628400,2015-11-16 00:00:00,BTC/EUR,297.7485143542672,308.4061043997433,293.7858624185103,307.5533111997693,42688010.97326716,4444020623.410272
1447714800,2015-11-17 00:00:00,BTC/EUR,307.5923704303025,314.6593012117661,306.5349812608692,311.57734192636406,50530059.203667015,4610528254.938675
1447801200,2015-11-18 00:00:00,BTC/EUR,311.63128086376696,312.9676645370086,307.4891424638934,310.9217048424146,40037827.65062862,4599918240.441432
1447887600,2015-11-19 00:00:00,BTC/EUR,311.16257009736904,311.8544764668136,302.4979307907634,303.2233165006649,38135930.1402947,4573709629.46211
1447974000,2015-11-20 00:00:00,BTC/EUR,303.3125947418836,303.6139088059965,290.35608998502727,299.60382780459224,48865060.3687274,4428314114.879949
1448060400,2015-11-21 00:00:00,BTC/EUR,299.4745603511611,305.181857917399,297.2174948153521,303.7766555998847,32090392.339126512,4493486588.7054
1448146800,2015-11-22 00:00:00,BTC/EUR,304.0361204884264,304.1133089678133,298.76498432980867,301.52145002743447,20473074.551511478,4487369499.036871
1448233200,2015-11-23 00:00:00,BTC/EUR,301.8125342930744,302.35378363046243,298.7938137618689,300.3896623236522,21320806.48011234,4468322506.134615
1448319600,2015-11-24 00:00:00,BTC/EUR,300.4268615908266,300.43802137097896,295.84391187493605,297.63226664434706,25778023.48304191,4441758135.191179
1448406000,2015-11-25 00:00:00,BTC/EUR,297.63691655274386,306.0885900547759,294.5902965711575,305.395753703652,28468896.246077284,4465357098.515983
1448492400,2015-11-26 00:00:00,BTC/EUR,305.225567056329,341.0772907773717,305.225567056329,330.2755535715946,66499560.62416092,4742923634.1334095
1448578800,2015-11-27 00:00:00,BTC/EUR,327.9896586037255,338.1311088171563,323.512726799282,333.3286834249365,80059772.38658655,4916379590.161564
1448665200,2015-11-28 00:00:00,BTC/EUR,332.97250044174126,334.36189307070646,327.51350798389274,331.92813101581896,42714852.246577404,4909559868.175783
1448751600,2015-11-29 00:00:00,BTC/EUR,332.35778255168367,345.89645583982,330.76286397157975,345.41286536655224,27301512.9894624,4999137650.476744
1448838000,2015-11-30 00:00:00,BTC/EUR,345.2966176566321,355.5905848654781,344.44940434673435,350.9071971282165,57263853.43333736,5223448123.312285
1448924400,2015-12-01 00:00:00,BTC/EUR,350.90161723814043,352.39888774191144,331.59705753796646,337.01327083856444,57072367.6222745,5095505686.373178
1449010800,2015-12-02 00:00:00,BTC/EUR,337.1071989881799,337.1071989881799,324.99604757786267,333.70811595011577,52764330.17811216,4923602724.660264
1449097200,2015-12-03 00:00:00,BTC/EUR,334.0373294646095,344.34896632536334,332.3866119837439,335.8405639408903,46629932.39033191,5021091274.155111
1449183600,2015-12-04 00:00:00,BTC/EUR,335.76616540654146,338.06322015456294,330.8474923044016,337.65681816068223,37014815.318554886,5002543471.062569
1449270000,2015-12-05 00:00:00,BTC/EUR,337.75353625533575,362.4929088896949,337.75353625533575,361.64011568972086,42143444.37831241,5212163115.772826
1449356400,2015-12-06 00:00:00,BTC/EUR,361.7154442057491,374.6049902816914,359.9856782821378,364.2161649415506,74470953.02675498,5485399093.127331
1449442800,2015-12-07 00:00:00,BTC/EUR,361.5610672469752,371.9638423123064,358.4251690241702,367.9798007979242,59942612.0576258,5489023717.061334
1449529200,2015-12-08 00:00:00,BTC/EUR,367.8412335276995,384.1838015791088,362.6463558667894,384.1838015791088,46852976.87135563,5490730523.039571
1449615600,2015-12-09 00:00:00,BTC/EUR,386.46597662026056,393.493848171191,377.8431864892261,388.0395056217392,76549494.46454237,5778078611.190131
1449702000,2015-12-10 00:00:00,BTC/EUR,388.3259399789824,390.13568432701874,382.7321001776265,386.5124757042286,61378661.22364915,5780545120.097841
1449788400,2015-12-11 00:00:00,BTC/EUR,386.3878581591942,420.06621469557047,386.2037217866808,419.1232132726985,65132438.75553985,6000452808.226795
1449874800,2015-12-12 00:00:00,BTC/EUR,420.2940602070139,436.257195733244,381.9816049623822,405.3399548028904,132509269.46322487,6011881827.845685
1449961200,2015-12-13 00:00:00,BTC/EUR,404.5392405769606,410.7543081401296,396.42143049781913,403.978461624306,67691778.01901135,6012168618.531241
1450047600,2015-12-14 00:00:00,BTC/EUR,403.3842033311943,415.8338680727989,400.3161937709827,413.2438690957788,81496660.5262043,6133383044.265022
1450134000,2015-12-15 00:00:00,BTC/EUR,413.0811223018906,432.0825079745928,412.7984078713649,431.6100772814775,105197916.1411217,6351840717.1521015
1450220400,2015-12-16 00:00:00,BTC/EUR,432.7400050219011,432.7400050219011,412.7732983660222,422.9389281031163,87472072.4225509,6352754547.049358
1450306800,2015-12-17 00:00:00,BTC/EUR,423.0802853183792,425.8014117121893,417.4297166345823,424.3664499809353,67471761.20351683,6331096439.016372
1450393200,2015-12-18 00:00:00,BTC/EUR,424.144184359568,432.60608766007306,423.08586520845535,431.2027453059175,47088146.19390867,6398698219.527861
1450479600,2015-12-19 00:00:00,BTC/EUR,431.15438625859065,432.9818002585349,424.783081773289,429.7761534097778,45418958.36110362,6446953111.710012
1450566000,2015-12-20 00:00:00,BTC/EUR,429.9509899654976,430.2513740479312,403.92638265026176,411.3894856271331,47338571.62526093,6322122795.580514
1450652400,2015-12-21 00:00:00,BTC/EUR,411.6889397278873,413.589822280501,397.392331371072,407.84904537380606,81937931.02067555,6098545737.424316
1450738800,2015-12-22 00:00:00,BTC/EUR,407.9262338531931,412.6217113522863,405.0219010685489,406.66331873262095,53394221.85856806,6105376948.638977
1450825200,2015-12-23 00:00:00,BTC/EUR,406.00396172195406,413.40382594462886,406.00396172195406,411.1551302439341,43461205.814245455,6146760467.285254
1450911600,2015-12-24 00:00:00,BTC/EUR,411.4248249309488,426.3556807930884,411.4248249309488,423.23559225883247,50161606.5132158,6345329710.91393
1450998000,2015-12-25 00:00:00,BTC/EUR,423.1277143840266,426.2152535595048,420.4214676970863,423.6299044908815,41168904.95173911,6350230445.133879
1451084400,2015-12-26 00:00:00,BTC/EUR,423.7489421458397,425.4563885091464,377.3493662174855,388.6105143728669,64724531.35381566,6004929125.398607
1451170800,2015-12-27 00:00:00,BTC/EUR,388.0571752736471,394.3187419207841,380.2536990021296,392.65965460480425,81881906.38985875,5828629488.124945
1451257200,2015-12-28 00:00:00,BTC/EUR,393.2176436124208,399.67729635726175,389.1796631606357,392.7721823880069,44288262.41706372,5941721245.894846
1451343600,2015-12-29 00:00:00,BTC/EUR,392.71173357884845,402.0710691999368,391.1754038445442,402.0710691999368,42508511.91564859,5942298628.702755
1451430000,2015-12-30 00:00:00,BTC/EUR,402.6662574747277,403.97195175255047,392.5303871513731,396.5172186107933,47265723.729825854,6004235979.192796
1451516400,2015-12-31 00:00:00,BTC/EUR,396.74878404895424,402.6085986106073,389.4158785071934,400.3924522686903,40373353.296508,5942994827.118253
1451602800,2016-01-01 00:00:00,BTC/EUR,400.41942173739176,405.7007876944824,397.5811176519822,403.5869393372951,37388386.698782034,6050813236.188274
1451689200,2016-01-02 00:00:00,BTC/EUR,403.9226627235443,405.52967106548,401.63118786559903,402.9675715388407,29509185.700291704,6064802952.461307
1451775600,2016-01-03 00:00:00,BTC/EUR,403.08939913883694,403.373043551042,394.96879911465743,399.7805243236708,28989152.687211223,6008861809.897555
1451862000,2016-01-04 00:00:00,BTC/EUR,399.9023519236671,404.0928493708674,399.0402589068995,402.7955249281589,34554615.95114909,6039722612.578113
1451948400,2016-01-05 00:00:00,BTC/EUR,402.7666954960987,403.7813055082815,399.59080806108113,401.7009364915511,34127136.95581864,6048754905.262388
1452034800,2016-01-06 00:00:00,BTC/EUR,401.7148862167415,401.7148862167415,396.4893191604125,400.10694789312646,31226774.15310667,6018787444.762493
1452121200,2016-01-07 00:00:00,BTC/EUR,399.0597885221661,426.6439751136903,399.033749035144,426.54074714728114,58729208.22623557,6283297218.610246
1452207600,2016-01-08 00:00:00,BTC/EUR,425.9762482679091,430.52013875326656,416.5741334895702,421.6099842833096,63815207.53832816,6362567436.8342495
1452294000,2016-01-09 00:00:00,BTC/EUR,421.4955965367482,422.8068707046471,415.5985827079206,416.2532898101907,37963973.67221866,6303758455.073754
1452380400,2016-01-10 00:00:00,BTC/EUR,416.2700294804192,416.9191566926132,409.51836248825896,416.3527978498824,29977507.45009624,6232793910.64988
1452466800,2016-01-11 00:00:00,BTC/EUR,416.6234225185763,419.1074035841493,412.7770182927396,417.0549340177998,35127794.01370793,6279665022.38959
1452553200,2016-01-12 00:00:00,BTC/EUR,417.0298245124571,417.0298245124571,408.7464776943894,408.7464776943894,43707045.98172048,6250994256.96931
1452639600,2016-01-13 00:00:00,BTC/EUR,405.18371788075774,405.18371788075774,394.7242139329855,402.0924587785621,137031150.14139447,6003632760.311688
1452726000,2016-01-14 00:00:00,BTC/EUR,402.0971086869589,402.9833812273898,397.88801160617135,400.2306354564815,37267438.06063687,6044179476.695897
1452812400,2016-01-15 00:00:00,BTC/EUR,400.1766965190785,400.1766965190785,340.0589608384714,340.0589608384714,82619280.8064181,5670558613.289063
1452898800,2016-01-16 00:00:00,BTC/EUR,338.8211552232421,363.2108547461615,330.0635177487003,360.5538970882273,128630009.11382043,5228478316.322207
1452985200,2016-01-17 00:00:00,BTC/EUR,360.4013800928121,363.5902872713407,353.4785964716495,355.9737373173748,65965511.71099823,5402950502.8585415
1453071600,2016-01-18 00:00:00,BTC/EUR,355.531066037999,360.9296096866891,350.29154925647964,359.86106073710346,42071623.63693101,5381332342.14342
1453158000,2016-01-19 00:00:00,BTC/EUR,360.05914683480734,360.58179653860816,352.43701699076524,354.03286555254857,39967754.17690938,5395540091.744887
1453244400,2016-01-20 00:00:00,BTC/EUR,353.53160542737305,395.4905188367789,350.2301704656418,392.2476727208473,61326370.978505656,5523683537.620256
1453330800,2016-01-21 00:00:00,BTC/EUR,390.806201117838,393.2678626231063,377.8515563243404,380.31786773800553,95590913.7853142,5813765105.67573
1453417200,2016-01-22 00:00:00,BTC/EUR,381.5361437379684,381.6737810265138,349.00538459392345,355.3887788410568,63476774.93461712,5528458199.048423
1453503600,2016-01-23 00:00:00,BTC/EUR,355.7105525021157,366.9177617200941,355.23533186396224,360.6059760622715,69053355.06498913,5467040609.163342
1453590000,2016-01-24 00:00:00,BTC/EUR,360.3595309172409,377.0936212556613,360.3595309172409,374.9667531549628,44026211.45205545,5588526516.222337
1453676400,2016-01-25 00:00:00,BTC/EUR,374.7556473137479,374.7556473137479,361.3481014424015,364.4337806545211,49727682.63548541,5565843119.089494
1453762800,2016-01-26 00:00:00,BTC/EUR,364.2980033293344,369.9150926726744,363.22759441638993,364.9341107980173,53169234.98767353,5538447033.636752
1453849200,2016-01-27 00:00:00,BTC/EUR,364.6951055064215,369.0567195826242,364.3500823033786,367.4413414055743,50711340.37606827,5556435961.137602
1453935600,2016-01-28 00:00:00,BTC/EUR,367.3167238605399,367.8096141506012,353.14659301211765,353.6869123678263,51420970.02772378,5408236624.247155
1454022000,2016-01-29 00:00:00,BTC/EUR,353.6618028624836,357.46542793106977,339.86366468580565,353.29074017241857,66883114.41306273,5301387422.783234
1454108400,2016-01-30 00:00:00,BTC/EUR,352.9038677938044,354.2458313571222,350.1297324442708,351.69954151903204,45810654.69676913,5325067274.4547
1454194800,2016-01-31 00:00:00,BTC/EUR,351.7702201266635,353.7157417998865,342.0798110277227,342.8479758948748,27746798.586674117,5332531027.16481
1454281200,2016-02-01 00:00:00,BTC/EUR,342.9465539528871,351.6000334793404,342.1932687926047,346.82922746421895,45263547.44353202,5272181229.161636
1454367600,2016-02-02 00:00:00,BTC/EUR,346.93524537566606,349.5643035832194,346.808767867273,348.2269899282984,40398297.59103745,5276393379.203823
1454454000,2016-02-03 00:00:00,BTC/EUR,348.22977987333644,348.69663067637566,342.27510718038855,344.0829915650661,36426530.16739054,5256449425.141344
1454540400,2016-02-04 00:00:00,BTC/EUR,344.0457922978917,364.1882654911698,344.0457922978917,362.3097024988608,46227207.05318772,5346767105.767256
1454626800,2016-02-05 00:00:00,BTC/EUR,362.3152823889369,363.7102549079783,358.5748960745473,359.14683480735425,55075765.73886371,5464190207.590364
1454713200,2016-02-06 00:00:00,BTC/EUR,359.4834881752829,359.5597466729905,346.3130876321736,350.11857266411846,46776816.21547055,5322956995.667065
1454799600,2016-02-07 00:00:00,BTC/EUR,350.158561876331,354.2030521998716,348.6529215374457,350.202271015261,29798057.23262792,5329727135.279057
1454886000,2016-02-08 00:00:00,BTC/EUR,350.2497000809084,353.2805103739456,347.1937802825284,347.25701903672496,36628915.86869072,5331872067.718264
1454972400,2016-02-09 00:00:00,BTC/EUR,347.2988682122962,350.8318686121883,346.7883082703271,349.73821015725986,48449104.10473247,5293308967.12509
1455058800,2016-02-10 00:00:00,BTC/EUR,349.70008090840605,358.4921277050842,349.4713054152833,354.8940285876368,63856668.04802968,5366420137.323284
1455145200,2016-02-11 00:00:00,BTC/EUR,354.92657794641445,356.30388081354795,350.0441741297696,353.0033758334961,67140834.73464663,5379784976.822441
1455231600,2016-02-12 00:00:00,BTC/EUR,353.0712644960894,358.00016739670224,353.021045485404,357.2738517051214,71452733.09990792,5407938413.030256
1455318000,2016-02-13 00:00:00,BTC/EUR,357.35755005626385,363.8199927461429,357.35755005626385,363.4545099461541,57648572.96894584,5512641444.850549
1455404400,2016-02-14 00:00:00,BTC/EUR,364.4226208743688,378.6448306968352,364.4226208743688,378.6448306968352,59787031.60314292,5668259454.123903
1455490800,2016-02-15 00:00:00,BTC/EUR,378.71643928614606,381.6468115578122,369.8992829841252,372.33118507565393,62761435.933045454,5725449751.991651
1455577200,2016-02-16 00:00:00,BTC/EUR,372.1647183550484,380.31135786625,372.1647183550484,378.9889239181988,59124880.78151526,5745295322.618552
1455663600,2016-02-17 00:00:00,BTC/EUR,378.95637455942114,391.6775939513991,378.30166745715104,387.1597429530638,68892251.8365761,5872458480.618876
1455750000,2016-02-18 00:00:00,BTC/EUR,387.1718327148955,396.168475481033,386.5357252462126,392.7247533223595,73695154.00754938,5964082838.106935
1455836400,2016-02-19 00:00:00,BTC/EUR,392.7991518567084,393.4789684643212,388.3640692278362,391.3325707483562,57478497.72567814,5966751167.560569
1455922800,2016-02-20 00:00:00,BTC/EUR,391.32234094988326,411.0370225706553,391.32234094988326,407.6360795692325,56502448.04760679,6108711835.889504
1456009200,2016-02-21 00:00:00,BTC/EUR,406.5545108761357,416.6745715109412,399.033749035144,407.9587832119707,84423237.51378891,6224740214.7628765
1456095600,2016-02-22 00:00:00,BTC/EUR,408.07410094021145,408.3038064150136,402.60487868388986,406.5154516456026,79301195.29770264,6192157254.489848
1456182000,2016-02-23 00:00:00,BTC/EUR,407.09762017688246,409.0598815203341,388.5658752522575,391.0526462628686,68037495.82799886,6076532380.363088
1456268400,2016-02-24 00:00:00,BTC/EUR,391.27677184759455,395.7537036520381,384.9259269592389,395.33707185968433,64404466.39634766,5984062684.648363
1456354800,2016-02-25 00:00:00,BTC/EUR,395.2003645528183,397.7708339145718,390.97824772851976,394.8516214230579,61145324.32132139,6014245378.178021
1456441200,2016-02-26 00:00:00,BTC/EUR,394.8181420826009,400.8360535297454,392.0988756521496,400.8360535297454,54942440.59225366,6035855634.72794
1456527600,2016-02-27 00:00:00,BTC/EUR,401.8934426991788,403.8268746105701,398.1279468794464,402.3100744915325,100598909.81605996,6125397787.7801
1456614000,2016-02-28 00:00:00,BTC/EUR,402.23474597550427,405.1772080090022,394.14483534674366,403.19634703196346,43555474.5250961,6100345896.083776
1456700400,2016-02-29 00:00:00,BTC/EUR,403.1507779296748,410.59342130960016,401.4665811083521,407.47705270206177,53863068.335053794,6204537896.595946
1456786800,2016-03-01 00:00:00,BTC/EUR,407.0501911112351,408.869235276065,402.0487496396321,404.63595867161416,57849455.1469836,6185225531.924841
1456873200,2016-03-02 00:00:00,BTC/EUR,404.65641826856006,405.3948237219726,394.8404616429056,394.8404616429056,68602744.6206678,6140947098.158842
1456959600,2016-03-03 00:00:00,BTC/EUR,394.3020022505556,395.5890968947911,390.0445461224414,392.00308753917545,83542047.05500634,5999122389.951843
1457046000,2016-03-04 00:00:00,BTC/EUR,392.1277050842098,395.4077504673157,382.1927108035972,382.5256442448084,83757954.09551279,5989706740.657702
1457132400,2016-03-05 00:00:00,BTC/EUR,382.1657413348957,382.4614755089325,366.4453310269788,372.7785062634266,104083174.65520927,5756169382.724684
1457218800,2016-03-06 00:00:00,BTC/EUR,372.5227613016023,383.065963600517,368.0662890941048,379.0670423792651,112941410.01211748,5764027880.283515
1457305200,2016-03-07 00:00:00,BTC/EUR,379.1600405472012,386.7951901347543,377.8599261594546,385.4606664248714,79897303.54395351,5846276325.702073
1457391600,2016-03-08 00:00:00,BTC/EUR,385.3109393744943,387.098364162226,382.3098884951966,385.0561243943494,75665801.33163044,5885821250.568841
1457478000,2016-03-09 00:00:00,BTC/EUR,384.9863757683973,386.9021380278808,382.7860391150294,385.7545406355495,60111735.84061578,5879849778.996249
1457564400,2016-03-10 00:00:00,BTC/EUR,385.8121994996698,388.27851091333497,384.3158589775781,387.9167480400636,71218718.0641708,5902995341.552498
1457650800,2016-03-11 00:00:00,BTC/EUR,387.92418789349847,394.2434134047559,387.81445005533385,392.0542365315403,75981910.50011314,5990569947.783222
1457737200,2016-03-12 00:00:00,BTC/EUR,392.1639743697049,392.2616224460378,381.3799068158357,382.962735634108,82626741.00320223,5903195497.753195
1457823600,2016-03-13 00:00:00,BTC/EUR,382.80277878525794,387.4340875484753,382.80277878525794,385.1054134233556,70213268.1296283,5894643789.328787
1457910000,2016-03-14 00:00:00,BTC/EUR,385.0728640645779,387.50848608282416,385.0728640645779,387.22670163397777,84917452.1782754,5918407195.8504
1457996400,2016-03-15 00:00:00,BTC/EUR,387.2797105897013,388.85416957285935,385.92844720958993,387.5252257530526,72244734.55997916,5938446438.591827
1458082800,2016-03-16 00:00:00,BTC/EUR,387.6442634080108,388.4403277255437,386.7905402263575,387.8748988644923,60012436.47974002,5937412544.307299
1458169200,2016-03-17 00:00:00,BTC/EUR,387.8125900919752,391.5194970659078,387.8125900919752,391.200513349887,69006104.34734999,5996030887.93317
1458255600,2016-03-18 00:00:00,BTC/EUR,391.169823954468,391.169823954468,377.69996931060456,380.9539752066884,82848308.81539966,5909618411.324981
1458342000,2016-03-19 00:00:00,BTC/EUR,380.8721368189047,382.2075905104669,378.71643928614606,381.7751490295641,81277541.98867282,5831094495.546347
1458428400,2016-03-20 00:00:00,BTC/EUR,381.705400403612,385.59365380502,381.6654111913995,385.02171507221306,47138705.2769137,5883843865.8070965
1458514800,2016-03-21 00:00:00,BTC/EUR,384.784569743976,384.784569743976,381.6468115578122,384.3651480065842,47952130.47346445,5870419206.640113
1458601200,2016-03-22 00:00:00,BTC/EUR,384.3679379516224,389.0810851026234,383.6462721684383,388.7490816430916,62078548.02091384,5944699681.273949
1458687600,2016-03-23 00:00:00,BTC/EUR,388.8151103423263,389.9115587422927,388.1408736247896,388.7416417896567,53621075.49756531,5971122597.3892565
1458774000,2016-03-24 00:00:00,BTC/EUR,388.7704712217169,389.3647295148285,386.39436803094975,387.2313515423746,60448046.12140807,5963112991.484622
1458860400,2016-03-25 00:00:00,BTC/EUR,387.2387913958095,388.806740507212,386.46132671186376,388.0088162263203,52690541.98586992,5957202359.932401
1458946800,2016-03-26 00:00:00,BTC/EUR,387.9669670507491,389.6502338903924,387.11324386909575,388.6691032186666,40847973.76366685,5966064253.833703
1459033200,2016-03-27 00:00:00,BTC/EUR,388.6811929804982,398.7733541649229,388.4635772675278,396.9338504031471,41985455.15134188,6023492294.722069
1459116000,2016-03-28 00:00:00,BTC/EUR,396.8836313924616,396.9691897069628,393.6547350017205,394.4080201620028,69829968.0267132,6071851024.412484
1459202400,2016-03-29 00:00:00,BTC/EUR,394.52705781696096,396.3609816886607,383.7857694203424,387.3048200950441,61171758.18719704,6001402766.008792
1459288800,2016-03-30 00:00:00,BTC/EUR,387.35224916069154,387.6479833347283,383.6137228096606,385.81870937142537,64098611.36885429,5937908916.640951
1459375200,2016-03-31 00:00:00,BTC/EUR,385.7712803057779,389.0755052125473,385.7712803057779,387.5968343423634,55574319.87339849,5968650038.956039
1459461600,2016-04-01 00:00:00,BTC/EUR,387.55033525839536,388.89322880339256,386.7152117103293,388.56680523393686,49631108.881738365,5966842181.927215
1459548000,2016-04-02 00:00:00,BTC/EUR,388.6951427056886,392.52759720633503,388.6951427056886,391.3632601437752,44208542.33213417,6027561318.558488
1459634400,2016-04-03 00:00:00,BTC/EUR,391.404179337667,392.0616763849752,390.31052088273856,391.39301955751466,31583633.93527861,6025148771.825015
1459720800,2016-04-04 00:00:00,BTC/EUR,391.4330087697272,392.7712524063276,390.22124264152,391.9742581071153,37889899.40348879,6033039527.285196
1459807200,2016-04-05 00:00:00,BTC/EUR,391.9351988765821,394.5512373406244,391.1633140827125,394.3066521589525,49882072.05722302,6050018621.761657
1459893600,2016-04-06 00:00:00,BTC/EUR,394.3401314994094,394.8023323940518,393.13022533456086,393.6203256795841,55183021.52862223,6072284795.399563
1459980000,2016-04-07 00:00:00,BTC/EUR,393.76633280324376,393.9932483330078,391.07403584149387,393.055826800212,49553991.1557122,6058565745.099297
1460066400,2016-04-08 00:00:00,BTC/EUR,393.14510504143067,395.5779371146388,390.2528620186182,390.8248007514252,52843424.837677546,6070179941.72068
1460152800,2016-04-09 00:00:00,BTC/EUR,390.9168689376819,391.4209190078955,387.35131917901214,389.9803773865655,50230031.45444306,6007824861.015904
1460239200,2016-04-10 00:00:00,BTC/EUR,390.0445461224414,392.8568107208288,389.9013289438198,391.99843763077865,51604437.235243805,6036904615.291174
1460325600,2016-04-11 00:00:00,BTC/EUR,392.0467966781054,393.13952515135446,391.0879855666843,392.80194180174647,56388446.82468089,6052760028.29809
1460412000,2016-04-12 00:00:00,BTC/EUR,392.9014498414381,397.3597820122943,392.9014498414381,395.55282760929606,52643807.78157003,6103158492.307962
1460498400,2016-04-13 00:00:00,BTC/EUR,395.4189102474681,396.78412335276994,393.3041319086014,394.09275637269945,61669823.90586278,6100947803.880784
1460584800,2016-04-14 00:00:00,BTC/EUR,394.0648569223186,395.5872369314324,393.39434013149935,394.4563792093295,51351917.919300325,6088034219.965852
1460671200,2016-04-15 00:00:00,BTC/EUR,394.5744868826084,399.8251634442801,394.5744868826084,399.6605566870332,42123095.21669089,6134932992.7677765
1460757600,2016-04-16 00:00:00,BTC/EUR,399.6252173832176,402.3333240335165,398.9472607389634,400.2827144305257,40690520.14588204,6177807944.081442
1460844000,2016-04-17 00:00:00,BTC/EUR,400.42407164578856,401.1671270075979,396.24566396042,397.35141217718007,40337129.089326166,6158605631.837717
1460930400,2016-04-18 00:00:00,BTC/EUR,397.4732397771764,399.2169554259781,397.1821555115364,398.51667922141934,46070645.28328791,6152941918.740858
1461016800,2016-04-19 00:00:00,BTC/EUR,398.5817779389746,405.4906118349468,398.1288768611258,405.05631039068527,42778387.432434246,6169908902.129437
1461103200,2016-04-20 00:00:00,BTC/EUR,405.0153911967934,412.03210296757146,403.9896214044583,410.464153856169,57538903.61251868,6286339666.178288
1461189600,2016-04-21 00:00:00,BTC/EUR,410.4836834714356,419.0013856727022,410.0772814775548,417.846348426936,59773740.623976365,6382055393.719091
1461276000,2016-04-22 00:00:00,BTC/EUR,417.9570162467799,418.31505919333387,413.0513628881511,414.46493504077966,60122787.93524434,6419518212.342081
1461362400,2016-04-23 00:00:00,BTC/EUR,414.5272438132969,418.6991416269099,413.2196895721154,418.6275330375992,43533928.43735891,6422697581.593611
1461448800,2016-04-24 00:00:00,BTC/EUR,418.7540105459922,427.9273498312083,417.4948153521376,426.5491169823954,51762798.03329541,6528470856.328811
1461535200,2016-04-25 00:00:00,BTC/EUR,426.4477489793451,433.9480512233909,421.8322499046768,429.928670405193,63070940.617053166,6608568745.134125
1461621600,2016-04-26 00:00:00,BTC/EUR,429.1177263807903,435.1988765821313,429.1177263807903,433.5351393577546,80778632.68890806,6686654383.325844
1461708000,2016-04-27 00:00:00,BTC/EUR,433.45423095165023,434.3749128142175,413.0364831812813,413.0364831812813,71618458.45783179,6620486339.457762
1461794400,2016-04-28 00:00:00,BTC/EUR,413.5507630499679,418.0741939383794,406.07650029294416,417.6138530070957,86091432.31128345,6411963511.182444
1461880800,2016-04-29 00:00:00,BTC/EUR,417.5720038315245,423.4987770740916,414.7876386835179,423.3509099870733,45948994.96104926,6490573978.904859
1461967200,2016-04-30 00:00:00,BTC/EUR,423.231872332115,423.6875633550019,416.3500079048442,416.8391782681881,47996584.53697103,6522699245.221585
1462053600,2016-05-01 00:00:00,BTC/EUR,416.92752652772737,420.7971802955481,416.56390369109727,420.05691487877687,52944990.4211887,6495004363.682687
1462140000,2016-05-02 00:00:00,BTC/EUR,420.2354713612141,420.76556091844986,410.84358638134825,413.4689246621841,58307558.6327616,6438415951.229387
1462226400,2016-05-03 00:00:00,BTC/EUR,413.5340233797394,419.5119456146713,411.6257009736908,418.7874898864492,67665563.21757127,6446151382.973017
1462312800,2016-05-04 00:00:00,BTC/EUR,418.7744701429381,418.8432887872109,414.4277357736052,415.4442057491467,50002315.23313554,6456007885.870275
1462399200,2016-05-05 00:00:00,BTC/EUR,415.44327576746736,417.1023630834472,414.66302113848354,416.6178426285002,45274546.73726261,6451006698.142317
1462485600,2016-05-06 00:00:00,BTC/EUR,416.6094727933859,429.07029731514285,415.7650494285262,427.545127360991,50426701.42731521,6519759867.412657
1462572000,2016-05-07 00:00:00,BTC/EUR,427.4223697793153,428.4193101395902,425.3029415320518,426.3259213793488,57426687.55139809,6620039204.53767
1462658400,2016-05-08 00:00:00,BTC/EUR,426.4300793274372,427.2493931869541,424.0558361000288,426.48959815491634,34572586.87837183,6607302624.009323
1462744800,2016-05-09 00:00:00,BTC/EUR,426.4412391075895,430.09885705251605,424.5654660603186,428.2109942434134,39577095.997875504,6616533542.714081
1462831200,2016-05-10 00:00:00,BTC/EUR,428.24075365715294,429.5855071655088,417.5189948758009,419.0934538589589,52484444.44186116,6578897023.360745
1462917600,2016-05-11 00:00:00,BTC/EUR,419.32408931544046,422.747351877168,419.29525988338025,420.972016851268,49827874.64870914,6545700924.813329
1463004000,2016-05-12 00:00:00,BTC/EUR,421.028745733709,423.0942350435696,417.7942694528917,422.8933590008277,49047086.52239551,6521554914.626452
1463090400,2016-05-13 00:00:00,BTC/EUR,422.9240483962466,425.0527764603037,421.7029824512457,423.7712617061444,56713155.09459463,6579723789.557131
1463176800,2016-05-14 00:00:00,BTC/EUR,423.7647518343889,424.8491104725237,422.9426480298338,423.7601019259921,46410738.6248254,6587649881.902778
1463263200,2016-05-15 00:00:00,BTC/EUR,423.7656818160682,426.5751564694176,423.56852570004366,425.61262543127896,27472404.40821649,6601465170.277424
1463349600,2016-05-16 00:00:00,BTC/EUR,425.5298570618159,426.11760548317193,421.23055175813033,422.4925368970231,33379383.24906666,6602240539.333113
1463436000,2016-05-17 00:00:00,BTC/EUR,422.363269443592,423.208622790131,421.8443396665086,422.0377758558156,60641911.13560063,6568731095.704324
1463522400,2016-05-18 00:00:00,BTC/EUR,422.0098764054348,424.0697858252192,421.5597652726241,422.8524398069358,70576785.05642152,6578394855.88047
1463608800,2016-05-19 00:00:00,BTC/EUR,422.78734108938056,422.8003608328916,408.845985734081,408.845985734081,75718391.47268799,6514699551.269701
1463695200,2016-05-20 00:00:00,BTC/EUR,407.9969124608245,412.9620846469324,406.7637567539919,411.4666741065201,92461695.4108504,6385629381.221952
1463781600,2016-05-21 00:00:00,BTC/EUR,411.68056989277306,412.7054097034288,410.778487663793,412.19577974313904,56194012.71314118,6416356672.264306
1463868000,2016-05-22 00:00:00,BTC/EUR,412.1567205126059,412.3789861339732,408.29450659822,408.6730091417199,32606409.924557816,6398920566.320785
1463954400,2016-05-23 00:00:00,BTC/EUR,408.5623413218759,413.2327093156265,408.09735048219545,413.172260506468,40985034.65731724,6403277620.22648
1464040800,2016-05-24 00:00:00,BTC/EUR,413.0560127965479,415.7948088422658,412.8467669186917,414.80530833542576,50337087.359379016,6458827275.908128
1464127200,2016-05-25 00:00:00,BTC/EUR,414.7541593430609,418.768890252862,414.7541593430609,418.0621041765477,60987664.52210298,6502401554.67398
1464213600,2016-05-26 00:00:00,BTC/EUR,418.1188330589887,421.8806089520036,416.53507425903706,421.6313738619349,58031812.28371467,6543536560.927603
1464300000,2016-05-27 00:00:00,BTC/EUR,421.6388137153698,444.6698100047429,421.6388137153698,440.560220963647,123939361.38416404,6849915401.81829
1464386400,2016-05-28 00:00:00,BTC/EUR,440.31284583693696,496.1201164337062,439.6014098522259,493.46966864752767,138026357.88423398,7228643138.883193
1464472800,2016-05-29 00:00:00,BTC/EUR,492.9274893284602,515.1726510987734,476.31708655339486,488.77977103851055,143569932.29733372,7608027580.944571
1464559200,2016-05-30 00:00:00,BTC/EUR,489.3870490751331,506.2345971784356,486.3460089836229,497.2574840275647,119052637.35054418,7800743131.324759
1464645600,2016-05-31 00:00:00,BTC/EUR,496.48373927033634,508.3447256089055,484.2061211394136,494.2229538078099,91469180.5363101,7793885880.330196
1464732000,2016-06-01 00:00:00,BTC/EUR,494.17924466888,505.05445042732657,488.8318500125547,500.1990160793832,114917338.4002105,7744869346.753459
1464818400,2016-06-02 00:00:00,BTC/EUR,499.3257632824632,502.51746040603,495.7527736703586,500.3459531847223,65738800.04980568,7784071782.303534
1464904800,2016-06-03 00:00:00,BTC/EUR,500.304104009151,534.4028122645984,499.3257632824632,529.2507137609389,76707787.67949939,8035628239.605759
1464991200,2016-06-04 00:00:00,BTC/EUR,529.3399920021575,548.8119484046164,524.7310027992448,533.0468989760901,107126460.95018268,8338436186.927061
1465077600,2016-06-05 00:00:00,BTC/EUR,532.6256172753397,542.000762584977,529.3251122952878,534.7757349180221,74416574.7018117,8382708483.60487
1465164000,2016-06-06 00:00:00,BTC/EUR,534.7180760539017,545.4063554947967,534.3693329241413,544.4903235406263,65609697.92645084,8457840502.098293
1465250400,2016-06-07 00:00:00,BTC/EUR,544.538682587953,548.9300560778952,527.7776227808312,536.1660575286667,75757226.28055893,8451567481.571319
1465336800,2016-06-08 00:00:00,BTC/EUR,536.2246463744664,542.0295920170373,533.0003998921221,541.0624110705019,84851648.96606937,8399664508.277914
1465423200,2016-06-09 00:00:00,BTC/EUR,540.9191938918802,541.4381236689636,530.9739698127946,534.412112081392,63609756.82529054,8403378244.598503
1465509600,2016-06-10 00:00:00,BTC/EUR,534.3953724111634,538.5775000232495,533.1817463195976,537.1276585851258,56597114.69309054,8397132547.618383
1465596000,2016-06-11 00:00:00,BTC/EUR,537.0365203805485,564.6067572468821,537.0365203805485,564.6067572468821,53093899.99093673,8499268990.966388
1465682400,2016-06-12 00:00:00,BTC/EUR,564.2449943736108,636.8923732202476,564.2449943736108,625.2127333091537,159213245.83239043,9371839807.853312
1465768800,2016-06-13 00:00:00,BTC/EUR,625.6767941671549,665.8706023491337,617.9607361734973,654.9805168838174,229564424.3516736,10029206280.281094
1465855200,2016-06-14 00:00:00,BTC/EUR,655.0567753815249,655.1758130364832,616.3955770071329,637.8028252843418,194231162.1877716,10024840446.07128
1465941600,2016-06-15 00:00:00,BTC/EUR,637.5573101209906,647.5490332840443,625.4694082526574,645.4565745054822,132181938.89385256,9979084717.120815
1466028000,2016-06-16 00:00:00,BTC/EUR,645.8434468840964,719.547284918487,645.8434468840964,712.5054636423662,183834641.41575223,10823891238.359625
1466114400,2016-06-17 00:00:00,BTC/EUR,712.6524007477052,721.0668749825628,666.3839522361409,696.8845613741408,280238063.6851454,10962740136.0122
1466200800,2016-06-18 00:00:00,BTC/EUR,696.4716495085046,723.5164467259995,682.5405239516781,703.5153307479842,259386708.513898,10961899592.206438
1466287200,2016-06-19 00:00:00,BTC/EUR,703.2772554380678,712.9434850133451,693.4203796185215,709.9322043355746,202266733.47035065,11040801174.605637
1466373600,2016-06-20 00:00:00,BTC/EUR,710.3023370439602,710.5841214928065,681.4226859730862,685.6940918263911,132485296.60215694,10957954164.954935
1466460000,2016-06-21 00:00:00,BTC/EUR,685.606673548531,685.606673548531,594.323391829181,619.2748002864342,210312153.5172424,9985583489.26137
1466546400,2016-06-22 00:00:00,BTC/EUR,619.9741465093138,631.1506663318731,546.3484269359893,547.0347534153577,269526389.49389,9517859328.480717
1466632800,2016-06-23 00:00:00,BTC/EUR,554.3769587739121,585.2625803271675,519.0590445368226,580.1811604311395,257618212.94203836,8672776664.307877
1466719200,2016-06-24 00:00:00,BTC/EUR,580.2871783425866,633.9936203256796,580.2871783425866,620.2466311413665,236423927.2403,9606071038.180716
1466805600,2016-06-25 00:00:00,BTC/EUR,618.7158812971384,643.2971570460062,601.2880246259148,618.7540105459922,141953401.5667696,9832292382.554434
1466892000,2016-06-26 00:00:00,BTC/EUR,618.552204521571,619.3491988207832,573.7373173748476,585.9451868798185,98302016.84610146,9399141863.762388
1466978400,2016-06-27 00:00:00,BTC/EUR,585.2997795943419,604.7838257586325,577.0759516037533,603.6836574319485,109263876.87662552,9348542395.369078
1467064800,2016-06-28 00:00:00,BTC/EUR,609.3937449432245,613.0885621553256,593.1172055910498,601.8032344762809,111976032.8221534,9528966528.723906
1467151200,2016-06-29 00:00:00,BTC/EUR,599.0216592733123,599.5424490137544,584.292609435594,594.9492694993909,134528304.70528927,9258063842.537497
1467237600,2016-06-30 00:00:00,BTC/EUR,595.0859768062569,628.1124161854011,592.0337769345942,626.8439211747528,121446452.81737947,9582475141.958147
1467324000,2016-07-01 00:00:00,BTC/EUR,626.1910740358414,638.1106492202103,622.7101526099935,628.6341359075226,132539290.43431176,9891383052.118689
1467410400,2016-07-02 00:00:00,BTC/EUR,628.9428898250704,654.0449553143802,628.9428898250704,654.0449553143802,104568222.30567214,10067505113.988588
1467496800,2016-07-03 00:00:00,BTC/EUR,654.4299677296357,655.6073245357065,603.5664797403491,611.3160170744636,111873998.00932254,9913969424.59267
1467583200,2016-07-04 00:00:00,BTC/EUR,612.5454528545787,635.502050609603,604.9605222777111,635.502050609603,99421355.71179248,9833161974.494043
1467669600,2016-07-05 00:00:00,BTC/EUR,635.7931348752429,635.7931348752429,618.4991955658473,623.5945651870658,95511841.01603512,9864124161.827269
1467756000,2016-07-06 00:00:00,BTC/EUR,623.6708236847733,634.1526471928503,623.476457513787,629.62735634108,123978408.66701593,9895423986.579456
1467842400,2016-07-07 00:00:00,BTC/EUR,629.905420863209,634.649257409629,568.994410810107,594.8785908917595,175986109.948634,9439823539.997908
1467928800,2016-07-08 00:00:00,BTC/EUR,595.7109244947874,620.0252955016786,591.9026495178044,620.0252955016786,191716491.72677964,9491031157.50281
1468015200,2016-07-09 00:00:00,BTC/EUR,619.8541788726761,619.8541788726761,589.0494657255251,605.3353048944934,144031045.44554758,9554502462.703465
1468101600,2016-07-10 00:00:00,BTC/EUR,605.3808739967823,606.6214695570496,596.3637716336988,604.2342065861302,136394800.73075894,9477876477.539742
1468188000,2016-07-11 00:00:00,BTC/EUR,603.8929033098048,613.442885175162,599.819583554204,602.3286741251197,94122568.09790848,9512304426.42793
1468274400,2016-07-12 00:00:00,BTC/EUR,602.3110044732118,627.9784988235731,601.4926205953742,618.016535074259,95165074.50238767,9642375424.618952
1468360800,2016-07-13 00:00:00,BTC/EUR,618.0202550009765,621.8787489886449,609.7629476699309,609.7629476699309,124146141.19601844,9724869604.133615
1468447200,2016-07-14 00:00:00,BTC/EUR,608.6432497279803,616.4867152117104,607.2064280333677,611.7298589217793,104282331.20057537,9624400765.002586
1468533600,2016-07-15 00:00:00,BTC/EUR,612.0004835904732,620.3693887230421,612.0004835904732,617.3664778803857,71206457.80569789,9739340946.01221
1468620000,2016-07-16 00:00:00,BTC/EUR,616.8149987445247,619.7955900268764,613.1685405797505,615.8440978712719,56340726.55807007,9727547707.349056
1468706400,2016-07-17 00:00:00,BTC/EUR,614.5012043262748,634.5869486371118,614.5012043262748,631.3087632173646,47212710.756288,9836048965.657612
1468792800,2016-07-18 00:00:00,BTC/EUR,631.884421876889,633.8336634768294,621.8090003626928,626.2459429549237,63289409.45905032,9936664460.659872
1468879200,2016-07-19 00:00:00,BTC/EUR,625.9762482679091,626.1352751350798,620.8855285550874,625.7976917854718,58037341.713148735,9833799285.349958
1468965600,2016-07-20 00:00:00,BTC/EUR,625.7511927015038,625.8116415106622,616.9126468208576,619.196681825368,68395521.33739632,9806419785.325544
1469052000,2016-07-21 00:00:00,BTC/EUR,619.0748542253716,619.5714644421505,614.1738507751396,618.544764668136,76318939.0898166,9727636523.679314
1469138400,2016-07-22 00:00:00,BTC/EUR,618.4489765551617,619.9099777734378,601.4396116396506,604.9726120395427,77604974.2653403,9681060535.356916
1469224800,2016-07-23 00:00:00,BTC/EUR,605.0637502441202,610.4083549554073,603.115438625859,609.7071487691692,110810628.08986008,9592253819.419544
1469311200,2016-07-24 00:00:00,BTC/EUR,609.655069795125,616.6801514010174,607.0855304150508,614.9113262468728,74714754.92141138,9637832362.3
1469397600,2016-07-25 00:00:00,BTC/EUR,614.9829348361836,615.4879148880766,607.645379386026,608.1615192180714,92661959.53856376,9633593138.302876
1469484000,2016-07-26 00:00:00,BTC/EUR,608.2982265249374,610.2772275386175,600.6556370839494,606.462442689879,122592577.97499438,9572467733.208918
1469570400,2016-07-27 00:00:00,BTC/EUR,606.1471789005756,611.4220349859107,603.0438300365482,608.4991025676794,189465290.2421156,9583882298.556702
1469656800,2016-07-28 00:00:00,BTC/EUR,608.5353718531744,611.551302439342,608.5353718531744,609.2440178928475,103109182.88451384,9623889597.011362
1469743200,2016-07-29 00:00:00,BTC/EUR,609.1705493401779,611.7382287568935,608.9389839020171,610.9403044760018,69374188.84931299,9629125649.664097
1469829600,2016-07-30 00:00:00,BTC/EUR,610.9905234866873,612.1353309339805,608.4023844730258,609.1937988821619,43557376.61306051,9633569461.92909
1469916000,2016-07-31 00:00:00,BTC/EUR,609.1817091203303,609.4030447600181,580.6480112341786,581.2748188860679,67463318.56353338,9345106422.602076
1470002400,2016-08-01 00:00:00,BTC/EUR,580.9418854448568,582.2791990997778,563.4610198179096,563.5400682606553,103062557.66412967,9113653347.597214
1470088800,2016-08-02 00:00:00,BTC/EUR,563.8218527095016,569.9374122329789,494.1308856215532,505.8560946349357,183091280.48853397,8752341913.665762
1470175200,2016-08-03 00:00:00,BTC/EUR,509.1324200913242,533.2142956783752,503.6287885128663,526.7658027136865,301902606.8936442,8211579846.128781
1470261600,2016-08-04 00:00:00,BTC/EUR,526.6997740144519,538.9206632629337,526.1622446037813,537.785155632434,149237582.9362828,8421932829.353534
1470348000,2016-08-05 00:00:00,BTC/EUR,537.798175375945,537.798175375945,530.0728175654939,534.9589413088562,89067478.63108763,8432283794.96333
1470434400,2016-08-06 00:00:00,BTC/EUR,534.7794548447396,547.1975002092458,529.5957369639818,546.6097517878898,64475875.44894703,8462437005.813727
1470520800,2016-08-07 00:00:00,BTC/EUR,546.6227715314008,555.6761431799794,545.7281291558556,551.1369026030186,73902375.23779115,8678225406.50609
1470607200,2016-08-08 00:00:00,BTC/EUR,551.1908415404216,551.4735559709474,546.8729366031489,549.5940629969589,65113356.37104616,8681867590.98838
1470693600,2016-08-09 00:00:00,BTC/EUR,549.6693915129871,549.7038008351235,543.8467762185085,546.8524770062029,68487339.10952407,8646791280.97806
1470780000,2016-08-10 00:00:00,BTC/EUR,546.6441611100262,557.9741279096802,545.31428730854,550.4031470580029,84732122.00636314,8698330508.570662
1470866400,2016-08-11 00:00:00,BTC/EUR,550.6449422946367,555.7031126486808,547.9210259557887,548.0940025481498,90787132.94139773,8722531329.542673
1470952800,2016-08-12 00:00:00,BTC/EUR,547.8708069451031,548.6054924717982,542.933534209376,546.4897841512521,64610203.345660746,8632474839.854088
1471039200,2016-08-13 00:00:00,BTC/EUR,546.4191055436207,548.4790149634052,544.0197528108696,544.5461224413879,48938746.67511155,8633560916.038404
1471125600,2016-08-14 00:00:00,BTC/EUR,544.5861116536004,544.6586502245906,525.2359828511377,530.4513201089939,43953037.92723616,8489465836.486952
1471212000,2016-08-15 00:00:00,BTC/EUR,530.52943857006,533.4188916478346,523.8028810832426,527.403770145728,53764301.37451292,8379732404.981819
1471298400,2016-08-16 00:00:00,BTC/EUR,527.5228078006863,541.0056821880609,527.0354974007012,536.9249225790252,53316606.94855739,8425334233.66694
1471384800,2016-08-17 00:00:00,BTC/EUR,537.0076909484883,540.2207776506802,531.4194310372085,533.2142956783752,51038423.6784702,8478849811.829748
1471471200,2016-08-18 00:00:00,BTC/EUR,533.0803783165471,537.3359744813027,533.0803783165471,533.9815305638479,52982486.44293374,8468851962.271138
1471557600,2016-08-19 00:00:00,BTC/EUR,534.1052181272029,537.7507463102977,533.9787406188098,535.4034725515908,47930928.96903264,8473743697.341314
1471644000,2016-08-20 00:00:00,BTC/EUR,535.3253540905243,542.0100624017706,535.1644672599949,540.985222591115,45655561.970044576,8525836411.558481
1471730400,2016-08-21 00:00:00,BTC/EUR,540.967552939207,543.2562378521143,539.5921100354323,540.707158068986,35408348.17429096,8566579217.848828
1471816800,2016-08-22 00:00:00,BTC/EUR,540.6057900659357,547.2458592565725,539.941783146872,545.749518734481,40972731.57145377,8592080222.085278
1471903200,2016-08-23 00:00:00,BTC/EUR,545.6695403100559,548.200020459597,540.9089640934073,542.7103386063294,78597152.12390803,8611588713.174114
1471989600,2016-08-24 00:00:00,BTC/EUR,542.5652614643491,542.7280082582373,539.2545266858243,539.5000418491755,66200010.96467909,8561212625.519394
1472076000,2016-08-25 00:00:00,BTC/EUR,539.5586306949752,539.8087957667234,534.8947725729803,537.3694538217596,63209470.17903187,8488796177.32166
1472162400,2016-08-26 00:00:00,BTC/EUR,537.3071450492424,539.9687526155735,536.4673715927795,539.0015716690381,93262921.082824,8523668152.720034
1472248800,2016-08-27 00:00:00,BTC/EUR,539.0648104232346,539.2452268690307,528.8154823349979,530.2420742311376,35945531.00544337,8453900470.034188
1472335200,2016-08-28 00:00:00,BTC/EUR,530.0402682067163,533.8448232569818,529.8477619990886,533.7136958401919,60724387.27123742,8425006078.185171
1472421600,2016-08-29 00:00:00,BTC/EUR,533.7276455653823,535.9279822187502,533.3119437547081,533.886672432553,94757161.76307993,8471042952.313182
1472508000,2016-08-30 00:00:00,BTC/EUR,533.9089919928576,537.8614141301416,533.9089919928576,536.9444521942917,79781522.0287547,8498491568.681713
1472594400,2016-08-31 00:00:00,BTC/EUR,537.0672097759674,537.4001432171785,533.4765505119549,535.0454296050367,66171173.39663409,8472414030.207746
1472680800,2016-09-01 00:00:00,BTC/EUR,535.1784169851853,535.9586716141692,531.7765440020831,532.2099154646653,75140873.17271517,8449908585.8727665
1472767200,2016-09-02 00:00:00,BTC/EUR,532.2313050432906,535.337443852356,530.8437723776841,535.2416557393818,65442746.51747693,8448718044.60124
1472853600,2016-09-03 00:00:00,BTC/EUR,535.2388657943438,557.5240167768694,533.8615629272103,556.0527857601205,108956851.5395717,8528698592.182854
1472940000,2016-09-04 00:00:00,BTC/EUR,556.3262003738525,568.9972007551451,555.0577053632043,565.8761822392098,128120337.17519096,8902356628.444086
1473026400,2016-09-05 00:00:00,BTC/EUR,566.018469436152,566.409991723163,560.0740265416771,564.0682978545323,80629730.63597313,8935098550.054848
1473112800,2016-09-06 00:00:00,BTC/EUR,564.1175868835384,568.0607092040286,562.7235443461764,567.657097155186,70558648.12400258,8960993008.996693
1473199200,2016-09-07 00:00:00,BTC/EUR,567.6942964223605,571.5155911428544,565.9059416529494,571.5155911428544,70249829.56794083,9016030551.75294
1473285600,2016-09-08 00:00:00,BTC/EUR,571.514661161175,584.7445805317635,570.8636739856225,582.571213347097,72069903.1708242,9172726505.468832
1473372000,2016-09-09 00:00:00,BTC/EUR,582.4624054906118,582.9404160738034,576.8332263854402,579.3051176891815,72513122.21971527,9188504269.605703
1473458400,2016-09-10 00:00:00,BTC/EUR,579.2493187884198,581.3268978601121,578.8159473258377,579.9003059639725,50453117.10484303,9197737570.914656
1473544800,2016-09-11 00:00:00,BTC/EUR,579.8519469166457,584.7892196523728,558.4595783463066,564.0608580010974,43663829.12464958,9146590605.583311
1473631200,2016-09-12 00:00:00,BTC/EUR,564.237554520176,565.8557226422638,563.0211384835718,565.4716402086879,78507176.29404368,8959653324.636362
1473717600,2016-09-13 00:00:00,BTC/EUR,565.654846599522,568.3982925536367,564.4291307461242,566.4341712468264,73154341.99535118,8976516412.59679
1473804000,2016-09-14 00:00:00,BTC/EUR,566.5829683155241,569.1041486482716,565.8101535399752,567.9900305963972,59875288.48806679,8997128661.03164
1473890400,2016-09-15 00:00:00,BTC/EUR,567.9249318788419,568.2987845139451,564.7388146453515,564.7388146453515,45253588.24389493,8993267555.60775
1473976800,2016-09-16 00:00:00,BTC/EUR,564.6430265323772,566.6015679491113,564.2524342270457,564.4672599949781,58681197.19295885,8973225970.52369
1474063200,2016-09-17 00:00:00,BTC/EUR,564.4737698667335,565.2986636163267,562.8174724957918,563.6953752011085,47439845.362129696,8959072333.462484
1474149600,2016-09-18 00:00:00,BTC/EUR,563.5540179858457,567.4357615154981,563.4349803308875,567.2023361139785,35005037.72367351,8982026321.411135
1474236000,2016-09-19 00:00:00,BTC/EUR,567.1716467185596,568.1555673353234,565.6799561048647,566.5597187735401,46578976.49832965,8998932867.959238
1474322400,2016-09-20 00:00:00,BTC/EUR,566.5699485720131,566.8470831124627,565.3712021873168,566.4481209720168,58480819.97330107,8991303243.372416
1474408800,2016-09-21 00:00:00,BTC/EUR,565.7190153353979,565.7190153353979,554.160273042621,555.2697411860986,77083501.5696024,8760194250.78266
1474495200,2016-09-22 00:00:00,BTC/EUR,555.3376298486919,556.5819453356768,554.4671669968101,554.4997163555878,61320121.264444426,8828105243.524956
1474581600,2016-09-23 00:00:00,BTC/EUR,554.5462154395558,560.9695988989017,554.0700648197229,560.6496852012015,54391638.87495806,8854988464.16093
1474668000,2016-09-24 00:00:00,BTC/EUR,560.6320155492937,562.2483237080229,559.890820150843,560.378130550828,39286451.85898171,8914149180.801615
1474754400,2016-09-25 00:00:00,BTC/EUR,560.4302095248723,561.1332756744691,557.7202429112147,558.787861879121,29534006.846731786,8893639547.911324
1474840800,2016-09-26 00:00:00,BTC/EUR,558.7571724837021,565.5618484315859,558.3135712226469,565.5618484315859,41985348.13864166,8934040735.90959
1474927200,2016-09-27 00:00:00,BTC/EUR,565.4688502636498,565.6594965079188,561.8112323187233,563.6981651461466,47839931.22931296,8961640728.635359
1475013600,2016-09-28 00:00:00,BTC/EUR,563.7232746514894,564.1175868835384,562.2734332133656,562.4501297324442,44902248.59236939,8948498623.158665
1475100000,2016-09-29 00:00:00,BTC/EUR,562.3859609965683,564.3352025965088,562.3859609965683,563.1959750392917,46966588.018632695,8956367772.871286
1475186400,2016-09-30 00:00:00,BTC/EUR,563.2833933171516,566.98193045597,561.8409917324628,566.98193045597,49006616.90065751,8956088428.238787
1475272800,2016-10-01 00:00:00,BTC/EUR,567.0423792651285,572.1591384649722,567.0423792651285,570.9762017688251,53103293.96927547,9064615391.518246
1475359200,2016-10-02 00:00:00,BTC/EUR,570.9929414390535,571.0134010359996,566.9930902361223,568.1574272986821,41103828.51499492,9047222140.88572
1475445600,2016-10-03 00:00:00,BTC/EUR,568.118368068149,569.6770173627579,567.7119660742684,569.2138864864362,36421775.68893559,9047746684.172932
1475532000,2016-10-04 00:00:00,BTC/EUR,569.2724753322359,569.2724753322359,566.804303955212,567.4413414055742,43378549.23700512,9026297029.191992
1475618400,2016-10-05 00:00:00,BTC/EUR,567.4785406727486,570.8357745352416,566.9326414269638,569.6481879306978,54570902.90112951,9047512612.526066
1475704800,2016-10-06 00:00:00,BTC/EUR,569.6240084070344,570.8404244436384,568.6549674971403,570.107598880302,58594136.68509063,9061709920.515793
1475791200,2016-10-07 00:00:00,BTC/EUR,570.0982990635084,574.6468394572627,568.9823210482754,573.7986961656854,55158547.13271905,9095924588.039558
1475877600,2016-10-08 00:00:00,BTC/EUR,573.9112239488882,576.4482139701848,573.9112239488882,575.7228282602832,49241699.07394491,9155574721.545376
1475964000,2016-10-09 00:00:00,BTC/EUR,575.7590975457782,575.8427958969207,573.4332133656966,573.4332133656966,32535438.114369143,9140347394.6666
1476050400,2016-10-10 00:00:00,BTC/EUR,573.5680607092039,577.8143570571659,573.0519208771586,575.4596434450241,48976261.31348545,9147275266.720043
1476136800,2016-10-11 00:00:00,BTC/EUR,575.6530796343312,597.1226366840573,575.1936686847268,596.5944070901802,81002152.14610445,9372154626.999744
1476223200,2016-10-12 00:00:00,BTC/EUR,596.1852151512614,596.4316602962921,591.4357987147653,591.674804006361,74435361.3004657,9453967362.447609
1476309600,2016-10-13 00:00:00,BTC/EUR,591.6469045559802,594.1029861711723,590.5653358628834,592.1016655971878,82189483.50703505,9429308378.316269
1476396000,2016-10-14 00:00:00,BTC/EUR,592.1993136735206,596.3833012489653,592.1993136735206,595.4784290749471,53533969.58985831,9461943790.111752
1476482400,2016-10-15 00:00:00,BTC/EUR,595.5398078657851,597.1430962810032,592.7610226078546,593.7691227482818,43300279.588658765,9486542608.596577
1476568800,2016-10-16 00:00:00,BTC/EUR,593.9290795971318,597.8833616977745,593.9290795971318,596.4939690688093,33884680.72178978,9501208956.49214
1476655200,2016-10-17 00:00:00,BTC/EUR,596.7050749100242,597.3532721405388,593.944889285681,594.4414995024598,44451885.26661025,9485423971.457373
1476741600,2016-10-18 00:00:00,BTC/EUR,594.4377795757423,595.8727413069962,591.4646281468255,593.2622827330301,54374631.55146575,9466380648.015991
1476828000,2016-10-19 00:00:00,BTC/EUR,593.2911121650903,594.1411154200262,584.0405844004873,586.3971579759879,61748459.84700768,9399490000.43255
1476914400,2016-10-20 00:00:00,BTC/EUR,586.372048470645,587.6712328767123,584.2684299119308,586.8054199332273,59026525.20870338,9342977283.54112
1477000800,2016-10-21 00:00:00,BTC/EUR,586.6854522965897,589.695802992681,586.5338652828539,588.5816849408066,51728296.09890831,9371833207.652296
1477087200,2016-10-22 00:00:00,BTC/EUR,588.51844618661,612.1111514103171,588.51844618661,610.8240567660816,53788700.47718393,9539044937.034271
1477173600,2016-10-23 00:00:00,BTC/EUR,611.2713779538542,614.8378576942034,608.1020003905923,610.9068251355449,68502734.01697318,9745653228.455715
1477260000,2016-10-24 00:00:00,BTC/EUR,611.0639920393568,611.2323187233211,606.9013940425374,608.1559393279952,50974874.60747023,9702129698.561562
1477346400,2016-10-25 00:00:00,BTC/EUR,607.9857526806721,617.9021473276975,607.9271638348724,611.2230189065275,62750525.52094093,9750860711.16002
1477432800,2016-10-26 00:00:00,BTC/EUR,611.5447925675863,632.134586948637,611.5447925675863,630.9795497028708,82950533.17657976,9898239611.921877
1477519200,2016-10-27 00:00:00,BTC/EUR,630.8102930372271,640.379804517851,630.5647778738758,639.771596499549,92648548.42776264,10155524606.80167
1477605600,2016-10-28 00:00:00,BTC/EUR,640.1184796659505,642.1002706246686,636.2581257149234,641.2539872964502,74259259.70930846,10193782741.660376
1477692000,2016-10-29 00:00:00,BTC/EUR,641.3627951529354,669.960661774963,641.3627951529354,664.6402365873392,98884557.78473794,10499531564.33608
1477778400,2016-10-30 00:00:00,BTC/EUR,664.4523802881083,664.4523802881083,647.7089901328943,652.7169414762528,113361870.3922059,10484236275.61754
1477868400,2016-10-31 00:00:00,BTC/EUR,652.7206614029703,659.6257753722251,643.2515879437175,651.933896902231,89385072.86406457,10438107325.181929
1477954800,2016-11-01 00:00:00,BTC/EUR,651.8911177449803,684.8868677287057,651.8911177449803,678.5090533716485,102942163.272833,10739260903.77768
1478041200,2016-11-02 00:00:00,BTC/EUR,678.6941197258413,687.425717713361,671.7713361046788,687.425717713361,92384911.86098634,10792702892.315315
1478127600,2016-11-03 00:00:00,BTC/EUR,688.9573975392684,693.5552269620288,630.6726557486817,640.1724186033534,104536868.15494734,10792850314.525043
1478214000,2016-11-04 00:00:00,BTC/EUR,640.4783825758633,657.4319485906127,637.561030047708,654.1119139952942,143333458.7350441,10383701266.535557
1478300400,2016-11-05 00:00:00,BTC/EUR,653.9956662853741,657.9713379646421,648.8844869756066,654.1993322731541,71857180.86649859,10430531453.511492
1478386800,2016-11-06 00:00:00,BTC/EUR,654.1658529326971,664.2468543369696,650.5779836137227,661.916320248491,50037485.67457569,10521791359.93242
1478473200,2016-11-07 00:00:00,BTC/EUR,661.7024244622381,661.7024244622381,650.8969673297436,653.6683127342391,54020733.48946692,10448160730.370724
1478559600,2016-11-08 00:00:00,BTC/EUR,653.8989481907206,663.0648476225017,653.2098317663141,660.3567409722028,63981546.44158388,10496224979.913157
1478646000,2016-11-09 00:00:00,BTC/EUR,660.1456351309878,688.2292218843289,658.994317811939,672.5181113932056,111535022.5572584,10786588384.797802
1478732400,2016-11-10 00:00:00,BTC/EUR,672.6306391764082,672.6306391764082,661.4122701782775,665.3637623338819,76566768.22841589,10630149296.35335
1478818800,2016-11-11 00:00:00,BTC/EUR,665.433510959834,668.0225799551748,664.3882115522323,666.2556147643891,60269635.38853128,10633470998.80352
1478905200,2016-11-12 00:00:00,BTC/EUR,666.2491048926336,666.9345013903226,654.7396516288628,655.7021826670015,56979070.43939567,10548766687.64345
1478991600,2016-11-13 00:00:00,BTC/EUR,655.6873029601317,655.8760892410419,639.1903579499484,652.9280473174678,68316385.7088682,10355801501.8294
1479078000,2016-11-14 00:00:00,BTC/EUR,652.8759683434236,656.8311804257455,650.8086190702043,655.2557914609082,60720680.9067528,10444577363.083311
1479164400,2016-11-15 00:00:00,BTC/EUR,655.6566135647126,665.6046275888364,655.6566135647126,661.792632685136,61468859.725484304,10585092151.492023
1479250800,2016-11-16 00:00:00,BTC/EUR,661.372280966065,695.2682532154116,659.3932799523849,692.1351449376447,82889307.44522665,10773187558.88005
1479337200,2016-11-17 00:00:00,BTC/EUR,692.0905058170354,702.7360061006798,687.7316816858707,689.4428479758948,134105502.28827158,11123266970.126884
1479423600,2016-11-18 00:00:00,BTC/EUR,689.0950348278138,700.1664667206055,685.2941997042658,699.1397669465911,84592663.97399706,11098398219.615755
1479510000,2016-11-19 00:00:00,BTC/EUR,698.9602804824744,703.2865552548614,692.3406708887834,698.8626324061415,86807783.63666235,11171071736.19574
1479596400,2016-11-20 00:00:00,BTC/EUR,698.9891099145347,702.5825591235853,667.6747668070938,679.8156776311506,109403310.8381098,11065654902.702362
1479682800,2016-11-21 00:00:00,BTC/EUR,679.8407871364933,689.7878711789377,679.3609165899431,687.7986403667848,110613558.98981096,10958378951.594254
1479769200,2016-11-22 00:00:00,BTC/EUR,687.4870965041989,701.0852886198142,684.9566163546579,698.7519645862976,87652839.2598999,11077897261.23759
1479855600,2016-11-23 00:00:00,BTC/EUR,698.7389448427865,699.5787182992494,687.1857824400859,692.4457588185512,92258043.9675828,11101211827.858955
1479942000,2016-11-24 00:00:00,BTC/EUR,692.4587785620623,694.540077560472,682.1322619944386,688.6040045011113,69939977.1614709,11029925951.547129
1480028400,2016-11-25 00:00:00,BTC/EUR,688.4552074324135,689.6902231026048,683.156171823415,689.6902231026048,75314163.85104181,10985131356.304022
1480114800,2016-11-26 00:00:00,BTC/EUR,689.7199825163444,690.2454221651833,678.5378828037087,684.1075430814013,53585331.14946416,10975177348.205906
1480201200,2016-11-27 00:00:00,BTC/EUR,683.8917873317895,687.2732007179459,679.8956560555757,680.728919640283,46746680.28831498,10947246972.285065
1480287600,2016-11-28 00:00:00,BTC/EUR,680.7791386509685,686.3320592584325,680.7791386509685,684.2572701317783,53881156.053420864,10965557499.379822
1480374000,2016-11-29 00:00:00,BTC/EUR,684.292609435594,685.8345190599745,683.1264124096755,684.1912414325437,58934707.277933285,10973140531.247818
1480460400,2016-11-30 00:00:00,BTC/EUR,684.0982432646077,695.560267462731,684.0982432646077,693.5012880246259,66874473.6562023,11079169923.313185
1480546800,2016-12-01 00:00:00,BTC/EUR,693.4789684643213,705.1818579173989,693.4789684643213,703.5571799235555,75953457.23605621,11219555029.777727
1480633200,2016-12-02 00:00:00,BTC/EUR,703.7859554166782,726.5909661579667,703.7859554166782,723.255121874099,101584939.26101711,11539922787.539083
1480719600,2016-12-03 00:00:00,BTC/EUR,723.4736675687489,723.7563819992746,711.3020673492732,717.120032735355,86648800.32525378,11489630874.411512
1480806000,2016-12-04 00:00:00,BTC/EUR,717.1600219475675,719.3594286192562,714.3756567995609,719.3594286192562,51042564.35731549,11493679792.334002
1480892400,2016-12-05 00:00:00,BTC/EUR,719.6867821703911,719.6867821703911,699.0793181374327,705.552920607464,79415279.68972181,11334766255.400105
1480978800,2016-12-06 00:00:00,BTC/EUR,705.5771001311274,712.0144333156636,705.5771001311274,710.7133889462376,99568244.0576754,11365075889.716751
1481065200,2016-12-07 00:00:00,BTC/EUR,710.7143189279171,717.5208548391596,706.5535808944563,714.365427001088,94579879.48470747,11410432305.692192
1481151600,2016-12-08 00:00:00,BTC/EUR,714.3486873308594,720.4549470375433,712.3157473797766,716.9823954468097,83567117.81111245,11492723330.687515
1481238000,2016-12-09 00:00:00,BTC/EUR,716.839178268188,720.296850152052,715.75946953845,718.5159352360758,67822721.05964251,11498985482.229488
1481324400,2016-12-10 00:00:00,BTC/EUR,718.6842619200401,722.6813231779333,718.6842619200401,720.4121678802927,54017447.554199845,11559193447.389528
1481410800,2016-12-11 00:00:00,BTC/EUR,720.410307916934,720.5479452054794,711.8191371629979,715.6134624147903,52900102.65964427,11465407787.749369
1481497200,2016-12-12 00:00:00,BTC/EUR,715.8357280361577,727.1731346892466,715.8357280361577,725.5512466404411,55300885.85129437,11592197934.350126
1481583600,2016-12-13 00:00:00,BTC/EUR,725.4666183076192,733.2533549089082,723.4904072389774,726.8578708999432,79189316.17259905,11664464608.79058
1481670000,2016-12-14 00:00:00,BTC/EUR,725.9027797152396,727.277292637335,722.4460378130551,726.5035478801067,64398555.01513287,11637148853.048512
1481756400,2016-12-15 00:00:00,BTC/EUR,726.7630127686484,726.7630127686484,723.3416101702796,723.7954412298077,69650283.61857937,11609242681.873213
1481842800,2016-12-16 00:00:00,BTC/EUR,723.6075849305768,730.0653777120591,723.6075849305768,729.9472700387802,79835758.43068087,11695700517.32771
1481929200,2016-12-17 00:00:00,BTC/EUR,729.949130002139,737.0188507286406,729.9091407899264,735.4388118554064,76417519.7311113,11800126737.682858
1482015600,2016-12-18 00:00:00,BTC/EUR,735.4564815073142,739.0908499102567,732.8497428600656,734.9161621516056,56421111.13952722,11801240768.786491
1482102000,2016-12-19 00:00:00,BTC/EUR,735.1784169851853,738.0436905392963,734.9831208325196,737.3145849026773,59056550.43613062,11830070622.747255
1482188400,2016-12-20 00:00:00,BTC/EUR,737.2094969729096,745.2287289940388,736.0777092691274,745.0929516688522,70546543.12893368,11846297452.19765
1482274800,2016-12-21 00:00:00,BTC/EUR,744.8000074398534,773.805206037441,743.4320043895134,773.805206037441,116577518.55830106,12156913107.636787
1482361200,2016-12-22 00:00:00,BTC/EUR,775.8660454389047,814.4612151140623,775.7432878572291,804.3048851937616,182637794.2229538,12835788945.332209
1482447600,2016-12-23 00:00:00,BTC/EUR,804.0063610746868,860.341861265333,804.0063610746868,856.948358117345,212701673.57494,13485557643.21135
1482534000,2016-12-24 00:00:00,BTC/EUR,857.4282286638953,858.8185512745399,824.275311776358,835.6024886309739,188552522.911132,13535261561.851978
1482620400,2016-12-25 00:00:00,BTC/EUR,835.8879930065377,836.6598778004073,802.0385198411591,833.8122738982041,128469274.05113453,13168409006.130625
1482706800,2016-12-26 00:00:00,BTC/EUR,833.4337713547043,849.2443898855191,833.4337713547043,843.5305824475257,122499617.07113254,13536136145.363626
1482793200,2016-12-27 00:00:00,BTC/EUR,844.0606720047615,874.2274177198708,840.9405834705055,867.3520631643556,114855943.25458457,13791587194.98911
1482879600,2016-12-28 00:00:00,BTC/EUR,867.8570432162486,907.4584530684745,867.8570432162486,907.4584530684745,187565873.7022881,14347484567.413906
1482966000,2016-12-29 00:00:00,BTC/EUR,907.5886505035852,910.8212668210437,887.6703028950329,905.4199332273154,204560607.55186456,14490997294.117538
1483052400,2016-12-30 00:00:00,BTC/EUR,905.3343749128142,905.3343749128142,869.3775632620036,893.8119019055324,186395453.54963472,14278741688.166143
1483138800,2016-12-31 00:00:00,BTC/EUR,893.9337295055287,896.1294162504998,880.9121260311172,896.1294162504998,124228671.90349682,14269351611.410463
1483225200,2017-01-01 00:00:00,BTC/EUR,896.2633336123279,932.8460229333482,891.5725060216313,927.9143300876972,91003034.32355715,14588000102.048878
1483311600,2017-01-02 00:00:00,BTC/EUR,928.4239600479872,959.1738042760558,926.9145997823842,950.2459801541908,174040199.77043384,15198874750.466837
1483398000,2017-01-03 00:00:00,BTC/EUR,950.2087808870164,970.9752717871456,950.0692836351124,970.9752717871456,182575753.46599004,15393115176.822882
1483484400,2017-01-04 00:00:00,BTC/EUR,970.752076184099,1078.239358684634,970.752076184099,1072.7710664099916,220163110.39089197,16329191614.337986
1483570800,2017-01-05 00:00:00,BTC/EUR,1073.8777446084312,1107.7011782867876,846.6711305787276,939.8580847957296,400965453.3764018,16073722586.032856
1483657200,2017-01-06 00:00:00,BTC/EUR,942.4248342307656,973.514121771801,822.0517255810059,839.0304011010983,407016345.610744,14150126303.82235
1483743600,2017-01-07 00:00:00,BTC/EUR,840.2263575407563,844.9553143803066,765.891991927759,844.9553143803066,299817129.4358834,13105320086.16367
1483830000,2017-01-08 00:00:00,BTC/EUR,844.9674041421383,876.7160486938407,825.1253150312939,846.2117196291232,184897472.1031329,13706424868.834658
1483916400,2017-01-09 00:00:00,BTC/EUR,847.3983762519878,849.7112406885584,818.2043913734899,840.055240911754,139351429.48067197,13439741034.997992
1484002800,2017-01-10 00:00:00,BTC/EUR,839.6134996140576,850.8151289419599,837.9692920049474,844.0420723711743,114687807.73352095,13576445882.667324
1484089200,2017-01-11 00:00:00,BTC/EUR,844.1248407406373,855.069795125036,709.3574756577294,724.3497103107068,175521626.0781329,12722853626.387918
1484175600,2017-01-12 00:00:00,BTC/EUR,723.2997609947083,768.3936426452398,702.8392340670888,748.9430758214063,266652963.20840177,11660263691.628635
1484262000,2017-01-13 00:00:00,BTC/EUR,748.4808749267638,770.9557421718791,725.388499846553,765.2270550270159,170763906.7175882,12050279310.253817
1484348400,2017-01-14 00:00:00,BTC/EUR,766.2900240865255,776.6137507091111,755.5691952868528,761.3946005263696,126155678.86854294,12397631405.542309
1484434800,2017-01-15 00:00:00,BTC/EUR,761.1081661691264,765.6604264895981,755.9551376837876,764.2849835858233,75701977.29604727,12261694537.612928
1484521200,2017-01-16 00:00:00,BTC/EUR,764.2570841354425,776.0976108770657,762.8370021110583,773.117019594714,68891593.72062112,12416879308.299969
1484607600,2017-01-17 00:00:00,BTC/EUR,773.3113857657004,846.8050479405556,772.6250592863321,843.8170168047689,111438680.0434198,13139688536.620876
1484694000,2017-01-18 00:00:00,BTC/EUR,844.3657059955918,853.2572608319616,798.206995322192,821.1440634619497,149269967.6108047,13339380812.046867
1484780400,2017-01-19 00:00:00,BTC/EUR,824.5384965916171,841.2744468933962,822.4181383626742,836.4664416111002,103377133.5329694,13418081251.198751
1484866800,2017-01-20 00:00:00,BTC/EUR,836.1214184080573,836.4236624538496,824.9011894465679,832.3726622585534,87093679.9060738,13400201079.705303
1484953200,2017-01-21 00:00:00,BTC/EUR,832.3577825516836,862.434320043895,832.3577825516836,857.2692017967245,97457583.47102228,13761037069.15092
1485039600,2017-01-22 00:00:00,BTC/EUR,857.2468822364199,871.8810739428433,834.7180760539017,858.9422388378948,92938477.96615072,13866031170.061926
1485126000,2017-01-23 00:00:00,BTC/EUR,859.9289493996968,863.2703735736405,852.5495447739679,857.0748356257382,86604003.72342628,13836545794.329418
1485212400,2017-01-24 00:00:00,BTC/EUR,856.5242864715564,859.4379190729942,829.8096327502348,829.8096327502348,89753134.4257518,13504529550.707582
1485298800,2017-01-25 00:00:00,BTC/EUR,830.1825554036585,840.0078118461065,829.2525737242976,838.189697662956,96181609.53479216,13471382579.115856
1485385200,2017-01-26 00:00:00,BTC/EUR,838.4175431743994,854.956337360154,838.4175431743994,853.5260255372968,111322151.06512228,13657733413.331518
1485471600,2017-01-27 00:00:00,BTC/EUR,853.3381692380659,858.5804759646234,851.720001115978,855.363669335714,124430540.67639062,13810311622.07995
1485558000,2017-01-28 00:00:00,BTC/EUR,855.350649592203,859.2203033600236,855.350649592203,857.0553060104716,85206217.62501279,13828873862.029026
1485644400,2017-01-29 00:00:00,BTC/EUR,857.061815882227,858.7618223920988,854.7908006212277,855.1348938425913,55783794.69466118,13837746344.872383
1485730800,2017-01-30 00:00:00,BTC/EUR,855.1144342456453,858.4177291707352,855.0939746486994,856.2601716746179,59991594.845024064,13834728332.827646
1485817200,2017-01-31 00:00:00,BTC/EUR,855.938398013559,903.9598619907188,855.938398013559,902.5983688121344,103578752.59232391,14144262242.872658
1485903600,2017-02-01 00:00:00,BTC/EUR,902.4570115968714,919.8578987993936,902.4570115968714,919.8578987993936,158924782.78601938,14698710791.54402
1485990000,2017-02-02 00:00:00,BTC/EUR,919.7732704665716,942.555031665876,914.3775167629198,940.8345655590584,124522503.49901555,14972334043.650038
1486076400,2017-02-03 00:00:00,BTC/EUR,940.9554631773752,961.4801588408708,938.156218322499,956.7093528257492,176232548.63545853,15371759568.68946
1486162800,2017-02-04 00:00:00,BTC/EUR,957.7974313906016,972.6678384435828,944.080201620028,969.561699634517,145277320.53678542,15488798698.09101
1486249200,2017-02-05 00:00:00,BTC/EUR,969.8778934055,970.5567800314334,950.7853695282204,956.3373601540048,124138168.54057974,15546526904.412888
1486335600,2017-02-06 00:00:00,BTC/EUR,955.407378474644,971.496061527588,955.407378474644,965.0884877567912,105538708.41357663,15588663015.782372
1486422000,2017-02-07 00:00:00,BTC/EUR,965.4604804285356,987.575444763738,965.4604804285356,986.9523570385662,121250924.16929384,15867096632.345854
1486508400,2017-02-08 00:00:00,BTC/EUR,987.0360553897086,1003.422332580048,964.8466925201571,988.5612253438608,168838306.28119957,15986847624.980326
1486594800,2017-02-09 00:00:00,BTC/EUR,988.6356238782096,1012.7407490072444,886.5924541286537,923.4113587962316,247815821.37326667,15553453782.729317
1486681200,2017-02-10 00:00:00,BTC/EUR,924.7579722679465,928.9633494220164,880.4052860158655,920.5339954802888,297866434.73956895,14655601115.428473
1486767600,2017-02-11 00:00:00,BTC/EUR,919.4487068604748,938.6212091621794,914.0138939262896,933.8411033302644,128773523.36992294,15057233344.234968
1486854000,2017-02-12 00:00:00,BTC/EUR,934.1200978340728,934.4083921546744,927.1182657701644,929.140045941095,72533227.14750853,15014347838.357023
1486940400,2017-02-13 00:00:00,BTC/EUR,929.22002436552,931.9346408875743,907.6639790196132,921.6360237703316,74028976.803373,14934371258.040443
1487026800,2017-02-14 00:00:00,BTC/EUR,921.2789108054571,940.6857684903608,917.3999572208428,934.2409954523896,108743531.34334162,15059185628.497704
1487113200,2017-02-15 00:00:00,BTC/EUR,934.2130960020088,938.2027174064672,931.4510504143068,936.8821434217743,101893603.50851087,15140763724.828444
1487199600,2017-02-16 00:00:00,BTC/EUR,936.9379423225362,961.0151680011902,936.9379423225362,955.6119744441032,93263981.97481644,15345288441.203442
1487286000,2017-02-17 00:00:00,BTC/EUR,955.50037664258,979.4288052525366,953.8264096197304,973.9140138939264,116693691.03012004,15604027368.003689
1487372400,2017-02-18 00:00:00,BTC/EUR,972.9561327641844,986.8035599698684,972.9561327641844,980.3494871151038,111113592.35389727,15929559205.685637
1487458800,2017-02-19 00:00:00,BTC/EUR,980.5912823517376,982.81393856541,970.398683145942,974.3697049168132,78715899.05720523,15808185344.05972
1487545200,2017-02-20 00:00:00,BTC/EUR,974.4999023519237,1004.8359047326768,968.7526155734732,1004.8359047326768,73563379.6934061,15870095582.382378
1487631600,2017-02-21 00:00:00,BTC/EUR,1004.3616140762026,1039.022031265984,1001.525169954152,1037.143468273675,141015308.14426288,16446737755.909445
1487718000,2017-02-22 00:00:00,BTC/EUR,1037.20856699123,1046.592082135982,1023.4913372206566,1039.4405230216964,147043869.1732773,16719463626.097404
1487804400,2017-02-23 00:00:00,BTC/EUR,1039.1987277850626,1094.2350435696414,1038.752336578969,1092.3843800277134,130615132.97944129,17103084869.638142
1487890800,2017-02-24 00:00:00,BTC/EUR,1085.0282249439686,1116.3407080880506,1052.7020617693831,1091.6589943178117,279498586.16951907,17763896708.574883
1487977200,2017-02-25 00:00:00,BTC/EUR,1091.5008974323205,1092.5889759971726,1045.848096792493,1063.0899571278446,183098206.19450465,17394012970.455246
1488063600,2017-02-26 00:00:00,BTC/EUR,1063.7502441201907,1085.7257112034893,1051.065294013708,1083.9587460127034,123803849.81415866,17374654922.68131
1488150000,2017-02-27 00:00:00,BTC/EUR,1083.61465279134,1099.2197453710162,1081.922086134903,1096.4762994169014,107775920.29869066,17630043608.963123
1488236400,2017-02-28 00:00:00,BTC/EUR,1097.3504821955007,1109.7006388974137,1089.7711315087092,1097.1365864092477,154573425.5328876,17783272039.313595
1488322800,2017-03-01 00:00:00,BTC/EUR,1097.3504821955007,1135.8982228050106,1097.0900873252797,1135.8982228050106,153743579.89730936,18005343014.274357
1488409200,2017-03-02 00:00:00,BTC/EUR,1136.9026030187204,1172.6138995061797,1130.5043290647172,1163.7325744682828,261487695.9049342,18612100556.56604
1488495600,2017-03-03 00:00:00,BTC/EUR,1163.4163806973002,1190.664843902575,1163.137386193492,1185.8568386202792,345798949.8440214,19067544048.945827
1488582000,2017-03-04 00:00:00,BTC/EUR,1185.717341368375,1189.8185605743568,1144.3517562704014,1167.7872945902966,216543046.91447577,19096985970.15665
1488668400,2017-03-05 00:00:00,BTC/EUR,1167.2665048498543,1178.556482437296,1151.3731179495762,1178.556482437296,148304950.1633151,18887154392.98405
1488754800,2017-03-06 00:00:00,BTC/EUR,1178.3983855518045,1186.6566228645297,1176.054831719815,1183.6062829562256,126679139.43837468,19155324834.60469
1488841200,2017-03-07 00:00:00,BTC/EUR,1183.7085809409552,1186.238131108817,1120.4419272940322,1138.1115792018895,197798184.4174336,18794175048.76539
1488927600,2017-03-08 00:00:00,BTC/EUR,1137.8697839652557,1145.886226041347,1067.693366440681,1071.1807977382844,299084084.2935394,17981359275.526287
1489014000,2017-03-09 00:00:00,BTC/EUR,1069.478931265054,1113.615861767523,1061.3229919370588,1105.143728668545,255767187.41428247,17689451759.24223
1489100400,2017-03-10 00:00:00,BTC/EUR,1105.2739261036556,1181.5138241776635,1001.8227640915474,1038.2501464721145,251637694.50825152,18065036784.071293
1489186800,2017-03-11 00:00:00,BTC/EUR,1038.5291409759227,1110.240028271443,1038.1571483041782,1092.923769401743,511039412.1069148,17603749129.073433
1489273200,2017-03-12 00:00:00,BTC/EUR,1093.5003580429463,1141.0689209422574,1093.063266653647,1135.8703233546298,217631764.8417326,18023338922.301785
1489359600,2017-03-13 00:00:00,BTC/EUR,1135.8610235378362,1150.7314305908171,1131.8156032326162,1145.504933552809,287455149.85131794,18499130515.636826
1489446000,2017-03-14 00:00:00,BTC/EUR,1145.6630304383004,1157.6504942852623,1135.247235629458,1153.233081308298,283101393.3192182,18615882488.61097
1489532400,2017-03-15 00:00:00,BTC/EUR,1153.1772824075365,1163.9743697049166,1152.9447869876965,1162.0679072622268,225324240.69579163,18783677235.44825
1489618800,2017-03-16 00:00:00,BTC/EUR,1162.1144063461948,1169.8983530024457,1071.7480865626949,1105.3204251876236,443731089.0898794,18506811069.34854
1489705200,2017-03-17 00:00:00,BTC/EUR,1104.64153856169,1104.64153856169,1022.5799551748828,1022.5799551748828,666141853.4638201,17168671054.327543
1489791600,2017-03-18 00:00:00,BTC/EUR,1023.1937430832612,1036.064689525616,890.6016051483784,905.1632582838116,550415847.1203117,15861244851.132627
1489878000,2017-03-19 00:00:00,BTC/EUR,905.632899031889,994.9966985650384,905.632899031889,965.3674822605992,519821338.89462376,15481790760.463602
1489964400,2017-03-20 00:00:00,BTC/EUR,964.1492062606366,988.598424611035,964.093407359875,979.559002687647,318187935.5924057,15887057915.517416
1490050800,2017-03-21 00:00:00,BTC/EUR,980.414585832659,1043.8393363650737,980.414585832659,1041.5050823498775,283060341.7321012,16524418384.02664
1490137200,2017-03-22 00:00:00,BTC/EUR,1042.0816709910814,1042.1839689758112,943.1967190246352,975.9041746877588,322714082.42840946,16096577384.448477
1490223600,2017-03-23 00:00:00,BTC/EUR,975.680979084712,983.9299165806432,956.886049344828,965.6278771308204,288113644.9277454,15791502375.731184
1490310000,2017-03-24 00:00:00,BTC/EUR,965.8696723674542,967.6180379246528,868.9358219643071,869.7114266848943,312140093.86098427,15080482021.46905
1490396400,2017-03-25 00:00:00,BTC/EUR,871.8764240344465,907.4398534348873,840.4365334002919,906.545211059342,479330927.9098868,14112875696.442116
1490482800,2017-03-26 00:00:00,BTC/EUR,904.6666480670332,937.3843335286294,887.3754987026755,897.3476922504626,313350287.4160046,14746409931.532192
1490565600,2017-03-27 00:00:00,BTC/EUR,899.0365389801821,973.1328292832632,899.0365389801821,973.1328292832632,301485310.3561107,15284502736.531069
1490652000,2017-03-28 00:00:00,BTC/EUR,972.5469408252656,990.1049949316,955.7700713295948,974.1465093137664,347490060.17498124,15790679369.760475
1490738400,2017-03-29 00:00:00,BTC/EUR,973.830315542784,981.251569344084,944.749788429168,966.8833523979578,300959402.03727984,15645519079.44246
1490824800,2017-03-30 00:00:00,BTC/EUR,967.1530470849724,975.820476336616,948.6185122153092,954.4215978945214,273562578.0297563,15626809388.414255
1490911200,2017-03-31 00:00:00,BTC/EUR,954.5610951464256,999.6559067786364,954.5610951464256,996.428870351254,383259393.331618,15851339062.0551
1490997600,2017-04-01 00:00:00,BTC/EUR,996.7450641222368,1015.2795989918998,986.7942601530748,1004.6406085800108,328020092.90000314,16240144318.51161
1491084000,2017-04-02 00:00:00,BTC/EUR,1004.8452045494704,1030.0384082433577,1000.1487970686976,1024.8770099229043,306734472.0184012,16437677549.862057
1491170400,2017-04-03 00:00:00,BTC/EUR,1024.9979075412214,1071.097099387142,1024.9979075412214,1062.2808730668005,587473000.9630656,17146957799.074736
1491256800,2017-04-04 00:00:00,BTC/EUR,1063.72234466981,1075.4680132801384,1042.0630713574942,1053.4832463800462,471951252.0395015,17253319863.70782
1491343200,2017-04-05 00:00:00,BTC/EUR,1053.9017381357587,1055.6129044257827,1035.6554975866975,1045.606301555859,346433426.61566234,17009615365.764956
1491429600,2017-04-06 00:00:00,BTC/EUR,1046.0247933115716,1105.1623283021322,1046.0247933115716,1100.4287215541854,430423038.2968075,17485860955.633453
1491516000,2017-04-07 00:00:00,BTC/EUR,1099.870732546569,1103.4976610960762,1081.9313859516967,1093.8537510811036,395869370.12340856,17727391952.582348
1491602400,2017-04-08 00:00:00,BTC/EUR,1094.4954384398627,1102.0096904090988,1081.1781007914142,1093.3329613406615,241583371.95340583,17721774345.70192
1491688800,2017-04-09 00:00:00,BTC/EUR,1093.6119558444698,1113.3833663476828,1089.8083307758836,1104.8647341647368,181743989.7827741,17886602163.7907
1491775200,2017-04-10 00:00:00,BTC/EUR,1104.6973374624515,1106.9943922104733,1096.485599233695,1103.4976610960762,221140379.05536592,17928440795.78497
1491861600,2017-04-11 00:00:00,BTC/EUR,1104.0091510197249,1123.4829673855425,1104.0091510197249,1121.3347097062187,199005956.14516392,18109429929.91177
1491948000,2017-04-12 00:00:00,BTC/EUR,1120.637223446698,1122.618084423737,1112.9648745919706,1116.7684996605565,221533564.3304493,18173677444.689987
1492034400,2017-04-13 00:00:00,BTC/EUR,1116.3221084544632,1121.4556073245358,1075.4680132801384,1087.157882989705,308531603.3211428,17886101757.810997
1492120800,2017-04-14 00:00:00,BTC/EUR,1087.4089780431325,1107.4221837829791,1078.5834519059974,1086.041904974472,275675860.9563725,17751487620.277058
1492207200,2017-04-15 00:00:00,BTC/EUR,1085.7908099210445,1104.8182350807688,1083.391457188293,1090.3849194170875,203322349.8622077,17825938413.996212
1492293600,2017-04-16 00:00:00,BTC/EUR,1090.422118684262,1104.0928493708673,1090.422118684262,1100.345023203043,178608143.40563762,17878742883.57383
1492380000,2017-04-17 00:00:00,BTC/EUR,1100.1125277832027,1111.235108668359,1090.5430163025787,1110.3888253401408,194437753.7429179,17903509673.193104
1492466400,2017-04-18 00:00:00,BTC/EUR,1110.314426805792,1132.317793339471,1110.1842293706814,1126.840201248035,253882935.06867912,18309365524.184116
1492552800,2017-04-19 00:00:00,BTC/EUR,1126.8309014312415,1130.4020310799876,1120.7023221642532,1125.2127333091537,232319197.99929935,18313728337.8903
1492639200,2017-04-20 00:00:00,BTC/EUR,1125.5475267137235,1153.9119679342316,1123.799161156525,1142.95678375136,275791630.70278454,18490451107.755672
1492725600,2017-04-21 00:00:00,BTC/EUR,1143.0218824689152,1149.4015567893312,1130.4485301639556,1136.0098206065338,277129661.2748395,18552191752.3493
1492812000,2017-04-22 00:00:00,BTC/EUR,1136.484111263008,1149.048163751174,1123.854960057287,1145.8583265909665,222981474.76494712,18563444804.51805
1492898400,2017-04-23 00:00:00,BTC/EUR,1145.4677342856346,1145.9234253085217,1119.642143049782,1122.2739912023733,248660024.3940351,18478209961.681416
1492984800,2017-04-24 00:00:00,BTC/EUR,1122.683183141292,1163.351281979745,1122.683183141292,1162.802592788922,233396849.79039243,18621597015.51588
1493071200,2017-04-25 00:00:00,BTC/EUR,1162.61659645305,1178.8261771243106,1162.4491997507648,1176.7058188953677,209539290.3051476,19067774480.40872
1493157600,2017-04-26 00:00:00,BTC/EUR,1176.8825154144463,1204.1681778868954,1176.8825154144463,1191.3902296124766,248623917.73382065,19373682751.163548
1493244000,2017-04-27 00:00:00,BTC/EUR,1191.380929795683,1227.2968222526015,1191.380929795683,1225.6507546801329,364490836.8127448,19721525204.401203
1493330400,2017-04-28 00:00:00,BTC/EUR,1225.4647583442606,1238.0660100996008,1201.8804229556677,1224.6370746496293,465188270.27024233,19881100922.61752
1493416800,2017-04-29 00:00:00,BTC/EUR,1224.3022812450597,1234.2716848478085,1223.121204512271,1228.998688725832,426070764.1142802,20057821387.591827
1493503200,2017-04-30 00:00:00,BTC/EUR,1229.2404839624658,1253.531605427373,1222.8515098252565,1253.531605427373,336566856.9499912,20055545559.965084
1493589600,2017-05-01 00:00:00,BTC/EUR,1253.513005793786,1333.8913223409495,1253.513005793786,1322.8989388909038,520330029.185925,21047745518.415573
1493676000,2017-05-02 00:00:00,BTC/EUR,1322.0619553794788,1370.699997210055,1316.5657636544558,1351.1145830427138,583528658.5479265,21869263040.687027
1493762400,2017-05-03 00:00:00,BTC/EUR,1351.0959834091266,1388.2487514995953,1346.139181058133,1384.5753238661198,440740230.5424583,22246979594.741497
1493848800,2017-05-04 00:00:00,BTC/EUR,1385.756400598908,1496.2568237405724,1385.756400598908,1426.5267974220908,675972170.2820433,23267269319.530445
1493935200,2017-05-05 00:00:00,BTC/EUR,1430.0049289029005,1504.7382566563438,1423.160263742804,1446.9491951008563,968501433.3342632,24068857103.54356
1494021600,2017-05-06 00:00:00,BTC/EUR,1446.5400031619376,1468.162077207079,1434.4967404142135,1468.162077207079,678897214.1623809,23741022636.718197
1494108000,2017-05-07 00:00:00,BTC/EUR,1468.255075375015,1484.9203470691627,1450.5482241999832,1484.9203470691627,683476658.5732064,23903111147.177643
1494194400,2017-05-08 00:00:00,BTC/EUR,1484.9110472523691,1602.38633298924,1484.9110472523691,1602.38633298924,1244450560.3656273,25148267477.990383
1494280800,2017-05-09 00:00:00,BTC/EUR,1602.6839271266354,1705.1121092914468,1596.127556287141,1631.6621562555215,1187114939.1481988,27030081880.305546
1494367200,2017-05-10 00:00:00,BTC/EUR,1632.4526406829784,1663.2164346362376,1598.7315049893516,1656.0090766211904,927975385.9682297,26613243404.174675
1494453600,2017-05-11 00:00:00,BTC/EUR,1661.9981586362749,1742.7205684048024,1632.4433408661848,1718.1969515200549,788095722.5282034,27730348987.312366
1494540000,2017-05-12 00:00:00,BTC/EUR,1719.1362330162094,1726.1854941457652,1575.3982646541865,1603.2605157678393,688609636.0568364,27208828847.97341
1494626400,2017-05-13 00:00:00,BTC/EUR,1603.511610821267,1686.047484864548,1535.474151159222,1670.2749955825868,662452060.73607,26339292770.723637
1494712800,2017-05-14 00:00:00,BTC/EUR,1678.5332328953118,1703.1870472151695,1652.2240511861914,1678.4309349105822,430497734.9437505,27368259474.15627
1494799200,2017-05-15 00:00:00,BTC/EUR,1682.2531596127556,1685.8707883454697,1588.9108984553002,1619.6932920421468,513993079.1280078,26678538977.99967
1494885600,2017-05-16 00:00:00,BTC/EUR,1616.7080508513982,1660.8914804378353,1568.45130150936,1614.0576030652194,823808657.9486051,26378047575.11859
1494972000,2017-05-17 00:00:00,BTC/EUR,1613.0067237675416,1733.5323494127165,1545.5458527467008,1700.7876944824186,969137934.7535188,27141078270.461773
1495058400,2017-05-18 00:00:00,BTC/EUR,1710.320006695868,1771.1315087092785,1683.313338727227,1767.2069860223753,864276105.0150865,27853015372.681866
1495144800,2017-05-19 00:00:00,BTC/EUR,1756.4098987249952,1864.1668759125444,1756.4098987249952,1846.7297194245275,916757782.2675226,29662707648.80878
1495231200,2017-05-20 00:00:00,BTC/EUR,1848.5338838824875,1936.8356443378063,1836.6394182034608,1930.2048749639632,959971190.6581364,30522291262.30872
1495317600,2017-05-21 00:00:00,BTC/EUR,1938.7607064140836,1970.705577100131,1894.8376716978676,1899.6363771633696,949556115.207945,31223767011.271103
1495404000,2017-05-22 00:00:00,BTC/EUR,1898.2786039115028,2142.584791079616,1876.5821313320123,1999.023519236671,1543605452.4309204,33387721769.281116
1495490400,2017-05-23 00:00:00,BTC/EUR,2021.222181923016,2158.320081094402,2021.222181923016,2158.320081094402,1515373113.8163245,34605255602.26111
1495576800,2017-05-24 00:00:00,BTC/EUR,2157.948088422658,2347.013363836732,2157.948088422658,2276.139460052637,1437874059.2976985,36669553257.42056
1495663200,2017-05-25 00:00:00,BTC/EUR,2272.5404309535097,2570.1996670665585,2125.2871318435027,2160.756633094328,2031851839.4226775,39186626588.811874
1495749600,2017-05-26 00:00:00,BTC/EUR,2143.5891712933253,2393.5775465223333,1926.912739819025,2050.442206288536,1964330778.7253256,36389301985.80148
1495836000,2017-05-27 00:00:00,BTC/EUR,2048.2102502580697,2101.944591691544,1725.8879000083696,1885.7424508737176,1680320864.345639,31183710126.73505
1495922400,2017-05-28 00:00:00,BTC/EUR,1896.111746598592,2108.5846608821807,1896.111746598592,2006.016981465465,1329942334.9792066,33040141534.087444
1496008800,2017-05-29 00:00:00,BTC/EUR,2004.854504366264,2145.5142333696026,1959.6294952989424,2091.221902928512,875489509.4191644,33534109057.3376
1496095200,2017-05-30 00:00:00,BTC/EUR,2097.675975783277,2140.7806266216558,1975.8111765198223,2008.2396376791376,1115391939.4871254,34296884508.35362
1496181600,2017-05-31 00:00:00,BTC/EUR,2023.1472439992929,2149.262059537427,1995.3407917864015,2128.839661858661,1499672956.4427578,34116916764.72346
1496268000,2017-06-01 00:00:00,BTC/EUR,2126.319411507593,2276.957843930474,2126.319411507593,2233.6299974890494,1502497940.5118265,36298581274.77361
1496354400,2017-06-02 00:00:00,BTC/EUR,2239.284286099564,2310.6510801737204,2207.1441192608504,2307.4333435631315,1336520328.8828542,36816619944.95483
1496440800,2017-06-03 00:00:00,BTC/EUR,2314.305908173609,2401.128997758744,2253.8756986487365,2378.009653209832,1262395945.3832092,38176623789.049
1496527200,2017-06-04 00:00:00,BTC/EUR,2339.229417180481,2404.8303248426005,2280.817267899822,2345.478894065787,1406435790.7758973,38680698749.14963
1496613600,2017-06-05 00:00:00,BTC/EUR,2335.937282035544,2494.182964595597,2334.45861116536,2491.8952096643698,1175322083.6549518,39380077184.7734
1496700000,2017-06-06 00:00:00,BTC/EUR,2498.684075923704,2789.861339731607,2498.684075923704,2667.252555124664,1770847621.270502,43150893298.29972
1496786400,2017-06-07 00:00:00,BTC/EUR,2662.723544346176,2668.470831124627,2511.4713240149167,2544.0950813268973,1535538419.535992,42966903546.42916
1496872800,2017-06-08 00:00:00,BTC/EUR,2540.8587450827217,2618.1774219047884,2483.93456648904,2609.333296134066,1347614708.784662,41884580874.31252
1496959200,2017-06-09 00:00:00,BTC/EUR,2609.1751992485747,2698.5371388183653,2599.8753824549653,2616.345357996447,1173092484.8697147,43130289098.9978
1497045600,2017-06-10 00:00:00,BTC/EUR,2626.0915659961497,2744.366635977271,2554.241181448725,2744.366635977271,1495240786.4648397,43532096908.16917
1497132000,2017-06-11 00:00:00,BTC/EUR,2741.3162960689674,2786.7831003729225,2641.6408596750643,2756.5400961601053,1868032998.351331,44301992597.51938
1497218400,2017-06-12 00:00:00,BTC/EUR,2750.9881055343208,2787.396888281301,2342.2146583712297,2485.227241023352,1837256628.961076,42762414708.40134
1497304800,2017-06-13 00:00:00,BTC/EUR,2473.4071738786747,2593.7561030047705,2464.804843344586,2530.219754670833,2206715128.7572594,41790410250.32767
1497391200,2017-06-14 00:00:00,BTC/EUR,2526.7788224571973,2591.7008434933828,2243.98999339713,2327.3535511350424,1482929798.7829638,40732819826.70786
1497477600,2017-06-15 00:00:00,BTC/EUR,2330.8781816998203,2357.233862492909,2058.012257158534,2287.0016460675724,1767946823.7123811,36587255061.77523
1497564000,2017-06-16 00:00:00,BTC/EUR,2292.014247319328,2362.079067042379,2218.14580252769,2343.163239684178,1498083075.2634172,37963649189.37688
1497650400,2017-06-17 00:00:00,BTC/EUR,2342.2146583712297,2497.17750560314,2310.9672739447037,2470.5614299398303,1248688960.7577865,39401038848.55694
1497736800,2017-06-18 00:00:00,BTC/EUR,2469.919742581071,2475.704228626696,2340.140799226255,2369.565419561234,1291714676.5658195,39513907601.77763
1497823200,2017-06-19 00:00:00,BTC/EUR,2369.86301369863,2427.5311776358008,2369.86301369863,2412.4840740637405,1150813670.7825322,39372398471.06346
1497909600,2017-06-20 00:00:00,BTC/EUR,2408.280556873029,2569.9578718299244,2408.280556873029,2528.1458955258577,1465081569.600396,40498989131.38313
1497996000,2017-06-21 00:00:00,BTC/EUR,2531.214835067749,2577.9185150052544,2474.1232597717826,2504.635958671614,1621421729.4205017,41283197723.89549
1498082400,2017-06-22 00:00:00,BTC/EUR,2500.8137339694404,2533.0282993425026,2457.3463902761114,2515.051753480456,1318478232.2288249,41129838107.721306
1498168800,2017-06-23 00:00:00,BTC/EUR,2515.981735159817,2571.557440318425,2515.981735159817,2548.865887342019,961134189.5106332,41819669122.76838
1498255200,2017-06-24 00:00:00,BTC/EUR,2552.716011494573,2564.8336727766464,2402.319374308326,2427.2986822159605,861476645.5767487,41176516702.56501
1498341600,2017-06-25 00:00:00,BTC/EUR,2426.06180658241,2494.4526592826123,2373.424843530582,2408.522352109663,950953183.9064876,39958317646.49316
1498428000,2017-06-26 00:00:00,BTC/EUR,2408.1038603539505,2432.1345869486368,2209.906164848552,2251.9878358396336,1198359386.3439934,38619970210.74371
1498514400,2017-06-27 00:00:00,BTC/EUR,2304.913093212064,2358.926429149346,2169.6379581322244,2358.926429149346,1458976093.0546875,37382693478.59922
1498600800,2017-06-28 00:00:00,BTC/EUR,2373.731737484771,2421.6536934222395,2310.4650838378484,2401.435891712933,1272382998.340647,38795674177.7825
1498687200,2017-06-29 00:00:00,BTC/EUR,2394.507528201694,2407.564470979921,2334.700406401994,2363.883231500339,1000496564.8518188,38998409934.32422
1498773600,2017-06-30 00:00:00,BTC/EUR,2361.5210780347625,2380.0556129044257,2304.894493578476,2309.7954970287083,872231111.9429281,38594797888.91084
1498860000,2017-07-01 00:00:00,BTC/EUR,2307.1357494257363,2339.1550186461327,2249.83957816031,2265.035478801068,759330590.1457074,37977531365.64149
1498946400,2017-07-02 00:00:00,BTC/EUR,2264.08689748812,2338.2343367835656,2227.1573250006973,2335.472291195864,720493734.0783167,37407037471.51184
1499032800,2017-07-03 00:00:00,BTC/EUR,2330.9711798677563,2413.3024579415783,2306.7916562043724,2387.2629709194725,823088039.4861795,38551710178.1427
1499119200,2017-07-04 00:00:00,BTC/EUR,2384.528824782152,2447.3304875893946,2380.1486110723617,2420.063424750532,915588575.7175584,39674165142.88897
1499205600,2017-07-05 00:00:00,BTC/EUR,2419.4775362925348,2439.016451375908,2360.804992141655,2419.923927498628,875026950.0940831,39360793773.657005
1499292000,2017-07-06 00:00:00,BTC/EUR,2419.803029880311,2433.501660017297,2400.9244017892847,2427.8101721396088,795235561.2810456,39772801112.41571
1499378400,2017-07-07 00:00:00,BTC/EUR,2425.9130095137125,2711.956774451543,2323.9033191046133,2344.25131824903,740119332.1491566,39095395109.8151
1499464800,2017-07-08 00:00:00,BTC/EUR,2342.3076565391657,2389.9041188888577,2317.8026392880056,2388.0720549805164,800351617.0314778,38630516274.36085
1499551200,2017-07-09 00:00:00,BTC/EUR,2391.299091407899,2450.957416138902,2341.31257614225,2341.31257614225,561865989.2327127,39274198876.10477
1499637600,2017-07-10 00:00:00,BTC/EUR,2342.1030605697065,2359.512317607343,2158.608375415004,2200.708646039673,631308416.9475904,37959283379.06694
1499724000,2017-07-11 00:00:00,BTC/EUR,2206.437333184536,2244.482883687191,2135.991220972947,2176.8825154144465,1310584173.1584554,36265135178.94126
1499810400,2017-07-12 00:00:00,BTC/EUR,2174.101870193157,2254.005896083847,2115.8385179811958,2231.0353486036324,1043717428.5128512,36042538843.84292
1499896800,2017-07-13 00:00:00,BTC/EUR,2230.877251718141,2255.4101684196817,2176.9290144984143,2194.979958894809,939990605.5419612,36497549007.094444
1499983200,2017-07-14 00:00:00,BTC/EUR,2192.803801765105,2197.779203749686,2030.35460201434,2070.47401166197,713963253.6695473,35139362979.17529
1500069600,2017-07-15 00:00:00,BTC/EUR,2076.9652837839094,2076.9652837839094,1851.044834416762,1866.817323698723,917875219.8373356,31941634055.48727
1500156000,2017-07-16 00:00:00,BTC/EUR,1858.9031796073616,1914.6183820178744,1713.98413451255,1788.0943745408215,960764570.2296332,29789408128.16276
1500242400,2017-07-17 00:00:00,BTC/EUR,1794.6972444642838,2074.3148359977304,1794.6972444642838,2069.246435845213,1085572766.4813087,31588789120.664577
1500328800,2017-07-18 00:00:00,BTC/EUR,2072.38047410466,2220.433557458918,2013.1964400301315,2166.6713165750634,1203611674.2666836,34960449144.72238
1500415200,2017-07-19 00:00:00,BTC/EUR,2156.5159166364424,2229.324182313608,2101.9724911419244,2123.222572515321,1358457724.841154,35636301977.46725
1500501600,2017-07-20 00:00:00,BTC/EUR,2114.248249309488,2697.5978573222105,2110.956114164551,2605.436672897544,1335370348.4124694,37936139458.23719
1500588000,2017-07-21 00:00:00,BTC/EUR,2620.3163797673183,2639.669298514819,2438.272466032419,2478.65227055027,2119589908.538732,41818480380.49855
1500674400,2017-07-22 00:00:00,BTC/EUR,2480.9679249318788,2661.998158636274,2471.6216090543016,2613.5926122255387,1078377790.3325305,42390082417.51329
1500760800,2017-07-23 00:00:00,BTC/EUR,2613.3601168056985,2633.8755126524,2468.115578123111,2540.049661021678,1094768620.5581748,42124145970.538
1500847200,2017-07-24 00:00:00,BTC/EUR,2539.2219773270467,2582.8009188219,2510.1972491141923,2564.4244808377275,838488417.3734157,42014951570.92479
1500933600,2017-07-25 00:00:00,BTC/EUR,2561.969329204215,2574.2636870053657,2307.2473472272595,2391.047996354472,1049599629.9706228,40380524153.598274
1501020000,2017-07-26 00:00:00,BTC/EUR,2396.079197239814,2427.958969208307,2279.1990997777343,2350.5286945847165,1139677484.2910593,38511251666.438095
1501106400,2017-07-27 00:00:00,BTC/EUR,2352.34215885947,2504.738256656344,2352.2398608747408,2484.511155130244,724600782.7604129,39703385713.26861
1501192800,2017-07-28 00:00:00,BTC/EUR,2484.7064512829097,2694.5754168642875,2484.7064512829097,2612.327837141608,1104003068.8747346,42465414595.42992
1501279200,2017-07-29 00:00:00,BTC/EUR,2610.47717359968,2612.095341721768,2504.254666183076,2538.5616903347004,967911689.3272202,41950507629.50921
1501365600,2017-07-30 00:00:00,BTC/EUR,2535.5485496935707,2565.382361967469,2459.66204465772,2560.100066028699,677932103.0709028,41470160732.09946
1501452000,2017-07-31 00:00:00,BTC/EUR,2564.126886700332,2687.2936603148914,2530.117456686103,2671.195677445154,654149045.2150288,42813600134.85925
1501538400,2017-08-01 00:00:00,BTC/EUR,2674.013521933618,2716.801979001013,2497.568097908471,2523.626184564164,1017460315.6151156,42675905714.65473
1501624800,2017-08-02 00:00:00,BTC/EUR,2527.931999739605,2569.1022886849128,2481.7398097257483,2522.04521570925,1146551937.926823,41678017900.2558
1501711200,2017-08-03 00:00:00,BTC/EUR,2520.8734387932554,2616.32675836286,2497.1310065191715,2606.031861172334,877918456.8813994,42078888947.888565
1501797600,2017-08-04 00:00:00,BTC/EUR,2608.347515553944,2696.323782421486,2551.6093332961336,2696.323782421486,885255885.7552178,43491770196.85667
1501884000,2017-08-05 00:00:00,BTC/EUR,2693.1246454444845,3059.6490249142093,2673.539231277144,3026.1045857396607,1483379890.5411563,48350443819.504005
1501970400,2017-08-06 00:00:00,BTC/EUR,3025.1467046099187,3062.699364822513,2934.650187391308,2992.6996438170167,1307922391.2205596,49600582708.95599
1502056800,2017-08-07 00:00:00,BTC/EUR,2988.905318565224,3159.7801523309986,2958.1694240623456,3137.767485980526,1128887359.8737142,50561513747.62079
1502143200,2017-08-08 00:00:00,BTC/EUR,3142.352295659776,3240.84665532089,3111.560602256135,3179.6166615517677,1542289786.682869,52295024939.62804
1502229600,2017-08-09 00:00:00,BTC/EUR,3180.4815445135728,3183.1040928493708,3020.273600610068,3111.132810683629,1510861863.10463,51374965026.3715
1502316000,2017-08-10 00:00:00,BTC/EUR,3108.4358638134827,3211.645230588957,3087.046285188181,3153.7817704991207,1281759423.2976942,51907089612.041885
1502402400,2017-08-11 00:00:00,BTC/EUR,3144.52845278948,3422.072185177952,3136.0098206065336,3398.459950338978,1648704961.6272385,53505336336.12447
1502488800,2017-08-12 00:00:00,BTC/EUR,3395.009718308549,3673.3532349412712,3360.674794706544,3611.27695784393,1980023218.542595,57925566843.72082
1502575200,2017-08-13 00:00:00,BTC/EUR,3612.709129630146,3913.725599605688,3587.683322638544,3778.394665625087,2724713475.227871,62028796636.61965
1502661600,2017-08-14 00:00:00,BTC/EUR,3788.057175273647,4020.9617870527945,3709.8457160393937,4004.901003450232,2580297712.734362,64039832251.20737
1502748000,2017-08-15 00:00:00,BTC/EUR,4022.291660854281,4143.970463781863,3632.6758362860246,3889.1461838201785,2720280013.608732,64705839673.65788
1502834400,2017-08-16 00:00:00,BTC/EUR,3889.118284369798,4074.463633066428,3714.737419672832,4068.288554715472,2419852919.5224853,64677643983.77937
1502920800,2017-08-17 00:00:00,BTC/EUR,4070.185717341368,4170.688837429902,3946.572552520715,4044.5833217085615,2130633716.411257,67101385764.64351
1503007200,2017-08-18 00:00:00,BTC/EUR,4028.392340670888,4064.140836425522,3734.248435305824,3839.7641566461134,2472895877.701209,65290414546.87598
1503093600,2017-08-19 00:00:00,BTC/EUR,3869.300374782617,3946.154060765002,3692.538756986488,3907.922513926475,2841285016.929069,62774301885.2244
1503180000,2017-08-20 00:00:00,BTC/EUR,3900.0641687358752,3902.47282128542,3784.9138371974072,3821.229621776451,2317146582.4206595,63338861438.03894
1503266400,2017-08-21 00:00:00,BTC/EUR,3801.448911456444,3821.424917929117,3709.324926298952,3721.2937905123263,2224911224.143989,62332105526.19167
1503352800,2017-08-22 00:00:00,BTC/EUR,3721.5448855657537,3839.671158478178,3417.2920793460366,3812.878386295789,3294682164.553025,60496888155.25515
1503439200,2017-08-23 00:00:00,BTC/EUR,3813.4084758530257,3957.797431390601,3792.8465809223553,3859.3681704470414,2437633265.083011,63723513404.92733
1503525600,2017-08-24 00:00:00,BTC/EUR,3860.837541500433,4069.962521738322,3841.0661309972193,4041.960773372764,2011108452.9404807,64404176036.79791
1503612000,2017-08-25 00:00:00,BTC/EUR,4031.172985892178,4143.719368728435,4005.756586595244,4061.397390471408,1837075476.279784,67120586168.27277
1503698400,2017-08-26 00:00:00,BTC/EUR,4065.507909494183,4072.6501687916734,3970.5753796650206,4030.0849073273257,1482934739.310635,66500219810.48022
1503784800,2017-08-27 00:00:00,BTC/EUR,4047.6522612504527,4107.34778524863,4015.000604488091,4073.263956700053,1389837258.100752,66949564999.19339
1503871200,2017-08-28 00:00:00,BTC/EUR,4075.998102837374,4095.5742171879215,3928.837801895303,4075.1611193259487,1630837171.458771,66463792531.55972
1503957600,2017-08-29 00:00:00,BTC/EUR,4075.7935068679135,4301.797654586205,4047.4011661970258,4255.903058709743,1939815718.9636693,68766774273.2302
1504044000,2017-08-30 00:00:00,BTC/EUR,4258.404709427225,4302.578839196868,4158.329380911196,4248.770099229045,2195077542.389081,70036967487.40666
1504130400,2017-08-31 00:00:00,BTC/EUR,4245.645360786392,4404.439732537269,4230.858652084553,4375.545201759524,1734031271.1056983,71297584966.7276
1504216800,2017-09-01 00:00:00,BTC/EUR,4374.066530889341,4544.569371983372,4350.947186340429,4538.087399678227,2012158703.1818807,73487219066.0124
1504303200,2017-09-02 00:00:00,BTC/EUR,4549.479675250397,4626.696054087734,4156.311320666982,4248.416706190887,2667959796.436765,71956062880.3109
1504389600,2017-09-03 00:00:00,BTC/EUR,4258.172214007384,4384.008035041709,4108.277766927991,4260.348371137088,2026053791.948632,70497493707.18448
1504476000,2017-09-04 00:00:00,BTC/EUR,4262.068837243906,4270.131778403966,3820.736731486389,3928.447209589971,2184478082.863618,67223245999.77862
1504562400,2017-09-05 00:00:00,BTC/EUR,3939.690688093445,4117.810079141441,3718.169052069674,4077.541872425113,2839216833.162652,65032479776.93427
1504648800,2017-09-06 00:00:00,BTC/EUR,4070.092719173432,4293.957909029192,4070.092719173432,4271.76854615964,2202669615.741904,69590159106.33083
1504735200,2017-09-07 00:00:00,BTC/EUR,4275.237377823656,4329.101916692241,4176.8546159640655,4280.733569548679,1797575002.5206516,70289383108.95018
1504821600,2017-09-08 00:00:00,BTC/EUR,4277.8041272586925,4334.644607501232,3789.84274009802,3928.995898780794,1853602380.908096,68584809636.68112
1504908000,2017-09-09 00:00:00,BTC/EUR,3932.660026597476,4007.123659663904,3826.04692687554,3936.389253131713,2200731587.748,64906024609.30638
1504994400,2017-09-10 00:00:00,BTC/EUR,3930.158375879995,3948.181420826009,3674.3948144221554,3833.923871699727,1411578621.8663058,63275164883.15531
1505080800,2017-09-11 00:00:00,BTC/EUR,3834.2586651042966,3963.275023482037,3812.3668963721407,3871.699727515368,1504507278.2278953,64153266736.38535
1505167200,2017-09-12 00:00:00,BTC/EUR,3869.9048628742016,4040.4449032354055,3799.1797561588032,3851.686521775521,1523648783.7693093,65159542566.45561
1505253600,2017-09-13 00:00:00,BTC/EUR,3841.577620920868,3842.66569948572,3524.556166243525,3608.7846069432426,1927063668.0957384,60727856931.963615
1505340000,2017-09-14 00:00:00,BTC/EUR,3610.737568469901,3646.08617210241,2933.03201926922,2933.03201926922,2098524430.1488647,55488453410.18919
1505426400,2017-09-15 00:00:00,BTC/EUR,2934.0456992997238,3472.040100810013,2740.302616038464,3384.156832110407,3384448487.417429,52000399161.41433
1505512800,2017-09-16 00:00:00,BTC/EUR,3382.826958308921,3542.1514196170333,3243.580801458211,3367.2218657292447,2862241878.8699512,56259610722.04541
1505599200,2017-09-17 00:00:00,BTC/EUR,3371.220786950497,3408.2061583386803,3204.382073673148,3332.3289531196237,1340685261.2276263,54717238981.11122
1505685600,2017-09-18 00:00:00,BTC/EUR,3332.012759348641,3793.609165899432,3332.012759348641,3772.098689655813,1530471600.235791,59790060126.87538
1505772000,2017-09-19 00:00:00,BTC/EUR,3780.561522937998,3807.410094021148,3597.978219829069,3653.340029201424,1586329456.6013715,61283449730.069374
1505858400,2017-09-20 00:00:00,BTC/EUR,3650.150192041217,3749.118842358805,3587.6182239209884,3643.1753294460095,1299307370.3114717,60735065616.2557
1505944800,2017-09-21 00:00:00,BTC/EUR,3632.461940499772,3642.198848682681,3360.6096959889887,3376.791377209869,1147297775.075936,58664169052.40179
1506031200,2017-09-22 00:00:00,BTC/EUR,3376.8006770266625,3495.1222460917515,3304.717797059398,3380.976294766993,1286572813.9561243,56138019085.24879
1506117600,2017-09-23 00:00:00,BTC/EUR,3376.48448325568,3551.795329632006,3342.893544997163,3530.6382464265453,1012791591.2348192,57545567137.8633
1506204000,2017-09-24 00:00:00,BTC/EUR,3526.86252080834,3530.3499521059434,3410.149820048545,3431.3627021547672,783184329.6020402,57353389631.898506
1506290400,2017-09-25 00:00:00,BTC/EUR,3424.9737280175577,3673.66012889546,3423.801951101563,3648.4390257511927,977309370.5019046,58982201727.52746
1506376800,2017-09-26 00:00:00,BTC/EUR,3651.1731718885135,3691.924969078109,3598.936100958811,3622.027546057343,1142741138.1737938,60546771326.57911
1506463200,2017-09-27 00:00:00,BTC/EUR,3619.814189660464,3915.269369193427,3612.811427614876,3905.253466506709,1185416841.0382314,62247207526.6796
1506549600,2017-09-28 00:00:00,BTC/EUR,3906.546141041021,3979.679900305964,3821.9457076695594,3885.026364980609,1719287006.70102,64521405732.93238
1506636000,2017-09-29 00:00:00,BTC/EUR,3882.4224162783994,3899.152786690102,3756.465697625757,3839.242893140455,1371323603.652115,63609701777.76028
1506722400,2017-09-30 00:00:00,BTC/EUR,3839.524969368264,4018.13573706256,3836.3150978991703,4010.8437843418974,926111946.3274947,66075965735.46627
1506808800,2017-10-01 00:00:00,BTC/EUR,4011.653052101293,4061.567120945977,3960.303884073133,4055.780276293837,970332715.7896954,66784137755.623474
1506895200,2017-10-02 00:00:00,BTC/EUR,4057.082852252881,4135.016663591217,4055.901780514093,4077.2149477638586,1094897993.840647,68426221258.68928
1506981600,2017-10-03 00:00:00,BTC/EUR,4071.517777059212,4153.582923926568,3940.480553768751,4010.062486039115,1066323138.5628086,67019003835.10977
1507068000,2017-10-04 00:00:00,BTC/EUR,4010.282214430525,4033.864888500777,3911.778051421477,3938.547581102772,905932181.4467016,65891140594.31342
1507154400,2017-10-05 00:00:00,BTC/EUR,3940.74035076863,4043.9955654800096,3866.538641002892,4009.240016620633,922568892.1977232,65691222321.85983
1507240800,2017-10-06 00:00:00,BTC/EUR,4006.631873993992,4084.8528455821215,3995.8296450362222,4044.535263391271,895060869.1073583,67420627444.55603
1507327200,2017-10-07 00:00:00,BTC/EUR,4042.647686905858,4106.988741034512,4010.7035878823385,4093.050793186024,726344300.2352575,67377172774.64483
1507413600,2017-10-08 00:00:00,BTC/EUR,4091.7711144853943,4283.330575693999,4084.2047978536025,4273.07188426378,855002937.154478,69575456584.73665
1507500000,2017-10-09 00:00:00,BTC/EUR,4273.818031345032,4526.256239764156,4150.340200385012,4443.699366902882,1336932608.2558112,71952799238.43518
1507586400,2017-10-10 00:00:00,BTC/EUR,4443.609039291726,4574.839679500414,4256.779502567679,4436.645436388323,1715425502.454799,74533782734.52655
1507672800,2017-10-11 00:00:00,BTC/EUR,4442.379180212779,4594.155661009588,4410.04522081671,4476.84611013866,1279741361.4544623,74418224374.51955
1507759200,2017-10-12 00:00:00,BTC/EUR,4480.442406892094,5073.009714055743,4472.716839309395,5069.438012734239,1458064363.506749,79336362010.9458
1507845600,2017-10-13 00:00:00,BTC/EUR,5090.984693102326,5419.641336970492,5062.105491773382,5253.052919171571,2932999101.34562,87229702290.17856
1507932000,2017-10-14 00:00:00,BTC/EUR,5250.282197140306,5402.509163459159,5199.713116109142,5389.080990665773,1700051066.6835358,87744757022.50218
1508018400,2017-10-15 00:00:00,BTC/EUR,5402.862566324433,5425.989092323001,5069.863719836509,5274.265092904239,1138957317.0045948,87598486352.488
1508104800,2017-10-16 00:00:00,BTC/EUR,5284.313386211161,5346.748058613025,5180.718486217671,5315.737604886123,1737493633.3541014,87536072751.07227
1508191200,2017-10-17 00:00:00,BTC/EUR,5323.472310306987,5329.996598757544,5066.4669151140615,5216.007228821992,1557208681.0670505,86659497428.45001
1508277600,2017-10-18 00:00:00,BTC/EUR,5218.94371878842,5218.94371878842,4796.721331891862,5195.177486730091,1641550120.5426302,83598267557.66032
1508364000,2017-10-19 00:00:00,BTC/EUR,5188.922026045997,5319.765515632992,5133.955134527429,5270.152164732304,1863541635.7273345,87336446218.60086
1508450400,2017-10-20 00:00:00,BTC/EUR,5271.287616852198,5616.7889066038,5220.442577233118,5580.766957647704,1545406429.936366,89912844988.74234
1508536800,2017-10-21 00:00:00,BTC/EUR,5570.918847028243,5755.038147509974,5543.014380083512,5612.853902395633,2192177226.066612,94460443279.50044
1508623200,2017-10-22 00:00:00,BTC/EUR,5612.8176813882765,5657.988985634573,5360.350911423894,5597.445867445062,1930115312.3106596,91873527004.24028
1508709600,2017-10-23 00:00:00,BTC/EUR,5591.753741057761,5646.252125751193,5295.6963485190045,5530.532778969394,1785437545.1178317,91172757968.82246
1508796000,2017-10-24 00:00:00,BTC/EUR,5514.639796348892,5514.639796348892,5119.655750559384,5139.94246753248,2773498488.3460865,87517593538.44382
1508882400,2017-10-25 00:00:00,BTC/EUR,5140.271191746413,5326.881719474746,5017.192188585404,5324.426298220015,1984538326.1920505,85802429665.35388
1508968800,2017-10-26 00:00:00,BTC/EUR,5319.910419171571,5538.700613728389,5286.694554350919,5484.512488491477,1698303612.6224132,90476958424.5514
1509055200,2017-10-27 00:00:00,BTC/EUR,5486.1393563448,5562.530713259679,5321.944430827963,5349.671776544002,1689028891.6418242,90340052843.99184
1509141600,2017-10-28 00:00:00,BTC/EUR,5354.518162695645,5444.691633380762,5267.5623584344685,5337.259925214593,1366822080.14159,89546237224.60129
1509228000,2017-10-29 00:00:00,BTC/EUR,5346.989182998074,5781.253831736554,5327.744394622846,5716.215902571399,1490511884.9248524,90954141059.9861
1509318000,2017-10-30 00:00:00,BTC/EUR,5695.262316069153,5736.58882082229,5576.580225232262,5659.982357227352,2037832787.113748,94070900546.46902
1509404400,2017-10-31 00:00:00,BTC/EUR,5653.644652341229,5991.981859624845,5615.479455952347,5991.981859624845,1498079272.9979796,96730346360.7078
1509490800,2017-11-01 00:00:00,BTC/EUR,5983.035142138399,6278.464274932343,5420.376697663885,6278.464274932343,2252563152.760025,100948537425.28746
1509577200,2017-11-02 00:00:00,BTC/EUR,6282.866740192878,6939.066252124543,6282.866740192878,6587.62042379265,3394926751.424108,108906289912.37616
1509663600,2017-11-03 00:00:00,BTC/EUR,6589.605803193556,6915.125756532656,6504.9275634015,6702.56309134466,3450179064.0519853,112392912967.4566
1509750000,2017-11-04 00:00:00,BTC/EUR,6705.341921720652,6950.991624770992,6590.034995583516,6873.880070937142,2476577596.5272017,111979550631.55264
1509836400,2017-11-05 00:00:00,BTC/EUR,6876.639305193017,7085.082319530545,6812.784503734805,6875.1631969664,1851748210.4227595,116058244800.0181
1509922800,2017-11-06 00:00:00,BTC/EUR,6884.329533496079,6938.796035113318,6552.941810944024,6552.941810944024,2344225620.689694,113322653218.1848
1510009200,2017-11-07 00:00:00,BTC/EUR,6554.708494855341,6768.509896046648,6554.708494855341,6667.037347231909,2422899441.79752,110569988944.68668
1510095600,2017-11-08 00:00:00,BTC/EUR,6659.836724012127,7191.152280787508,6636.421633999199,6962.44622080555,2420975700.196285,114154944523.58817
1510182000,2017-11-09 00:00:00,BTC/EUR,6947.027429047047,6947.027429047047,6611.3316372494855,6648.439464854132,3839751872.014928,112480393255.20882
1510268400,2017-11-10 00:00:00,BTC/EUR,6677.18656497317,6862.474217977476,5995.74763652968,6150.602105786345,3419736850.4575434,107959831887.9763
1510354800,2017-11-11 00:00:00,BTC/EUR,6136.358710462293,6381.572863613536,5839.712714935505,5911.54534515061,4669641476.25912,102218797964.10484
1510441200,2017-11-12 00:00:00,BTC/EUR,5910.827131656576,6026.708082953435,5221.116236143737,5571.876460162374,2967424352.252763,94516183961.06915
1510527600,2017-11-13 00:00:00,BTC/EUR,5570.384243775167,6370.806055596164,5532.160976284536,6117.283102078509,3924853036.936433,98702070979.42578
1510614000,2017-11-14 00:00:00,BTC/EUR,6121.129279198169,6305.415558237312,6022.783842228608,6181.910070591189,3747670242.98785,102153014736.60866
1510700400,2017-11-15 00:00:00,BTC/EUR,6182.06039288285,6846.897768491291,6182.06039288285,6810.0868999628,3062069744.9039216,109381545858.70895
1510786800,2017-11-16 00:00:00,BTC/EUR,6822.973826978769,7393.689100157167,6695.75523552623,7299.585728731783,3569282836.6154804,116069835566.76442
1510873200,2017-11-17 00:00:00,BTC/EUR,7308.395561996298,7449.593855100484,7032.656992225353,7196.986090994057,3877317796.841045,121669074227.5289
1510959600,2017-11-18 00:00:00,BTC/EUR,7165.718743262747,7295.49149086851,6948.391996878051,7240.8957004780095,3738630151.19067,119443222996.82614
1511046000,2017-11-19 00:00:00,BTC/EUR,7230.747381020004,7480.0661237005825,7118.597017242791,7462.159968833524,2421062282.2560067,121198197615.30553
1511132400,2017-11-20 00:00:00,BTC/EUR,7453.445717945856,7682.4042157715585,7370.81845023761,7641.470112375266,2687329344.3741,125859216756.0478
1511218800,2017-11-21 00:00:00,BTC/EUR,7636.596083710441,7748.76447515089,7265.663646334477,7533.033150108343,3655141472.778727,126676329672.08257
1511305200,2017-11-22 00:00:00,BTC/EUR,7543.785330642896,7717.478636457142,7531.931019302699,7659.053256885119,2995799112.835742,126832475971.14165
1511391600,2017-11-23 00:00:00,BTC/EUR,7651.297722525085,7681.508790800622,7513.979756460118,7513.979756460118,3107992982.06338,127201588141.21436
1511478000,2017-11-24 00:00:00,BTC/EUR,7505.182745027852,7792.981360132615,7413.744552604413,7689.169695488657,3786234222.10836,127899929858.12166
1511564400,2017-11-25 00:00:00,BTC/EUR,7685.751703846404,8203.251321662992,7649.15670400264,8203.251321662992,3500996920.967404,132116685221.78798
1511650800,2017-11-26 00:00:00,BTC/EUR,8193.982420441927,8865.667001397762,8191.272448801717,8704.466677721359,3955952752.785036,141052047411.39297
1511737200,2017-11-27 00:00:00,BTC/EUR,8716.433540643919,9160.098748074472,8707.037067404142,9156.097449280658,4373370383.221969,150468602438.58466
1511823600,2017-11-28 00:00:00,BTC/EUR,9159.28359292284,9478.134900177629,9099.473922383728,9453.934393623114,4353135728.300771,155265042423.74268
1511910000,2017-11-29 00:00:00,BTC/EUR,9457.581939785545,10693.028038642598,8723.368999263454,9095.905056191354,6108641977.640435,163107324122.20102
1511996400,2017-11-30 00:00:00,BTC/EUR,9232.974556958588,10062.148557997376,8629.903170920403,9554.469556923248,8994845607.562487,155632448143.03082
1512082800,2017-12-01 00:00:00,BTC/EUR,9500.414914987585,10254.010429661765,9007.37181867496,10199.72734559421,6458687785.568163,160703762348.0695
1512169200,2017-12-02 00:00:00,BTC/EUR,10189.88842945345,10542.892881821648,10103.352943998363,10278.28110046964,5123205068.596607,172477373794.95032
1512255600,2017-12-03 00:00:00,BTC/EUR,10275.214262597066,10995.360558044806,10083.083118675891,10513.086726725813,4128372838.587558,177425131384.0216
1512342000,2017-12-04 00:00:00,BTC/EUR,10526.388016320248,10829.725967671977,10297.777288697,10829.725967671977,5464891999.695675,177788549665.23962
1512428400,2017-12-05 00:00:00,BTC/EUR,10848.447953344676,11146.030244947877,10783.883979041002,11063.906392503415,5304806012.227037,183895569617.14307
1512514800,2017-12-06 00:00:00,BTC/EUR,11042.970662157184,13090.87953845846,11042.970662157184,13078.56406083661,7671270515.573956,200417343781.1234
1512601200,2017-12-07 00:00:00,BTC/EUR,13076.39331876796,16808.6520666304,12806.983986076311,16808.6520666304,12393708544.88749,244723916331.3535
1512687600,2017-12-08 00:00:00,BTC/EUR,16793.470122029405,17227.419067004248,13530.24844168457,15431.00356488668,15405178753.348114,251668297406.15497
1512774000,2017-12-09 00:00:00,BTC/EUR,15417.341126542608,15585.19100996754,12569.99624617917,14026.77172226469,10758825473.777449,240407164879.50644
1512860400,2017-12-10 00:00:00,BTC/EUR,14097.812103540438,14799.16121772917,12239.53383652317,14475.966400520789,9570615129.45674,226355204554.9129
1512946800,2017-12-11 00:00:00,BTC/EUR,14249.898006649368,16275.853196557207,14249.898006649368,15600.437632070418,10589743919.314962,261865329548.05176
1513033200,2017-12-12 00:00:00,BTC/EUR,15661.901967589209,16197.447239633955,14940.311908488871,15621.856001890652,9831694131.50616,262799586783.46573
1513119600,2017-12-13 00:00:00,BTC/EUR,15641.40003147802,15752.046141636209,14654.640371727626,15088.975437270874,10473468057.390858,266341995210.86676
1513206000,2017-12-14 00:00:00,BTC/EUR,15107.76991373862,15652.209899680089,14835.81384311302,15302.785867977009,10177202888.39932,256597456008.4844
1513292400,2017-12-15 00:00:00,BTC/EUR,15304.48185726734,16774.395648344165,15298.836249050024,16414.446109727607,11820764989.033808,275625471604.3429
1513378800,2017-12-16 00:00:00,BTC/EUR,16427.107876494712,18260.166481991837,16253.17482469938,18067.195369773734,8626741757.313486,287154075755.8829
1513465200,2017-12-17 00:00:00,BTC/EUR,18058.254785929374,18531.91728429168,17539.813180354136,17815.389678864303,11064268902.475782,302991032622.39923
1513551600,2017-12-18 00:00:00,BTC/EUR,17841.58188101256,17908.76994094709,17004.850425439647,17605.673761458766,10933061693.554195,291994763344.3524
1513638000,2017-12-19 00:00:00,BTC/EUR,17641.39370798203,17844.1889399455,16041.319377792966,16461.399644968333,12533543923.862284,287544649678.07794
1513724400,2017-12-20 00:00:00,BTC/EUR,16473.11977862344,16680.27056836667,14890.765434488369,15437.408848851936,16418736505.317806,265324576510.7906
1513810800,2017-12-21 00:00:00,BTC/EUR,15467.658020931098,16246.35445379479,13938.162252954084,14527.62670513443,15300081919.578098,249499987892.4871
1513897200,2017-12-22 00:00:00,BTC/EUR,14516.665086586874,14771.190087968826,10651.833937765625,12735.007047886616,15375785017.175371,217568007731.7409
1513983600,2017-12-23 00:00:00,BTC/EUR,12819.473978082193,14630.814129900771,12692.223998754753,13188.565004207236,14831570653.262209,230993204976.66852
1514070000,2017-12-24 00:00:00,BTC/EUR,13168.025686097702,13927.759235076115,11304.795439407972,12845.722374961171,9890879896.999538,213425072986.27988
1514156400,2017-12-25 00:00:00,BTC/EUR,12897.796740308197,13636.709008158728,12130.77586702564,12987.390989442849,9027002660.035604,218654921873.132
1514242800,2017-12-26 00:00:00,BTC/EUR,12989.067538139478,15259.678968127666,12905.762849275075,14974.095873608978,10079995201.754992,241902386479.2428
1514329200,2017-12-27 00:00:00,BTC/EUR,14951.229302327743,16179.8268369119,13663.836505730544,14678.60119740349,10334949793.30586,249886800870.1752
1514415600,2017-12-28 00:00:00,BTC/EUR,14448.794659670411,14699.003050512883,12898.350294607037,13422.268467109336,10305740274.805485,230653906847.99295
1514502000,2017-12-29 00:00:00,BTC/EUR,13578.07682937254,14179.299581325036,13283.80527908843,13576.404801573528,10169119187.543142,230567873250.89224
1514588400,2017-12-30 00:00:00,BTC/EUR,13572.867002204055,13575.660782897636,11125.817502275664,11840.85782581536,12076602125.113668,207661389532.1852
1514674800,2017-12-31 00:00:00,BTC/EUR,11714.06650506003,13297.68327102735,11527.392122061025,13050.96112989612,10991158676.816614,213526260561.06003
1514761200,2018-01-01 00:00:00,BTC/EUR,13062.52523855797,13505.16190446856,12071.91653551321,12626.536613338723,8860805421.445915,213173108920.97083
1514847600,2018-01-02 00:00:00,BTC/EUR,12689.31454314929,14385.15018117159,12271.920612366896,13892.230631966258,10712703933.912523,218172226025.51117
1514934000,2018-01-03 00:00:00,BTC/EUR,13852.333200671445,14550.957079099591,13457.52092132634,14023.335272298636,14401906157.738453,236106738844.62857
1515020400,2018-01-04 00:00:00,BTC/EUR,14106.86639434478,15538.793503765492,13286.341222694342,14102.148208887837,16603673140.049618,233459512838.2808
1515106800,2018-01-05 00:00:00,BTC/EUR,14133.642780450851,15960.006141326525,13836.312226841132,15799.608925728871,18236925657.28192,252809339334.54355
1515193200,2018-01-06 00:00:00,BTC/EUR,15833.548553457204,15976.186492152814,15192.232993215785,15960.360844931132,17628050284.74297,268078040855.30435
1515279600,2018-01-07 00:00:00,BTC/EUR,15946.931900132986,15946.931900132986,14704.05264514596,15358.91468530815,13883266014.696886,264717479034.5381
1515366000,2018-01-08 00:00:00,BTC/EUR,15126.468994183891,17277.658252560705,12964.331484474884,14153.04974262385,14258621158.800138,244965992375.78055
1515452400,2018-01-09 00:00:00,BTC/EUR,14127.129562321792,15022.511336170706,13476.43245121223,13680.585109432805,15081663625.469944,235763670913.5454
1515538800,2018-01-10 00:00:00,BTC/EUR,13675.722402698806,14010.176340963832,12854.345803184257,14010.176340963832,14813245451.247522,224544012526.55145
1515625200,2018-01-11 00:00:00,BTC/EUR,14062.108000111595,14091.830588962046,12195.535850415235,12556.595378310963,14609473333.428747,216878958831.71936
1515711600,2018-01-12 00:00:00,BTC/EUR,12621.486413903223,13359.179516341635,12190.470624639864,13102.616069913232,11903248569.674416,215900818315.1936
1515798000,2018-01-13 00:00:00,BTC/EUR,13082.03487665374,13770.916690583004,13082.03487665374,13533.815093146965,10828135998.30236,224879658309.2596
1515884400,2018-01-14 00:00:00,BTC/EUR,13517.33698468227,13634.834048496685,12204.480681552885,12848.096482448456,10342373849.092554,214546749821.1961
1515970800,2018-01-15 00:00:00,BTC/EUR,12822.577357057166,13884.317115484191,12706.47213747082,12805.119023961906,9562095487.270737,218203590590.7342
1516057200,2018-01-16 00:00:00,BTC/EUR,12831.86446686103,13419.794616284908,9265.501577788318,10644.430473861004,11383607825.118052,191443134388.76352
1516143600,2018-01-17 00:00:00,BTC/EUR,10494.27469382399,10927.931294238762,8649.320141713399,10359.616558213133,14646211666.28041,167656919839.26852
1516230000,2018-01-18 00:00:00,BTC/EUR,10417.647668249496,11484.28087002204,10002.584891910088,10513.728758559086,14738306246.635084,179176211636.03873
1516316400,2018-01-19 00:00:00,BTC/EUR,10424.436144647489,11290.034888962047,10080.818228123577,10710.719852847138,10232222445.3615,182766866533.86084
1516402800,2018-01-20 00:00:00,BTC/EUR,10761.392623160262,12538.65584568163,10761.392623160262,12053.683806482904,8747260649.510984,198525784968.4977
1516489200,2018-01-21 00:00:00,BTC/EUR,12073.878443349236,12073.878443349236,10454.199249762389,10677.14303344772,7957710217.8912115,185815349476.8211
1516575600,2018-01-22 00:00:00,BTC/EUR,10722.244065659495,11113.855488963907,9452.401754634564,10152.894953650642,7565982931.632351,175866146408.88544
1516662000,2018-01-23 00:00:00,BTC/EUR,10152.880469351525,10541.542980958624,9405.258488542626,10044.241661041207,8547604375.888596,168581474830.03668
1516748400,2018-01-24 00:00:00,BTC/EUR,10063.881475288526,10063.881475288526,10063.881475288526,10063.881475288526,7880414083.449937,169409431330.2179
1516834800,2018-01-25 00:00:00,BTC/EUR,10558.664968659616,10909.378497627617,10254.913044866964,10433.870587865598,8161064009.100008,178670870850.8172
1516921200,2018-01-26 00:00:00,BTC/EUR,10419.150724669622,10851.422827448408,9678.141752499325,10345.069844290378,7371689437.857089,173529084531.57892
1517007600,2018-01-27 00:00:00,BTC/EUR,10334.71700442392,10833.215264813212,10177.090563469388,10645.006215090812,6705243156.275162,177421753435.80496
1517094000,2018-01-28 00:00:00,BTC/EUR,10687.9541247961,11264.939090131033,10657.822440403985,11034.448274504552,6248744832.026679,184213150594.42123
1517180400,2018-01-29 00:00:00,BTC/EUR,10954.016358184304,11089.98995167536,10449.270343903505,10553.51002137842,4098260712.103414,179220599718.08228
1517266800,2018-01-30 00:00:00,BTC/EUR,10569.56275936817,10570.938089002966,9303.470618985575,9378.395820285688,4174566794.076416,168337161221.5366
1517353200,2018-01-31 00:00:00,BTC/EUR,9397.438711443425,9691.955376397997,9072.871986152571,9519.920271676476,4702788223.960976,158042083925.96326
1517439600,2018-02-01 00:00:00,BTC/EUR,9550.766664656976,9609.450534402811,8091.149917326487,8529.09388980275,4238015165.105756,150689392384.50238
1517526000,2018-02-02 00:00:00,BTC/EUR,8479.788029728723,8488.580718542904,7057.20907917492,8154.384505518511,5125443516.034355,134164259888.09366
1517612400,2018-02-03 00:00:00,BTC/EUR,8149.928827050378,8758.373083048293,7601.419102567679,8547.713535772675,4516430736.359411,140437343879.93625
1517698800,2018-02-04 00:00:00,BTC/EUR,8554.034645219428,8696.790525620065,7427.166493598936,7678.471666639696,3713876026.4377017,136839163860.81714
1517785200,2018-02-05 00:00:00,BTC/EUR,7640.269892180714,7759.005898125157,6198.428057664444,6422.415852980125,4459263600.263242,120884665347.31004
1517871600,2018-02-06 00:00:00,BTC/EUR,6427.100877145699,7335.828672228887,5545.7031303620415,7224.974429968659,4887688821.503708,107818737942.46973
1517958000,2018-02-07 00:00:00,BTC/EUR,7173.946659747602,7907.938860025668,6715.705019489626,7056.639189788801,4812265390.254896,124355590038.75629
1518044400,2018-02-08 00:00:00,BTC/EUR,7039.837984872917,7986.101476752317,7039.837984872917,7678.073032539129,4195201244.505761,130126409141.79764
1518130800,2018-02-09 00:00:00,BTC/EUR,7687.495466666666,8098.281634919882,7300.461146390276,8076.060190691814,4068036660.093545,130023877758.92726
1518217200,2018-02-10 00:00:00,BTC/EUR,8088.369162870481,8444.710812780737,7702.363414397975,8020.383838417542,4459226442.363043,136636382511.05363
1518303600,2018-02-11 00:00:00,BTC/EUR,8020.402050642152,8020.402050642152,7360.732035172837,7532.207465559988,3512028421.050895,129172198636.68942
1518390000,2018-02-12 00:00:00,BTC/EUR,7551.778519558444,8340.612553161473,7551.778519558444,8242.66272944043,3295043557.2744617,135591646648.97552
1518476400,2018-02-13 00:00:00,BTC/EUR,8264.959505583609,8282.581747425345,7834.549201296394,7976.984872652029,3363040359.495942,136023486334.2694
1518562800,2018-02-14 00:00:00,BTC/EUR,7965.014376034372,8852.067814264059,7965.014376034372,8839.615359577416,6162437246.817086,142582957007.86707
1518649200,2018-02-15 00:00:00,BTC/EUR,8829.831952310538,9470.784201798584,8749.738683357047,9408.694388948095,4408027063.213235,153994898656.58905
1518735600,2018-02-16 00:00:00,BTC/EUR,9385.142809928484,9555.573258568384,9124.957707676069,9527.949534230764,4152480423.401354,158764764044.476
1518822000,2018-02-17 00:00:00,BTC/EUR,9518.00239291168,10344.311256167171,9453.138073714068,10318.71272131611,4238876780.917784,168076522695.19714
1518908400,2018-02-18 00:00:00,BTC/EUR,10345.45144568256,10533.091084041513,9614.215653983576,9835.649511775428,4797075697.674962,169881773529.85504
1518994800,2018-02-19 00:00:00,BTC/EUR,9823.065841755246,10438.629103336774,9776.311055577566,10408.264429756622,3814735396.854809,171205616235.18295
1519081200,2018-02-20 00:00:00,BTC/EUR,10413.711442971662,11138.036700353392,10413.711442971662,10644.770305137215,4435678477.355447,182741780805.2284
1519167600,2018-02-21 00:00:00,BTC/EUR,10635.42530506282,10635.42530506282,9766.902171493271,9932.540716008703,5122680432.158702,172377651145.79706
1519254000,2018-02-22 00:00:00,BTC/EUR,9942.760120892968,10262.04219640097,9219.83623654177,9287.88684571139,4957911640.956635,163142448949.8241
1519340400,2018-02-23 00:00:00,BTC/EUR,9274.450017799849,9759.01305685257,9050.82100496052,9623.513311573624,4449128376.44015,158877918204.6066
1519426800,2018-02-24 00:00:00,BTC/EUR,9605.378429010778,9863.26425184462,8921.525496651137,9154.0667421849,3522322545.827558,157601578404.85315
1519513200,2018-02-25 00:00:00,BTC/EUR,9155.220256604263,9260.879297559728,8753.938277517693,9020.494385828008,3036573602.8555355,151969855289.58133
1519599600,2018-02-26 00:00:00,BTC/EUR,9023.911610715248,9747.482891730602,8847.030048479945,9645.558571953612,3033558889.205275,155800873391.80835
1519686000,2018-02-27 00:00:00,BTC/EUR,9661.470244830696,10149.16567359317,9538.640623020765,9984.739496894792,3641328891.1949296,166778868666.2648
1519772400,2018-02-28 00:00:00,BTC/EUR,9976.411139205236,10309.614032914842,9673.67618119112,9682.991572388844,3387181647.3575745,167266682695.37357
1519858800,2018-03-01 00:00:00,BTC/EUR,9693.739805756586,10206.2854958281,9648.807108437722,10164.481672349784,3200099605.072878,167085423403.10236
1519945200,2018-03-02 00:00:00,BTC/EUR,10156.015655678002,10376.251589624191,9973.710183320778,10318.232249592202,3748469756.018244,173898927379.22012
1520031600,2018-03-03 00:00:00,BTC/EUR,10317.437546762269,10723.96189332645,10317.437546762269,10690.045424231605,3279528146.9568667,178834820108.00043
1520118000,2018-03-04 00:00:00,BTC/EUR,10692.524171686708,10710.025728718763,10364.399999777734,10710.025728718763,3591006952.4482207,177525791354.1711
1520204400,2018-03-05 00:00:00,BTC/EUR,10697.269269748624,10808.715019184592,10596.79452486492,10720.427779883566,3924292315.476158,181230554926.9161
1520290800,2018-03-06 00:00:00,BTC/EUR,10713.763221989417,10713.763221989417,9892.977437186246,9948.546247310029,4468022828.359295,173638106220.77374
1520377200,2018-03-07 00:00:00,BTC/EUR,9970.775588260842,10108.471860967738,9022.2762141785,9270.30690918822,4868434387.551368,165460542113.82367
1520463600,2018-03-08 00:00:00,BTC/EUR,9273.552484502785,9429.8749908992,8684.431153283298,8773.06858932288,4457586597.978724,153475791561.8998
1520550000,2018-03-09 00:00:00,BTC/EUR,8752.72302434785,8816.063515418165,7902.361987577304,8691.163942798687,4025547692.277957,141140385290.92273
1520636400,2018-03-10 00:00:00,BTC/EUR,8685.681827713453,8858.525857953668,8203.792530537807,8272.054162337601,4190321944.965601,146331830903.03436
1520722800,2018-03-11 00:00:00,BTC/EUR,8236.586298625487,9024.848397915912,7980.598864300793,8900.266391611565,4338748797.061089,142773798750.12177
1520809200,2018-03-12 00:00:00,BTC/EUR,8888.629330407612,9200.3865126524,8187.373833893183,8571.063346249848,4703949043.314341,149797680083.62186
1520895600,2018-03-13 00:00:00,BTC/EUR,8537.024413421494,8817.814907225027,8321.524600255745,8563.680962413859,4739032688.709372,144847382295.55185
1520982000,2018-03-14 00:00:00,BTC/EUR,8562.255866526239,8697.496996506057,7473.561467991891,7683.539228514167,3751749265.043325,138897390405.8748
1521068400,2018-03-15 00:00:00,BTC/EUR,7677.673386283699,7828.578433373322,7207.567644539612,7711.356625443369,4923863527.162417,128646826160.28284
1521154800,2018-03-16 00:00:00,BTC/EUR,7721.261882035543,7970.606801371723,7423.860645955044,7732.927082778599,3863051687.6541576,131381229093.89104
1521241200,2018-03-17 00:00:00,BTC/EUR,7713.364852601623,7742.956827839001,7249.374475654009,7352.7922418538255,3928336312.511221,127857528774.03102
1521327600,2018-03-18 00:00:00,BTC/EUR,7358.627844883706,7656.05850703159,6848.593252244511,7525.82060810665,4304504323.765541,120584585793.83054
1521414000,2018-03-19 00:00:00,BTC/EUR,7621.773048700349,8055.782844642839,7582.769187505695,7987.29829697012,4718741909.511759,133969309346.425
1521500400,2018-03-20 00:00:00,BTC/EUR,8016.709264999209,8412.231302881084,7783.276852130122,8270.125876836015,4185948512.170807,136197096542.52489
1521586800,2018-03-21 00:00:00,BTC/EUR,8283.718437241116,8531.225356393159,8242.089756046276,8349.39317722754,4121712795.96645,142486206778.8368
1521673200,2018-03-22 00:00:00,BTC/EUR,8342.549784928717,8466.928847366757,7970.850429315812,8110.900315263789,3473893182.915638,138428391220.03912
1521759600,2018-03-23 00:00:00,BTC/EUR,8117.317188851378,8244.335162992309,7758.628902496071,8244.335162992309,3744920146.423381,134853452728.51884
1521846000,2018-03-24 00:00:00,BTC/EUR,8298.602965643686,8372.389372650166,8030.070055983966,8054.5887649648,2853131655.045666,139307773053.18622
1521932400,2018-03-25 00:00:00,BTC/EUR,7955.45533294739,8072.639789486557,7835.62290248584,7873.7420872918,2817549881.382896,135803199485.12596
1522015200,2018-03-26 00:00:00,BTC/EUR,7861.885502965711,7925.888541486482,7354.188609709939,7614.117051645602,2635259864.3254733,130539936810.12251
1522101600,2018-03-27 00:00:00,BTC/EUR,7599.532929808703,7636.03975579797,7240.912611096541,7280.102792353689,3443031596.343761,126228577123.20335
1522188000,2018-03-28 00:00:00,BTC/EUR,7273.95016187354,7530.657735881482,7245.769126812301,7397.843329100986,2951489771.1202383,125304383276.5045
1522274400,2018-03-29 00:00:00,BTC/EUR,7391.148022719452,7417.59974972147,6519.980387348529,6675.463012594741,3149621383.289182,119276305556.4749
1522360800,2018-03-30 00:00:00,BTC/EUR,6653.104388028345,6748.554991587385,6198.459395324052,6398.695369411972,4446413741.88871,109434760109.91162
1522447200,2018-03-31 00:00:00,BTC/EUR,6394.451925915799,6684.918152506765,6363.009251439146,6468.138378984274,3787225576.9670825,111106164580.04378
1522533600,2018-04-01 00:00:00,BTC/EUR,6472.570766616447,6560.534813573082,6050.48135022738,6352.36129538636,3346878760.0242043,108150252052.7157
1522620000,2018-04-02 00:00:00,BTC/EUR,6362.679616118442,6618.619799774944,6329.948286317179,6567.179575647499,3640007176.554299,110402351730.7325
1522706400,2018-04-03 00:00:00,BTC/EUR,6571.585586079104,6995.140892149095,6559.798444854876,6932.72679034772,3864347500.620112,116430474035.2698
1522792800,2018-04-04 00:00:00,BTC/EUR,6932.264301543769,6932.264301543769,6316.352208726948,6361.945251879028,3935409084.9802527,112515944884.62537
1522879200,2018-04-05 00:00:00,BTC/EUR,6364.799993911409,6450.497525297361,6185.483538080889,6342.220849357847,4094943469.689632,107302370646.3013
1522965600,2018-04-06 00:00:00,BTC/EUR,6320.951244346175,6388.379045067842,6139.187320695812,6172.564318681472,3451423443.309175,105785060399.38086
1523052000,2018-04-07 00:00:00,BTC/EUR,6175.366152869457,6545.146417565494,6172.792049568023,6411.434923669894,3013658080.814422,108538042928.57924
1523138400,2018-04-08 00:00:00,BTC/EUR,6415.334498557598,6581.215572950552,6415.334498557598,6510.730458411219,2842877904.051506,110506575692.7795
1523224800,2018-04-09 00:00:00,BTC/EUR,6522.626736751015,6654.481957223632,6196.754844981354,6298.646513063452,3311037707.654988,109434440625.15756
1523311200,2018-04-10 00:00:00,BTC/EUR,6307.630576845316,6394.849784621822,6240.29865124385,6365.075056100214,3334744523.8255854,107411158484.88828
1523397600,2018-04-11 00:00:00,BTC/EUR,6366.246158907828,6460.323718671241,6354.228774863524,6447.417251477275,3240571871.1885214,108466578321.3446
1523484000,2018-04-12 00:00:00,BTC/EUR,6448.466893697513,7276.509467884012,6313.223069457542,7274.151639821815,5179528806.250718,115193713451.9801
1523570400,2018-04-13 00:00:00,BTC/EUR,7273.725272926373,7555.219340197528,7159.890897516949,7316.102281862567,6610953616.752902,126208893224.49487
1523656800,2018-04-14 00:00:00,BTC/EUR,7312.426560788252,7518.140413984133,7260.154520174092,7356.381790123593,4855856831.013427,125553736755.38336
1523743200,2018-04-15 00:00:00,BTC/EUR,7376.129802534199,7731.293531516149,7372.35429541612,7720.696309354685,3779972416.8722754,129559537906.97144
1523829600,2018-04-16 00:00:00,BTC/EUR,7724.652614647211,7760.342338183187,7346.27924311116,7475.630857338951,4058532479.134285,127708037366.57532
1523916000,2018-04-17 00:00:00,BTC/EUR,7479.396611533632,7557.359179236299,7306.083327856671,7337.093835592258,4294466805.9583135,127205020544.33418
1524002400,2018-04-18 00:00:00,BTC/EUR,7345.133784049884,7596.640147130541,7335.915270636759,7564.343352479796,4811888218.736983,127735094927.60828
1524088800,2018-04-19 00:00:00,BTC/EUR,7567.931966370931,7704.747218051874,7540.30100502097,7700.846385559244,5181785015.821097,129916479695.93394
1524175200,2018-04-20 00:00:00,BTC/EUR,7699.385175176928,8251.292690074304,7670.228632887873,8195.969535113318,5446207741.623789,133290414033.80356
1524261600,2018-04-21 00:00:00,BTC/EUR,8212.969680298338,8334.40485947047,8027.141952103153,8262.281434692964,6130971501.265858,139192561204.9936
1524348000,2018-04-22 00:00:00,BTC/EUR,8268.357774299955,8332.03595630295,8152.53163506403,8171.944504079829,5011576609.136939,140619384063.94696
1524434400,2018-04-23 00:00:00,BTC/EUR,8170.1752157129695,8338.452345248257,8160.81076241572,8299.178227554426,5186753306.254297,140555243787.71182
1524520800,2018-04-24 00:00:00,BTC/EUR,8302.41046854058,9034.874394485209,8299.87694210306,9034.874394485209,6524369146.754498,147163968911.54785
1524607200,2018-04-25 00:00:00,BTC/EUR,9010.991467857042,9062.751406217856,8210.214840962903,8227.317184092663,8831112722.389507,146078170281.79834
1524693600,2018-04-26 00:00:00,BTC/EUR,8238.669436695216,8625.125237856764,8089.720493078145,8619.561082932045,7291182234.374585,140604195799.04364
1524780000,2018-04-27 00:00:00,BTC/EUR,8623.430431706794,8708.624489865058,8342.353737925583,8345.739094136465,5970920806.252898,145950011667.76514
1524866400,2018-04-28 00:00:00,BTC/EUR,8319.320399162087,8744.30329293958,8281.880970274995,8683.500602290545,5620935533.268376,146153983240.62158
1524952800,2018-04-29 00:00:00,BTC/EUR,8684.103337982311,8852.606951214091,8550.707760212592,8754.298193687284,6118066297.599878,148271723937.00327
1525039200,2018-04-30 00:00:00,BTC/EUR,8753.85538465158,8801.291056254591,8530.859580574543,8593.342893075356,5756011612.444241,147411087099.41504
1525125600,2018-05-01 00:00:00,BTC/EUR,8605.198488662592,8605.198488662592,8259.891856034186,8459.866660966809,5725384032.120146,142481317398.18448
1525212000,2018-05-02 00:00:00,BTC/EUR,8448.546837096037,8597.195025890689,8366.796649305768,8589.965859402579,4632063572.891923,144728884394.59515
1525298400,2018-05-03 00:00:00,BTC/EUR,8589.69267406839,9120.72168773726,8543.496341910553,9085.260992513648,5590021423.409877,148546656129.0582
1525384800,2018-05-04 00:00:00,BTC/EUR,9075.63899289494,9104.526439174548,8925.48699650513,9038.235513462414,6338817562.306954,152233716098.09927
1525471200,2018-05-05 00:00:00,BTC/EUR,9033.870771988952,9274.474861920038,9028.35314253922,9173.395687392238,5423344991.657064,155789066873.0469
1525557600,2018-05-06 00:00:00,BTC/EUR,9178.280741461373,9262.997631308765,8830.87952779808,8989.996641902184,5188613054.655223,152814183677.58252
1525644000,2018-05-07 00:00:00,BTC/EUR,8996.478827941299,9001.663070805085,8608.398246415385,8716.604826716513,4767671693.320233,148026421735.0933
1525730400,2018-05-08 00:00:00,BTC/EUR,8723.965015960346,8805.252166786633,8496.669251227111,8587.160593078146,4824062117.006427,147057858647.26193
1525816800,2018-05-09 00:00:00,BTC/EUR,8585.913156642393,8727.302324203703,8439.056697860111,8674.286979863107,4863152101.866199,146045579825.37057
1525903200,2018-05-10 00:00:00,BTC/EUR,8662.247915871067,8735.381197820123,8404.60909332087,8404.60909332087,4679769634.514962,147126077866.6734
1525989600,2018-05-11 00:00:00,BTC/EUR,8407.767825007206,8407.767825007206,7806.979943057221,7832.92303448837,5383833927.329681,138164287708.50745
1526076000,2018-05-12 00:00:00,BTC/EUR,7827.104527932929,8035.224963907411,7622.423471876424,7893.882700929981,5082957192.475849,133943770749.04916
1526162400,2018-05-13 00:00:00,BTC/EUR,7894.342484731561,8140.525779744069,7789.73030710785,8090.673681456165,4025964679.671176,136161786429.04813
1526248800,2018-05-14 00:00:00,BTC/EUR,8087.881451629792,8272.617503856633,7762.719803369324,8128.330746052692,4667683744.741336,136561810013.15596
1526335200,2018-05-15 00:00:00,BTC/EUR,8123.76199183848,8214.270477898985,7883.931879368356,7919.446041839875,4990659793.43848,137058514305.97594
1526421600,2018-05-16 00:00:00,BTC/EUR,7912.518459670414,7912.911145782998,7592.840011513173,7759.674344321997,4772084910.209104,131464115996.75854
1526508000,2018-05-17 00:00:00,BTC/EUR,7757.549800822104,7819.611920084814,7490.737066568088,7522.573351555393,4158080738.8283567,131624208595.93982
1526594400,2018-05-18 00:00:00,BTC/EUR,7526.664602053399,7680.376348893786,7410.101170696276,7659.963250465455,4159264534.940611,128626853734.52734
1526680800,2018-05-19 00:00:00,BTC/EUR,7659.349945391475,7754.57463496824,7589.352104657348,7649.409478890346,3656494077.619282,130955068553.40996
1526767200,2018-05-20 00:00:00,BTC/EUR,7656.057256015587,7940.544781808628,7605.134177578141,7904.028587846999,3368581929.8840528,132878999902.44478
1526853600,2018-05-21 00:00:00,BTC/EUR,7908.928982625152,7939.110850497075,7768.665047139841,7811.023112076741,3619884784.11693,134288985513.73404
1526940000,2018-05-22 00:00:00,BTC/EUR,7810.898214791358,7810.898214791358,7454.836920221522,7469.69999791498,3488516101.388365,131095064925.5906
1527026400,2018-05-23 00:00:00,BTC/EUR,7459.873257866249,7486.355476629559,6998.566198850543,7040.461817778459,4042722649.584893,124421114586.628
1527112800,2018-05-24 00:00:00,BTC/EUR,7029.11051723163,7198.144774856085,6826.506883076193,7045.80043703931,4615133863.555237,119951974868.56624
1527199200,2018-05-25 00:00:00,BTC/EUR,7065.534727663235,7113.458753908248,6879.251912897916,6964.2954185289545,3850461358.150164,118987100251.12653
1527285600,2018-05-26 00:00:00,BTC/EUR,6959.911453203322,7044.374444517292,6830.557084316788,6835.168793449208,2972385574.018647,118989816372.70056
1527372000,2018-05-27 00:00:00,BTC/EUR,6843.439545658381,6863.474338331985,6760.542573284416,6848.326274934203,2825167973.906538,116314257836.29433
1527458400,2018-05-28 00:00:00,BTC/EUR,6850.847469268755,6921.103157324071,6641.106567694295,6648.672076577481,2989990925.839261,115518134092.98187
1527544800,2018-05-29 00:00:00,BTC/EUR,6647.865029338132,7003.101765980339,6610.400652887128,6951.205736567809,3547955985.6187744,115903831928.85428
1527631200,2018-05-30 00:00:00,BTC/EUR,6951.967353111253,7041.848174717517,6817.6412900705855,6892.6725972072645,3626899290.521288,118311061688.06158
1527717600,2018-05-31 00:00:00,BTC/EUR,6892.091327133146,7057.576717143282,6845.789795052497,6978.618407105059,3381324753.336246,119121484325.17622
1527804000,2018-06-01 00:00:00,BTC/EUR,6978.545578626231,7059.141104470421,6892.867159795962,6998.552759511387,3287309666.5406194,118832532786.00876
1527890400,2018-06-02 00:00:00,BTC/EUR,6994.215310694789,7123.373649293679,6957.454588814179,7057.294058081076,3260753842.8008924,120448954730.13216
1527976800,2018-06-03 00:00:00,BTC/EUR,7055.432170795784,7169.465791875679,7037.633031852802,7146.845780374596,3708828680.557554,122271285519.2618
1528063200,2018-06-04 00:00:00,BTC/EUR,7149.397606006752,7169.269481961145,6950.208236319504,6980.340659780152,3655350815.7897,120720878865.29242
1528149600,2018-06-05 00:00:00,BTC/EUR,6979.15221217532,7094.514699244854,6888.688403630648,7079.127655088395,3362754489.7375903,118902192801.57896
1528236000,2018-06-06 00:00:00,BTC/EUR,7078.889456384789,7109.93592278176,6976.500193656595,7047.023039837624,3092018384.2692046,120662012227.61128
1528322400,2018-06-07 00:00:00,BTC/EUR,7045.62268069916,7171.746343975114,7045.62268069916,7118.813655876088,3135854452.938513,122051955399.21048
1528408800,2018-06-08 00:00:00,BTC/EUR,7123.533186359028,7140.025011029583,7035.278935815454,7088.912815148471,2766025917.2873,121122241357.74023
1528495200,2018-06-09 00:00:00,BTC/EUR,7090.444438401733,7121.897532137376,7030.352192402049,7030.352192402049,2533567130.178301,121031935418.37416
1528581600,2018-06-10 00:00:00,BTC/EUR,7034.010353928707,7034.010353928707,6285.789080615462,6321.158854084014,2886966610.8655577,113981010290.0469
1528668000,2018-06-11 00:00:00,BTC/EUR,6327.694388590054,6371.414492142584,6251.2946247607615,6368.462155150703,3559075887.9951777,107626838057.01135
1528754400,2018-06-12 00:00:00,BTC/EUR,6366.583028201694,6386.451124790521,6077.942842340206,6099.298680633132,2884810736.516007,107769302012.56718
1528840800,2018-06-13 00:00:00,BTC/EUR,6100.627266928921,6137.427797011968,5843.290524903049,5866.692732262924,3065001471.944817,102807382695.30818
1528927200,2018-06-14 00:00:00,BTC/EUR,5865.942071841085,6200.814249216491,5852.633098777073,6183.855840959182,3407083397.4760666,103241441335.6356
1529013600,2018-06-15 00:00:00,BTC/EUR,6185.240042017502,6186.770445412865,6017.03091628212,6020.490742570842,2896073140.2144523,104378107100.89195
1529100000,2018-06-16 00:00:00,BTC/EUR,6016.513139191287,6058.412983533744,5947.254220412167,6050.233249946526,2185595332.033396,102598927671.97888
1529186400,2018-06-17 00:00:00,BTC/EUR,6045.28546141041,6083.228556394089,6007.043681857917,6008.809739407973,1896809106.075976,103434770772.5476
1529272800,2018-06-18 00:00:00,BTC/EUR,6007.8847613853,6253.477284583693,5951.949175972063,6231.431540188228,2101200226.481504,103474562203.45493
1529359200,2018-06-19 00:00:00,BTC/EUR,6236.227726244083,6281.516793845381,6210.378263786513,6251.929016973096,2725609864.695817,106708478676.60146
1529445600,2018-06-20 00:00:00,BTC/EUR,6250.315331793283,6281.972627082926,6117.236351217811,6262.624806316435,2871727267.1505647,106065960767.01294
1529532000,2018-06-21 00:00:00,BTC/EUR,6262.624806316435,6296.168539120609,6227.060759272382,6241.982774413414,2698020266.0500712,107010884666.46042
1529618400,2018-06-22 00:00:00,BTC/EUR,6242.445668682867,6244.832937044889,5632.770684521385,5646.588445015763,3117052109.6646786,101663774511.62596
1529704800,2018-06-23 00:00:00,BTC/EUR,5647.829209926625,5807.155231769104,5645.087907854624,5725.246458146174,3803142035.931505,97542179361.90474
1529791200,2018-06-24 00:00:00,BTC/EUR,5726.514808004352,5776.387881542653,5421.701620380548,5718.5670315524185,3467595130.1331344,95885612849.05144
1529877600,2018-06-25 00:00:00,BTC/EUR,5719.353122254461,5848.818210745938,5685.8997597736425,5801.294645108761,4039051075.821681,98596057580.40094
1529964000,2018-06-26 00:00:00,BTC/EUR,5809.747593544997,5817.447863094607,5675.706758091305,5675.706758091305,3617442156.79805,98765744798.59886
1530050400,2018-06-27 00:00:00,BTC/EUR,5680.404185144473,5740.3372542635,5626.248681762128,5680.973640407704,3475192925.8343143,97027569117.56178
1530136800,2018-06-28 00:00:00,BTC/EUR,5690.016955882598,5708.83712332115,5483.253843340865,5498.456645052032,2902905488.758557,96932321771.7894
1530223200,2018-06-29 00:00:00,BTC/EUR,5496.878054956337,5747.605008000632,5437.903393930939,5698.519397819193,2640796596.493822,94210351149.56366
1530309600,2018-06-30 00:00:00,BTC/EUR,5704.232325102995,5975.98553398246,5701.710852839698,5930.088492701504,3507230451.1737285,101380830688.64742
1530396000,2018-07-01 00:00:00,BTC/EUR,5938.327104370914,5960.592453401408,5868.971920228031,5918.777113006723,3262710936.4679813,101374399508.62125
1530482400,2018-07-02 00:00:00,BTC/EUR,5917.825286216741,6173.51027258972,5861.15371925062,6134.130064550958,3540994984.987239,102589049342.15912
1530568800,2018-07-03 00:00:00,BTC/EUR,6134.136085307218,6180.505342552241,6029.596026281281,6077.100040773186,4654114064.726099,104989729203.63048
1530655200,2018-07-04 00:00:00,BTC/EUR,6079.632937831654,6218.177770378223,5984.450907766276,6140.761942340206,4502031068.642251,104566028833.21568
1530741600,2018-07-05 00:00:00,BTC/EUR,6149.142632669326,6171.661843288787,6037.757898831943,6075.104720032735,4318668645.48826,104868477343.82137
1530828000,2018-07-06 00:00:00,BTC/EUR,6071.20956092217,6138.443490162654,6009.446338194347,6138.443490162654,4474210217.206726,104199782841.63309
1530914400,2018-07-07 00:00:00,BTC/EUR,6133.022449164411,6254.99338014768,6071.848502802034,6248.26885124106,4632868053.766506,104756149056.08112
1531000800,2018-07-08 00:00:00,BTC/EUR,6245.178770484241,6286.222523220712,6219.386937298775,6241.810860264673,4634442251.501185,107279235114.48184
1531087200,2018-07-09 00:00:00,BTC/EUR,6243.100543125111,6273.976001959471,6197.8751155325535,6202.976415912916,4580509290.60778,106858288123.00375
1531173600,2018-07-10 00:00:00,BTC/EUR,6203.271082927396,6210.179125415469,5873.923618603353,5877.33133350724,4350382747.29924,103429636953.943
1531260000,2018-07-11 00:00:00,BTC/EUR,5876.313570770675,5942.585886533865,5876.313570770675,5921.832422185642,3690007653.578909,101350668138.27364
1531346400,2018-07-12 00:00:00,BTC/EUR,5923.831571158478,5928.772031903951,5700.455172954272,5768.157591421848,3206330504.773758,99309586592.85242
1531432800,2018-07-13 00:00:00,BTC/EUR,5781.993525601465,5854.193245739289,5748.260821227761,5780.565910480893,3554301354.096958,99546357550.22617
1531519200,2018-07-14 00:00:00,BTC/EUR,5784.6480718057455,5826.238279109822,5761.496560769652,5812.4323735755,3472852486.6139927,99425937922.11958
1531605600,2018-07-15 00:00:00,BTC/EUR,5812.687545604441,5934.294746544653,5799.958213367556,5902.221308441443,3214007091.759645,100718582697.51886
1531692000,2018-07-16 00:00:00,BTC/EUR,5904.5588008620925,6235.985123680122,5893.232085017995,6235.985123680122,4306320618.111692,103742605170.51526
1531778400,2018-07-17 00:00:00,BTC/EUR,6229.802098674776,6833.463250082303,6199.400911389485,6804.982873455532,5039750200.131436,109258570976.4972
1531864800,2018-07-18 00:00:00,BTC/EUR,6801.516554522966,6980.928569844414,6783.003680124431,6838.977253671103,5887073347.887579,117831345290.7064
1531951200,2018-07-19 00:00:00,BTC/EUR,6835.017943607771,6956.719685907987,6779.01461772359,6922.468027956179,5436754861.900715,117691520451.88776
1532037600,2018-07-20 00:00:00,BTC/EUR,6923.31223194859,7023.932371875493,6794.1097513917175,6816.6200260032165,4618773911.923099,118423873313.90576
1532124000,2018-07-21 00:00:00,BTC/EUR,6817.082886820299,6891.640801690706,6756.3122841047525,6882.781851627003,4196318804.673596,117137780416.15126
1532210400,2018-07-22 00:00:00,BTC/EUR,6880.425011270447,7008.125593752383,6864.7552874936055,6874.18982181644,3408487358.682907,118766613972.55228
1532296800,2018-07-23 00:00:00,BTC/EUR,6869.505218223921,7210.861247302588,6859.353520228031,7172.884274887704,4359383682.166047,122226415865.10648
1532383200,2018-07-24 00:00:00,BTC/EUR,7175.175219152042,7764.510800617507,7165.379963748384,7755.062002290544,5361081662.495072,128458858441.65758
1532469600,2018-07-25 00:00:00,BTC/EUR,7759.190654575974,7827.30332376847,7505.109561102586,7606.658563907411,5743638574.175398,131534237945.86562
1532556000,2018-07-26 00:00:00,BTC/EUR,7593.856121392368,7700.604593070707,7323.387394993908,7378.171407166438,4594822340.808542,130713859328.40446
1532642400,2018-07-27 00:00:00,BTC/EUR,7370.719862855601,7682.704512440364,7285.9328745640705,7587.247248589682,4625963591.968582,128078585477.95624
1532728800,2018-07-28 00:00:00,BTC/EUR,7600.624725210872,7643.435372407443,7528.006821457467,7621.46154769039,3972029836.9933534,130634042079.2012
1532815200,2018-07-29 00:00:00,BTC/EUR,7654.234705725897,7693.77675785044,7561.082068067219,7636.65088934613,3409939968.7207613,131063616737.01262
1532901600,2018-07-30 00:00:00,BTC/EUR,7642.726847627151,7660.370771697867,7333.458443297156,7608.352085205851,4136690466.298622,130061085081.31418
1532988000,2018-07-31 00:00:00,BTC/EUR,7602.267053181932,7602.267053181932,7126.256298990039,7209.352353142873,4880111403.991687,126685399927.1051
1533074400,2018-08-01 00:00:00,BTC/EUR,7202.36531115606,7204.956221216601,6967.6242020255,7064.812099770295,4485712191.496063,121091114824.21428
1533160800,2018-08-02 00:00:00,BTC/EUR,7068.380617273479,7147.767931063248,6982.783015377247,7022.750284072203,3872284838.513649,121398584066.38864
1533247200,2018-08-03 00:00:00,BTC/EUR,7019.927401668387,7019.927401668387,6797.523228168215,6902.731396500478,3805458211.127366,118373334837.0212
1533333600,2018-08-04 00:00:00,BTC/EUR,6903.597482179691,6967.182620699532,6479.830427412139,6526.467180327167,3589918537.80232,116130893324.09892
1533420000,2018-08-05 00:00:00,BTC/EUR,6529.976604430432,6580.987708986412,6440.036131224135,6548.921783330078,3425037993.8134623,112088841233.37158
1533506400,2018-08-06 00:00:00,BTC/EUR,6547.9498391401385,6643.796537784225,6388.727649762389,6450.086108769727,3074757111.2393384,111971966653.51584
1533592800,2018-08-07 00:00:00,BTC/EUR,6458.925807633289,6640.728325899059,6251.584429080526,6261.405471967562,3441702095.367002,111969574301.91289
1533679200,2018-08-08 00:00:00,BTC/EUR,6264.635832425671,6264.635832425671,5770.863993657525,5841.696076505872,4286853706.650616,103402451861.2271
1533765600,2018-08-09 00:00:00,BTC/EUR,5851.114673897274,6165.720850977876,5811.070933133387,6104.180829819862,3915592073.461018,102538303469.6913
1533852000,2018-08-10 00:00:00,BTC/EUR,6097.702947028243,6125.8870352463055,5682.16396950404,5750.8495903086605,3888618832.065655,102716880432.96149
1533938400,2018-08-11 00:00:00,BTC/EUR,5746.185822664584,6008.149416435565,5673.643704170037,5853.22651772731,3892737373.85266,99439087069.72272
1534024800,2018-08-12 00:00:00,BTC/EUR,5830.587428159844,5982.918593281812,5791.341066028698,5898.419713765588,3377114760.712352,101355617347.56744
1534111200,2018-08-13 00:00:00,BTC/EUR,5898.404505528741,6054.144888644923,5774.310895664425,5844.868003199136,3371637755.6879287,102003870155.02174
1534197600,2018-08-14 00:00:00,BTC/EUR,5846.844312422695,5846.844312422695,5535.562852601624,5772.505575427093,4012709564.82213,97383335227.9978
1534284000,2018-08-15 00:00:00,BTC/EUR,5782.479376762548,6132.710600893713,5782.479376762548,5864.741852370988,3972443466.754863,102214289412.1889
1534370400,2018-08-16 00:00:00,BTC/EUR,5860.812959727144,6022.078544624241,5824.974631039068,5886.50256241944,3868682307.418017,101940690361.88995
1534456800,2018-08-17 00:00:00,BTC/EUR,5895.435971756456,6126.3732593002815,5888.381119449637,6126.00734618475,3925389994.727076,103776729356.03944
1534543200,2018-08-18 00:00:00,BTC/EUR,6135.286363010909,6164.3178100698415,5901.464034253085,5970.498078434654,3811679644.088994,103666559896.83627
1534629600,2018-08-19 00:00:00,BTC/EUR,5966.983223783351,6085.4630973783815,5909.711447661561,6053.540823898668,2962371892.2211013,102833252608.40332
1534716000,2018-08-20 00:00:00,BTC/EUR,6048.661030111876,6081.322243729598,5837.869216118443,5851.417935162607,3000417966.315977,103526229913.2944
1534802400,2018-08-21 00:00:00,BTC/EUR,5844.234068538719,6040.183747329557,5842.1963076212,6028.588510569241,3118162020.889984,102760935973.72092
1534888800,2018-08-22 00:00:00,BTC/EUR,6027.490459091036,6342.550815824568,5877.343181533353,5930.056741850105,3353241255.8917613,105636444816.69955
1534975200,2018-08-23 00:00:00,BTC/EUR,5933.264653557645,6087.342981746319,5933.264653557645,6071.408099155577,3192603795.538713,103305897648.78555
1535061600,2018-08-24 00:00:00,BTC/EUR,6076.714514793218,6250.744712896985,6045.873175483823,6239.7985298152125,2938681824.1684585,105201990990.42377
1535148000,2018-08-25 00:00:00,BTC/EUR,6234.136400298524,6312.010108138269,6214.268763158775,6272.871107309656,3238772835.0591097,107775766607.83562
1535234400,2018-08-26 00:00:00,BTC/EUR,6268.975364163156,6290.20921519032,6132.440543302737,6235.674490287272,2694800948.670095,107075073249.22704
1535320800,2018-08-27 00:00:00,BTC/EUR,6238.465780436904,6402.9777791061015,6204.130732353132,6401.427779254898,2983925028.8458133,107761889465.24164
1535407200,2018-08-28 00:00:00,BTC/EUR,6409.544234321903,6617.970492010527,6389.898234771084,6586.723009920113,3802220174.613962,111975622951.75812
1535493600,2018-08-29 00:00:00,BTC/EUR,6584.508268784235,6620.176008037831,6473.100622451618,6543.949161246733,3735854206.1731663,113082956541.11404
1535580000,2018-08-30 00:00:00,BTC/EUR,6543.752464024588,6564.646724811911,6354.322253536256,6485.580923910758,3554031991.635634,111351513845.205
1535666400,2018-08-31 00:00:00,BTC/EUR,6488.654127440039,6562.414001879492,6421.838898752894,6526.85698728436,3578457741.440623,111882312524.5156
1535752800,2018-09-01 00:00:00,BTC/EUR,6520.794432168066,6731.45244211887,6520.794432168066,6689.589536914693,3474799710.3378687,113861265967.07404
1535839200,2018-09-02 00:00:00,BTC/EUR,6686.300252214751,6791.661589464237,6627.75042992216,6767.69945733058,3744527196.954993,115959108404.18756
1535925600,2018-09-03 00:00:00,BTC/EUR,6768.642513722809,6811.45612024663,6682.160485882878,6759.911040637409,3336514590.964954,116411883347.93307
1536012000,2018-09-04 00:00:00,BTC/EUR,6759.018806021631,6881.829868978601,6739.348785594583,6845.585186210231,3334009035.2300973,117566819250.19257
1536098400,2018-09-05 00:00:00,BTC/EUR,6848.503614930855,6873.978102150118,6244.739674437593,6244.739674437593,3778961410.3720646,114579676320.52782
1536184800,2018-09-06 00:00:00,BTC/EUR,6249.706400750495,6249.706400750495,5925.752852940137,6063.178393660314,4769711887.467484,103542806062.33237
1536271200,2018-09-07 00:00:00,BTC/EUR,6070.482196614867,6092.629032314073,5921.950876195258,5986.14460759702,3352197206.2200093,103850059817.2204
1536357600,2018-09-08 00:00:00,BTC/EUR,5981.672278614141,6040.554180860047,5732.871134231696,5779.385514983864,2817469462.1381226,102625542634.604
1536444000,2018-09-09 00:00:00,BTC/EUR,5778.181286853779,5983.848816714561,5753.618525245282,5838.129506113699,2948142239.0093584,101401216760.55045
1536530400,2018-09-10 00:00:00,BTC/EUR,5835.456452683462,5918.453695282202,5835.456452683462,5887.406972353504,2695933849.0575323,101432599558.2804
1536616800,2018-09-11 00:00:00,BTC/EUR,5885.56355578867,5944.234555974667,5796.328495058076,5865.109883301249,2753487263.9171557,101444970801.1191
1536703200,2018-09-12 00:00:00,BTC/EUR,5869.458220225241,5919.3806674590105,5805.895479576672,5913.8926659915,2857187152.084818,101143064965.99815
1536789600,2018-09-13 00:00:00,BTC/EUR,5911.786208330776,6073.699750553803,5911.786208330776,6045.94631875215,3036891528.9766774,103702195334.02356
1536876000,2018-09-14 00:00:00,BTC/EUR,6043.190925018366,6124.21442129844,5989.831980659171,6053.458216504384,3207999506.060464,104583393882.61668
1536962400,2018-09-15 00:00:00,BTC/EUR,6045.670062840722,6107.0290255391565,6037.308384328879,6079.486532270364,2703217272.700308,104838292358.07144
1537048800,2018-09-16 00:00:00,BTC/EUR,6077.437075881854,6077.437075881854,5982.528358908759,6056.18249745929,2429771842.036567,104381064489.21072
1537135200,2018-09-17 00:00:00,BTC/EUR,6056.24561060458,6082.872613925545,5804.729647375126,5834.918090666703,2636598516.636396,103065079193.6673
1537221600,2018-09-18 00:00:00,BTC/EUR,5836.096368800974,5944.689331190655,5818.086068979531,5918.27178426657,3021594294.2362285,101445912144.25792
1537308000,2018-09-19 00:00:00,BTC/EUR,5913.510824652884,6036.17107664909,5746.018891670154,5949.211274786336,2927137379.0058813,102116408392.98442
1537394400,2018-09-20 00:00:00,BTC/EUR,5951.692302818774,6057.850401333593,5921.031809240298,6042.108762484539,3181087704.6072774,103103085578.53654
1537480800,2018-09-21 00:00:00,BTC/EUR,6038.513267515739,6279.612910013112,6038.513267515739,6272.444625290851,4560158495.421484,106777745281.68752
1537567200,2018-09-22 00:00:00,BTC/EUR,6265.151105897943,6325.589586674292,6153.115514961545,6237.608566354193,4630602317.036605,107712229154.2393
1537653600,2018-09-23 00:00:00,BTC/EUR,6237.439919493346,6298.213698822643,6209.0859586883535,6240.026529654326,3273268504.1008224,107909084685.5483
1537740000,2018-09-24 00:00:00,BTC/EUR,6239.333921592314,6254.264036379023,6115.230637187176,6125.597840407703,3324485342.852315,106851168329.08972
1537826400,2018-09-25 00:00:00,BTC/EUR,6127.532714987585,6127.532714987585,5930.259194037887,5987.805856173683,3543429187.289872,103469374620.714
1537912800,2018-09-26 00:00:00,BTC/EUR,5994.054003770145,6093.092469798844,5954.197871098029,6025.429370813455,3450920212.7941694,104052066101.79083
1537999200,2018-09-27 00:00:00,BTC/EUR,6019.761623878209,6239.145075210408,6004.769817084693,6209.349266686196,3286915210.2123,105070026253.41444
1538085600,2018-09-28 00:00:00,BTC/EUR,6212.571363231314,6305.594725182044,6112.602729902631,6176.896988452418,3673557368.450623,107319163545.21544
1538172000,2018-09-29 00:00:00,BTC/EUR,6174.272534857572,6174.272534857572,6044.068837792594,6138.076356509407,3410949648.340585,105574488614.57344
1538258400,2018-09-30 00:00:00,BTC/EUR,6133.162059061276,6177.805377725078,6096.173179300467,6155.9958824949545,2935183144.6603675,106134523106.18877
1538344800,2018-10-01 00:00:00,BTC/EUR,6160.220401275004,6187.204613986924,6074.54416037627,6134.1759882775805,2885902070.4146943,106220030903.98982
1538431200,2018-10-02 00:00:00,BTC/EUR,6134.55479945503,6146.983385810339,6064.642091733393,6076.886347644821,2765657860.3629885,105796179349.24048
1538517600,2018-10-03 00:00:00,BTC/EUR,6081.490134322834,6082.756477531642,5998.534150855118,6049.769044433595,2891905153.367306,104433145524.07297
1538604000,2018-10-04 00:00:00,BTC/EUR,6047.003078760148,6150.324698652456,6044.713212473844,6113.74199692734,2686784627.2757106,105861574726.73318
1538690400,2018-10-05 00:00:00,BTC/EUR,6117.0385924922575,6181.280774206958,6090.934824432478,6162.5703979624095,2485279962.15912,105970876127.02888
1538776800,2018-10-06 00:00:00,BTC/EUR,6164.4111122469285,6165.50229285867,6107.303856560556,6129.505273769866,2322592227.1033587,106210507456.25108
1538863200,2018-10-07 00:00:00,BTC/EUR,6130.403633990831,6165.405760092626,6086.611532284313,6133.822170713946,2165365475.217004,105911506028.40656
1538949600,2018-10-08 00:00:00,BTC/EUR,6140.009167351132,6213.522909933134,6122.806476553302,6191.141438808135,2528758814.5408225,106706797616.19496
1539036000,2018-10-09 00:00:00,BTC/EUR,6190.073929195844,6196.674116440216,6143.762908450743,6181.270510733848,2692499452.9936337,106907762363.3266
1539122400,2018-10-10 00:00:00,BTC/EUR,6180.827983120833,6180.827983120833,6075.375646296347,6137.347153455346,2690239603.2083125,106093509052.89365
1539208800,2018-10-11 00:00:00,BTC/EUR,6135.158862176714,6135.158862176714,5787.928344286657,5814.651953628323,3586054772.6591434,101571918517.01012
1539295200,2018-10-12 00:00:00,BTC/EUR,5807.857840618809,5895.744281423616,5783.122200877902,5853.216183282649,3318802699.425302,101481257124.3858
1539381600,2018-10-13 00:00:00,BTC/EUR,5850.663754117494,5882.28211827228,5846.721553581824,5882.28211827228,2518098362.554277,101667597568.17398
1539468000,2018-10-14 00:00:00,BTC/EUR,5879.934601608868,5935.30564261548,5870.457836823554,5879.168647248649,2300117670.009446,102371481749.2864
1539554400,2018-10-15 00:00:00,BTC/EUR,5882.1997781277605,6734.009789855759,5856.994608704628,6116.265845330096,4500435697.388001,105838040816.60358
1539640800,2018-10-16 00:00:00,BTC/EUR,6109.053250408726,6190.284664110146,6069.25416495271,6093.312208457252,4045145195.253304,105837299096.72026
1539727200,2018-10-17 00:00:00,BTC/EUR,6097.284587335509,6117.86057714663,6036.715343200439,6063.719034665067,3209415452.646006,105164568251.44336
1539813600,2018-10-18 00:00:00,BTC/EUR,6064.322531597987,6082.51358422286,6009.150230476429,6025.626274295306,3051872923.2720647,104871864854.0781
1539900000,2018-10-19 00:00:00,BTC/EUR,6026.433462539408,6040.357365523719,5998.661990067795,6003.3997713472645,2951703772.020427,104237133897.64716
1539986400,2018-10-20 00:00:00,BTC/EUR,6004.296923449488,6019.71534722354,5988.306801744645,6009.44955377526,2758948512.925127,104073020375.44566
1540072800,2018-10-21 00:00:00,BTC/EUR,6013.206251503315,6050.1974457690485,5978.911588059965,6022.432396786912,2491392038.469827,104627957429.1914
1540159200,2018-10-22 00:00:00,BTC/EUR,6023.695304980051,6039.576305750076,5997.049358314501,6013.496524340409,2749116594.4891376,104318855475.7041
1540245600,2018-10-23 00:00:00,BTC/EUR,6013.208849536404,6021.072893507798,5967.445084461865,5974.113963215505,3060755932.982487,103848363050.3516
1540332000,2018-10-24 00:00:00,BTC/EUR,5973.74968072241,6035.75847305936,5964.534172035451,5982.633038092049,3128028106.767734,104026298964.93892
1540418400,2018-10-25 00:00:00,BTC/EUR,5982.78815229566,5989.692095851351,5948.21201926364,5970.822357500767,3240543553.870353,103566625996.17471
1540504800,2018-10-26 00:00:00,BTC/EUR,5971.285166876843,5976.94299390676,5938.516815265649,5967.139908182909,2880641098.6256266,103390146635.20346
1540591200,2018-10-27 00:00:00,BTC/EUR,5969.199723394619,5980.128029735234,5945.227274991862,5966.937574745417,2723147106.7861066,103446164695.86594
1540677600,2018-10-28 00:00:00,BTC/EUR,5967.273394570766,6012.045998592007,5934.3426447655975,5957.668258241962,2702600323.975877,103333646818.6008
1540767600,2018-10-29 00:00:00,BTC/EUR,5957.71285939421,5958.996598073078,5805.702695676515,5814.499875160189,2876613278.723502,102215137374.99847
1540854000,2018-10-30 00:00:00,BTC/EUR,5817.088941342336,5862.730145972713,5817.088941342336,5844.5492275032775,3193646795.263909,101384896906.60208
1540940400,2018-10-31 00:00:00,BTC/EUR,5843.662480807037,5880.872288168773,5801.818383691841,5857.803477305656,3056010579.4377346,101477262974.83632
1541026800,2018-11-01 00:00:00,BTC/EUR,5858.795215588352,5948.370876668619,5852.416864232904,5922.408035067749,3060238520.7754846,102270426592.98631
1541113200,2018-11-02 00:00:00,BTC/EUR,5922.701360093555,5992.247353495335,5922.701360093555,5959.091481118581,3155338239.565244,103371803059.0562
1541199600,2018-11-03 00:00:00,BTC/EUR,5959.713347955435,5959.81775279599,5914.8182006705165,5940.645807426834,2981841440.0838923,103081193657.68855
1541286000,2018-11-04 00:00:00,BTC/EUR,5939.709148187931,6029.28089037376,5926.119996784123,6004.186434595318,3221997509.587696,103564618255.1934
1541372400,2018-11-05 00:00:00,BTC/EUR,6006.685111702889,6007.759620063424,5954.049856666573,5964.890809406765,3680761327.1023,103792240666.59988
1541458800,2018-11-06 00:00:00,BTC/EUR,5957.913556926038,5993.4367890383055,5934.226004715936,5978.196193413869,3739296669.153853,103445101239.89748
1541545200,2018-11-07 00:00:00,BTC/EUR,5986.8800422853365,6088.513614836927,5981.998534388862,6069.823167750095,4024540105.172333,105298950650.05035
1541631600,2018-11-08 00:00:00,BTC/EUR,6069.886843519422,6086.844745585841,6011.391179942155,6015.251035419282,3720882540.776404,104981518310.67091
1541718000,2018-11-09 00:00:00,BTC/EUR,6016.987258288462,6026.158740817826,5938.527309227277,5949.970168893043,3510448367.778568,103788232864.26695
1541804400,2018-11-10 00:00:00,BTC/EUR,5947.925190583935,5973.988701317784,5947.925190583935,5951.4352448065165,3141299411.350408,103538904208.51527
1541890800,2018-11-11 00:00:00,BTC/EUR,5951.914922180992,5970.138103958931,5919.162416311878,5959.021760802202,3010886951.7417827,103389140370.69846
1541977200,2018-11-12 00:00:00,BTC/EUR,5962.371188518446,5981.47629183011,5910.010313884626,5918.769747789897,2897321205.36066,103331552665.09216
1542063600,2018-11-13 00:00:00,BTC/EUR,5925.595169717006,5944.032780442484,5894.1570024877,5925.255034660417,2922863243.872906,102879051538.2366
1542150000,2018-11-14 00:00:00,BTC/EUR,5915.9858317207445,5935.660449568023,5171.517190452808,5344.676021152432,3733741566.669653,99340349707.498
1542236400,2018-11-15 00:00:00,BTC/EUR,5376.254459107775,5395.191612898845,5000.000530835402,5258.7889815938015,6006642327.81237,90723571617.64935
1542322800,2018-11-16 00:00:00,BTC/EUR,5258.3117000678885,5277.563955640803,5166.68479746022,5233.452089067135,4146261734.191936,90967806987.71208
1542409200,2018-11-17 00:00:00,BTC/EUR,5240.252343388294,5242.650075501492,5191.385401609799,5237.229420904127,3107919484.7522902,90658991566.1789
1542495600,2018-11-18 00:00:00,BTC/EUR,5237.6042013903225,5279.048887939997,5219.267874521292,5252.052541459512,2707505793.781119,91230611410.75182
1542582000,2018-11-19 00:00:00,BTC/EUR,5255.583911021213,5257.471776383114,4518.567268083958,4550.41935937561,3705633557.982091,85589746179.82782
1542668400,2018-11-20 00:00:00,BTC/EUR,4530.719274275776,4622.272757461707,3974.9039735466704,4157.821674320416,5766723088.909798,74868549094.97704
1542754800,2018-11-21 00:00:00,BTC/EUR,4187.211819975076,4392.20022996029,4050.945311459234,4286.7623465799925,5453982654.758012,73154445356.38898
1542841200,2018-11-22 00:00:00,BTC/EUR,4282.507855660333,4315.567175929284,4071.0373665067095,4071.0373665067095,3310252062.2306395,73355430229.48715
1542927600,2018-11-23 00:00:00,BTC/EUR,4041.385129674785,4099.870236369723,3924.510953980787,4068.0404603948696,3165268421.773256,69974360060.91539
1543014000,2018-11-24 00:00:00,BTC/EUR,4063.283566758735,4126.4442842675,3554.523309583461,3621.925484603223,2772419169.3531528,69596863718.14934
1543100400,2018-11-25 00:00:00,BTC/EUR,3614.3480802648583,3822.261977943624,3344.2216151828807,3727.6729399148135,4175144029.425889,61933119682.16362
1543186800,2018-11-26 00:00:00,BTC/EUR,3714.73632385124,3805.02249545332,3408.908719187382,3535.538661112816,4436346121.144249,63333654748.30882
1543273200,2018-11-27 00:00:00,BTC/EUR,3534.488379266058,3602.06628270513,3422.061134152647,3566.4951682913443,4128464153.3491664,61008250486.27371
1543359600,2018-11-28 00:00:00,BTC/EUR,3569.2311126644904,4071.097309479303,3569.2311126644904,3958.434056110445,4348926725.570971,66264140879.55617
1543446000,2018-11-29 00:00:00,BTC/EUR,3957.328260600396,4119.567939851574,3861.323686462256,3994.636165781324,4592878506.843499,69152926275.03683
1543532400,2018-11-30 00:00:00,BTC/EUR,4002.629323283021,4028.3035780775417,3690.199847968455,3747.8675460945415,3901925650.4398,66906645840.24533
1543618800,2018-12-01 00:00:00,BTC/EUR,3753.619837209496,3987.871285756401,3699.117871204977,3913.799740479312,3468583362.339839,66874727389.08852
1543705200,2018-12-02 00:00:00,BTC/EUR,3911.70359387328,3991.198540809456,3830.39466395019,3853.824594707474,3071703975.304469,67686034884.62611
1543791600,2018-12-03 00:00:00,BTC/EUR,3860.193352698341,3871.17868783026,3597.548368046759,3631.9415474346456,3021155332.9020195,64705489769.5996
1543878000,2018-12-04 00:00:00,BTC/EUR,3632.033905916544,3794.342600531949,3578.431154854039,3682.7243314296607,3173887885.181159,64262888835.22357
1543964400,2018-12-05 00:00:00,BTC/EUR,3687.715405983502,3695.690018665662,3513.0100695431,3514.0697862511506,2997391437.029753,62752823577.05096
1544050800,2018-12-06 00:00:00,BTC/EUR,3508.7116451524703,3608.449953193092,3283.226460858931,3283.226460858931,3279193066.3810678,60901913435.34289
1544137200,2018-12-07 00:00:00,BTC/EUR,3278.0959956151364,3278.0959956151364,3049.713918634043,3184.3760068000256,4035276181.9901433,55269146507.45848
1544223600,2018-12-08 00:00:00,BTC/EUR,3189.5968697170065,3253.5440765700414,3095.1554961070965,3222.706477994773,3725628654.485649,55461664412.97826
1544310000,2018-12-09 00:00:00,BTC/EUR,3215.3368171656016,3412.447083534674,3197.728998772424,3335.4464942871223,2998039906.8437715,57058963441.46784
1544396400,2018-12-10 00:00:00,BTC/EUR,3332.5897340270994,3367.186777219169,3185.604899174176,3222.2338817147,2806967521.725376,56988880592.15977
1544482800,2018-12-11 00:00:00,BTC/EUR,3220.2353655618485,3232.1090874712863,3128.583857199453,3156.5612097015687,2706433289.455983,55349329414.59602
1544569200,2018-12-12 00:00:00,BTC/EUR,3159.2860917929115,3269.4765453514865,3144.0100147801986,3228.817702073859,2686524065.727628,55840451370.720924
1544655600,2018-12-13 00:00:00,BTC/EUR,3232.0539883863885,3237.096671183587,3071.532821005496,3082.286421551395,2418708555.8653097,55319296057.96771
1544742000,2018-12-14 00:00:00,BTC/EUR,3083.5516583303106,3100.8074641492058,2975.331808872025,3010.072548013094,2671944591.2158527,53239494307.309685
1544828400,2018-12-15 00:00:00,BTC/EUR,3012.964011923295,3040.770517465986,2965.2862175710734,3017.665862677975,2393182578.0919456,52384160153.530106
1544914800,2018-12-16 00:00:00,BTC/EUR,3015.662432701876,3073.358886535725,3010.812071248686,3030.847717314399,2141822663.8572648,53067966360.07618
1545001200,2018-12-17 00:00:00,BTC/EUR,3032.238259470468,3325.7360907438924,3028.2869423987945,3273.5423375842797,2517173400.5049872,54714411843.198784
1545087600,2018-12-18 00:00:00,BTC/EUR,3273.20444312883,3414.0480599354587,3216.022562461289,3414.0011917473425,3728673688.573176,57104945355.84305
1545174000,2018-12-19 00:00:00,BTC/EUR,3415.663275717248,3636.277092548986,3400.7563300179486,3458.8772947000343,4566948952.22919,61013531993.09631
1545260400,2018-12-20 00:00:00,BTC/EUR,3456.696602438412,3859.407334062439,3442.325156953938,3815.9553065015016,5215787824.1522045,63918423505.02263
1545346800,2018-12-21 00:00:00,BTC/EUR,3817.230777371685,3886.82216804862,3555.998988504496,3601.349572409303,5479515029.592281,64908872991.87805
1545433200,2018-12-22 00:00:00,BTC/EUR,3598.3975599633586,3707.825890423048,3567.5645380195106,3706.858488927638,3911485123.3530183,63051462435.73414
1545519600,2018-12-23 00:00:00,BTC/EUR,3713.0361941745946,3777.213150356648,3679.040522573445,3701.464273823805,3818143440.930288,64993253291.498726
1545606000,2018-12-24 00:00:00,BTC/EUR,3696.2011301202474,3923.13364973356,3696.2011301202474,3765.620457474728,4714321139.911533,66985431466.250565
1545692400,2018-12-25 00:00:00,BTC/EUR,3768.612585836379,3769.960662333882,3479.556730045848,3524.1066487468493,4392567610.599706,61797677261.5486
1545778800,2018-12-26 00:00:00,BTC/EUR,3535.7816251215945,3601.3622365185206,3488.902556194143,3565.043201721396,3726119591.504064,61839913028.7296
1545865200,2018-12-27 00:00:00,BTC/EUR,3568.435554735001,3581.3454855722644,3378.969237149048,3395.5168798073078,3446331831.247,61067164573.71558
1545951600,2018-12-28 00:00:00,BTC/EUR,3387.752644964614,3655.763669620288,3383.270088047875,3629.471364234764,3782441934.0419774,60725354197.73423
1546038000,2018-12-29 00:00:00,BTC/EUR,3635.834390795971,3674.660801640487,3563.781827664165,3563.781827664165,4114650530.131885,63362425872.10578
1546124400,2018-12-30 00:00:00,BTC/EUR,3534.7731176984807,3613.857280941885,3518.5495262868617,3592.673589258711,3644828962.7477655,62281421595.87569
1546210800,2018-12-31 00:00:00,BTC/EUR,3593.4183582428923,3594.666964149206,3466.1376622873827,3483.8266444745136,3393263229.872521,61757013999.66764
1546297200,2019-01-01 00:00:00,BTC/EUR,3484.910193493848,3587.554380650801,3460.023128875001,3581.5283449478743,3193384242.4422684,61022576083.10784
1546383600,2019-01-02 00:00:00,BTC/EUR,3582.777321090124,3668.29670202922,3557.461551896697,3662.849985394637,3636259531.221357,62801634655.31081
1546470000,2019-01-03 00:00:00,BTC/EUR,3659.832676866705,3659.832676866705,3560.4463054469024,3574.846451028094,3791617919.4440346,63004088190.14894
1546556400,2019-01-04 00:00:00,BTC/EUR,3577.7175957016248,3615.978097796873,3529.558883289159,3606.298423450418,3275049511.4439363,62392645392.66336
1546642800,2019-01-05 00:00:00,BTC/EUR,3605.3008035078906,3653.828269815584,3580.8413580940955,3595.3134164876446,3903472260.455882,63117705594.71598
1546729200,2019-01-06 00:00:00,BTC/EUR,3597.857280535483,3816.719990485357,3577.62273958002,3799.819194522408,3723074341.492435,63811677208.356346
1546815600,2019-01-07 00:00:00,BTC/EUR,3796.274155225102,3816.36287359596,3745.402022678533,3754.297397310493,4060487154.035042,65866155036.49533
1546902000,2019-01-08 00:00:00,BTC/EUR,3757.522964736954,3821.772415054544,3724.250020133173,3748.746203855704,3577410346.329761,65645862591.06094
1546988400,2019-01-09 00:00:00,BTC/EUR,3748.960892988868,3781.6874705484097,3735.605463570757,3750.221233833663,3709611848.062591,65712288646.62465
1547074800,2019-01-10 00:00:00,BTC/EUR,3750.032122100085,3778.7966405723114,3400.910459115215,3416.0233121464908,4237083654.4256105,62369538859.98347
1547161200,2019-01-11 00:00:00,BTC/EUR,3414.158549953036,3453.2875475574037,3386.336807231537,3421.1158697458354,4430197123.929788,59881650300.95121
1547247600,2019-01-12 00:00:00,BTC/EUR,3432.0315768983246,3438.471950537064,3400.9338038119945,3411.4052206195533,3394363774.7787747,59766415151.69126
1547334000,2019-01-13 00:00:00,BTC/EUR,3411.709548315338,3418.3967827506995,3297.4994738944843,3304.4361456509405,3215137137.4327817,59009807974.4183
1547420400,2019-01-14 00:00:00,BTC/EUR,3306.59678422193,3467.360026070176,3303.589415361437,3446.4587281440354,4172327554.1798778,58880018719.21578
1547506800,2019-01-15 00:00:00,BTC/EUR,3444.9865654093314,3460.6950008323333,3365.3141452491886,3385.326227318212,4795075042.215117,59895354748.79238
1547593200,2019-01-16 00:00:00,BTC/EUR,3381.99134720122,3450.792501942732,3376.5853030336,3402.102437247626,4334251609.66489,59463380476.459785
1547679600,2019-01-17 00:00:00,BTC/EUR,3398.2103100140425,3429.4160091333497,3370.76415381246,3426.287806014191,4293285429.3824577,59362450155.88848
1547766000,2019-01-18 00:00:00,BTC/EUR,3424.5986952031544,3428.1875438700254,3378.435291294441,3397.3954711184883,4325387187.650859,59516970858.7464
1547852400,2019-01-19 00:00:00,BTC/EUR,3396.622056543816,3503.05672584326,3395.324285556454,3474.3685773010066,3431479050.6609483,60409509211.631874
1547938800,2019-01-20 00:00:00,BTC/EUR,3470.9841798156776,3483.803353631113,3311.2403338355234,3332.5962630555478,3601851101.5327487,59426852707.59453
1548025200,2019-01-21 00:00:00,BTC/EUR,3329.7016143626365,3394.204927039217,3280.227822559495,3298.7566118247164,3314042793.24527,58149112941.12364
1548111600,2019-01-22 00:00:00,BTC/EUR,3299.366441000102,3374.504080397846,3233.371573834965,3355.730976394275,3814366337.109797,58122940613.40744
1548198000,2019-01-23 00:00:00,BTC/EUR,3354.060532373592,3376.0158674822605,3324.230266273284,3341.332506462443,4381949393.244,58636337035.11679
1548284400,2019-01-24 00:00:00,BTC/EUR,3341.290844717239,3373.3650893042804,3318.8801391457187,3349.676748187,3141677595.514369,58446486851.23645
1548370800,2019-01-25 00:00:00,BTC/EUR,3349.726540328656,3359.2855900036266,3313.737986404597,3339.5481279199093,3065415235.5300746,58396198301.54116
1548457200,2019-01-26 00:00:00,BTC/EUR,3339.804432779064,3393.8019373787533,3333.569373182118,3343.421331697495,3006744021.7320004,58666632990.94151
1548543600,2019-01-27 00:00:00,BTC/EUR,3343.7151585786155,3352.848873179328,3299.5102824661253,3325.331163490778,3006562661.165704,58323446200.90883
1548630000,2019-01-28 00:00:00,BTC/EUR,3324.085997146816,3324.085997146816,3187.1044179328364,3219.6515053371645,3590940392.9343696,56603473963.65001
1548716400,2019-01-29 00:00:00,BTC/EUR,3217.6827695105503,3225.026078275628,3154.9986488937866,3198.0269447228184,3676516354.384222,55907664536.19856
1548802800,2019-01-30 00:00:00,BTC/EUR,3196.6558482920886,3237.190056546606,3179.4746368142546,3227.8066943643107,3588054789.8709493,56294598262.79181
1548889200,2019-01-31 00:00:00,BTC/EUR,3225.704047343507,3245.562604605269,3191.2840050591003,3206.4027087074182,3463789457.6413307,56244924201.35269
1548975600,2019-02-01 00:00:00,BTC/EUR,3203.714260084256,3236.6836700043705,3172.9441734564625,3231.128918157892,3028390428.1953025,56176164522.60282
1549062000,2019-02-02 00:00:00,BTC/EUR,3228.2218615433976,3256.863565079188,3204.208135954952,3256.863565079188,2758977700.264696,56422452965.31787
1549148400,2019-02-03 00:00:00,BTC/EUR,3253.09490963833,3254.435112107431,3192.239164260804,3209.813768563829,2768541716.265658,56442922182.14683
1549234800,2019-02-04 00:00:00,BTC/EUR,3211.2347828529973,3262.428141927294,3193.5880368105345,3211.256669131118,2974033146.4043283,56282486506.69762
1549321200,2019-02-05 00:00:00,BTC/EUR,3211.098776495643,3228.463715924076,3180.3024307340343,3220.9383720401006,3035401247.1663017,56292312896.85867
1549407600,2019-02-06 00:00:00,BTC/EUR,3219.5355417924466,3224.0776459503945,3154.465741921714,3167.107425615415,3047018029.4995112,55607390081.9655
1549494000,2019-02-07 00:00:00,BTC/EUR,3168.366327349831,3184.423755276251,3131.06690149355,3146.079116967516,2950722694.6401906,55377726253.31282
1549580400,2019-02-08 00:00:00,BTC/EUR,3147.4011564833672,3443.731803705047,3138.239776896465,3378.271037156488,3440118991.4507456,56593379312.47497
1549666800,2019-02-09 00:00:00,BTC/EUR,3379.720364144556,3395.5800358796228,3362.052117384147,3393.151985496935,4479105694.11995,59221063194.862015
1549753200,2019-02-10 00:00:00,BTC/EUR,3393.1673368756333,3407.701411560602,3355.564004472282,3407.0183547852203,3318488072.294452,59204679220.09716
1549839600,2019-02-11 00:00:00,BTC/EUR,3409.635308769727,3409.635308769727,3354.414471485831,3362.785453082424,3557803946.8197107,59029117255.38123
1549926000,2019-02-12 00:00:00,BTC/EUR,3363.3434267527828,3373.2662675826987,3330.376184015475,3355.5092752652768,3498765938.361358,58713695724.65809
1550012400,2019-02-13 00:00:00,BTC/EUR,3352.9183187502904,3378.3342274047,3327.850213621441,3338.7706766100305,3870815376.6642585,58709727968.64162
1550098800,2019-02-14 00:00:00,BTC/EUR,3337.881753448837,3358.2293338364534,3319.939655965368,3326.889824802611,3619718016.94242,58492532438.94531
1550185200,2019-02-15 00:00:00,BTC/EUR,3325.7372709287724,3372.967802693227,3318.273478908945,3344.9773749704727,2987903192.225749,58573533520.972496
1550271600,2019-02-16 00:00:00,BTC/EUR,3344.2426597606227,3404.214195484939,3339.068553325149,3347.132608411684,3121382667.1445537,58831416909.34724
1550358000,2019-02-17 00:00:00,BTC/EUR,3346.211757283151,3383.0640066837777,3326.9638700787696,3376.083678830827,3120470661.119403,58733358016.57512
1550444400,2019-02-18 00:00:00,BTC/EUR,3374.7036691078683,3618.589620830659,3368.979069771875,3588.7522074947224,4946938096.488693,61236240062.5048
1550530800,2019-02-19 00:00:00,BTC/EUR,3588.8182344056017,3681.36777612272,3582.03451676292,3620.6701415878506,6633384475.323146,63613942598.54317
1550617200,2019-02-20 00:00:00,BTC/EUR,3621.45533498684,3674.991590397939,3602.638827627896,3644.030527130355,5586252527.007466,63750481320.24848
1550703600,2019-02-21 00:00:00,BTC/EUR,3643.839083479805,3679.237791309321,3610.0298313338726,3621.851534453961,5125777821.774327,63713511638.05546
1550790000,2019-02-22 00:00:00,BTC/EUR,3624.315453830129,3694.1826947167738,3553.292859423039,3692.576229853341,4970973208.233562,63969327461.90507
1550876400,2019-02-23 00:00:00,BTC/EUR,3690.465491127045,3853.111131217625,3663.1375430330418,3834.936425138334,5574141890.627949,65282876098.40966
1550962800,2019-02-24 00:00:00,BTC/EUR,3834.783986195352,3879.9609726417984,3519.6432392070974,3540.911441218648,7410941692.193709,65506658965.51129
1551049200,2019-02-25 00:00:00,BTC/EUR,3541.81035076026,3619.9117173860072,3537.747118904668,3597.3194618763305,7732244469.353847,62784997473.04784
1551135600,2019-02-26 00:00:00,BTC/EUR,3595.665780836797,3599.3217595262668,3552.7319645407283,3573.912810997033,6210850787.171402,62777948633.48624
1551222000,2019-02-27 00:00:00,BTC/EUR,3575.191922957528,3597.0204536097235,3520.156212564052,3572.6321794892538,5225572395.021008,62766835572.87771
1551308400,2019-02-28 00:00:00,BTC/EUR,3570.211977424695,3614.7640340977778,3549.794031776544,3576.0197833133384,5936090711.8930645,62796564407.56442
1551394800,2019-03-01 00:00:00,BTC/EUR,3575.706429134466,3590.8253487979982,3558.1016506179726,3565.8197231156246,5454180503.50562,62818287702.370056
1551481200,2019-03-02 00:00:00,BTC/EUR,3564.175399644747,3591.795314995024,3542.7221534627865,3579.179444937645,5065677016.46427,62729111082.84647
1551567600,2019-03-03 00:00:00,BTC/EUR,3576.2293983753216,3625.1560015047103,3559.111138170168,3609.329782819518,5066455874.987328,62935822246.605865
1551654000,2019-03-04 00:00:00,BTC/EUR,3608.2961155511534,3644.734036352984,3472.474850140892,3492.308617853788,5983486932.059885,61826432862.5609
1551740400,2019-03-05 00:00:00,BTC/EUR,3503.9438465241933,3604.5716924550575,3476.677430387151,3585.0819828139383,6718005557.105253,62189436649.5689
1551826800,2019-03-06 00:00:00,BTC/EUR,3587.5234751852986,3611.892914250109,3571.054060140055,3602.4403609677383,7204810175.01047,63102806887.05646
1551913200,2019-03-07 00:00:00,BTC/EUR,3602.578859636935,3637.457169465911,3594.153435812664,3616.0002458183367,6573592432.435489,63601009273.24152
1551999600,2019-03-08 00:00:00,BTC/EUR,3616.359244481953,3641.087076098541,3584.4358287308537,3601.020335322564,6948049273.843643,63662661643.55944
1552086000,2019-03-09 00:00:00,BTC/EUR,3601.7390887230417,3665.821135503911,3596.1757338755124,3656.590578642041,7384954619.805005,63827378899.44445
1552172400,2019-03-10 00:00:00,BTC/EUR,3656.864915085233,3656.864915085233,3611.0341374829113,3629.538508411684,6884251828.525797,63824899614.69722
1552258800,2019-03-11 00:00:00,BTC/EUR,3627.3589339750206,3638.190335758725,3585.285759662974,3607.495012627291,6558828957.425513,63480962758.16496
1552345200,2019-03-12 00:00:00,BTC/EUR,3610.512401270355,3650.2774154367658,3576.06566952543,3627.9644701819975,7126828815.524782,63702141995.82561
1552431600,2019-03-13 00:00:00,BTC/EUR,3630.4973376158982,3640.290976330106,3607.998028865701,3622.855102709036,6867845886.373184,63759317185.58236
1552518000,2019-03-14 00:00:00,BTC/EUR,3623.8333847576,3649.4104419403134,3611.321444729329,3627.278861601056,7046049164.508657,63791273281.8867
1552604400,2019-03-15 00:00:00,BTC/EUR,3624.271666700146,3671.1130962354337,3619.5279981697954,3653.006471604869,7456248379.459474,64080888022.43874
1552690800,2019-03-16 00:00:00,BTC/EUR,3663.333386154432,3768.24643702443,3663.333386154432,3742.459508912944,7181988728.681968,65624581161.81138
1552777200,2019-03-17 00:00:00,BTC/EUR,3741.287836928642,3754.0749246882233,3703.39527560193,3726.591821609054,5852313743.439113,65535252067.37382
1552863600,2019-03-18 00:00:00,BTC/EUR,3727.6316005886783,3763.270411417385,3697.008433894112,3738.9643366449977,6034457258.700118,65635931039.77796
1552950000,2019-03-19 00:00:00,BTC/EUR,3735.52751369584,3765.261435575519,3724.9308188218993,3756.9280045345904,6110313269.755647,65887745511.62655
1553036400,2019-03-20 00:00:00,BTC/EUR,3753.866198001469,3792.941176879725,3731.1245765728313,3789.972822927768,6484478797.136016,66055024530.14623
1553122800,2019-03-21 00:00:00,BTC/EUR,3793.5717828232378,3807.144792980498,3724.358678727599,3742.5096499688457,7018625042.213404,66373736816.6712
1553209200,2019-03-22 00:00:00,BTC/EUR,3740.322523959118,3749.094921550465,3732.340835100298,3736.610315807828,6697408059.579569,65863034327.64817
1553295600,2019-03-23 00:00:00,BTC/EUR,3738.297817983056,3760.651575878135,3732.477219610523,3752.0982264059,6305345154.925832,65942285300.3203
1553382000,2019-03-24 00:00:00,BTC/EUR,3751.132481527774,3794.724336990021,3731.349117031684,3742.692720585144,6254944178.858562,65984660181.21361
1553468400,2019-03-25 00:00:00,BTC/EUR,3741.6220876433335,3756.0404867533407,3668.284185421607,3691.749869667717,6458082056.363888,65675435793.77319
1553554800,2019-03-26 00:00:00,BTC/EUR,3690.42700758214,3707.995147233769,3677.197694945549,3701.903712554753,7085592189.368539,65064394920.29093
1553641200,2019-03-27 00:00:00,BTC/EUR,3703.758687025825,3785.634131491039,3700.600695254304,3784.736394087176,8130776940.638603,66154892000.77271
1553727600,2019-03-28 00:00:00,BTC/EUR,3778.3529077718567,3796.6352439081543,3752.327912290637,3776.658447857787,7909960104.137479,66528798782.198
1553814000,2019-03-29 00:00:00,BTC/EUR,3777.215065193576,3852.970704465772,3765.799779742209,3839.851775523812,7788018231.747333,67183426177.040665
1553900400,2019-03-30 00:00:00,BTC/EUR,3840.8336951185256,3892.8911739279633,3823.616650339908,3873.0215287680526,7742158727.942983,67948394376.32964
1553986800,2019-03-31 00:00:00,BTC/EUR,3874.6066645286382,3916.110200745845,3863.653789022496,3908.330216181681,6694092615.673348,68405197791.28857
1554069600,2019-04-01 00:00:00,BTC/EUR,3905.567279223279,3933.0133737484766,3891.9577653953816,3907.8994036157687,7354526479.204698,68922420547.51819
1554156000,2019-04-02 00:00:00,BTC/EUR,3906.7401804183055,4571.157272918933,3905.3216385291407,4545.8063822838485,12811159259.70263,76311216224.97174
1554242400,2019-04-03 00:00:00,BTC/EUR,4545.526786358098,4907.6837543518495,4545.526786358098,4632.592973536442,17788232715.388344,82202755266.02592
1554328800,2019-04-04 00:00:00,BTC/EUR,4622.995554852179,4701.954575306196,4507.769283697421,4579.306451630722,17535666064.804787,81561898875.20175
1554415200,2019-04-05 00:00:00,BTC/EUR,4581.464610423234,4690.381485097044,4577.427118029555,4677.631546844107,13502882512.128586,81671047472.94737
1554501600,2019-04-06 00:00:00,BTC/EUR,4678.397228973578,4845.009093096746,4637.491813889276,4711.975407790456,11497124322.938696,82791861306.4077
1554588000,2019-04-07 00:00:00,BTC/EUR,4711.624738860214,4876.978161593616,4711.624738860214,4847.35273556343,12727943354.82042,84443404678.70113
1554674400,2019-04-08 00:00:00,BTC/EUR,4848.599095116666,4956.853591249802,4769.979749836788,4932.60927612737,13601024041.729635,86293778814.5134
1554760800,2019-04-09 00:00:00,BTC/EUR,4929.472153524165,4929.472153524165,4826.990028610886,4869.107251055064,12365888977.9861,86026953858.35982
1554847200,2019-04-10 00:00:00,BTC/EUR,4863.887503611119,5057.311800895572,4857.108222883128,4960.676154739651,11050245058.367887,86879097668.73163
1554933600,2019-04-11 00:00:00,BTC/EUR,4965.873907987612,4985.438516588083,4680.844415998475,4701.507139713007,12839267442.54514,84544793351.57639
1555020000,2019-04-12 00:00:00,BTC/EUR,4697.7988981046965,4779.347643145569,4631.96574564908,4733.631776609101,12350856311.422962,83376607493.73975
1555106400,2019-04-13 00:00:00,BTC/EUR,4733.424575964623,4806.7334571445845,4725.621381605892,4773.2932467232085,10777963527.656342,84214881071.88353
1555192800,2019-04-14 00:00:00,BTC/EUR,4771.617664195705,4834.609270699997,4732.953279861246,4824.337999634517,9289231355.702488,84165620688.17336
1555279200,2019-04-15 00:00:00,BTC/EUR,4826.730439912023,4865.786041142389,4713.481398741734,4756.670457266411,10270088464.565136,85003150104.95888
1555365600,2019-04-16 00:00:00,BTC/EUR,4752.54558579081,4915.203670907383,4727.210916206791,4910.881230092347,10442685873.089487,84646273333.08441
1555452000,2019-04-17 00:00:00,BTC/EUR,4905.10431518567,4937.986081390137,4879.996927453989,4902.03544670554,10897639629.70425,86486847430.0187
1555538400,2019-04-18 00:00:00,BTC/EUR,4902.2609493903965,4957.497558548856,4899.498624731933,4937.51173756289,10288916794.733309,86922774791.4537
1555624800,2019-04-19 00:00:00,BTC/EUR,4936.654036661738,4974.644266274214,4885.677016415106,4945.6073710227,9971652219.328754,86912410762.54675
1555711200,2019-04-20 00:00:00,BTC/EUR,4946.558901634907,4996.381890852699,4942.848033858772,4988.195422154953,11235639528.001987,87797439860.59122
1555797600,2019-04-21 00:00:00,BTC/EUR,4989.760772482771,5004.9060947939615,4925.769602062699,4975.277656159733,11567597289.311785,87675405353.97452
1555884000,2019-04-22 00:00:00,BTC/EUR,4973.421367106548,5057.292592297891,4947.115620205711,5038.184524443638,12023512497.388609,87981667624.90677
1555970400,2019-04-23 00:00:00,BTC/EUR,5041.6849800630525,5242.301669662137,5031.723914729979,5200.395765505119,13908102702.962742,91419056594.50868
1556056800,2019-04-24 00:00:00,BTC/EUR,5194.37745326191,5264.491449644282,5074.731698793813,5100.27075326098,14705579008.577156,90983398590.35132
1556143200,2019-04-25 00:00:00,BTC/EUR,5105.28156448028,5148.206864181756,4874.374626803932,4874.374626803932,13522740912.079103,89904620540.53955
1556229600,2019-04-26 00:00:00,BTC/EUR,4879.8288442410885,4965.79355020041,4793.49643092933,4895.677164263593,14232327652.055511,86424098230.79068
1556316000,2019-04-27 00:00:00,BTC/EUR,4902.908317077254,4934.901438372904,4867.1142939988285,4905.201570086208,12088866076.44897,86577272944.36955
1556402400,2019-04-28 00:00:00,BTC/EUR,4907.959391032186,4949.649387088134,4874.107646241479,4923.26558928568,10438242480.568432,87007900672.53745
1556488800,2019-04-29 00:00:00,BTC/EUR,4925.691614637912,4958.74349587739,4851.238192166764,4890.473649980935,10990453109.829254,86740486987.62093
1556575200,2019-04-30 00:00:00,BTC/EUR,4890.398048501334,4991.125761328572,4792.801955202783,4934.46835935515,12058541131.58951,86722133769.99559
1556661600,2019-05-01 00:00:00,BTC/EUR,4934.710174984422,5022.331606321085,4927.180629787314,5011.502881011634,11706145388.23101,88037548794.68753
1556748000,2019-05-02 00:00:00,BTC/EUR,5013.426073036111,5130.261367939811,4857.806748823108,5101.677319721191,11196542562.955332,89624191154.18875
1556834400,2019-05-03 00:00:00,BTC/EUR,5099.897913452184,5423.248705405053,5092.090349847947,5333.195764551888,13622373880.295176,93446269489.8209
1556920800,2019-05-04 00:00:00,BTC/EUR,5329.883178041272,5445.342903734806,5231.585437966502,5412.826671925713,14418834269.793072,94628495243.1557
1557007200,2019-05-05 00:00:00,BTC/EUR,5411.572581775149,5414.8892126663495,5314.255934821304,5374.673872940323,13347926008.811438,94976884968.63564
1557093600,2019-05-06 00:00:00,BTC/EUR,5368.395027345181,5377.572187282501,5257.354178922895,5340.663950666331,12226356624.890932,94034670920.10004
1557180000,2019-05-07 00:00:00,BTC/EUR,5338.58594772108,5573.370579481814,5337.427202590929,5445.232713207599,10849779929.655396,97278918172.33896
1557266400,2019-05-08 00:00:00,BTC/EUR,5427.333572637148,5555.650564838323,5392.8404550177165,5555.650564838323,9538461374.922829,97008513414.95026
1557352800,2019-05-09 00:00:00,BTC/EUR,5554.873376535632,5762.792522034985,5554.873376535632,5754.411201779984,9497098490.022465,100159201321.29204
1557439200,2019-05-10 00:00:00,BTC/EUR,5751.863454248621,5979.518746039673,5741.830778386296,5939.506076995973,11206370140.955547,104023541040.35916
1557525600,2019-05-11 00:00:00,BTC/EUR,5945.37528070102,6828.482326792771,5943.773465712505,6729.233635953092,20321183541.304974,111905965962.4136
1557612000,2019-05-12 00:00:00,BTC/EUR,6697.395695835541,6984.950255962577,6364.911852132913,6502.4652732341965,25870123318.373383,117797019355.6441
1557698400,2019-05-13 00:00:00,BTC/EUR,6519.684610996103,7490.573160657124,6455.71069487859,7266.126455602674,21650085766.62606,121582202521.43752
1557784800,2019-05-14 00:00:00,BTC/EUR,7251.754627588836,7682.295835252816,7171.36580299082,7466.112857374289,24562288966.081238,131391376221.61028
1557871200,2019-05-15 00:00:00,BTC/EUR,7442.328603326544,7608.410176852755,7316.512727407489,7608.410176852755,23114671750.865604,132149223206.87695
1557957600,2019-05-16 00:00:00,BTC/EUR,7575.217495491448,7736.333966914042,7249.955677849695,7364.409512724009,25017730232.74993,131869438343.3215
1558044000,2019-05-17 00:00:00,BTC/EUR,7368.29258983158,7403.661588139013,6587.306673250937,6865.438895059006,23122906236.66761,120736578591.52316
1558130400,2019-05-18 00:00:00,BTC/EUR,6875.893734238205,6985.697277754838,6784.570026028327,6819.192879335807,18932688140.06812,121453074786.9891
1558216800,2019-05-19 00:00:00,BTC/EUR,6815.295373897274,7660.932086701261,6815.295373897274,7613.446356242502,17637879947.907486,130382595848.13518
1558303200,2019-05-20 00:00:00,BTC/EUR,7600.716831516149,7600.716831516149,7175.200242149559,7444.001110353486,18110326346.33185,130616726744.93976
1558389600,2019-05-21 00:00:00,BTC/EUR,7444.109704390443,7524.038017143282,7314.234043372485,7425.265866069618,17350763251.939896,131219603989.44104
1558476000,2019-05-22 00:00:00,BTC/EUR,7408.181025628435,7449.871307482632,7189.836271494201,7202.5796639315895,16687444810.870058,130564381645.89809
1558562400,2019-05-23 00:00:00,BTC/EUR,7189.529059914069,7428.014086012145,7048.803757131564,7365.203391046136,17336128402.099136,127813516254.33688
1558648800,2019-05-24 00:00:00,BTC/EUR,7367.594999126746,7565.094235771745,7307.993481634721,7459.827466538329,16685047959.04653,131757784847.12646
1558735200,2019-05-25 00:00:00,BTC/EUR,7461.631435791274,7567.638730767513,7431.801601615378,7537.252319327808,17059999883.48155,132937547307.85944
1558821600,2019-05-26 00:00:00,BTC/EUR,7533.894929153065,8148.507100983919,7413.496394750253,8124.904503852913,15326554329.512268,134495978671.92944
1558908000,2019-05-27 00:00:00,BTC/EUR,8138.802720112713,8341.146578684818,8047.0620424285535,8236.937528963348,22801666510.04405,145165556596.7972
1558994400,2019-05-28 00:00:00,BTC/EUR,8218.027367724984,8229.916324999765,8041.979837196477,8110.942854113774,20931541624.300003,144194449835.17023
1559080800,2019-05-29 00:00:00,BTC/EUR,8109.40465939421,8152.275176907625,7950.929889171293,8065.717502032009,18849808631.15052,142983171661.93604
1559167200,2019-05-30 00:00:00,BTC/EUR,8062.261480052822,8361.887660603184,7724.541239657209,7794.054069488231,20180374626.31498,142914365921.0851
1559253600,2019-05-31 00:00:00,BTC/EUR,7750.341524554306,8009.986660106575,7641.671100673307,8003.681439800425,22785489571.43736,138824195274.4907
1559340000,2019-06-01 00:00:00,BTC/EUR,7996.962202064559,8029.819222880338,7926.212679491114,7994.224650303638,19065764407.652237,141546059020.97797
1559426400,2019-06-02 00:00:00,BTC/EUR,7996.712516828018,8189.587661704283,7985.594699914441,8166.3842990207295,17400561507.73728,143454534214.63968
1559512800,2019-06-03 00:00:00,BTC/EUR,8157.144875105319,8157.144875105319,7777.395010225148,7777.395010225148,16883050938.035229,142364483460.57455
1559599200,2019-06-04 00:00:00,BTC/EUR,7757.381419016265,7757.381419016265,7116.194001129927,7216.668115382827,19501009863.88029,131636846463.4432
1559685600,2019-06-05 00:00:00,BTC/EUR,7224.579181300858,7365.058952826679,7174.307624611034,7310.126729519477,18436889592.259995,129311102348.404
1559772000,2019-06-06 00:00:00,BTC/EUR,7312.922376231528,7359.557275279227,7089.414855537575,7296.890349798658,15800972395.091702,128836022857.1927
1559858400,2019-06-07 00:00:00,BTC/EUR,7291.593970477731,7548.559082972965,7255.341539229416,7505.790045807177,16038665114.703444,131479071433.23962
1559944800,2019-06-08 00:00:00,BTC/EUR,7496.337054993536,7529.81690656102,7331.574377292636,7416.309997486259,13985843080.226908,131902494984.2556
1560031200,2019-06-09 00:00:00,BTC/EUR,7420.994242395074,7440.953220584214,7173.016148095862,7208.110117518994,13027356132.830818,130247936041.86807
1560117600,2019-06-10 00:00:00,BTC/EUR,7209.422828163565,7486.488376378465,7101.260640217057,7440.383542241627,14626105387.020454,129732708411.21751
1560204000,2019-06-11 00:00:00,BTC/EUR,7453.708252505835,7463.399912897916,7270.500127157325,7405.217503870583,14453052561.610516,131080472153.26788
1560290400,2019-06-12 00:00:00,BTC/EUR,7411.940315257279,7618.312303795255,7347.401844263408,7588.269553816179,14670112214.298376,133080792378.03072
1560376800,2019-06-13 00:00:00,BTC/EUR,7602.042783086423,7782.778957947157,7565.471983420286,7706.677430103506,14342479975.583069,135679068114.91415
1560463200,2019-06-14 00:00:00,BTC/EUR,7710.663134799914,8123.040854168642,7676.034833245915,8088.02354968241,15148420016.644571,138877400256.74323
1560549600,2019-06-15 00:00:00,BTC/EUR,8098.496696741344,8258.453852607203,8046.00235125129,8239.262946394925,15795338729.606615,144534083205.95435
1560636000,2019-06-16 00:00:00,BTC/EUR,8241.211454914486,8734.355687517786,8220.646724382259,8393.75762987752,17145204218.285463,150512606119.9145
1560722400,2019-06-17 00:00:00,BTC/EUR,8394.5006202922,8745.26458525514,8394.5006202922,8674.945582781389,16827581025.689722,152680543687.55203
1560808800,2019-06-18 00:00:00,BTC/EUR,8687.144374755646,8698.416768741456,8409.815029738953,8486.167233182676,17588576444.64528,151936842046.24246
1560895200,2019-06-19 00:00:00,BTC/EUR,8490.408171186376,8675.090241672478,8473.439489087596,8659.880787249022,16087521032.36202,152049802082.2895
1560981600,2019-06-20 00:00:00,BTC/EUR,8658.275348550624,8959.874395175253,8648.30551109468,8917.957532592138,15504984623.98387,155544440830.3169
1561068000,2019-06-21 00:00:00,BTC/EUR,8918.717950785369,9450.663261191865,8918.717950785369,9450.663261191865,19181788016.33329,162702182149.98734
1561154400,2019-06-22 00:00:00,BTC/EUR,9511.259644426154,10373.83245271787,9419.186581488711,9969.22486438356,26302198995.685097,177275377647.28854
1561240800,2019-06-23 00:00:00,BTC/EUR,9966.67200194366,10419.673761774962,9843.933944329436,10118.248388451488,23674523379.82084,178276179421.5736
1561327200,2019-06-24 00:00:00,BTC/EUR,10135.976887620083,10297.457783998734,9931.621086187912,10242.784368800973,20363170036.79417,179937289366.46576
1561413600,2019-06-25 00:00:00,BTC/EUR,10242.70214310744,10983.202508812505,10242.70214310744,10983.202508812505,20761064351.022774,187533824087.44595
1561500000,2019-06-26 00:00:00,BTC/EUR,10968.64102543314,12989.85601727441,10947.86912738982,12194.647524038166,31739377766.393635,211027304743.6823
1561586400,2019-06-27 00:00:00,BTC/EUR,12221.723211273236,12503.42829440988,9834.234784369795,10450.27541664388,41760959572.84328,198465126327.01984
1561672800,2019-06-28 00:00:00,BTC/EUR,10506.150023438327,11652.06037655516,10247.799442481562,11608.412576913204,38244601750.04479,195374128529.99823
1561759200,2019-06-29 00:00:00,BTC/EUR,11618.23902887314,11618.23902887314,10837.270705416213,11250.51640804899,28494437484.455498,198815492634.5819
1561845600,2019-06-30 00:00:00,BTC/EUR,11258.561936924922,11447.610676928083,10148.198099158366,10148.198099158366,23339116814.325745,192656059150.79916
1561932000,2019-07-01 00:00:00,BTC/EUR,10144.516043042342,10503.730153082422,9390.20731367724,9893.148147263528,24477706665.18098,178410072456.58673
1562018400,2019-07-02 00:00:00,BTC/EUR,9891.160520929236,10146.60481765942,9093.736630123964,10060.716755024225,26334912899.67395,171359892573.08026
1562104800,2019-07-03 00:00:00,BTC/EUR,10080.745628529978,11107.356935091928,10080.745628529978,11107.356935091928,26540054156.364388,187425097241.0488
1562191200,2019-07-04 00:00:00,BTC/EUR,11116.67433594844,11152.80179995722,10396.264240707158,10435.562087046284,24383284722.9136,194257974233.65265
1562277600,2019-07-05 00:00:00,BTC/EUR,10430.688513109952,10590.722696597197,10110.78171715816,10211.276332690715,21758027065.218964,184752765602.10928
1562364000,2019-07-06 00:00:00,BTC/EUR,10227.061739775316,10816.067846336337,10227.061739775316,10477.5468431279,19956282786.536045,188611040397.99948
1562450400,2019-07-07 00:00:00,BTC/EUR,10489.902203342352,10741.913278837335,10392.320366237946,10640.499489122005,17322604475.196007,187426897686.19208
1562536800,2019-07-08 00:00:00,BTC/EUR,10648.624960164234,11436.040655164652,10562.748003100558,11391.228535302103,18291042883.16788,194604560044.792
1562623200,2019-07-09 00:00:00,BTC/EUR,11386.434873313245,11870.220212065582,11332.886346607893,11667.03421516149,24080435652.47897,206787131053.78012
1562709600,2019-07-10 00:00:00,BTC/EUR,11678.646254368588,12184.038004645256,10897.69434251318,11297.136362982075,26240472343.68019,209472457336.51703
1562796000,2019-07-11 00:00:00,BTC/EUR,11275.460379321858,11275.460379321858,10363.613827926418,10580.103408911084,29540724732.942505,192146282790.22693
1562882400,2019-07-12 00:00:00,BTC/EUR,10588.750048479014,11021.135457648634,10404.50543084842,10951.540919982515,24584494057.019093,191967199529.6548
1562968800,2019-07-13 00:00:00,BTC/EUR,10952.190674070249,10978.704784651582,10179.643633261723,10599.151326170617,19013883656.10493,189803092112.79733
1563055200,2019-07-14 00:00:00,BTC/EUR,10596.993088109251,10655.9807370142,9568.444907014851,9568.444907014851,20344222851.546288,181156297147.36255
1563141600,2019-07-15 00:00:00,BTC/EUR,9511.310903190768,10257.283080414583,9338.813328341192,10123.397828491848,23447467797.902832,173012023922.36877
1563228000,2019-07-16 00:00:00,BTC/EUR,10096.8849410466,10226.669635801503,8786.806724801681,8834.415524598944,21283312163.66028,172004427342.933
1563314400,2019-07-17 00:00:00,BTC/EUR,8788.657980741009,9227.68360703624,8494.693441310716,8968.478025044406,25146589126.508133,158699283647.27853
1563400800,2019-07-18 00:00:00,BTC/EUR,8999.733117998865,9952.31355783835,8708.605639724166,9884.79696841038,23872470056.560013,166311370291.16122
1563487200,2019-07-19 00:00:00,BTC/EUR,9887.280070362414,9947.487868707043,9509.708119033934,9775.684212061862,23024661388.647808,173397626161.609
1563573600,2019-07-20 00:00:00,BTC/EUR,9780.226875786066,10253.845297068698,9706.865224142322,10010.974574830045,18787453530.283184,176631963384.75864
1563660000,2019-07-21 00:00:00,BTC/EUR,9993.986160127037,10051.947091249802,9637.072937230883,9854.416666109608,17126620437.367132,175355320269.6256
1563746400,2019-07-22 00:00:00,BTC/EUR,9850.567979800797,9908.536294568908,9462.838224239971,9614.697815826426,15318650664.73422,173462501815.55624
1563832800,2019-07-23 00:00:00,BTC/EUR,9621.76743446605,9621.76743446605,9187.117456890695,9222.0528542449,16089026695.4359,167470358548.3072
1563919200,2019-07-24 00:00:00,BTC/EUR,9186.844749549424,9224.587993961628,8928.124297577398,9120.71555675027,16303423844.824137,161264493217.19574
1564005600,2019-07-25 00:00:00,BTC/EUR,9097.63302233723,9438.53747251439,9083.25188521887,9211.18599083689,15877636259.35088,166239370136.5319
1564092000,2019-07-26 00:00:00,BTC/EUR,9209.304057031126,9209.304057031126,9032.49883450139,9156.587917656632,13569638670.983904,162353579985.2518
1564178400,2019-07-27 00:00:00,BTC/EUR,9152.206739947362,9432.901067452502,8763.038434531149,8802.274483060384,14426981009.78924,161620156067.00964
1564264800,2019-07-28 00:00:00,BTC/EUR,8829.237049050953,8916.942058094095,8614.376324948618,8876.763199854922,12750913434.90995,157952553418.59406
1564351200,2019-07-29 00:00:00,BTC/EUR,8881.699791996578,9003.514462687275,8820.428982687461,8866.055120374967,13827944453.87448,158819626264.3439
1564437600,2019-07-30 00:00:00,BTC/EUR,8862.867621663921,9013.346132927862,8778.32139950618,8910.35132639195,12361824492.151468,158574657859.21573
1564524000,2019-07-31 00:00:00,BTC/EUR,8916.546112930464,9374.295419051605,8907.969876447283,9374.295419051605,13702299593.681116,163523140287.72342
1564610400,2019-08-01 00:00:00,BTC/EUR,9378.0380837774,9684.275805953745,9223.729924030726,9640.17588319895,14483949264.924583,167315720451.7576
1564696800,2019-08-02 00:00:00,BTC/EUR,9643.474083825758,9894.95416392973,9611.004362262272,9787.07732340392,15404274533.68815,173690774889.42828
1564783200,2019-08-03 00:00:00,BTC/EUR,9781.609187023963,10122.169439798565,9763.430418527094,10050.141891007075,15193441824.886509,178828594927.76926
1564869600,2019-08-04 00:00:00,BTC/EUR,10056.659109970333,10216.785883854587,9863.615163996688,10181.613908715786,13892270456.994995,179240923976.45746
1564956000,2019-08-05 00:00:00,BTC/EUR,10165.315827041077,11028.810154356495,10165.315827041077,10957.6506277832,21533981662.564835,192778590939.13766
1565042400,2019-08-06 00:00:00,BTC/EUR,10937.732900079978,11340.111335772675,10488.086479359985,10692.057662770972,22311100136.85589,195050270843.05493
1565128800,2019-08-07 00:00:00,BTC/EUR,10678.901961951658,11222.03992579304,10620.94614412949,11138.069569668647,20874646400.86788,194616806753.38568
1565215200,2019-08-08 00:00:00,BTC/EUR,11119.245477827377,11177.687282604693,10767.624311008192,11177.687282604693,20810430265.66339,196352680083.35703
1565301600,2019-08-09 00:00:00,BTC/EUR,11156.246312560332,11168.277395170604,10881.144460706411,11027.57811375164,18175054199.407444,196582427450.83432
1565388000,2019-08-10 00:00:00,BTC/EUR,11027.498408075033,11090.92731376187,10504.360815114062,10548.287998322312,16881455802.978632,192838560453.38776
1565474400,2019-08-11 00:00:00,BTC/EUR,10535.391943602192,10746.659877088972,10431.732036718466,10746.659877088972,15588331764.577518,189556088056.97983
1565560800,2019-08-12 00:00:00,BTC/EUR,10760.72693498405,10760.72693498405,10541.14421621423,10600.640004206303,13809721162.910938,189688331208.6652
1565647200,2019-08-13 00:00:00,BTC/EUR,10606.457551512614,10638.10475781975,10080.258147084973,10156.311611362516,13697258502.869783,185889238617.06
1565733600,2019-08-14 00:00:00,BTC/EUR,10137.828632186664,10137.828632186664,9307.491806780496,9309.3490480847,18903456587.469982,174500924290.23706
1565820000,2019-08-15 00:00:00,BTC/EUR,9349.582627223352,9700.336487649842,8942.01925682374,9575.649607237116,22930595800.3144,166913289297.9444
1565906400,2019-08-16 00:00:00,BTC/EUR,9579.174046726,9766.362749057464,9124.89268018767,9620.202912417117,21187130717.8165,170126938548.38565
1565992800,2019-08-17 00:00:00,BTC/EUR,9617.957367373452,9718.381245995964,9370.687741152618,9504.4780182202,15955017150.448738,171341582926.9255
1566079200,2019-08-18 00:00:00,BTC/EUR,9511.293055680791,9740.968185679212,9408.957914786708,9608.07513143152,13036645098.803211,171269345038.76425
1566165600,2019-08-19 00:00:00,BTC/EUR,9607.179231061387,10127.736513872536,9570.940102918285,10127.736513872536,14034643730.00474,176345141155.1089
1566252000,2019-08-20 00:00:00,BTC/EUR,10131.326200196225,10152.133871334245,9852.609781942543,9999.030329732444,14679395081.374882,178766536222.77582
1566338400,2019-08-21 00:00:00,BTC/EUR,9996.177676961564,10025.44910507491,9276.568492168622,9427.191379768248,16449676852.284737,170088460223.13065
1566424800,2019-08-22 00:00:00,BTC/EUR,9436.914033359371,9505.127799321112,9144.103908964093,9415.129388693282,17443038563.804703,167339314322.4212
1566511200,2019-08-23 00:00:00,BTC/EUR,9406.905018812598,9694.181074878405,9364.541219515664,9658.331753869188,13627599477.25918,170528762704.47064
1566597600,2019-08-24 00:00:00,BTC/EUR,9659.216405300896,9678.787202102689,9270.725190066863,9432.654814101312,13437513052.05335,169066341900.62244
1566684000,2019-08-25 00:00:00,BTC/EUR,9429.468363169935,9577.226711550373,9303.05638008444,9409.926229393,12571242753.860922,168249962672.15857
1566770400,2019-08-26 00:00:00,BTC/EUR,9439.888514946666,9816.954045654658,9439.888514946666,9648.44517966781,15963012345.043997,172308189849.16174
1566856800,2019-08-27 00:00:00,BTC/EUR,9653.879713032762,9653.879713032762,9383.728307241769,9503.867210934724,14603790387.028511,169876230280.87958
1566943200,2019-08-28 00:00:00,BTC/EUR,9491.782662963478,9551.39752525644,9013.268166215625,9076.427315805968,14155522697.782473,167719673803.03677
1567029600,2019-08-29 00:00:00,BTC/EUR,9072.751741001031,9072.751741001031,8731.237302729494,8829.018580297407,19174208965.002872,158823774892.51196
1567116000,2019-08-30 00:00:00,BTC/EUR,8834.713242437854,8965.90401218927,8750.569607907633,8911.321929691525,15010697154.377195,159014552758.4329
1567202400,2019-08-31 00:00:00,BTC/EUR,8916.708574855156,8981.67064916534,8836.319484477675,8936.926454601084,13415665643.348043,159822934796.9038
1567288800,2019-09-01 00:00:00,BTC/EUR,8934.502763049037,9076.096056899069,8896.407846925016,9036.373359455589,10627495795.504114,160193251222.96985
1567375200,2019-09-02 00:00:00,BTC/EUR,9039.008442857275,9671.703126715583,9035.77039022682,9606.579668343422,13063458011.05261,165033852626.33456
1567461600,2019-09-03 00:00:00,BTC/EUR,9605.66285178231,9976.218291894278,9559.936519557514,9860.684525098344,18757439478.95707,174706377525.8626
1567548000,2019-09-04 00:00:00,BTC/EUR,9844.82463998549,10012.982870712089,9676.501871236596,9837.6439933125,18034326706.202312,175580458538.8159
1567634400,2019-09-05 00:00:00,BTC/EUR,9830.463355586864,9880.499654056115,9768.403036822623,9834.090842475052,16609547312.70838,175883809956.24902
1567720800,2019-09-06 00:00:00,BTC/EUR,9831.758771184515,10125.523578429073,9541.230029454378,9615.504311929804,16516849576.883806,177308379998.3538
1567807200,2019-09-07 00:00:00,BTC/EUR,9595.395506143455,9793.587193612884,9592.973706931152,9743.50625269462,17633311067.087517,173475541879.96143
1567893600,2019-09-08 00:00:00,BTC/EUR,9737.225381080452,9832.250234846411,9603.58236750086,9681.283787661932,14681586761.731142,174152541435.25223
1567980000,2019-09-09 00:00:00,BTC/EUR,9680.077169714215,9711.576581112073,9425.99381570739,9599.324468644738,15137710692.477308,171801535521.18405
1568066400,2019-09-10 00:00:00,BTC/EUR,9593.6226532461,9655.52492681695,9310.98863090608,9423.081033542578,15456230324.509296,170675876184.38864
1568152800,2019-09-11 00:00:00,BTC/EUR,9415.399378524862,9489.851595490518,9274.788500286431,9448.35390761934,15490840925.772173,168147315625.1889
1568239200,2019-09-12 00:00:00,BTC/EUR,9451.234715523253,9700.2197414716,9363.63344616615,9660.198496419567,15203157544.275894,170441748626.4095
1568325600,2019-09-13 00:00:00,BTC/EUR,9678.318459092894,9693.919084253548,9479.614704999582,9622.147695000418,13952045213.507565,171910766949.3058
1568412000,2019-09-14 00:00:00,BTC/EUR,9620.584583981064,9690.595142908423,9554.268691406967,9628.611628691791,12925125288.752264,172359373123.32986
1568498400,2019-09-15 00:00:00,BTC/EUR,9624.503802179875,9642.339317684531,9563.310192644774,9591.313530286712,12777369327.413918,172092691340.31918
1568584800,2019-09-16 00:00:00,BTC/EUR,9592.695853845007,9636.584079004731,9437.37217145886,9549.663797638776,12204518006.670237,171240263049.5823
1568671200,2019-09-17 00:00:00,BTC/EUR,9553.959882416835,9553.959882416835,9459.61102439156,9493.407190558826,14010081626.673197,170630311140.6012
1568757600,2019-09-18 00:00:00,BTC/EUR,9495.187894243414,9534.303742965154,9439.028947048702,9452.428558685562,15012002506.783304,170206614761.29617
1568844000,2019-09-19 00:00:00,BTC/EUR,9449.69633796371,9543.077208452603,9097.066523503425,9524.508546898976,16751714050.418036,166700188015.40274
1568930400,2019-09-20 00:00:00,BTC/EUR,9521.668172200987,9537.109586607332,9404.327027516298,9467.08537310028,16337866616.703146,169860587794.48743
1569016800,2019-09-21 00:00:00,BTC/EUR,9464.158611893536,9467.935922000575,9278.505807922516,9305.457440163118,13312863090.167671,167876401183.10498
1569103200,2019-09-22 00:00:00,BTC/EUR,9301.81682280315,9365.39939537892,9185.104745995031,9346.490287391309,12699675095.003078,166743230581.66672
1569189600,2019-09-23 00:00:00,BTC/EUR,9336.037663537278,9343.987088798369,9017.292153341888,9038.861161741484,12880334668.938105,165265825807.30118
1569276000,2019-09-24 00:00:00,BTC/EUR,9040.826292157464,9106.984646023862,7567.689430536878,7987.077817014015,16912478744.78905,157965642520.33783
1569362400,2019-09-25 00:00:00,BTC/EUR,7954.811214011103,8131.68218221317,7691.378078546252,7848.902333229175,26004929170.513653,141150410913.69925
1569448800,2019-09-26 00:00:00,BTC/EUR,7847.971872216797,7865.61219085549,7320.505048857517,7512.332816674571,18569021513.84343,138071447267.403
1569535200,2019-09-27 00:00:00,BTC/EUR,7509.975076534702,7662.849060265602,7355.545770081559,7610.570053063824,18401578130.887417,134490630117.18428
1569621600,2019-09-28 00:00:00,BTC/EUR,7611.504312848627,7651.54774359382,7485.267983636041,7633.843881817928,14801294423.503382,136277171237.90485
1569708000,2019-09-29 00:00:00,BTC/EUR,7634.369167702665,7646.315208438654,7398.640679121911,7503.714103438142,13176775099.080286,134897506464.05057
1569794400,2019-09-30 00:00:00,BTC/EUR,7497.794407425903,7703.03532128914,7229.210123668033,7690.045179983074,14862719737.796492,134846001201.64249
1569880800,2019-10-01 00:00:00,BTC/EUR,7706.564466977279,7883.91924619777,7626.723211346706,7713.959579878917,15702439483.764282,139453283945.69147
1569967200,2019-10-02 00:00:00,BTC/EUR,7718.520284008965,7776.431691120534,7606.378551100633,7776.431691120534,13381335979.045015,137887598420.51437
1570053600,2019-10-03 00:00:00,BTC/EUR,7770.763659062207,7792.689641229807,7538.268242418323,7655.730079945875,12195271387.71915,137684430653.67032
1570140000,2019-10-04 00:00:00,BTC/EUR,7652.952898880301,7652.952898880301,7510.341284114052,7584.61006695589,12781705192.438095,136188545056.00018
1570226400,2019-10-05 00:00:00,BTC/EUR,7580.643823452277,7592.304000858373,7481.126044362915,7560.876036407852,11324496021.10339,135473140691.835
1570312800,2019-10-06 00:00:00,BTC/EUR,7562.650505769606,7575.7677943057215,7300.593223905179,7324.959050703531,11296493793.276789,133507378776.9184
1570399200,2019-10-07 00:00:00,BTC/EUR,7332.163841743157,7697.080484556724,7271.761309414204,7622.271163963209,14333120856.566776,134378675355.9227
1570485600,2019-10-08 00:00:00,BTC/EUR,7620.174709366775,7729.897066622958,7565.395683158961,7616.361042254647,15957268399.812738,137183308276.96306
1570572000,2019-10-09 00:00:00,BTC/EUR,7609.664912760279,8023.8440162133,7559.718521519775,7972.581607016711,15283613710.33929,139270426702.65192
1570658400,2019-10-10 00:00:00,BTC/EUR,7966.833598753824,8022.427306071851,7860.130599913512,7957.806952984775,18009738363.079887,142816116322.88257
1570744800,2019-10-11 00:00:00,BTC/EUR,7960.490659969868,8102.38068172958,7692.830818218341,7692.830818218341,17335208120.938873,140427961786.22043
1570831200,2019-10-12 00:00:00,BTC/EUR,7695.276701935291,7799.739117178621,7695.276701935291,7732.724694964148,14736669117.030195,139370442559.51706
1570917600,2019-10-13 00:00:00,BTC/EUR,7728.282985221661,7844.811921504896,7668.85617712245,7713.825783987575,11545670594.70962,139666571696.75876
1571004000,2019-10-14 00:00:00,BTC/EUR,7708.686786530145,7778.023733052478,7660.871244811166,7762.744474931414,12924849396.340086,138993427557.5705
1571090400,2019-10-15 00:00:00,BTC/EUR,7763.780538920663,7799.622902432831,7574.066271861544,7602.397082123892,13142966764.279505,138389933318.40714
1571176800,2019-10-16 00:00:00,BTC/EUR,7601.837624661253,7609.93664618754,7394.704845907615,7448.045903059639,13847556057.759447,135122279502.36276
1571263200,2019-10-17 00:00:00,BTC/EUR,7443.031913211319,7544.68250760446,7392.257115257278,7509.767822124264,13914387217.091814,134491255034.10872
1571349600,2019-10-18 00:00:00,BTC/EUR,7507.928535393243,7540.970164194775,7328.644484611593,7398.436487536385,13660810760.079617,133355349704.83765
1571436000,2019-10-19 00:00:00,BTC/EUR,7395.502608744618,7464.430787556845,7361.931892441109,7393.469954943317,12526036477.175783,133216837812.60356
1571522400,2019-10-20 00:00:00,BTC/EUR,7397.647264103636,7676.32490607929,7347.263169950432,7627.714823583406,12731198243.96654,134110228053.68758
1571608800,2019-10-21 00:00:00,BTC/EUR,7636.397065214034,7690.425448026113,7591.266587858159,7637.727185324889,14294164444.093077,137536547853.0316
1571695200,2019-10-22 00:00:00,BTC/EUR,7639.8285364032035,7698.946571627188,7465.8188732741855,7477.058494635865,13991167473.85907,137243404627.21622
1571781600,2019-10-23 00:00:00,BTC/EUR,7473.786538291066,7488.458304723376,6880.541446750179,6946.517742047261,16565536632.559029,129914914082.58257
1571868000,2019-10-24 00:00:00,BTC/EUR,6956.920352331929,6975.208039808796,6861.163709655069,6919.098954936807,17652290466.756454,124772911977.30128
1571954400,2019-10-25 00:00:00,BTC/EUR,6912.268446928735,8071.201517662212,6901.733850649592,8045.396543790977,17426882732.580734,131762444909.16457
1572040800,2019-10-26 00:00:00,BTC/EUR,8046.766926903439,9404.39518075124,8045.534343186488,8589.245256088125,43213083991.27649,155711184523.75598
1572127200,2019-10-27 00:00:00,BTC/EUR,8588.38567106827,9041.896472575769,8459.98403702629,8875.832948782188,31201534697.635117,157170632873.71625
1572217200,2019-10-28 00:00:00,BTC/EUR,8868.043895833682,9133.26094922486,8587.69954017707,8587.69954017707,33100956767.757244,158532606498.558
1572303600,2019-10-29 00:00:00,BTC/EUR,8586.306606893024,8837.759879450194,8552.041778253308,8752.880913902296,26804937005.99823,157091569709.06192
1572390000,2019-10-30 00:00:00,BTC/EUR,8750.156184156833,8750.156184156833,8408.049154481118,8520.856462104175,25701427812.40521,154051316154.9679
1572476400,2019-10-31 00:00:00,BTC/EUR,8514.127280801458,8673.310273182118,8348.91547820123,8513.91126902696,22433198845.320538,153504633067.24518
1572562800,2019-11-01 00:00:00,BTC/EUR,8506.575314827627,8611.300133409592,8427.088706350843,8579.78214461029,21783465709.664616,153288169105.76178
1572649200,2019-11-02 00:00:00,BTC/EUR,8583.286199634516,8684.092586156292,8562.056863862772,8639.768823929358,20125819285.18202,155283725958.76944
1572735600,2019-11-03 00:00:00,BTC/EUR,8639.430189381468,8698.784386535724,8468.703652662072,8561.172521862938,18126289341.426044,154462851522.98328
1572822000,2019-11-04 00:00:00,BTC/EUR,8557.013803490221,8802.693074989073,8500.754294364311,8732.440124231602,18612379888.457718,155002515380.9473
1572908400,2019-11-05 00:00:00,BTC/EUR,8726.878009813166,8767.504965722734,8554.929597201684,8659.323342510392,23839144554.659782,156392408403.22272
1572994800,2019-11-06 00:00:00,BTC/EUR,8654.1822679054,8749.049312543591,8615.69437300356,8676.283427812961,21179108231.9635,156327410516.7254
1573081200,2019-11-07 00:00:00,BTC/EUR,8668.227665619506,8696.730819021845,8513.533579279077,8573.51225016321,19889269825.67297,155020166229.7977
1573167600,2019-11-08 00:00:00,BTC/EUR,8572.097633629997,8604.525082615852,8129.303231303184,8176.065011621981,20824407956.745117,151025325887.10245
1573254000,2019-11-09 00:00:00,BTC/EUR,8174.891844034631,8256.991926744413,8147.667582867876,8200.980446233109,19439715185.6236,148005689796.29507
1573340400,2019-11-10 00:00:00,BTC/EUR,8197.062052186851,8448.731679096802,8155.047150735149,8409.828463578197,17544247746.059757,149174735629.01038
1573426800,2019-11-11 00:00:00,BTC/EUR,8404.999940951744,8429.834609459773,8051.481655176742,8120.743355569194,19970636229.74136,147884779050.26212
1573513200,2019-11-12 00:00:00,BTC/EUR,8125.821001140157,8206.00731263287,8026.396453539044,8185.330263588427,17250280306.40232,146811723787.33096
1573599600,2019-11-13 00:00:00,BTC/EUR,8190.822300528228,8190.822300528228,8116.443697856391,8170.634547682951,17029616944.886835,147054432558.43585
1573686000,2019-11-14 00:00:00,BTC/EUR,8168.667943456184,8178.749251852988,8017.0804507128305,8055.894160177254,16756434637.036276,145775290249.38107
1573772400,2019-11-15 00:00:00,BTC/EUR,8052.984941428824,8115.772082465195,7859.161587757721,7881.166012689599,18200754287.78252,143734849330.15924
1573858800,2019-11-16 00:00:00,BTC/EUR,7883.50070402124,7927.906016879167,7865.623058486548,7902.436593646365,16987188270.360758,142420805595.86713
1573945200,2019-11-17 00:00:00,BTC/EUR,7903.500205973272,7990.285493951399,7830.467815928725,7907.680192933999,14943858534.904016,143044921846.21893
1574031600,2019-11-18 00:00:00,BTC/EUR,7908.712256114165,7908.712256114165,7604.887173510401,7636.813969264104,16853917570.06449,141063660581.69876
1574118000,2019-11-19 00:00:00,BTC/EUR,7629.722388308269,7641.345991734322,7480.264627960828,7565.186675413144,20126400869.92333,136642644385.31502
1574204400,2019-11-20 00:00:00,BTC/EUR,7568.461216894976,7607.023599267173,7502.0179176929,7530.236022307469,17431489557.17754,136253984100.60127
1574290800,2019-11-21 00:00:00,BTC/EUR,7534.667038888113,7557.039239164318,7044.497993626835,7096.705822054515,18209518023.1979,132232882260.41464
1574377200,2019-11-22 00:00:00,BTC/EUR,7098.432766905671,7150.339054554584,6431.584022506486,6779.893636120488,26420389370.518616,123487068843.4276
1574463600,2019-11-23 00:00:00,BTC/EUR,6769.166690593234,6818.885170342884,6610.370373563411,6804.487640217057,26104843799.894352,121557832596.3693
1574550000,2019-11-24 00:00:00,BTC/EUR,6798.317377568841,6813.030628060337,6446.924231863962,6446.924231863962,18309551314.20112,120165904719.47543
1574636400,2019-11-25 00:00:00,BTC/EUR,6446.167260566916,6831.564443333426,6122.27874567977,6634.439507361735,26107246062.31292,117083432102.49171
1574722800,2019-11-26 00:00:00,BTC/EUR,6627.936569620288,6800.498019956476,6564.585257640264,6667.284860675724,23504477829.42876,120061769093.2873
1574809200,2019-11-27 00:00:00,BTC/EUR,6659.874636701727,7094.02322888523,6403.143321064084,6976.753393442698,20020727662.890656,121812574551.51746
1574895600,2019-11-28 00:00:00,BTC/EUR,6987.899785850328,7082.906574842135,6886.674519707241,6921.663325923239,21572070491.54506,126286253148.48631
1574982000,2019-11-29 00:00:00,BTC/EUR,6913.644872005691,7251.074920042035,6911.259538198067,7198.444651626072,18262748900.966476,127832820796.6267
1575068400,2019-11-30 00:00:00,BTC/EUR,7201.452945889016,7232.460239507481,6957.874233013419,7020.072243804927,17258667817.04075,128624139052.50957
1575154800,2019-12-01 00:00:00,BTC/EUR,7022.95181878284,7022.95181878284,6767.134790153354,6897.845383000865,18086824662.574158,123740196483.17471
1575241200,2019-12-02 00:00:00,BTC/EUR,6887.12713602098,6899.630804271405,6704.650170547479,6802.91703347655,16272362018.385386,122972224196.49582
1575327600,2019-12-03 00:00:00,BTC/EUR,6796.295503441862,6867.1034892894,6758.975922128914,6789.059984329808,13931989350.10609,123078820742.41736
1575414000,2019-12-04 00:00:00,BTC/EUR,6786.143834757135,7022.752024452938,6619.972362614736,6711.172021370979,16073081300.491083,122349826586.96674
1575500400,2019-12-05 00:00:00,BTC/EUR,6695.998084294469,6934.078610187019,6684.755773731737,6869.31903292135,20247507995.71959,123216582152.541
1575586800,2019-12-06 00:00:00,BTC/EUR,6871.0932900966245,7005.190216025444,6815.5672325447085,7005.190216025444,16927113622.483671,124452970403.03249
1575673200,2019-12-07 00:00:00,BTC/EUR,7002.661205595699,7041.584272144258,6964.077565270764,6971.259806906974,16289952044.059765,126539472968.78716
1575759600,2019-12-08 00:00:00,BTC/EUR,6970.675883099442,7015.85488524677,6878.084581112072,6990.371591080545,13800236159.327126,125885367298.07126
1575846000,2019-12-09 00:00:00,BTC/EUR,6985.34940605697,7049.32911718048,6803.22047560658,6835.75418572571,14655123151.349588,125461004740.80762
1575932400,2019-12-10 00:00:00,BTC/EUR,6833.853107673278,6871.064515757609,6687.642376527262,6727.31498018953,16987202600.490686,122869149510.85942
1576018800,2019-12-11 00:00:00,BTC/EUR,6721.564932825563,6757.217609446754,6660.226343681238,6695.604121087334,15265395128.252916,121366127154.24055
1576105200,2019-12-12 00:00:00,BTC/EUR,6700.063030747054,6743.594474804007,6623.727109144509,6698.156583768099,15309903307.74783,120744258565.37952
1576191600,2019-12-13 00:00:00,BTC/EUR,6693.12747507184,6779.488229050768,6691.440957541686,6747.1350769364535,13576539825.875471,121672842965.39972
1576278000,2019-12-14 00:00:00,BTC/EUR,6749.500013453115,6759.738340294246,6542.977710290246,6583.298662516158,13123335167.19977,120614444201.15771
1576364400,2019-12-15 00:00:00,BTC/EUR,6577.187349042583,6654.332722571585,6534.931159417459,6622.327388469156,13619018303.103832,119348903198.23196
1576450800,2019-12-16 00:00:00,BTC/EUR,6620.0551790261225,6638.772132228515,6378.92854767644,6419.559735157956,13884833923.050455,118514108987.8775
1576537200,2019-12-17 00:00:00,BTC/EUR,6415.550773170028,6440.134817064233,6127.760237204847,6160.318851356378,16619712546.189123,114393167316.41678
1576623600,2019-12-18 00:00:00,BTC/EUR,6158.219540580681,6798.533380057473,6003.519818612653,6766.318745269648,21895792057.76808,113891341805.36816
1576710000,2019-12-19 00:00:00,BTC/EUR,6761.752880015623,6822.181767168856,6565.158357538896,6649.718772087529,26029686144.9638,120237577023.83836
1576796400,2019-12-20 00:00:00,BTC/EUR,6649.261889455867,6705.298723533186,6601.233168798184,6682.062740151028,17753559360.97595,120351353662.0698
1576882800,2019-12-21 00:00:00,BTC/EUR,6685.811572502302,6685.811572502302,6631.50138625487,6639.035872974732,16011082356.93023,120280531983.57948
1576969200,2019-12-22 00:00:00,BTC/EUR,6640.367028252843,6959.017061294162,6631.452981499874,6959.017061294162,14749094473.837969,121480041547.69891
1577055600,2019-12-23 00:00:00,BTC/EUR,6967.8415107087385,7127.481307316165,6782.032905896083,6816.402397206335,21904503202.16119,126173496498.77492
1577142000,2019-12-24 00:00:00,BTC/EUR,6814.71068475202,6889.4144558361,6677.614348530164,6733.644256740042,20367811820.42899,122851249971.1665
1577228400,2019-12-25 00:00:00,BTC/EUR,6750.844761699634,6754.676029851482,6645.7046683592325,6700.872032567958,17243178950.535316,121461829561.4569
1577314800,2019-12-26 00:00:00,BTC/EUR,6701.925158075495,6889.295825256442,6668.417125649824,6706.415193773772,16053292046.995474,121643971502.64888
1577401200,2019-12-27 00:00:00,BTC/EUR,6704.517947896846,6751.984166404411,6613.4703169972745,6739.040095818802,19517986525.955196,121261955037.86946
1577487600,2019-12-28 00:00:00,BTC/EUR,6740.983482803708,6833.059003891043,6735.720949694501,6800.067488770471,17843032400.071423,122871195067.29993
1577574000,2019-12-29 00:00:00,BTC/EUR,6800.032350777929,6963.608974435733,6749.245838930892,6869.194412986263,17034085690.508907,123584577328.47948
1577660400,2019-12-30 00:00:00,BTC/EUR,6871.070240703438,6879.663544437314,6727.656660648755,6738.636946938965,18790959284.42687,123054520203.87589
1577746800,2019-12-31 00:00:00,BTC/EUR,6737.903899932111,6789.231489185242,6654.910043972323,6698.308596503269,17885115392.99285,121488734491.29791
1577833200,2020-01-01 00:00:00,BTC/EUR,6692.719775827915,6744.25897004622,6679.259209962893,6708.812006265286,15972157457.729406,121420950944.07137
1577919600,2020-01-02 00:00:00,BTC/EUR,6709.543735203526,6717.123995010648,6466.7771929395785,6480.367990344,15789801404.570166,119462228815.34494
1578006000,2020-01-03 00:00:00,BTC/EUR,6479.65764869012,6867.809923391829,6408.998665891061,6804.847133645807,21690785886.325653,121514056845.896
1578092400,2020-01-04 00:00:00,BTC/EUR,6811.277092682904,6857.4936969561695,6780.160349434106,6843.2627142882375,20545073196.41488,123314464189.6108
1578178800,2020-01-05 00:00:00,BTC/EUR,6841.65121010332,6951.757410223288,6827.420217559913,6837.5626529512965,17467001011.236366,125007414569.54788
1578265200,2020-01-06 00:00:00,BTC/EUR,6846.2578469408245,7220.58044821397,6842.419703945911,7220.58044821397,18958597483.399235,126736520312.61708
1578351600,2020-01-07 00:00:00,BTC/EUR,7208.650023274651,7600.990332434971,7208.650023274651,7584.201838765356,25015139135.827427,133214290543.90137
1578438000,2020-01-08 00:00:00,BTC/EUR,7581.9089680932575,7841.425373045411,7336.788629659904,7491.709052681602,30291581834.5702,138460457310.72025
1578524400,2020-01-09 00:00:00,BTC/EUR,7484.316651022515,7484.316651022515,7236.383332818123,7280.885379625961,25503274380.170856,132887968488.61224
1578610800,2020-01-10 00:00:00,BTC/EUR,7273.975903950562,7589.035113476363,7160.635921352378,7589.035113476363,23664200437.4005,132692629670.7726
1578697200,2020-01-11 00:00:00,BTC/EUR,7600.753090041756,7671.539869868593,7462.318873583869,7462.909130161165,27223417563.86798,136486169303.08151
1578783600,2020-01-12 00:00:00,BTC/EUR,7469.472695590027,7596.979440717388,7420.425388752801,7592.91968470645,21635750037.26526,136489483953.76944
1578870000,2020-01-13 00:00:00,BTC/EUR,7602.37182330999,7604.452522626454,7500.376939772526,7548.632936246966,18794628880.0256,136356397277.8133
1578956400,2020-01-14 00:00:00,BTC/EUR,7538.916897140305,8225.018967047028,7538.916897140305,8219.70339331622,28718582551.54512,144033595358.513
1579042800,2020-01-15 00:00:00,BTC/EUR,8201.078156607984,8254.380930991638,7820.386772147049,8190.936802079438,38973617114.360886,146982371034.4106
1579129200,2020-01-16 00:00:00,BTC/EUR,8197.352527171275,8221.151354709891,8003.713075290386,8111.334699003988,28488956065.24248,146037486289.49774
1579215600,2020-01-17 00:00:00,BTC/EUR,8114.321588086005,8356.003277261018,8068.01551518474,8296.969450849538,27864537900.99202,149002887647.65527
1579302000,2020-01-18 00:00:00,BTC/EUR,8290.078449553144,8341.95627457244,8203.990373973531,8304.313121908506,27421312367.523205,149652274164.32523
1579388400,2020-01-19 00:00:00,BTC/EUR,8300.653385810338,8528.599885350928,7986.49850760539,8088.368928426749,27556889061.64893,148929208632.73953
1579474800,2020-01-20 00:00:00,BTC/EUR,8096.533992080276,8127.665001846013,7942.666960765003,8034.294209226348,23740436059.98714,145609575583.21188
1579561200,2020-01-21 00:00:00,BTC/EUR,8033.761819398488,8147.02310150099,7934.333641760828,8134.904863263863,19653873546.35502,145629184617.1197
1579647600,2020-01-22 00:00:00,BTC/EUR,8122.620766069618,8170.046666261193,8024.093686787751,8065.546111845177,19983378896.66065,146070471753.84857
1579734000,2020-01-23 00:00:00,BTC/EUR,8070.474800246444,8071.500077137331,7732.184239540031,7804.041659999627,20175295541.030376,142373021950.24646
1579820400,2020-01-24 00:00:00,BTC/EUR,7821.1876278948,7916.008391110304,7666.699926517497,7849.312302701596,20291457673.71524,141299544094.92746
1579906800,2020-01-25 00:00:00,BTC/EUR,7838.372130456899,7852.311123894949,7704.820928384899,7780.420882788829,17616233538.488586,140296883859.39633
1579993200,2020-01-26 00:00:00,BTC/EUR,7766.195569699335,7999.90678772982,7735.192300378501,7989.475281736089,15867679438.952862,142110087164.42188
1580079600,2020-01-27 00:00:00,BTC/EUR,8001.047151512614,8323.226326020886,7993.843504696408,8272.748400850933,20333973625.60506,146865415097.13242
1580166000,2020-01-28 00:00:00,BTC/EUR,8273.273050537064,8681.226825601465,8273.273050537064,8681.226825601465,26399317611.152054,152017495277.3491
1580252400,2020-01-29 00:00:00,BTC/EUR,8705.875967099108,8741.8006989454,8615.890703794325,8653.403327256832,29459043959.199574,156987772547.54657
1580338800,2020-01-30 00:00:00,BTC/EUR,8644.454587797709,8885.573204458331,8580.87960908778,8837.86513403175,25911623840.16259,157694295177.20932
1580425200,2020-01-31 00:00:00,BTC/EUR,8833.731796341452,8846.255161093286,8589.753024105124,8682.432538863004,27786991654.458664,157398557344.54468
1580511600,2020-02-01 00:00:00,BTC/EUR,8691.481341665038,8787.304000850932,8655.86664153763,8728.906296551628,22941841392.937214,157759262899.69177
1580598000,2020-02-02 00:00:00,BTC/EUR,8725.912081880237,8789.326832170855,8576.761091979837,8685.633539938992,23727350227.439327,157703433195.1187
1580684400,2020-02-03 00:00:00,BTC/EUR,8678.952036382743,8876.994005866323,8605.161693955119,8651.026847092411,26306730661.118847,157135511698.40472
1580770800,2020-02-04 00:00:00,BTC/EUR,8648.15437309005,8683.39977408513,8478.414161650344,8543.806802119429,23671185767.916134,155041472389.17834
1580857200,2020-02-05 00:00:00,BTC/EUR,8532.932920063424,9006.248364288704,8521.46083655758,8929.97214060765,25453173418.21601,158424800204.4784
1580943600,2020-02-06 00:00:00,BTC/EUR,8933.291857960177,9146.80937555822,8873.699780439694,9071.114221902928,31117274056.51212,162991357980.57474
1581030000,2020-02-07 00:00:00,BTC/EUR,9076.879503653898,9180.107749005385,9064.831514859246,9132.69493955956,29365072158.595627,164657301548.32498
1581116400,2020-02-08 00:00:00,BTC/EUR,9186.454190121733,9217.359837746097,9000.854565294014,9206.73673539975,25836487378.15736,164940942130.75586
1581202800,2020-02-09 00:00:00,BTC/EUR,9197.993377331695,9426.566206282028,9190.183164023658,9419.552191053575,28671978657.806805,169132644157.54462
1581289200,2020-02-10 00:00:00,BTC/EUR,9419.527651353588,9443.405781991834,9102.024655146985,9178.395513428935,30512477257.59684,166758847277.9966
1581375600,2020-02-11 00:00:00,BTC/EUR,9169.346573537372,9563.56830444438,9048.67326546978,9513.434424655674,30079875776.979378,167154219092.81778
1581462000,2020-02-12 00:00:00,BTC/EUR,9504.886053490683,9668.65286853221,9504.886053490683,9604.436560571565,34908094589.155075,173375637384.0354
1581548400,2020-02-13 00:00:00,BTC/EUR,9591.748456070454,9726.26052237722,9397.453682896705,9509.448857355688,37459661866.99775,172747307348.60736
1581634800,2020-02-14 00:00:00,BTC/EUR,9512.92216959983,9635.10502129472,9402.89062632685,9604.39726490156,35917470373.15671,172348572653.41443
1581721200,2020-02-15 00:00:00,BTC/EUR,9604.957740159398,9640.597272769206,9171.76760809456,9209.681013412195,32697922657.81444,170518935115.3528
1581807600,2020-02-16 00:00:00,BTC/EUR,9214.336803875234,9329.895276626768,9008.738203669707,9271.20654005152,33968015357.295727,166552797407.97632
1581894000,2020-02-17 00:00:00,BTC/EUR,9243.792823225362,9244.385063706535,8817.94732285988,9031.978376012052,36825692114.23093,163367265326.3988
1581980400,2020-02-18 00:00:00,BTC/EUR,9021.605338660269,9494.727995154795,8946.887932098316,9434.56788075496,35497012121.63199,165322683292.9335
1582066800,2020-02-19 00:00:00,BTC/EUR,9442.047965728314,9499.440309700638,8930.931061639185,8948.066852609993,34499176875.56967,169548985648.15353
1582153200,2020-02-20 00:00:00,BTC/EUR,8939.408297538339,8980.383782493094,8819.912416109142,8939.349042983751,35761278473.07229,161197920654.2309
1582239600,2020-02-21 00:00:00,BTC/EUR,8928.281149116052,9064.469300034409,8905.84330001581,9005.434074445964,30756540189.36739,162754505238.47427
1582326000,2020-02-22 00:00:00,BTC/EUR,9005.629925678653,9021.454149602432,8911.993275713527,8990.617994357799,27269266755.700397,162311544057.05273
1582412400,2020-02-23 00:00:00,BTC/EUR,8986.646207489142,9254.365551402876,8986.646207489142,9228.821359458378,27431644461.394077,165572604462.08063
1582498800,2020-02-24 00:00:00,BTC/EUR,9256.237953497195,9274.254858932009,8851.83256851175,8987.68725827916,31350969995.75304,163592964410.21707
1582585200,2020-02-25 00:00:00,BTC/EUR,8985.81813903319,9212.261056680522,8663.222129639445,8703.129965296803,32312925242.24733,159757147427.76706
1582671600,2020-02-26 00:00:00,BTC/EUR,8674.093296062456,8712.494263508448,8084.23921975932,8211.31377855741,32979823318.05796,152319457175.37634
1582758000,2020-02-27 00:00:00,BTC/EUR,8086.538615568823,8346.99419533707,7966.179388169701,8161.142589946898,35212598750.226,148049866154.19244
1582844400,2020-02-28 00:00:00,BTC/EUR,8195.507310728268,8270.095951374047,7883.928717483655,8120.238048624092,29437466129.72734,146390311453.402
1582930800,2020-02-29 00:00:00,BTC/EUR,8137.474174892353,8168.147749895376,7969.448041661318,7969.448041661318,26568961293.063835,145933739691.71927
1583017200,2020-03-01 00:00:00,BTC/EUR,7951.847363928799,8100.395411824716,7836.683795177115,7958.32227360433,23998603137.371304,144038271965.33514
1583103600,2020-03-02 00:00:00,BTC/EUR,7950.73022277804,8329.031923688492,7921.790648351607,8276.900696799932,27073183381.720715,147108529130.61966
1583190000,2020-03-03 00:00:00,BTC/EUR,8283.726303443722,8283.726303443722,8072.1845593914195,8158.241996858521,29461406497.87392,147882963668.22873
1583276400,2020-03-04 00:00:00,BTC/EUR,8148.836507539361,8220.553591539026,7955.156595119456,8136.874909958243,27695225348.6122,147398546922.52094
1583362800,2020-03-05 00:00:00,BTC/EUR,8143.204578905225,8496.92730550363,8143.204578905225,8417.393644866965,26781703923.00596,151511067749.30978
1583449200,2020-03-06 00:00:00,BTC/EUR,8427.939270314984,8509.959865285644,8376.703142814495,8490.050709768528,31223496873.48412,152780124558.1898
1583535600,2020-03-07 00:00:00,BTC/EUR,8493.973750432906,8525.99758870351,8248.472808607909,8275.85309800705,32466683326.929283,152076480510.69885
1583622000,2020-03-08 00:00:00,BTC/EUR,8275.86812538664,8275.86812538664,7479.597210485543,7479.597210485543,31159663125.46599,144229424664.7325
1583708400,2020-03-09 00:00:00,BTC/EUR,7481.778201734415,7563.213517107943,7128.200602185456,7361.430046437705,35301368514.18609,132595419083.9611
1583794800,2020-03-10 00:00:00,BTC/EUR,7378.4281238345,7569.145942933534,7248.457783320779,7347.619085053334,32295439756.17633,133740127583.32718
1583881200,2020-03-11 00:00:00,BTC/EUR,7344.196696067106,7406.067588423588,7093.412780738219,7376.007907599809,29792109752.609528,132030076091.3305
1583967600,2020-03-12 00:00:00,BTC/EUR,7376.719128708533,7396.550358538626,4356.800813165751,4393.598642578281,35584053139.54221,112679674001.75964
1584054000,2020-03-13 00:00:00,BTC/EUR,4463.629702980591,5479.349820656753,3723.266311197909,5132.240865726455,56471466966.974655,88352911561.25311
1584140400,2020-03-14 00:00:00,BTC/EUR,5193.98341978164,5219.049720484706,4762.235664224535,4847.975241921713,38970771231.15957,90879764816.6236
1584226800,2020-03-15 00:00:00,BTC/EUR,4836.805140476522,5424.503085508095,4806.515317646402,5004.924482622362,24543540879.567863,89460105371.78018
1584313200,2020-03-16 00:00:00,BTC/EUR,4997.757942808917,4997.757942808917,4211.235638346864,4670.905621964307,30717692540.55881,84162741172.29662
1584399600,2020-03-17 00:00:00,BTC/EUR,4657.757776211069,5065.432583166402,4620.83285787276,4986.8597373034245,33829326269.08993,88836837529.10075
1584486000,2020-03-18 00:00:00,BTC/EUR,4950.1692329427415,5019.082668312733,4694.321437933022,4989.892526015307,28558279553.8506,88935802984.2258
1584572400,2020-03-19 00:00:00,BTC/EUR,4988.233789158273,5927.120050295269,4910.5365250648665,5728.6915329455305,42990310036.80627,97228372127.68532
1584658800,2020-03-20 00:00:00,BTC/EUR,5732.083452665792,6366.025826167824,5409.119783906667,5758.734829885892,76419964782.81715,107818026628.00456
1584745200,2020-03-21 00:00:00,BTC/EUR,5776.550951563763,5978.154028733644,5506.685913976694,5719.199798352072,69118014923.47372,104835441567.72128
1584831600,2020-03-22 00:00:00,BTC/EUR,5730.873605266486,5938.7922660733375,5390.627935766165,5434.03062081392,45605838271.57009,104332654907.34927
1584918000,2020-03-23 00:00:00,BTC/EUR,5427.890311409014,6045.534513271768,5365.14803451441,6014.618417624082,44692999779.76487,103627232228.9612
1585004400,2020-03-24 00:00:00,BTC/EUR,6012.384785045894,6301.603428295623,5943.326930566638,6264.398426798352,38215973876.37889,112618518297.25658
1585090800,2020-03-25 00:00:00,BTC/EUR,6268.901881419896,6425.6413969292,6053.378490283551,6213.520626484948,34497566437.26456,113036360130.61806
1585177200,2020-03-26 00:00:00,BTC/EUR,6211.719393576616,6278.120887586604,6104.101391584595,6264.627941425104,27553356937.160797,113214533606.41528
1585263600,2020-03-27 00:00:00,BTC/EUR,6265.238027537687,6343.351285429047,5931.1902497251895,5931.1902497251895,26789245703.89586,113646853682.8044
1585350000,2020-03-28 00:00:00,BTC/EUR,5932.033583438885,5932.033583438885,5647.811379133071,5802.935795828102,25188699959.368786,105856953596.14868
1585436400,2020-03-29 00:00:00,BTC/EUR,5804.90555125129,5804.90555125129,5494.430462158115,5502.977869447312,21991913160.45743,103927028389.3609
1585519200,2020-03-30 00:00:00,BTC/EUR,5486.898032187596,6088.523604635958,5466.366147577862,5974.275262709594,25129360567.39097,106484501123.78636
1585605600,2020-03-31 00:00:00,BTC/EUR,5949.758834808284,6041.936510331166,5913.528444380585,5980.956219132513,25510847655.47861,109642054155.19588
1585692000,2020-04-01 00:00:00,BTC/EUR,5969.609127836211,6139.6943792902375,5744.3868700127405,6136.286038890904,23842323528.15876,107229187628.92308
1585778400,2020-04-02 00:00:00,BTC/EUR,6129.943316137972,6614.046585640152,6112.759223891229,6330.817865234495,33432569512.74137,114132374920.5396
1585864800,2020-04-03 00:00:00,BTC/EUR,6321.865333064568,6518.637381405945,6166.187728136595,6262.262026804861,34565111698.71193,115881501702.0724
1585951200,2020-04-04 00:00:00,BTC/EUR,6262.187392023547,6387.0600284434895,6224.5328845399845,6368.263496214044,25928029506.78064,115069497051.59303
1586037600,2020-04-05 00:00:00,BTC/EUR,6367.999283924336,6393.185688763031,6240.192140020831,6314.326520959927,23500330248.58887,115604557875.51096
1586124000,2020-04-06 00:00:00,BTC/EUR,6314.326513779539,6780.499869404533,6314.326496819463,6769.4871079029845,29381942362.520832,120407223068.91652
1586210400,2020-04-07 00:00:00,BTC/EUR,6804.701633344493,6908.188665225195,6624.021290723432,6694.724392032847,36404097690.74031,124447921183.84412
1586296800,2020-04-08 00:00:00,BTC/EUR,6693.700479329296,6859.684911790307,6669.004793460369,6837.531057731402,30460376911.18567,124180225502.38075
1586383200,2020-04-09 00:00:00,BTC/EUR,6836.153049549424,6840.648313909735,6665.074455425978,6782.8998319365,26605909796.17916,124237189359.13075
1586469600,2020-04-10 00:00:00,BTC/EUR,6777.5473862279005,6780.735211804257,6299.161995601186,6379.519699243925,29763830754.877544,118812483364.96983
1586556000,2020-04-11 00:00:00,BTC/EUR,6389.122630227194,6445.321213622371,6299.678357325,6388.589638080889,27913841970.250328,116894096739.34093
1586642400,2020-04-12 00:00:00,BTC/EUR,6392.450896137786,6651.042940181717,6321.656050797459,6488.696664045978,23589681644.60924,118121530658.86977
1586728800,2020-04-13 00:00:00,BTC/EUR,6440.893596674385,6440.893596674385,6185.439238121809,6358.677696143365,29715731594.713737,114934690320.87248
1586815200,2020-04-14 00:00:00,BTC/EUR,6362.756321239851,6469.149250821638,6303.650142158859,6376.12094771178,26508379597.26213,117080082326.627
1586901600,2020-04-15 00:00:00,BTC/EUR,6379.698510427884,6431.590724871429,6165.703036400413,6173.024779866826,24943251007.39431,115872331841.30452
1586988000,2020-04-16 00:00:00,BTC/EUR,6168.22798273024,6636.369045606301,6074.1195810795225,6592.453656061155,31152326431.657948,117609309261.38124
1587074400,2020-04-17 00:00:00,BTC/EUR,6598.893315231239,6628.4640382622365,6536.488816006845,6541.993655358089,28249155344.504894,120449560463.432
1587160800,2020-04-18 00:00:00,BTC/EUR,6545.717064696965,6750.1721309795485,6545.717064696965,6726.7038874312975,23048130724.53175,121778411061.79634
1587247200,2020-04-19 00:00:00,BTC/EUR,6731.9644002845735,6731.9644002845735,6588.150002252415,6633.6975880041655,23912973262.675037,122106486313.73178
1587333600,2020-04-20 00:00:00,BTC/EUR,6631.516005535251,6689.796711395995,6326.41300147402,6376.685315914777,25069505947.722336,120236778751.7051
1587420000,2020-04-21 00:00:00,BTC/EUR,6370.388069677947,6425.610278589961,6318.223228243543,6371.309472117289,27335823973.52908,117014959159.49792
1587506400,2020-04-22 00:00:00,BTC/EUR,6369.103176426824,6628.848458824131,6350.130870912963,6608.962398079588,23172330514.602062,119149856200.82951
1587592800,2020-04-23 00:00:00,BTC/EUR,6616.149236874703,7079.456735133777,6550.538799665206,6942.2119863116,27995778507.426056,124215486534.4882
1587679200,2020-04-24 00:00:00,BTC/EUR,6947.435353289809,7053.526413464274,6909.966150384546,6972.401298854262,29486792001.42297,128149693095.92726
1587765600,2020-04-25 00:00:00,BTC/EUR,6974.490567095388,7068.4686974081405,6931.126659072435,7007.65737304913,24048033838.037525,128526618597.56863
1587852000,2020-04-26 00:00:00,BTC/EUR,7008.455349063973,7130.175343749128,7002.333525614486,7129.079892930278,22423553236.70983,129438792746.62073
1587938400,2020-04-27 00:00:00,BTC/EUR,7138.64429488045,7222.879187472216,7115.517240733197,7222.879187472216,25252903930.99954,131439591113.5901
1588024800,2020-04-28 00:00:00,BTC/EUR,7228.505697966129,7228.505697966129,7131.819971724836,7211.284793458509,24027525679.678883,131692079000.26376
1588111200,2020-04-29 00:00:00,BTC/EUR,7205.042605262766,8257.1968807159,7190.581120714412,8146.443462045587,31878479974.08934,140159813891.99435
1588197600,2020-04-30 00:00:00,BTC/EUR,8143.317073819156,8765.819819696082,7882.707305356694,8004.659052086413,52347450939.78565,151663038297.63727
1588284000,2020-05-01 00:00:00,BTC/EUR,8025.021526834621,8393.437799870733,8025.021526834621,8214.510737689367,40385200576.33636,149836911885.6223
1588370400,2020-05-02 00:00:00,BTC/EUR,8204.821094798612,8362.886695460758,8163.541752008296,8346.513863685144,32446839711.799297,151320291121.32596
1588456800,2020-05-03 00:00:00,BTC/EUR,8345.361290533716,8516.642162255765,8152.0501239163395,8271.594337166718,34201305815.245228,153235049932.1745
1588543200,2020-05-04 00:00:00,BTC/EUR,8272.560265565568,8308.368179794286,7971.209411821927,8261.312558621394,33211829746.53192,149673076440.0109
1588629600,2020-05-05 00:00:00,BTC/EUR,8254.890633260795,8425.647722272131,8208.524876949474,8340.073565487448,32182975215.34654,152267905064.11624
1588716000,2020-05-06 00:00:00,BTC/EUR,8381.967544524732,8698.313707673278,8310.956973278837,8554.206493923499,34718813209.90012,156075828608.8099
1588802400,2020-05-07 00:00:00,BTC/EUR,8528.25091924969,9286.510828264005,8450.379391145643,9270.155290412818,41101362402.31328,161530879793.52722
1588888800,2020-05-08 00:00:00,BTC/EUR,9247.395284075925,9295.334920630714,9070.810960767792,9135.10367364153,47231552449.9072,169235977923.8562
1588975200,2020-05-09 00:00:00,BTC/EUR,9127.212954126791,9207.219932234091,8890.351341799887,8899.930239794847,34185253602.562496,166174479159.66855
1589061600,2020-05-10 00:00:00,BTC/EUR,8885.246191140994,8885.246191140994,7801.578695336141,8132.83165024505,45658777209.38839,148635366414.45087
1589148000,2020-05-11 00:00:00,BTC/EUR,8134.865326072966,8470.30633597541,7721.953202655097,7992.129094908349,40502096654.61712,148719298983.7559
1589234400,2020-05-12 00:00:00,BTC/EUR,7982.594504967962,8314.9256964205,7966.904768156497,8176.458227961758,41170008725.58077,149780268236.90274
1589320800,2020-05-13 00:00:00,BTC/EUR,8188.474242404374,8708.020722204243,8188.474242404374,8651.523348115392,32187584644.68842,154292520347.81287
1589407200,2020-05-14 00:00:00,BTC/EUR,8646.971367684995,9147.7350319644,8624.13850299919,9088.303225944628,41815467999.39124,163378739058.6426
1589493600,2020-05-15 00:00:00,BTC/EUR,9088.188820406587,9116.73151568414,8593.451884977076,8643.22384760018,41240542934.47184,162813496185.4195
1589580000,2020-05-16 00:00:00,BTC/EUR,8655.861862098596,8887.262604157948,8588.496392128634,8723.678467449712,33029509968.49118,160707408841.3677
1589666400,2020-05-17 00:00:00,BTC/EUR,8726.501455930957,9146.905602219866,8694.493633292414,8990.670792751722,29741015324.70545,164366009498.52292
1589752800,2020-05-18 00:00:00,BTC/EUR,8994.884185367668,9208.644228536488,8893.517065892922,9052.199068706115,34111831520.03281,166151214530.78088
1589839200,2020-05-19 00:00:00,BTC/EUR,9043.66974148648,9162.761145547713,8852.296583777399,9077.717420521903,31575997895.07202,165343067986.39648
1589925600,2020-05-20 00:00:00,BTC/EUR,9085.823866099376,9118.74967969385,8780.115732110407,8857.549185495076,29112963587.65683,165366696850.98102
1590012000,2020-05-21 00:00:00,BTC/EUR,8852.802351903207,8888.877336266494,8239.398763058336,8438.368327512577,31364670817.35113,158802896038.59775
1590098400,2020-05-22 00:00:00,BTC/EUR,8425.514776271517,8597.177970334515,8345.199946864566,8519.288210673398,31104668118.113903,156055441538.9028
1590184800,2020-05-23 00:00:00,BTC/EUR,8525.652156408969,8643.2913181737,8476.223187392237,8537.722843870026,24182608929.915703,157317896000.67426
1590271200,2020-05-24 00:00:00,BTC/EUR,8536.076446073152,8629.264564333342,8176.207055887248,8176.207055887248,23975060453.18104,156031464618.45804
1590357600,2020-05-25 00:00:00,BTC/EUR,8152.126766018468,8318.391334643677,8098.424013717229,8274.245281936965,30307189354.29203,150918516537.2223
1590444000,2020-05-26 00:00:00,BTC/EUR,8271.561559436057,8356.077324494787,8133.369393728203,8230.66726188935,27083720674.442265,151583238938.2472
1590530400,2020-05-27 00:00:00,BTC/EUR,8235.90829395791,8546.409417744051,8227.347732247114,8523.416635234214,26991538493.795506,154332208766.95554
1590616800,2020-05-28 00:00:00,BTC/EUR,8534.952589497716,8896.637492539685,8484.82890242818,8868.45350453924,29144814024.30459,159088159812.2741
1590703200,2020-05-29 00:00:00,BTC/EUR,8872.896153003376,8889.283099785174,8718.573218061172,8758.69192486399,32022966646.31041,161649734169.37543
1590789600,2020-05-30 00:00:00,BTC/EUR,8756.401058993388,9028.69369750114,8696.538810068912,9014.826165028968,28123434450.710697,162734160618.45847
1590876000,2020-05-31 00:00:00,BTC/EUR,9015.496689123864,9015.496689123864,8760.668989208492,8788.197522605993,28052594173.397724,163418566519.5282
1590962400,2020-06-01 00:00:00,BTC/EUR,8792.14492529922,9516.147029657115,8773.055829113076,9465.139965681816,25559152554.697014,163808652153.78287
1591048800,2020-06-02 00:00:00,BTC/EUR,9455.498252571864,9461.633962267852,8738.521019454285,8870.842147906147,37308777808.53095,169087780932.5085
1591135200,2020-06-03 00:00:00,BTC/EUR,8874.54501267193,8976.76814113774,8792.86395116666,8976.76814113774,28619362587.832928,163412365294.85138
1591221600,2020-06-04 00:00:00,BTC/EUR,8978.838649557794,9164.86573085586,8840.450981061853,9117.53136896651,22819327038.36691,165882323479.607
1591308000,2020-06-05 00:00:00,BTC/EUR,9107.562910275366,9147.455099676365,8966.62358167192,8966.806326318481,24030081123.973045,166679427196.454
1591394400,2020-06-06 00:00:00,BTC/EUR,8961.833835233287,9042.216014969914,8898.208743826317,8985.78346802816,20454187227.821934,164894179468.60068
1591480800,2020-06-07 00:00:00,BTC/EUR,8985.081594526126,9085.259208990132,8794.591612717499,9060.415164668137,18396773015.967205,164669764287.55353
1591567200,2020-06-08 00:00:00,BTC/EUR,9065.328244005805,9093.735739475862,8990.16940240028,9088.991413542391,23067807953.80969,166304832828.73187
1591653600,2020-06-09 00:00:00,BTC/EUR,9089.765475716318,9152.097756961375,8980.99790551572,9085.799261229991,20647336691.6477,166101841825.72928
1591740000,2020-06-10 00:00:00,BTC/EUR,9087.614456557763,9269.092934201006,9035.906124565465,9173.861389166645,19841432736.88202,167359715117.3568
1591826400,2020-06-11 00:00:00,BTC/EUR,9173.521262204613,9229.749122955667,8609.168554746162,8662.201043436655,26112834149.619297,165215965858.70905
1591912800,2020-06-12 00:00:00,BTC/EUR,8652.921069800705,8870.805482953436,8615.348317237209,8797.975880471315,26630912393.807915,161224870490.41202
1591999200,2020-06-13 00:00:00,BTC/EUR,8802.014582917165,8809.578365402822,8722.215090004556,8801.17970909894,17533164934.06921,161409409497.3338
1592085600,2020-06-14 00:00:00,BTC/EUR,8807.1077193027,8807.1077193027,8644.913299271824,8697.975059810842,14696285734.182243,161110650791.12238
1592172000,2020-06-15 00:00:00,BTC/EUR,8697.665316464394,8821.290539999442,8333.256191462768,8761.963916621562,22609378442.811893,158341759770.86664
1592258400,2020-06-16 00:00:00,BTC/EUR,8762.571414603502,8896.40277255252,8725.073639454471,8853.876331750504,22691543941.783318,162461059267.3947
1592344800,2020-06-17 00:00:00,BTC/EUR,8856.104793616605,8872.112565616717,8658.08578479015,8800.793732854392,17306532809.057064,161797177142.31033
1592431200,2020-06-18 00:00:00,BTC/EUR,8799.039870308474,8799.401857490537,8651.512144895794,8743.271948379506,17552804200.454712,161100281116.94946
1592517600,2020-06-19 00:00:00,BTC/EUR,8736.125998246054,8753.315653481386,8614.621762626826,8654.31818829618,18160071550.19614,159911507249.70184
1592604000,2020-06-20 00:00:00,BTC/EUR,8663.920427043866,8716.767831604497,8604.896700557989,8694.377462961618,16677241500.868525,159298074098.70438
1592690400,2020-06-21 00:00:00,BTC/EUR,8697.032428858261,8787.684144811166,8639.431037031869,8639.431037031869,14367068055.63754,160082803040.85315
1592776800,2020-06-22 00:00:00,BTC/EUR,8644.659074786336,9018.195212295288,8640.279809351896,9007.658665899433,15501963351.061577,162316990501.60995
1592863200,2020-06-23 00:00:00,BTC/EUR,9005.880861730322,9032.26379043235,8915.551818909316,8941.721401714885,18290486107.70892,165026254821.83817
1592949600,2020-06-24 00:00:00,BTC/EUR,8945.782287408048,8987.365182938554,8595.778225555896,8638.882166555068,16765297942.276148,161864882506.41653
1593036000,2020-06-25 00:00:00,BTC/EUR,8651.564923188163,8671.629687107663,8431.773602402143,8606.746362305983,19947621004.381733,158260837542.06985
1593122400,2020-06-26 00:00:00,BTC/EUR,8605.85557555729,8639.842792036567,8439.824994515897,8523.750409876404,17432554897.44625,157434972592.95108
1593208800,2020-06-27 00:00:00,BTC/EUR,8521.066780818199,8547.84360295641,8316.292525745612,8383.063426591896,15480527017.797438,156190475998.8163
1593295200,2020-06-28 00:00:00,BTC/EUR,8383.231902648587,8536.262232833931,8333.785310649218,8479.682255990476,15645381111.528269,155179644168.61395
1593381600,2020-06-29 00:00:00,BTC/EUR,8487.124402290543,8573.86641166569,8409.76231274726,8537.37970808805,13799655087.806826,156176342646.26465
1593468000,2020-06-30 00:00:00,BTC/EUR,8536.68416540096,8547.201853025696,8440.569156523357,8505.203811997693,14341355624.042557,156732132334.5797
1593554400,2020-07-01 00:00:00,BTC/EUR,8496.3500613388,8633.123292122125,8465.02695431093,8579.702369969033,13989969161.845411,157378656605.97012
1593640800,2020-07-02 00:00:00,BTC/EUR,8581.947959196123,8605.360356116023,8361.89875834798,8448.00424008128,15222638074.224358,156993553304.85477
1593727200,2020-07-03 00:00:00,BTC/EUR,8445.697420147124,8479.142260185623,8425.436799561048,8430.821438430563,14966860291.828268,155747812222.55557
1593813600,2020-07-04 00:00:00,BTC/EUR,8434.762143955584,8535.501213820458,8419.876023149103,8488.424951911576,11735783819.42952,155706582618.70712
1593900000,2020-07-05 00:00:00,BTC/EUR,8492.123481490575,8497.658649014684,8330.36697058654,8437.512291748271,12069952759.584896,155213341823.80362
1593986400,2020-07-06 00:00:00,BTC/EUR,8442.32006756596,8688.391332326162,8419.733921474208,8688.391332326162,15618199287.17764,157729430809.8345
1594072800,2020-07-07 00:00:00,BTC/EUR,8685.7641248891,8707.751540696927,8574.466048468785,8604.520808113159,16038749857.207985,158818965891.60992
1594159200,2020-07-08 00:00:00,BTC/EUR,8609.1855892336,8791.46736899906,8594.277106319225,8760.753056930687,15189608600.878963,160065262215.44315
1594245600,2020-07-09 00:00:00,BTC/EUR,8768.430854565744,8769.160084676692,8557.506503398152,8593.371254010544,16719463504.757854,159903209878.4351
1594332000,2020-07-10 00:00:00,BTC/EUR,8592.794639494461,8638.332608261957,8501.215026989928,8628.786405746356,15209576410.160456,157714716292.01758
1594418400,2020-07-11 00:00:00,BTC/EUR,8627.049500313404,8633.596514226858,8551.729030000279,8584.958569772805,12146628184.356997,158298060876.60446
1594504800,2020-07-12 00:00:00,BTC/EUR,8584.642224027006,8661.15777512764,8544.54292939858,8636.485120171303,11115647157.568176,158503902239.90363
1594591200,2020-07-13 00:00:00,BTC/EUR,8646.167451105282,8667.853656028605,8572.20797663886,8599.640864774154,13890895268.913733,159029932627.97272
1594677600,2020-07-14 00:00:00,BTC/EUR,8595.485577784597,8623.822730003998,8514.075438199927,8606.240617665931,15132817803.325106,158103570075.2283
1594764000,2020-07-15 00:00:00,BTC/EUR,8605.791414927135,8620.655796315412,8539.13683195324,8562.122625568916,13635880692.867868,158171275519.4291
1594850400,2020-07-16 00:00:00,BTC/EUR,8556.434780059331,8575.20164364125,8424.630212941625,8497.465059056625,15421578657.632538,156715118171.07886
1594936800,2020-07-17 00:00:00,BTC/EUR,8495.481446105701,8534.257344539612,8457.723914496553,8514.701480770767,14201277474.49149,156673058815.0658
1595023200,2020-07-18 00:00:00,BTC/EUR,8515.309709385374,8552.325482527503,8490.151545462155,8528.678478017093,11890662329.60976,157057614559.2645
1595109600,2020-07-19 00:00:00,BTC/EUR,8527.887552357968,8568.186306825135,8480.999370623738,8563.10111308484,11110550496.404495,156960959345.6664
1595196000,2020-07-20 00:00:00,BTC/EUR,8562.614048629672,8567.345484375377,8510.714858823201,8522.417011728,12964120194.555515,157363664768.2287
1595282400,2020-07-21 00:00:00,BTC/EUR,8520.659252832258,8759.869848787768,8518.856297599716,8728.040199605688,17600997781.5526,159480086140.2925
1595368800,2020-07-22 00:00:00,BTC/EUR,8727.540738127389,8857.444570717666,8655.08219130281,8852.403558248472,17908465378.065468,160519556529.2648
1595455200,2020-07-23 00:00:00,BTC/EUR,8856.827494466608,8953.090811462953,8811.186342539222,8921.280123536904,21484281085.16284,163405272750.50787
1595541600,2020-07-24 00:00:00,BTC/EUR,8928.39284264152,8954.859487608923,8814.107966327223,8876.718493716113,20893686379.153088,163769815427.33374
1595628000,2020-07-25 00:00:00,BTC/EUR,8878.994668747036,9036.2653085177,8866.986725175533,9007.914810032642,19564141676.960106,164826117621.04797
1595714400,2020-07-26 00:00:00,BTC/EUR,9018.511432886013,9367.914983286368,8977.033170424722,9222.962618356907,26049268447.141155,168446493561.85098
1595800800,2020-07-27 00:00:00,BTC/EUR,9227.205772854764,10545.80900460527,9225.421535875905,10226.57757351412,39257627446.66393,178532389300.0706
1595887200,2020-07-28 00:00:00,BTC/EUR,10245.444455638944,10419.802343386436,9899.630702392842,10132.832963329893,58628645895.84336,188076695882.0052
1595973600,2020-07-29 00:00:00,BTC/EUR,10141.7554866901,10492.286608744616,10080.434974393884,10297.964158123854,37189497858.9901,189924229115.18832
1596060000,2020-07-30 00:00:00,BTC/EUR,10308.490630159306,10376.058494343852,10131.690786366467,10331.3813603028,33530928174.23823,189053417478.78915
1596146400,2020-07-31 00:00:00,BTC/EUR,10323.153157495186,10625.710487169972,10209.387961526656,10540.956826056225,30177247517.340244,191875209151.3636
1596232800,2020-08-01 00:00:00,BTC/EUR,10542.302255833309,11018.78982130588,10456.633362124636,10974.146388569594,38486427979.1293,198925720999.1349
1596319200,2020-08-02 00:00:00,BTC/EUR,10971.753039225696,11232.930764554678,10214.12770449367,10298.252244247598,48534440142.60884,194439766826.79813
1596405600,2020-08-03 00:00:00,BTC/EUR,10294.95269993304,10662.555763597726,10228.570642514112,10458.811554870776,32654200206.93145,193045968260.63748
1596492000,2020-08-04 00:00:00,BTC/EUR,10442.116797626686,10594.010473854494,10299.761194310371,10410.730700098577,31492563570.457382,192914305563.74155
1596578400,2020-08-05 00:00:00,BTC/EUR,10412.240067498067,10945.2051126896,10354.16354566954,10911.40803905272,29733554363.685253,196498951641.76752
1596664800,2020-08-06 00:00:00,BTC/EUR,10916.815864601176,11062.198879810096,10763.927701276863,10955.449573923312,34549024688.656105,201562380436.72476
1596751200,2020-08-07 00:00:00,BTC/EUR,10952.89491117187,11053.63497604553,10594.732263313152,10772.125913704209,32067523102.94313,201030873787.44943
1596837600,2020-08-08 00:00:00,BTC/EUR,10780.363338668638,10975.77016090543,10733.16993650364,10907.369385850328,29759088428.398582,200354091826.26804
1596924000,2020-08-09 00:00:00,BTC/EUR,10935.025284484183,10959.746159517896,10731.767796174054,10832.503944206675,25235142817.37928,200204912650.14856
1597010400,2020-08-10 00:00:00,BTC/EUR,10849.792226969468,11189.419274848646,10849.792226969468,11036.898409436522,33619425306.299416,203947089189.9231
1597096800,2020-08-11 00:00:00,BTC/EUR,11053.252050166931,11092.348959522547,10402.014453380949,10597.518637850251,35254171773.251045,199689048490.82904
1597183200,2020-08-12 00:00:00,BTC/EUR,10599.037887589391,10794.98630006324,10451.736138305943,10766.22517354574,39491375117.97427,196747643138.19952
1597269600,2020-08-13 00:00:00,BTC/EUR,10757.160135880553,10948.756573112369,10510.06718180026,10939.382995316611,32568033951.659637,198188131293.39777
1597356000,2020-08-14 00:00:00,BTC/EUR,10942.13231171126,11002.176413392664,10841.063883973624,10920.659890686233,35324720675.05515,201544537863.3292
1597442400,2020-08-15 00:00:00,BTC/EUR,10932.59321463605,11128.614865046638,10932.59321463605,11034.588857651424,29368374821.90974,203751820483.26212
1597528800,2020-08-16 00:00:00,BTC/EUR,11026.898179191658,11078.786239258245,10886.693449091872,11059.975375210408,25205329566.113403,203295583227.74933
1597615200,2020-08-17 00:00:00,BTC/EUR,11060.265414743,11526.513797247251,10962.276314260338,11425.69597865134,27833132300.501503,206641260745.75375
1597701600,2020-08-18 00:00:00,BTC/EUR,11413.273284327017,11498.77322583954,11059.370440358414,11124.43582641334,39800081734.88016,208781638389.27408
1597788000,2020-08-19 00:00:00,BTC/EUR,11131.131481496152,11166.712036663595,10824.003708013652,10910.9222309005,37547467270.07213,202620851451.4346
1597874400,2020-08-20 00:00:00,BTC/EUR,10920.334140950814,11047.008340802016,10870.775358821342,11035.716124221372,31554621370.691116,202533155073.22208
1597960800,2020-08-21 00:00:00,BTC/EUR,11025.625512914654,11042.62263100001,10705.686932272223,10723.54363398246,29074115945.75676,201746613314.028
1598047200,2020-08-22 00:00:00,BTC/EUR,10727.10904712124,10869.308186427848,10605.326953570664,10863.26286491086,32376220377.8855,198579690812.17868
1598133600,2020-08-23 00:00:00,BTC/EUR,10862.666175824195,10887.54051924411,10729.786956423846,10837.455278767588,24023768758.81152,199595148313.0116
1598220000,2020-08-24 00:00:00,BTC/EUR,10832.531077547452,10994.299348627812,10789.118204216536,10940.08287352063,25549618937.87817,201506884552.09567
1598306400,2020-08-25 00:00:00,BTC/EUR,10933.513600873252,10937.849738489153,10384.997749035145,10566.037828048246,29474283206.09889,197745850128.2656
1598392800,2020-08-26 00:00:00,BTC/EUR,10544.976883390527,10713.060884269358,10486.277494141115,10660.908192442968,34249152546.57801,195866497862.32935
1598479200,2020-08-27 00:00:00,BTC/EUR,10660.242369357104,10740.515246493504,10405.37270911661,10519.246158816692,30530221813.850346,194974132323.00797
1598565600,2020-08-28 00:00:00,BTC/EUR,10527.563972553451,10698.6000777195,10499.582335185856,10691.841472892893,30306867930.57288,196260271998.4941
1598652000,2020-08-29 00:00:00,BTC/EUR,10697.023957444968,10742.462487444318,10636.452320119224,10680.934043276697,22630839816.854607,197373080327.4968
1598738400,2020-08-30 00:00:00,BTC/EUR,10668.434810678047,10885.09633254285,10665.285971634628,10878.734451585153,23290187273.534622,199415341408.82883
1598824800,2020-08-31 00:00:00,BTC/EUR,10895.088632049958,10940.735164391,10767.813630102575,10839.865244425224,26799918267.0606,200680327454.049
1598911200,2020-09-01 00:00:00,BTC/EUR,10834.436291413478,11200.719051028094,10742.638412275755,11087.013657982498,33507819757.80852,203837631116.3528
1598997600,2020-09-02 00:00:00,BTC/EUR,11089.55962638358,11109.173015500004,10445.25616041254,10600.99970056264,37969964093.12469,198832827988.76285
1599084000,2020-09-03 00:00:00,BTC/EUR,10591.438475363855,10634.359217937486,9396.406714564442,9500.385903937542,38557873373.31742,189596778344.3972
1599170400,2020-09-04 00:00:00,BTC/EUR,9446.97419693664,9860.566726333362,9400.891796000147,9740.181209760158,47689242398.36235,178380790419.04025
1599256800,2020-09-05 00:00:00,BTC/EUR,9717.09042790596,9809.36954155716,9209.587672917072,9420.516004339295,44402048754.07351,176425928215.99338
1599343200,2020-09-06 00:00:00,BTC/EUR,9457.946737169508,9615.208803373973,9298.013283321709,9539.035741708749,52713358125.99269,175283529473.68246
1599429600,2020-09-07 00:00:00,BTC/EUR,9530.81865984432,9664.437676532842,9203.379368772145,9631.3035394833,38624312688.87321,174602967941.23788
1599516000,2020-09-08 00:00:00,BTC/EUR,9647.462241507872,9669.80305426164,9200.99513394433,9404.166658534905,38073239732.37758,174378169412.9481
1599602400,2020-09-09 00:00:00,BTC/EUR,9408.313622908236,9611.66263896902,9284.480967043308,9498.97643858866,35174509798.30386,175026479003.58295
1599688800,2020-09-10 00:00:00,BTC/EUR,9506.837333346351,9731.459229143766,9506.837333346351,9611.024604697335,30359602574.54354,177625655422.9535
1599775200,2020-09-11 00:00:00,BTC/EUR,9613.06482637149,9659.68255945838,9500.573674907237,9648.353607836954,29832728900.75896,177040921183.2405
1599861600,2020-09-12 00:00:00,BTC/EUR,9658.073287130914,9743.390247114732,9556.47975165676,9707.49973754057,25194922898.13023,178259414308.03094
1599948000,2020-09-13 00:00:00,BTC/EUR,9710.2065695803,9819.231062984867,9503.14509184406,9593.380772690158,26380943017.35385,178675409869.0575
1600034400,2020-09-14 00:00:00,BTC/EUR,9604.011941144248,9985.663018009094,9534.825860711064,9918.36036702006,29697795922.14009,180599034276.80383
1600120800,2020-09-15 00:00:00,BTC/EUR,9924.264370351257,10161.406440510002,9892.66870511955,10027.992265546967,34057282303.3647,185189342479.33383
1600207200,2020-09-16 00:00:00,BTC/EUR,10027.100853941723,10303.536678580662,9928.31477201964,10180.436188090653,35419557455.50977,187267323045.3749
1600293600,2020-09-17 00:00:00,BTC/EUR,10177.208925534507,10263.970314622102,10013.449362343184,10168.80997155279,35686553293.901955,187252510280.7816
1600380000,2020-09-18 00:00:00,BTC/EUR,10173.799324505946,10247.230009331435,10063.673266512287,10152.582946975232,30967671958.104477,187849781303.25403
1600466400,2020-09-19 00:00:00,BTC/EUR,10168.375570673028,10359.964246563251,10130.168832090876,10301.26839538915,27757557081.520397,189339515232.95786
1600552800,2020-09-20 00:00:00,BTC/EUR,10307.385510539483,10307.385510539483,10024.848484006174,10150.459325342,26024973679.359123,187757502696.5594
1600639200,2020-09-21 00:00:00,BTC/EUR,10156.31848934892,10213.300113991574,9624.83839500042,9697.735247086832,29805025267.49853,183694273994.0893
1600725600,2020-09-22 00:00:00,BTC/EUR,9685.851869491951,9818.230363791165,9639.94335687582,9793.96398672544,29536763580.946373,180055990307.2666
1600812000,2020-09-23 00:00:00,BTC/EUR,9792.03646393624,9793.01614314185,9467.683941887304,9514.690280297407,22637533042.771828,179461993443.58148
1600898400,2020-09-24 00:00:00,BTC/EUR,9516.831321653694,10010.093770183856,9503.793355188833,9980.128520499584,26628038942.68984,179635402009.37057
1600984800,2020-09-25 00:00:00,BTC/EUR,9982.921917350668,9995.17159634331,9827.337098569687,9935.361841193537,25702721294.92045,183541458924.7087
1601071200,2020-09-26 00:00:00,BTC/EUR,9937.733239783684,10015.816504080758,9907.217379271637,9987.763838154357,20590550600.772423,184293536550.398
1601157600,2020-09-27 00:00:00,BTC/EUR,9978.535985990757,10038.884717896568,9876.924524584065,10012.668628079866,17853665701.67951,184351070115.9685
1601244000,2020-09-28 00:00:00,BTC/EUR,10019.859176438911,10171.216879625032,9950.463334684597,9953.103658589776,21096989165.439125,187156078637.25632
1601330400,2020-09-29 00:00:00,BTC/EUR,9943.691749995814,10095.61712379823,9906.384447269107,10080.96670058124,22229068629.60794,184648888931.05325
1601416800,2020-09-30 00:00:00,BTC/EUR,10081.559826135275,10084.432410391615,9921.728242193269,10012.939853028483,20669413079.345165,184878832751.9185
1601503200,2020-10-01 00:00:00,BTC/EUR,10022.544506068129,10139.857632679556,9739.154451072734,9871.107633169657,22077865016.36177,185078806719.5388
1601589600,2020-10-02 00:00:00,BTC/EUR,9877.993462295752,9915.477666824763,9684.774236977,9826.646192127706,26605209087.374016,181153312134.27045
1601676000,2020-10-03 00:00:00,BTC/EUR,9830.24756186703,9851.94968169238,9766.189719994603,9803.236235871253,18964094727.625656,181486956064.67877
1601762400,2020-10-04 00:00:00,BTC/EUR,9803.921205310196,9936.176287089063,9787.807270259183,9918.904250061843,14389571331.221844,182458370898.8224
1601848800,2020-10-05 00:00:00,BTC/EUR,9920.168092052376,10029.5462791805,9885.700731819325,10029.5462791805,16807622502.43362,184193309773.55725
1601935200,2020-10-06 00:00:00,BTC/EUR,10032.672200166466,10036.604430422489,9799.009002384471,9861.94129430665,18519966448.43441,184164742387.09375
1602021600,2020-10-07 00:00:00,BTC/EUR,9860.03682941718,9931.300304615495,9828.014265122896,9918.489208194069,19122347333.780003,182769621142.5308
1602108000,2020-10-08 00:00:00,BTC/EUR,9923.104967282314,10165.651387004436,9815.538408737177,10135.45354613081,17460853454.140003,184712265540.32065
1602194400,2020-10-09 00:00:00,BTC/EUR,10155.58499591273,10324.485188406848,10082.545931730045,10291.354769301304,21777753374.036774,188957404840.6088
1602280800,2020-10-10 00:00:00,BTC/EUR,10276.926119941596,10661.071562234374,10276.926119941596,10504.13766546885,22232083241.501785,195049094888.54257
1602367200,2020-10-11 00:00:00,BTC/EUR,10503.876096622304,10629.180350464523,10490.06554408671,10579.876228641577,17112587131.821478,195561119525.7248
1602453600,2020-10-12 00:00:00,BTC/EUR,10572.971061506198,10877.514625721433,10457.74339083968,10735.836508872024,19556524028.89568,197005011190.03
1602540000,2020-10-13 00:00:00,BTC/EUR,10723.95380548596,10734.121805834704,10531.295863154124,10623.627128580196,25823545233.10561,197098515261.13348
1602626400,2020-10-14 00:00:00,BTC/EUR,10622.2732482056,10736.246685798247,10501.829173795906,10626.312417435296,21083673359.64543,196286340121.6468
1602712800,2020-10-15 00:00:00,BTC/EUR,10617.69891263473,10763.19287309098,10501.134652945717,10687.92223245636,21432405524.1647,196450169849.60745
1602799200,2020-10-16 00:00:00,BTC/EUR,10693.812869860223,10731.263833828085,10448.175863191324,10520.569134081969,24082095930.250156,195617955077.922
1602885600,2020-10-17 00:00:00,BTC/EUR,10524.02088121809,10589.254685370455,10488.6231111542,10572.482527468868,17306722681.578194,195271828674.4742
1602972000,2020-10-18 00:00:00,BTC/EUR,10562.850914921555,10685.504197238884,10555.23785625831,10685.504197238884,14170212533.740871,196735018802.59457
1603058400,2020-10-19 00:00:00,BTC/EUR,10694.819427161974,10973.775605299965,10620.870810885435,10925.775170758585,16926032210.39447,199371651451.51865
1603144800,2020-10-20 00:00:00,BTC/EUR,10928.56240657311,11163.693734177756,10877.33481877261,11076.306961665225,25020985403.78348,203894460170.6576
1603231200,2020-10-21 00:00:00,BTC/EUR,11074.911360757562,12266.545491190283,11059.166686301369,11911.94556990486,35827301163.33594,214266780000.5644
1603317600,2020-10-22 00:00:00,BTC/EUR,11903.721790954998,12241.02175267602,11809.37171317784,12051.202177276828,41305710141.4819,222492913257.2756
1603404000,2020-10-23 00:00:00,BTC/EUR,12056.986758153613,12102.840320521906,11847.972308884117,12023.753755452946,30370122415.02216,222618023749.2126
1603490400,2020-10-24 00:00:00,BTC/EUR,12024.460018407126,12219.41767452408,11968.831305264626,12198.732183379369,21033021397.007053,224200117308.07996
1603576800,2020-10-25 00:00:00,BTC/EUR,12196.983197329091,12394.77302893638,12011.487292254182,12109.116346191258,21963290942.3161,224712392866.70563
1603666800,2020-10-26 00:00:00,BTC/EUR,12110.235958015048,12289.9369537734,11923.895712461754,12150.709135152376,22278140294.49715,224976041224.3306
1603753200,2020-10-27 00:00:00,BTC/EUR,12143.225857344529,12811.131552543036,12143.225857344529,12695.68256494527,30259470255.35088,230064348380.9796
1603839600,2020-10-28 00:00:00,BTC/EUR,12684.714033629996,12868.441763959489,12052.586730802852,12345.954357722105,37627861918.39738,231576203026.19623
1603926000,2020-10-29 00:00:00,BTC/EUR,12346.761547471844,12675.642809991725,12078.350899831672,12502.238021589525,33315967241.14419,229516836163.97867
1604012400,2020-10-30 00:00:00,BTC/EUR,12514.400124614756,12705.37259638516,12230.576147326768,12618.770050970435,33316588139.32579,231282351823.7496
1604098800,2020-10-31 00:00:00,BTC/EUR,12605.86486797422,13005.56059434106,12491.251302769484,12829.586946401436,30676314598.70325,236573209423.8089
1604185200,2020-11-01 00:00:00,BTC/EUR,12828.677454449497,12909.883912423624,12674.779760004276,12773.304743488732,25574578080.954453,237080724474.6617
1604271600,2020-11-02 00:00:00,BTC/EUR,12797.37451316761,12858.82086742739,12340.396829326972,12626.331943794696,26356647633.07469,234143996285.5242
1604358000,2020-11-03 00:00:00,BTC/EUR,12607.247025570776,13051.661534417692,12372.59001814022,12994.865456429428,29719845939.349773,234429639629.8908
1604444400,2020-11-04 00:00:00,BTC/EUR,13035.600990131965,13217.375435615506,12638.4223314278,13143.394753350258,34211802158.22987,239359716174.91367
1604530800,2020-11-05 00:00:00,BTC/EUR,13150.27066387765,14610.715441919852,13113.467290392358,14469.14358768518,42680905056.13439,253544448370.05588
1604617200,2020-11-06 00:00:00,BTC/EUR,14497.841514942014,14807.471094305722,14140.360212079531,14458.474038746755,59988998755.65441,268258077842.5759
1604703600,2020-11-07 00:00:00,BTC/EUR,14478.528225952068,14639.543622539037,13436.961869323624,13784.172875946952,40887596201.78919,264215293215.55655
1604790000,2020-11-08 00:00:00,BTC/EUR,13777.726306365725,14520.206895753705,13715.608753516724,14413.86164967962,41097049438.27652,261750523414.3567
1604876400,2020-11-09 00:00:00,BTC/EUR,14394.547668711695,14692.037500248303,13797.71370335258,14253.045083529094,36549351604.14842,264896644324.0423
1604962800,2020-11-10 00:00:00,BTC/EUR,14241.4553781073,14348.692885484845,14046.829210695718,14210.272104399744,39095480071.43033,263911731520.2162
1605049200,2020-11-11 00:00:00,BTC/EUR,14226.82250351998,14832.746891151222,14211.991020427977,14589.069226120391,31690633486.327427,268469842083.43307
1605135600,2020-11-12 00:00:00,BTC/EUR,14592.908917252087,15158.648962450128,14407.872602979662,15139.423353847798,39644560405.69393,274176552269.3628
1605222000,2020-11-13 00:00:00,BTC/EUR,15156.085622164252,15310.561590134752,14864.934934896632,15173.708729123306,42884699894.85901,280522720968.59906
1605308400,2020-11-14 00:00:00,BTC/EUR,15177.34490498098,15177.34490498098,14624.249421936403,14957.442222658072,33648064110.291977,276102739575.3989
1605394800,2020-11-15 00:00:00,BTC/EUR,14943.036924628705,15002.277128691792,14690.495995145497,14843.759161147223,29126413205.26255,275550501886.84515
1605481200,2020-11-16 00:00:00,BTC/EUR,14831.806008013653,15663.66656037534,14772.643083000865,15554.046561729392,30518601312.782,282016380482.83844
1605567600,2020-11-17 00:00:00,BTC/EUR,15534.396287399675,16581.354533208716,15416.79462327093,16445.572148890995,42778806537.102425,294341551970.45166
1605654000,2020-11-18 00:00:00,BTC/EUR,16428.081389945964,17181.44420201341,16177.786238811854,16579.56378973672,66970369770.53888,308214335295.0722
1605740400,2020-11-19 00:00:00,BTC/EUR,16524.91988113346,16868.971326254312,16177.293891111234,16559.51131259381,56811057552.74266,307508065085.8806
1605826800,2020-11-20 00:00:00,BTC/EUR,16553.657044772106,17482.36716506989,16520.183905700786,17336.05355896456,47659307818.28784,315991497391.8839
1605913200,2020-11-21 00:00:00,BTC/EUR,17358.549043901643,17629.051834691105,17184.588830639175,17399.08060227473,47747515215.21414,322527395409.34955
1605999600,2020-11-22 00:00:00,BTC/EUR,17366.469018096515,17428.692634895702,16413.15255224079,17124.242732053677,48212963648.21226,317793012529.95294
1606086000,2020-11-23 00:00:00,BTC/EUR,17112.0499710413,17437.862023458787,16770.06594773131,17087.904268888393,52091954222.614006,318001799226.7794
1606172400,2020-11-24 00:00:00,BTC/EUR,17096.095501361495,18053.264046513035,16778.80662333324,17782.65529601968,60990511707.84544,325127893286.70404
1606258800,2020-11-25 00:00:00,BTC/EUR,17810.49996952729,18098.90228836686,17249.28069083782,17455.944072784085,61397805308.4773,328615678328.7894
1606345200,2020-11-26 00:00:00,BTC/EUR,17424.182189312647,17587.021895660702,15150.288186556185,15877.400833219875,71212929046.06674,300089634291.25903
1606431600,2020-11-27 00:00:00,BTC/EUR,15956.05289244204,16200.241866029628,15332.88834413321,15881.150221623002,61463359925.84276,293015167325.963
1606518000,2020-11-28 00:00:00,BTC/EUR,15933.78636080964,16597.33073907039,15695.720718449908,16467.851268153707,38081104697.29255,298486655480.7376
1606604400,2020-11-29 00:00:00,BTC/EUR,16484.56364299305,17027.826896330294,16320.72787458267,16890.442089826,36426556682.47674,310263399893.3457
1606690800,2020-11-30 00:00:00,BTC/EUR,16908.569037096036,18416.12859488417,16908.569037096036,18340.98218175004,44553115399.31416,326207924342.94025
1606777200,2020-12-01 00:00:00,BTC/EUR,18313.416773458324,18485.58836905021,17054.52514868361,17534.845242023082,63844217133.26838,332392817876.4267
1606863600,2020-12-02 00:00:00,BTC/EUR,17443.210345449133,17977.01846247152,17070.81374519711,17856.835022047075,60203452051.7805,326966076447.3766
1606950000,2020-12-03 00:00:00,BTC/EUR,17872.31637902519,18215.686642793105,17585.049217424137,18067.642180202547,42277412316.29248,332513298398.16907
1607036400,2020-12-04 00:00:00,BTC/EUR,18070.333046978023,18144.537704362545,17337.99279366961,17425.245896745993,39721240759.72308,329821239466.6708
1607122800,2020-12-05 00:00:00,BTC/EUR,17353.91030610068,17825.361828802463,17260.487759118936,17788.370415871068,40448067336.79898,327719980556.9909
1607209200,2020-12-06 00:00:00,BTC/EUR,17812.330853312127,18018.25683163984,17568.811922574376,17982.769815260068,29060879386.07612,330425734342.13983
1607295600,2020-12-07 00:00:00,BTC/EUR,18007.729836165126,18045.181439310323,17614.663870594908,17846.38356292814,31168240337.69615,331406020214.1192
1607382000,2020-12-08 00:00:00,BTC/EUR,17827.577695648615,17919.238204846133,16999.58914110333,17041.964681960217,33547106290.895267,327089538741.479
1607468400,2020-12-09 00:00:00,BTC/EUR,17045.53354648513,17320.56766280352,16420.633930452248,17269.7483466702,48260690821.2367,315421224855.9188
1607554800,2020-12-10 00:00:00,BTC/EUR,17243.58512746515,17243.58512746515,16683.854326165034,16983.212389521897,39107224297.95914,316065527809.2869
1607641200,2020-12-11 00:00:00,BTC/EUR,16959.867913569364,16959.867913569364,16371.444091097284,16797.439748259538,47853143440.74938,309801476814.8896
1607727600,2020-12-12 00:00:00,BTC/EUR,16755.804225833028,17581.54532680207,16755.804225833028,17488.114563222014,35213394183.39456,318875088268.9857
1607814000,2020-12-13 00:00:00,BTC/EUR,17479.22864966753,18035.42741680663,17409.218340059888,17827.133565799923,33599829497.788437,330058609365.9538
1607900400,2020-12-14 00:00:00,BTC/EUR,17838.347125305732,17992.22569269127,17689.95320363344,17921.44148072706,33102224647.056248,330980546921.4026
1607986800,2020-12-15 00:00:00,BTC/EUR,17924.389121051066,18172.56979684178,17749.660682006714,18073.32934653256,34602067184.7711,334107998769.334
1608073200,2020-12-16 00:00:00,BTC/EUR,18063.974117007503,19897.47364778246,17954.856025906498,19871.008107568192,44850671040.4223,346417422311.30133
1608159600,2020-12-17 00:00:00,BTC/EUR,19854.78959086014,22000.25432625989,19776.805497238885,21225.398816760127,111566913404.84856,390386335160.0068
1608246000,2020-12-18 00:00:00,BTC/EUR,21200.094150419885,21612.494091196797,20828.88849096244,21495.58964302374,108825176293.31535,395063358424.6768
1608332400,2020-12-19 00:00:00,BTC/EUR,21511.447702140817,22391.628435708502,21232.3166717918,22175.01146133973,59198445295.363815,403062041656.27423
1608418800,2020-12-20 00:00:00,BTC/EUR,22189.057940435603,22552.01592328767,21483.598750820707,21869.82380048731,66061116680.24653,407410462168.6732
1608505200,2020-12-21 00:00:00,BTC/EUR,21843.796073365324,22380.49065779092,20570.54332394052,21279.98765233658,79183635496.52579,401815843315.3833
1608591600,2020-12-22 00:00:00,BTC/EUR,21151.42093651852,22135.08929370309,20875.063823974,22135.08929370309,78084405809.87938,398927527938.7124
1608678000,2020-12-23 00:00:00,BTC/EUR,22148.47890293409,22329.853915442345,21193.580049089083,21633.034061936774,67054580194.19872,406761521280.7637
1608764400,2020-12-24 00:00:00,BTC/EUR,21620.40361709957,22086.148572349783,21158.87436460676,22071.283547939624,69223241003.43486,401176861901.1062
1608850800,2020-12-25 00:00:00,BTC/EUR,22058.455911190467,22984.570027275437,21820.742503349797,22925.942322021965,53560208972.94517,415121089587.2621
1608937200,2020-12-26 00:00:00,BTC/EUR,22971.469406239245,24828.99245211152,22803.141880317868,24595.200894690734,63400871118.698105,436736789134.93207
1609023600,2020-12-27 00:00:00,BTC/EUR,24610.501716956354,26347.39719723516,24190.36757182341,24483.14579138372,95386033212.25237,467860130109.0744
1609110000,2020-12-28 00:00:00,BTC/EUR,24429.697736584545,25511.168523024484,24283.64235438812,25246.553722332577,92528702767.82516,466537364111.2472
1609196400,2020-12-29 00:00:00,BTC/EUR,25174.622457058093,25474.56085803829,24251.38329524407,25474.56085803829,63389693635.58824,461445700935.1668
1609282800,2020-12-30 00:00:00,BTC/EUR,25458.570074817955,26911.827397739213,25458.570074817955,26792.79123350724,68551015426.04302,486477916987.1124
1609369200,2020-12-31 00:00:00,BTC/EUR,26842.23945697812,27222.961293131157,26027.07376891815,26948.97359609036,73720899316.15065,498763095841.81445
1609455600,2021-01-01 00:00:00,BTC/EUR,26912.64392661421,27490.284058974787,26707.79211972491,27248.640772095896,60038307109.39778,504971129068.84216
1609542000,2021-01-02 00:00:00,BTC/EUR,27276.07972929814,30836.9020806415,26982.76361151317,29846.148445767187,65195661883.15085,530490562834.29736
1609628400,2021-01-03 00:00:00,BTC/EUR,29897.09613228989,32286.790300028824,29812.964840150096,30575.572434054997,115642778314.36664,578258003302.3217
1609714800,2021-01-04 00:00:00,BTC/EUR,30642.337847521136,31204.09428944378,27031.466337186244,29735.078122099152,121751580057.99203,550366434766.8351
1609801200,2021-01-05 00:00:00,BTC/EUR,29781.076205201385,31954.16126948637,27980.54651451515,31586.976929982608,116644324789.84532,556992162395.1171
1609887600,2021-01-06 00:00:00,BTC/EUR,31522.381788188304,34320.24686461791,30982.402247403024,34320.24686461791,112115631078.56091,601623714035.1122
1609974000,2021-01-07 00:00:00,BTC/EUR,34236.979760853355,37351.93204099917,33800.7753927945,36727.88597944647,131399858265.56567,657058709140.6305
1610060400,2021-01-08 00:00:00,BTC/EUR,36676.0969946619,38919.64623694445,34141.35928403128,37853.31448762752,160231603153.40604,687721265286.6044
1610146800,2021-01-09 00:00:00,BTC/EUR,37736.61992875875,38400.30686715677,36101.58198679147,37319.23527474356,125159629987.15924,697396818268.2454
1610233200,2021-01-10 00:00:00,BTC/EUR,37277.21565687396,38367.304822572514,33417.64716257474,35617.38656582875,100074748501.49188,686062158557.6157
1610319600,2021-01-11 00:00:00,BTC/EUR,35547.03727666861,35547.03727666861,28450.236926082263,33079.190449763315,170051893772.6631,593446244664.7795
1610406000,2021-01-12 00:00:00,BTC/EUR,33060.82196461791,33967.48042151326,30650.19367400608,31572.317080987454,164480855272.1193,602711780418.9408
1610492400,2021-01-13 00:00:00,BTC/EUR,31675.29626025258,34991.60836764221,30173.718714404484,34743.4944615778,117340083977.09802,599920863971.7992
1610578800,2021-01-14 00:00:00,BTC/EUR,34775.8489730296,37199.28038568106,34299.61032896335,36552.63809182546,106884248416.96506,666460035907.9503
1610665200,2021-01-15 00:00:00,BTC/EUR,36529.95790446484,36869.5878502032,32177.336675056027,34110.75188881046,109091847322.96687,648603363267.8239
1610751600,2021-01-16 00:00:00,BTC/EUR,34254.58581240595,35256.31616866148,33130.11251386137,33645.04478745361,115033035784.04108,637181078151.8939
1610838000,2021-01-17 00:00:00,BTC/EUR,33536.5564106083,34114.29533274372,31707.88269646514,33280.71220605883,86361486814.8668,616829827990.1176
1610924400,2021-01-18 00:00:00,BTC/EUR,33314.29653662175,34749.6812289494,32401.01940964298,34144.13154110425,79933836095.64003,623482052191.6735
1611010800,2021-01-19 00:00:00,BTC/EUR,34067.38477580094,35061.777456481504,33631.616567428326,33644.40057482632,88065845895.3743,637156376297.4186
1611097200,2021-01-20 00:00:00,BTC/EUR,33481.75315491913,33824.4509821769,31241.49938616373,33140.93034630844,91311836998.77702,608059770224.2126
1611183600,2021-01-21 00:00:00,BTC/EUR,32993.44777638497,32993.44777638497,28088.01563811157,28729.74021689684,96976395396.40356,570642489622.6736
1611270000,2021-01-22 00:00:00,BTC/EUR,28678.9601058998,31434.27521675176,26967.15567055678,30537.00450582168,129475187314.5656,550975397860.3716
1611356400,2021-01-23 00:00:00,BTC/EUR,30667.514937729356,30962.28360344,29261.47220755424,29802.04372211217,85993549153.88728,559397263324.3901
1611442800,2021-01-24 00:00:00,BTC/EUR,29834.759880446203,30635.066189571186,28943.12517805522,30002.8311898353,66880051396.79762,557293582527.7748
1611529200,2021-01-25 00:00:00,BTC/EUR,29968.20270374689,32380.30577912098,29880.92254554492,30013.097714371004,79915504345.14015,577180406105.2471
1611615600,2021-01-26 00:00:00,BTC/EUR,30043.89408720531,30478.722624100472,28842.18625563243,30296.72804256619,87549457837.19914,553322702220.8298
1611702000,2021-01-27 00:00:00,BTC/EUR,30227.99057977197,30227.99057977197,27276.261701309413,28183.41450105739,84400671978.87187,538356997591.91583
1611788400,2021-01-28 00:00:00,BTC/EUR,28272.30880175208,31392.04249171944,27837.056798616184,30798.736003276324,95408594580.95442,549271836916.058
1611874800,2021-01-29 00:00:00,BTC/EUR,30998.60665705624,35637.66568519468,29770.27620688,31843.67644604339,141702119758.87665,605725443717.2898
1611961200,2021-01-30 00:00:00,BTC/EUR,31907.454406582405,32385.185830876315,30724.721877796685,31929.161378544388,133969889188.46576,589240176122.2036
1612047600,2021-01-31 00:00:00,BTC/EUR,31875.33739945782,31875.33739945782,29957.795873925174,30816.002632646072,73625129049.09825,578674811822.1868
1612134000,2021-02-01 00:00:00,BTC/EUR,30766.43860361019,32177.36394311488,30133.53990958718,31166.88632426322,83488705251.12627,583256163062.2411
1612220400,2021-02-02 00:00:00,BTC/EUR,31188.31019179384,33426.649832780924,31188.31019179384,33020.97825600256,80683985969.98967,600358237504.1567
1612306800,2021-02-03 00:00:00,BTC/EUR,32992.16193519888,34935.094540732265,32992.16193519888,34922.610970793925,83096418088.39142,632473310024.3918
1612393200,2021-02-04 00:00:00,BTC/EUR,35022.217794063,36022.445632719544,33778.5475810944,34351.69569636749,88395284024.82346,649459566763.0546
1612479600,2021-02-05 00:00:00,BTC/EUR,34388.660421850844,35599.75719867942,34069.21450317868,35289.05176649555,93168027064.70947,650561320817.9316
1612566000,2021-02-06 00:00:00,BTC/EUR,35618.33941299277,37997.70445085977,35608.05610914264,36447.384009162175,98812383628.7242,690189881088.6353
1612652400,2021-02-07 00:00:00,BTC/EUR,36511.769533538856,36878.11694760669,34771.675506694,36165.72109508225,95779877862.02425,669636248795.1633
1612738800,2021-02-08 00:00:00,BTC/EUR,36136.40687356154,42988.86477903263,35380.32574642562,42988.86477903263,110564996142.03488,712625637654.9386
1612825200,2021-02-09 00:00:00,BTC/EUR,43275.15083160357,44540.12556986673,42002.31378862725,43254.86201879121,170370947352.9727,807354867955.6565
1612911600,2021-02-10 00:00:00,BTC/EUR,43248.61191197072,43970.95333923034,40792.97730069004,41725.02513568339,120424150034.70451,792419710191.2682
1612998000,2021-02-11 00:00:00,BTC/EUR,41672.053265053146,45125.59371325316,40965.52835539343,44341.92119126375,116969512798.83607,800685893690.4288
1613084400,2021-02-12 00:00:00,BTC/EUR,44631.62231836713,45247.6861361456,43206.76804375098,44288.11662039078,127730059889.78345,823647234813.3765
1613170800,2021-02-13 00:00:00,BTC/EUR,43987.8574377991,44722.37395419375,43153.3518297157,43761.9335849343,133024224529.23088,817896403212.7045
1613257200,2021-02-14 00:00:00,BTC/EUR,43824.28991950729,46095.52839969775,43824.28991950729,45265.30490321308,134605030145.50404,840977127272.5886
1613343600,2021-02-15 00:00:00,BTC/EUR,45237.65998625115,45462.00310111784,42935.375763053686,44622.360007610034,113395997790.65717,828594301082.6075
1613430000,2021-02-16 00:00:00,BTC/EUR,44572.15008072426,46819.01394127723,43883.62631148992,45811.874726046924,119592186419.28174,846249154371.5658
1613516400,2021-02-17 00:00:00,BTC/EUR,45688.70527097992,48837.94753212435,45651.58977173599,48477.73245623134,132722237637.02246,881876777758.0396
1613602800,2021-02-18 00:00:00,BTC/EUR,48444.53666908461,48818.204092205815,47355.28734868267,48039.92120564498,111701454143.24734,899169481010.8882
1613689200,2021-02-19 00:00:00,BTC/EUR,47954.2424826019,52292.052013481945,47295.59949255271,51888.471996372136,105139204215.50208,919772715247.746
1613775600,2021-02-20 00:00:00,BTC/EUR,51931.20972763347,53501.86618563271,50920.062717809145,52087.14619823024,130619295493.21593,974539667566.7928
1613862000,2021-02-21 00:00:00,BTC/EUR,52050.638081492434,54219.63515560732,51670.28599796612,53351.13889436524,129985269232.44576,987801918316.5692
1613948400,2021-02-22 00:00:00,BTC/EUR,53391.189186932825,53391.189186932825,45950.58228722669,50361.90719875847,138810214587.80594,947936411924.6204
1614034800,2021-02-23 00:00:00,BTC/EUR,50311.99086920645,50311.99086920645,42087.41811953705,45117.48658917687,197297020448.31665,849312731545.6688
1614121200,2021-02-24 00:00:00,BTC/EUR,45466.73966488853,47636.95407195546,43866.37195987036,46106.32206533679,162335832658.52872,862249424815.0402
1614207600,2021-02-25 00:00:00,BTC/EUR,46190.45393336681,48165.53797375963,43954.855523259765,44055.44363907504,115878459406.157,866326959539.5936
1614294000,2021-02-26 00:00:00,BTC/EUR,43696.67488209506,44993.13786642114,41384.18267990588,42970.043169710494,127192260295.93594,807882481757.4949
1614380400,2021-02-27 00:00:00,BTC/EUR,43026.557140794575,44961.40850588492,41975.71122828353,42967.30532875597,111557705699.58466,816812976178.5399
1614466800,2021-02-28 00:00:00,BTC/EUR,42902.274788530536,43282.26986477508,40142.234011289045,41836.84851024933,88214608626.33322,776295933301.2303
1614553200,2021-03-01 00:00:00,BTC/EUR,41950.6086978536,46269.053158460505,41863.66862012201,46087.97334265268,104870746250.18716,824503129265.2588
1614639600,2021-03-02 00:00:00,BTC/EUR,46117.77642945437,46665.89736850896,43848.87812152071,44867.52046566973,103787432760.08871,842373815449.5123
1614726000,2021-03-03 00:00:00,BTC/EUR,45072.916456815365,48836.23514894679,44773.56321268123,47051.10228829153,100777651530.44144,873729645136.8566
1614812400,2021-03-04 00:00:00,BTC/EUR,46918.61659898632,48116.19642241069,44297.96077125612,45126.22602603855,110840918131.36604,856443175075.9202
1614898800,2021-03-05 00:00:00,BTC/EUR,45057.62744489672,45931.77738325289,43164.717089480975,45477.8856717267,109607011550.58752,827194112106.9003
1614985200,2021-03-06 00:00:00,BTC/EUR,45401.69122565261,45645.31755193854,43854.17658745268,45461.9688033842,90729322994.7645,838512943414.1147
1615071600,2021-03-07 00:00:00,BTC/EUR,45450.7100219922,47809.639025495446,45450.7100219922,47809.639025495446,80424016384.9258,870386043984.2177
1615158000,2021-03-08 00:00:00,BTC/EUR,47368.10032802685,48663.02340885808,45918.00749157064,48663.02340885808,94530637963.88626,880378639818.6836
1615244400,2021-03-09 00:00:00,BTC/EUR,48605.50754185661,51000.17592499791,48336.74558216016,50925.29613962559,108955035198.7758,935605321634.0422
1615330800,2021-03-10 00:00:00,BTC/EUR,51013.95122017316,53275.33265465223,49451.19661067618,52077.80159111681,112020346233.2304,959963750883.4113
1615417200,2021-03-11 00:00:00,BTC/EUR,51953.70535280622,54061.07731806396,50668.21544922578,53598.28493813668,128916825272.95515,975934501812.6832
1615503600,2021-03-12 00:00:00,BTC/EUR,53675.64254552353,53967.767588616094,51330.66402473565,53267.63479531661,123089637736.97614,985746884391.1353
1615590000,2021-03-13 00:00:00,BTC/EUR,53241.57936483088,57344.721851959934,52161.99720886086,57006.01454964985,124501169294.4193,1019988173022.2867
1615676400,2021-03-14 00:00:00,BTC/EUR,56932.87245868556,57303.60797060421,55222.32973778701,55222.32973778701,113783647815.2158,1048984741050.672
1615762800,2021-03-15 00:00:00,BTC/EUR,55008.79114302002,56311.204147682016,51463.58743754987,51822.25181945986,118984672388.4472,997741334080.1372
1615849200,2021-03-16 00:00:00,BTC/EUR,51680.192169080896,52812.62171620679,49654.54309889984,52503.044235789406,120734055164.38551,960183508191.2166
1615935600,2021-03-17 00:00:00,BTC/EUR,52876.25297932929,54742.141641320944,50569.143882360106,54601.06458742478,96234234051.78564,973780761643.896
1616022000,2021-03-18 00:00:00,BTC/EUR,54767.58083531512,55821.7800549926,53276.429550468245,53648.33724871522,105259149014.69608,1014604339807.0156
1616108400,2021-03-19 00:00:00,BTC/EUR,53628.577600533805,55286.32381517823,52402.66797242976,54024.14573466227,94515707887.60382,1011185973395.3136
1616194800,2021-03-20 00:00:00,BTC/EUR,54030.14851183308,55677.86364608617,53954.35615655126,54143.36597569028,81799739943.94823,1019652470064.755
1616281200,2021-03-21 00:00:00,BTC/EUR,53992.588046015495,54450.39942713128,52012.7148487208,53373.69983490778,88880342458.01494,994018160098.4722
1616367600,2021-03-22 00:00:00,BTC/EUR,53366.494226366834,54124.943038622136,50064.37684766156,50451.49752689786,86068543067.43364,985469069766.922
1616454000,2021-03-23 00:00:00,BTC/EUR,50391.33031891861,51892.06632629337,49488.04410816617,50776.96417770368,101786356976.08128,949217761803.7236
1616540400,2021-03-24 00:00:00,BTC/EUR,50651.39757356899,53035.581099052346,48429.34527460871,48902.88703663384,92935899660.72343,957204185958.6648
1616626800,2021-03-25 00:00:00,BTC/EUR,48715.04232963015,49418.41758422193,47031.94889412158,47812.39666605474,122255609327.64578,904757488439.5232
1616713200,2021-03-26 00:00:00,BTC/EUR,47759.8643695245,51151.56822246556,47759.8643695245,51151.56822246556,100942951295.82916,923327981530.3408
1616799600,2021-03-27 00:00:00,BTC/EUR,51156.484795295226,52503.79331875215,50250.22894144928,52002.60405293362,82309764404.88853,957540298438.7192
1616886000,2021-03-28 00:00:00,BTC/EUR,51931.69729529894,52533.8931823043,51009.69040909893,51950.59007337555,76269103882.28452,969106132306.8162
1616968800,2021-03-29 00:00:00,BTC/EUR,51845.20642330626,54255.10694895888,51143.73796836202,53627.25494200262,85093305090.75264,988012216481.9208
1617055200,2021-03-30 00:00:00,BTC/EUR,53578.59087828027,55158.17925954207,53139.80414585832,54584.29685181113,91221357354.41592,1013034420604.0153
1617141600,2021-03-31 00:00:00,BTC/EUR,54649.2834084898,55592.17513414985,53424.99232765114,54608.01678589403,95651724754.5094,1019027213853.0153
1617228000,2021-04-01 00:00:00,BTC/EUR,54638.08887601763,55165.83497518901,54076.4304220201,54641.64567504115,107556110173.87842,1022213470287.9122
1617314400,2021-04-02 00:00:00,BTC/EUR,54615.637063940885,55858.21160575751,54431.36095037989,54834.81441877446,97767833917.87296,1029141526364.8798
1617400800,2021-04-03 00:00:00,BTC/EUR,54846.44471623841,55511.5346015791,53030.28157293845,53138.35147761906,84826276532.12776,1023321746431.1008
1617487200,2021-04-04 00:00:00,BTC/EUR,53094.92895652056,54322.58648411963,52627.30922855043,54139.06016051483,97381518343.24184,1002061199816.7268
1617573600,2021-04-05 00:00:00,BTC/EUR,54123.0539940602,54994.12251578643,52864.76103468552,54662.220762562654,91074194991.78012,1008591845577.197
1617660000,2021-04-06 00:00:00,BTC/EUR,54958.19889503482,55239.74266757061,53566.892246418174,54025.64734388211,97233860842.82312,1015326464852.1624
1617746400,2021-04-07 00:00:00,BTC/EUR,53919.68382891964,54522.14090378131,51668.38433141943,52147.30124969636,101395717805.4642,989628250917.74
1617832800,2021-04-08 00:00:00,BTC/EUR,51960.73968478736,54020.75786564648,51911.33651009866,53957.42543871885,97356610045.87914,993155234459.296
1617919200,2021-04-09 00:00:00,BTC/EUR,54010.60179114471,54721.43328776423,53680.60761282352,54087.21368189046,71859989250.9279,1011165955481.5316
1618005600,2021-04-10 00:00:00,BTC/EUR,54064.81042323466,56924.82028104046,53894.22751800537,55564.021613458695,95812416998.89496,1040378660957.675
1618092000,2021-04-11 00:00:00,BTC/EUR,55535.30063600795,56347.64123476736,55098.16319725004,55815.90686625933,91022363062.02078,1039129082137.491
1618178400,2021-04-12 00:00:00,BTC/EUR,55806.14812475425,56817.23881993043,55414.03158982041,55743.5947511834,93908997703.6428,1044381552853.068
1618264800,2021-04-13 00:00:00,BTC/EUR,55676.39427503278,59259.09289586994,55676.39427503278,59080.3225176464,147337033425.85605,1080091042181.9384
1618351200,2021-04-14 00:00:00,BTC/EUR,59095.79741279097,60277.78727018664,57221.140343535226,58243.80022362618,161709016477.34277,1101969704502.7322
1618437600,2021-04-15 00:00:00,BTC/EUR,58588.82964888169,59173.64617917027,57743.02746235899,58759.1626444959,157388383154.64554,1092577720548.9438
1618524000,2021-04-16 00:00:00,BTC/EUR,58781.43570571659,59047.84755740311,55941.788249072335,57198.30801332012,154014408768.7914,1071697760020.352
1618610400,2021-04-17 00:00:00,BTC/EUR,57047.83721632211,58049.95792472821,55582.41962633336,55871.690427698566,148564414970.07352,1064587300019.516
1618696800,2021-04-18 00:00:00,BTC/EUR,55825.30294153205,56054.31093007467,48888.61599076249,52113.50307132122,172802126866.55817,972437337395.2128
1618783200,2021-04-19 00:00:00,BTC/EUR,52249.64471083893,53403.5519403798,50529.53119681667,51756.49812359177,129741005252.92104,978736292733.348
1618869600,2021-04-20 00:00:00,BTC/EUR,51757.062630668,52993.85282109942,49743.10186089334,52417.13398246055,114316169627.94064,963878833058.1876
1618956000,2021-04-21 00:00:00,BTC/EUR,52501.05552920608,52744.73423833664,49953.75201108537,50116.08961303462,106615119557.2244,963185355933.3926
1619042400,2021-04-22 00:00:00,BTC/EUR,50096.80179300467,51457.21432072836,47049.53976898697,48213.67240270531,118459021476.75186,934825024985.3412
1619128800,2021-04-23 00:00:00,BTC/EUR,48117.39144994373,48405.13186757154,44389.141533911774,47447.70355142984,160580213511.89026,866451428029.8649
1619215200,2021-04-24 00:00:00,BTC/EUR,47507.27571960308,47507.27571960308,45354.57278391968,46506.2596601726,110364285300.75533,869486621837.4435
1619301600,2021-04-25 00:00:00,BTC/EUR,46563.42649382399,46937.44943224618,43894.95547302867,45557.64643818132,68768006768.25491,862125655183.1514
1619388000,2021-04-26 00:00:00,BTC/EUR,45611.48455267416,50432.25676654111,45399.83987345925,50176.60962797942,90802930223.72668,919347149029.9636
1619474400,2021-04-27 00:00:00,BTC/EUR,50212.56380983083,51514.052745079,49572.69201796724,51078.3274283477,81876028732.44298,947979876955.4984
1619560800,2021-04-28 00:00:00,BTC/EUR,51155.61717797338,52227.12500256861,50105.22786011215,50931.8781913707,74380603525.27824,951648087722.7712
1619647200,2021-04-29 00:00:00,BTC/EUR,50971.32674241739,51295.93152205265,48722.536196529305,49856.71685268346,72750643422.36632,936398897685.583
1619733600,2021-04-30 00:00:00,BTC/EUR,49799.42155139543,53766.83973990551,49381.46918505705,53714.483470702784,75803131213.68721,960393212492.8672
1619820000,2021-05-01 00:00:00,BTC/EUR,53669.72008912572,54342.18847277478,53106.73742106315,53746.913733267305,78197639760.12085,1004000109998.8124
1619906400,2021-05-02 00:00:00,BTC/EUR,53747.79151043904,53802.58344915231,52217.57692780273,52603.26051576784,65257112533.18648,987979793948.186
1619992800,2021-05-03 00:00:00,BTC/EUR,52605.74356685173,54772.09868965581,52592.35183066893,53205.56188621209,74265310379.48016,1007057229386.9402
1620079200,2021-05-04 00:00:00,BTC/EUR,53158.25622877549,53158.25622877549,49568.381266525306,49595.353480216494,97024533464.17072,961104237725.1902
1620165600,2021-05-05 00:00:00,BTC/EUR,49506.39319532777,53800.26399419691,49506.39319532777,53323.6243246008,97255617641.52702,971275970445.832
1620252000,2021-05-06 00:00:00,BTC/EUR,53404.17003785025,54223.1592739261,51521.01938579453,52529.540868044896,90774213463.56102,989916157099.2982
1620338400,2021-05-07 00:00:00,BTC/EUR,52439.51864148276,54450.60545240725,51527.34505686559,53324.73100279924,89784040871.55144,987567877281.357
1620424800,2021-05-08 00:00:00,BTC/EUR,53322.18285299779,55269.65361785285,53016.57227352621,54600.31436240828,89758526470.85535,1016875292303.9902
1620511200,2021-05-09 00:00:00,BTC/EUR,54655.03534502971,54973.96881885166,52383.70546370096,54096.7809771336,95502438010.55013,1007905262763.8954
1620597600,2021-05-10 00:00:00,BTC/EUR,54139.29630263929,55285.43044031191,50776.03804438244,51867.19977750839,90766005254.96645,1003736504431.9434
1620684000,2021-05-11 00:00:00,BTC/EUR,51897.65516301091,52849.79440678421,50730.43123283393,52750.2662918236,101987215153.50992,970904771786.8584
1620770400,2021-05-12 00:00:00,BTC/EUR,52709.36338330311,53832.73285424583,46947.739197553215,46947.739197553215,85125562953.33484,972194885383.7096
1620856800,2021-05-13 00:00:00,BTC/EUR,46290.83132594277,47706.32108547461,43909.53261365585,46178.81783879976,136719204557.7019,866649604226.0007
1620943200,2021-05-14 00:00:00,BTC/EUR,46221.96181446493,47786.786639248014,45476.25923109579,46392.06167638497,97316677991.35751,872209902344.6947
1621029600,2021-05-15 00:00:00,BTC/EUR,46370.83465061239,47026.99513732481,43499.54895888551,43510.69013940425,74788077543.73602,849534476637.2737
1621116000,2021-05-16 00:00:00,BTC/EUR,43495.7732332673,46216.455597742926,40957.47387695319,43146.546513033696,80120290858.91907,829953949946.254
1621202400,2021-05-17 00:00:00,BTC/EUR,43159.231463140175,43159.231463140175,39328.6963729273,40538.75900677119,105964255411.88467,770477928476.7443
1621288800,2021-05-18 00:00:00,BTC/EUR,40484.25359744906,42498.070288015326,39403.73746080499,40007.6019448837,90560074040.4381,768261417932.2052
1621375200,2021-05-19 00:00:00,BTC/EUR,39853.40193894205,40454.100561985135,29294.42604048768,34385.71430532693,135105866124.71889,679624075582.9283
1621461600,2021-05-20 00:00:00,BTC/EUR,34279.34056379023,39363.306642859134,32720.237500245512,37561.75367315268,176042580147.68713,692169506011.9045
1621548000,2021-05-21 00:00:00,BTC/EUR,37645.87227631616,39081.19670042501,31257.02833654177,34635.25440075549,103734542207.01184,679701260518.5731
1621634400,2021-05-22 00:00:00,BTC/EUR,34616.16525990289,35996.46606961842,32977.82237126909,34925.46196839922,106007854855.07268,651961341816.7262
1621720800,2021-05-23 00:00:00,BTC/EUR,34874.10838006491,35523.58898529699,29092.356824228744,32395.61629183945,80306510057.75186,609434968142.3219
1621807200,2021-05-24 00:00:00,BTC/EUR,32358.032090944136,36892.41041951473,32084.979612742754,35915.33177123202,101297430579.3454,642925588089.6907
1621893600,2021-05-25 00:00:00,BTC/EUR,35986.16986960185,36937.84302072039,33986.10073024465,35493.48378169223,81831875313.01633,661779789678.782
1621980000,2021-05-26 00:00:00,BTC/EUR,35635.913288297685,37859.177346035394,35295.998584419176,36441.110448466105,69818385218.66452,682573589697.4246
1622066400,2021-05-27 00:00:00,BTC/EUR,36481.48606833578,37431.731704116886,34602.84202401212,35785.40885208239,66575475067.08784,674740930177.7675
1622152800,2021-05-28 00:00:00,BTC/EUR,35760.98180710187,36046.14676740333,32345.66489040166,33173.097489979446,65897158141.45332,636896779029.0367
1622239200,2021-05-29 00:00:00,BTC/EUR,33167.67569678877,34550.36093525992,31305.27147545482,32106.138809065465,73460690139.81757,613388882339.6659
1622325600,2021-05-30 00:00:00,BTC/EUR,32154.897748514348,33767.81147411396,31181.07673278836,33124.234004853584,69511897539.06686,617392871752.0857
1622412000,2021-05-31 00:00:00,BTC/EUR,33139.61814952245,34866.51042974453,31818.810132676008,34691.80415394672,78439894847.49644,629028141603.0876
1622498400,2021-06-01 00:00:00,BTC/EUR,34661.80142271711,35144.22754001144,33241.16212587447,34043.27204754066,63055784577.61803,636900930547.1655
1622584800,2021-06-02 00:00:00,BTC/EUR,34111.1793097676,35533.30466133948,33512.70819964846,34988.17063303853,60541682098.782646,649044419790.6685
1622671200,2021-06-03 00:00:00,BTC/EUR,34942.87122543686,36668.368533139896,34649.76889955268,36411.30299733095,54731779278.56154,670829049781.0558
1622757600,2021-06-04 00:00:00,BTC/EUR,36448.26976908554,36448.26976908554,33274.35389522826,34323.894019287814,62648881283.705376,645759970203.8691
1622844000,2021-06-05 00:00:00,BTC/EUR,34267.83472365594,35230.95584208255,32475.73212807708,33023.89122934278,56718992594.24589,637086754713.232
1622930400,2021-06-06 00:00:00,BTC/EUR,33025.85349068623,33846.794733672315,32828.771773196066,33275.68376902975,50705214918.18272,625953213723.7102
1623016800,2021-06-07 00:00:00,BTC/EUR,33318.91861730324,34207.43241358145,31200.889137183112,31200.889137183112,48243573831.14219,624929159634.2917
1623103200,2021-06-08 00:00:00,BTC/EUR,31215.93244613081,31619.335634821196,29035.04170967832,31032.68705250156,62603382045.92977,572331274030.8477
1623189600,2021-06-09 00:00:00,BTC/EUR,31064.76083786708,34879.879721286765,30160.80313217829,34730.20759196364,67500403055.71313,606834740348.9169
1623276000,2021-06-10 00:00:00,BTC/EUR,34728.57179062863,35574.39388444048,33330.561987928835,34288.48031693775,73705729994.20007,644212423518.9922
1623362400,2021-06-11 00:00:00,BTC/EUR,34080.9084061044,34935.6824670554,33536.69242715918,34595.64396581387,60771035863.60682,644311711427.8333
1623448800,2021-06-12 00:00:00,BTC/EUR,34714.542123520165,34714.542123520165,32316.823364180356,33049.96791563206,59416236450.11526,622130655469.1307
1623535200,2021-06-13 00:00:00,BTC/EUR,33020.645593281806,36601.1055802602,32402.67276734648,36259.98567828214,53299210012.38942,633632357271.5228
1623621600,2021-06-14 00:00:00,BTC/EUR,36368.36574319486,38054.87821889908,36069.637028150544,37664.23011466674,71244294552.89062,690945514066.5793
1623708000,2021-06-15 00:00:00,BTC/EUR,37690.027806452206,38377.82381916876,36880.04189114733,37389.45772768276,66992334671.06031,700513251340.8425
1623794400,2021-06-16 00:00:00,BTC/EUR,37348.073542951206,37607.075045070735,35514.14615069623,35609.03878694818,59590636235.203445,686887594152.0164
1623880800,2021-06-17 00:00:00,BTC/EUR,35655.9544978705,36755.21952217541,34909.38258516307,35415.63671195677,64206745757.15624,672718507923.0856
1623967200,2021-06-18 00:00:00,BTC/EUR,35363.529838462186,35458.67626407759,32754.770692417693,33086.39529801263,57264426806.205246,644571020882.0482
1624053600,2021-06-19 00:00:00,BTC/EUR,33225.60425559617,33751.7413906946,32417.05958392619,33140.250537064414,58427715014.76087,622883663179.1229
1624140000,2021-06-20 00:00:00,BTC/EUR,33059.621125463826,33392.45226869031,31114.468675173823,33152.467858411124,51328811532.59946,611144632966.2349
1624226400,2021-06-21 00:00:00,BTC/EUR,33179.262680898035,33179.262680898035,29106.334105218124,29393.36365073608,73105618746.3655,578106554526.4487
1624312800,2021-06-22 00:00:00,BTC/EUR,29474.84864548168,30951.901138967634,26876.442634080107,30100.689116424404,90292898904.58205,557577510281.0254
1624399200,2021-06-23 00:00:00,BTC/EUR,30197.286313459623,32289.67999330413,29544.82976685359,31290.303081029306,89897783961.65425,588055460965.004
1624485600,2021-06-24 00:00:00,BTC/EUR,31258.860400450107,32713.71862470906,30060.73710347906,32159.09306048076,56280002027.11776,587167187967.8291
1624572000,2021-06-25 00:00:00,BTC/EUR,32235.79776100837,32960.085813341175,29159.984748300456,29488.33238284717,56494959580.72003,581842714815.552
1624658400,2021-06-26 00:00:00,BTC/EUR,29447.673457177905,30334.426194118965,28079.44221212133,29627.89573045411,63637609224.08015,548633463465.4223
1624744800,2021-06-27 00:00:00,BTC/EUR,30015.1308019232,32157.86439007151,29854.81126021817,32157.86439007151,56273996432.90463,575871933565.2598
1624831200,2021-06-28 00:00:00,BTC/EUR,32197.82570283365,32645.67595976313,31610.03078239358,32027.75065331213,52487023268.58696,600788538995.8224
1624917600,2021-06-29 00:00:00,BTC/EUR,32058.430748914245,33916.43018460669,31867.459011057483,33330.902796899194,54668020977.90673,619537539198.664
1625004000,2021-06-30 00:00:00,BTC/EUR,33347.17332029845,33555.25470239114,31749.593133015274,32605.55660926374,53446443492.08704,608757885005.6086
1625090400,2021-07-01 00:00:00,BTC/EUR,32567.683918657724,32567.683918657724,30568.268537415024,31274.04700127407,52039155190.43675,587856484648.4524
1625176800,2021-07-02 00:00:00,BTC/EUR,31158.97106826995,31490.704833114785,30486.33354104629,31476.166510568124,50124625993.40126,580213945994.188
1625263200,2021-07-03 00:00:00,BTC/EUR,31436.99258605662,32442.243487803287,31063.527048517142,32268.786214742173,37434981882.74726,597873062986.9436
1625349600,2021-07-04 00:00:00,BTC/EUR,32246.59374443538,33405.29531568228,31991.396435412054,32839.87347059587,36088083916.58684,614980377434.1375
1625436000,2021-07-05 00:00:00,BTC/EUR,32835.97715611641,32835.97715611641,30806.201117837976,31495.266160512605,47072886109.6903,594444072982.2362
1625522400,2021-07-06 00:00:00,BTC/EUR,31332.166475962425,32592.16583433306,31292.63842847947,31718.70507551374,56745615709.66385,595444958297.5897
1625608800,2021-07-07 00:00:00,BTC/EUR,31824.63537216917,32508.086190702044,31490.488522673644,31496.122091927573,53897431115.32703,602429073161.6228
1625695200,2021-07-08 00:00:00,BTC/EUR,31497.263888909223,31497.263888909223,29847.064512829096,30538.70144150296,61608251617.49647,573586394398.1641
1625781600,2021-07-09 00:00:00,BTC/EUR,30593.430901108364,31654.18420049062,30058.272652028754,31494.94218478546,71532966117.04749,578355806224.2501
1625868000,2021-07-10 00:00:00,BTC/EUR,31445.930558265416,31819.8029185666,30819.304559700173,31199.785478456863,61399914215.18329,587744696374.4263
1625954400,2021-07-11 00:00:00,BTC/EUR,31165.096428747765,32116.29420900408,30991.565066168198,31851.662378130597,51894652476.0665,589293699504.4944
1626040800,2021-07-12 00:00:00,BTC/EUR,31828.383650989923,32141.23631764454,30417.193787636385,30893.388760662263,55580397252.62746,587693052292.0784
1626127200,2021-07-13 00:00:00,BTC/EUR,30828.879356098583,30955.167613838166,30012.991844060667,30287.245779867942,50605943555.07196,572889661596.754
1626213600,2021-07-14 00:00:00,BTC/EUR,30425.55422764806,30732.202475611222,29496.95431000009,30481.209376376573,44032879053.40265,566493770936.3467
1626300000,2021-07-15 00:00:00,BTC/EUR,30526.263433094744,30820.89482837188,29021.482576793234,29425.966060963,51855280506.654015,559958860491.544
1626386400,2021-07-16 00:00:00,BTC/EUR,29527.643705419,29928.479975622195,28931.927633681946,29187.986496666013,50240189825.38044,553782377691.3094
1626472800,2021-07-17 00:00:00,BTC/EUR,29184.954756391297,29654.48390666704,29022.7008527932,29359.679714309623,37182498822.74653,550357772210.388
1626559200,2021-07-18 00:00:00,BTC/EUR,29306.512661700563,30105.61801932502,29117.69848133992,29585.50716550884,32950489460.1043,554102695483.8904
1626645600,2021-07-19 00:00:00,BTC/EUR,29547.11752178482,29650.329672000044,28414.409136140017,28691.74827255903,34045120994.956394,543990829664.05457
1626732000,2021-07-20 00:00:00,BTC/EUR,28656.120674422717,28777.622780831214,27299.342502952688,27676.18967906332,43790919293.50325,520483565210.3507
1626818400,2021-07-21 00:00:00,BTC/EUR,27714.83971765756,30471.832302691,27473.09098010769,29892.345320797176,46748686592.47357,544106689950.1356
1626904800,2021-07-22 00:00:00,BTC/EUR,29879.93006537771,30214.277078741547,29512.326907159928,30074.259037096966,50769168219.01275,560562512998.7905
1626991200,2021-07-23 00:00:00,BTC/EUR,30032.772554380677,31160.053395141706,29829.96501569448,31160.053395141706,40637023820.550735,566646959888.1722
1627077600,2021-07-24 00:00:00,BTC/EUR,31226.3788147088,32069.71142668489,31091.538384161235,31816.31931850942,44914486184.08884,590676005465.6759
1627164000,2021-07-25 00:00:00,BTC/EUR,31847.999763648917,32776.646300067885,31526.095721392423,32760.79011243478,37602486855.67459,599607577652.3501
1627250400,2021-07-26 00:00:00,BTC/EUR,32865.61764733234,37662.38678120026,32848.71988021836,34605.9388630044,78172215458.44063,668211676930.412
1627336800,2021-07-27 00:00:00,BTC/EUR,34681.58357280362,36459.28075216918,33909.01989230812,36440.96941290257,81891224617.64836,657391826627.8853
1627423200,2021-07-28 00:00:00,BTC/EUR,36692.41785936816,37958.45771838295,36211.47783388667,37199.239274986285,80255731120.39026,695618170218.5197
1627509600,2021-07-29 00:00:00,BTC/EUR,37214.48167471101,37703.36374373425,36585.16240430095,37193.2501929712,66089216166.38818,695511650424.01
1627596000,2021-07-30 00:00:00,BTC/EUR,37190.40444903235,39147.37419672832,35684.58920996955,39147.37419672832,54084400755.97176,691458237004.8752
1627682400,2021-07-31 00:00:00,BTC/EUR,39318.37922792921,39318.37922792921,38262.12463614466,38781.16298085136,68089862273.01988,726584278973.9872
1627768800,2021-08-01 00:00:00,BTC/EUR,38671.01875376004,39501.87789853821,36880.51263294759,37311.51662919591,54410618886.274605,724020741085.1532
1627855200,2021-08-02 00:00:00,BTC/EUR,37123.89845912762,37541.69572859415,36045.86669642608,36411.58226574837,61674088527.22934,691321107573.9904
1627941600,2021-08-03 00:00:00,BTC/EUR,36435.022775796526,36874.897087970574,35169.25666564368,35576.49564303583,54553628344.18828,671528007126.6605
1628028000,2021-08-04 00:00:00,BTC/EUR,35526.127835281644,37143.51110272602,34982.246649741,36987.6700224904,51845713000.62721,675960517831.7802
1628114400,2021-08-05 00:00:00,BTC/EUR,36957.49642939903,38396.116396506986,34839.43503308353,37989.70601699663,54908834511.00013,688321997835.9717
1628200800,2021-08-06 00:00:00,BTC/EUR,38002.20899310795,39986.78496033628,37162.10225162043,39796.508758368,65481854690.98259,721898809449.9547
1628287200,2021-08-07 00:00:00,BTC/EUR,39780.39071080451,41538.34922188437,39701.03548894306,41538.34922188437,69227969337.34644,760100611510.963
1628373600,2021-08-08 00:00:00,BTC/EUR,41475.555431558,42092.93240322884,40298.579230222655,40714.82000505741,70434438585.55986,773885643575.2274
1628460000,2021-08-09 00:00:00,BTC/EUR,40726.91613794221,43182.569476620425,39873.81577488068,43026.04346348757,68990385902.30438,783708712717.6318
1628546400,2021-08-10 00:00:00,BTC/EUR,43063.79528058997,43254.113870080655,41521.76482623292,42355.00810411081,67222474097.633606,796189770817.9248
1628632800,2021-08-11 00:00:00,BTC/EUR,42395.99627202635,43429.02231026049,42207.04848756305,42472.42325326191,61309003068.31955,804725724534.3248
1628719200,2021-08-12 00:00:00,BTC/EUR,42365.106715397706,42969.137448165326,40816.50019994606,41323.11887955807,74980284158.58873,784587372598.7532
1628805600,2021-08-13 00:00:00,BTC/EUR,41291.16917296729,44453.09834203108,41160.30866091938,44453.09834203108,62015442678.92589,806685047527.8488
1628892000,2021-08-14 00:00:00,BTC/EUR,44447.99850673493,44717.04091854286,42919.9229756621,43758.90197063118,59283586561.55807,822593072943.0997
1628978400,2021-08-15 00:00:00,BTC/EUR,43762.13151800909,44006.77305657078,42415.50474755647,43762.60534367472,56160115936.06272,810801866421.5725
1629064800,2021-08-16 00:00:00,BTC/EUR,43761.4728119856,44609.55137683787,42471.78118409514,42692.42948413916,61863975090.07456,819537949090.8148
1629151200,2021-08-17 00:00:00,BTC/EUR,42725.77853416288,43736.66477021972,41448.8740711808,41448.8740711808,70879997860.23572,803039117109.0002
1629237600,2021-08-18 00:00:00,BTC/EUR,41552.99221605334,42679.34771085009,41237.9291167964,41715.28834081968,69575450659.40868,788528231315.2307
1629324000,2021-08-19 00:00:00,BTC/EUR,41619.00901152248,43622.83649230117,40898.4475770302,43399.33255214872,53023206700.001335,789982466318.5988
1629410400,2021-08-20 00:00:00,BTC/EUR,43479.62605436672,45839.3841874515,43401.779426945286,45820.76755838378,60284934555.53592,834626449710.7261
1629496800,2021-08-21 00:00:00,BTC/EUR,45855.03193355284,46206.224925368966,44959.58364720215,45569.496786913296,62246269288.77431,856473128210.8284
1629583200,2021-08-22 00:00:00,BTC/EUR,45425.4626021549,45988.95923098341,44854.27364670696,45777.36900524007,50503402221.36007,853958129373.4291
1629669600,2021-08-23 00:00:00,BTC/EUR,45829.45204980013,46912.736181654254,45657.45516532416,46021.44835346744,58986165491.68648,871464635166.7115
1629756000,2021-08-24 00:00:00,BTC/EUR,46071.39739047141,46339.16287872405,44391.77468403872,44391.77468403872,60526041205.21203,854696552591.8383
1629842400,2021-08-25 00:00:00,BTC/EUR,44342.40195668145,45716.40161640737,43864.46567902612,45513.271582549816,55940253003.789154,843408063318.2341
1629928800,2021-08-26 00:00:00,BTC/EUR,45557.11398785444,45874.12521273331,43217.83704861014,43830.61174194868,59336089113.42384,827671058583.7955
1630015200,2021-08-27 00:00:00,BTC/EUR,43559.28242613621,45639.60950069283,43113.93261352751,45574.63521468627,53358894553.51062,834116090968.4258
1630101600,2021-08-28 00:00:00,BTC/EUR,45608.324545006464,45806.89999907002,45088.73057500767,45442.64793683564,49747460284.21549,854372810982.0315
1630188000,2021-08-29 00:00:00,BTC/EUR,45457.43752848069,46080.411888885785,44640.990151494014,45454.4953454417,44852531396.768,850239800620.433
1630274400,2021-08-30 00:00:00,BTC/EUR,45349.083317058656,45403.87401001444,43684.008965023386,43728.36769615638,44806009669.5153,840397074780.3191
1630360800,2021-08-31 00:00:00,BTC/EUR,43684.52603483711,44705.41794405268,43449.83688121344,43918.63553088004,52956609496.76624,826935194053.637
1630447200,2021-09-01 00:00:00,BTC/EUR,43831.49103962651,45504.01417292079,43289.73188628184,45331.61491318621,56485784376.927765,833432171396.4497
1630533600,2021-09-02 00:00:00,BTC/EUR,45410.98187465707,46792.55652242612,45302.627849231365,45865.355392498765,63961481415.68356,868041893796.5625
1630620000,2021-09-03 00:00:00,BTC/EUR,45838.700908592094,47429.04788475667,45089.03114508644,46487.58620290068,70002781162.07076,872475873216.9089
1630706400,2021-09-04 00:00:00,BTC/EUR,46500.50734009545,46988.05931423151,46048.950236680335,46474.99490835604,62050145924.87194,875337359622.4564
1630792800,2021-09-05 00:00:00,BTC/EUR,46419.801420595926,48203.68998130737,46023.10372085669,48078.86867728705,50086257855.81357,880168005930.9062
1630879200,2021-09-06 00:00:00,BTC/EUR,48123.97539268476,49016.70702787155,47417.31095797412,48953.53281440355,55166777711.29936,905362788684.1328
1630965600,2021-09-07 00:00:00,BTC/EUR,48980.85335118898,49169.699150926725,40689.699150926725,43599.39839485162,76490334941.78831,873798520649.0411
1631052000,2021-09-08 00:00:00,BTC/EUR,43502.97064047838,43972.20210361856,41399.50766769895,42753.997805243234,99499875798.2601,809567905761.7847
1631138400,2021-09-09 00:00:00,BTC/EUR,42826.94017427856,43908.56938720793,42443.40146476301,43076.70730686605,63145040810.69603,811882220250.9418
1631224800,2021-09-10 00:00:00,BTC/EUR,43129.26243153009,43730.48230995181,41140.80824707753,41693.94591226553,51681272633.43559,803332212370.7076
1631311200,2021-09-11 00:00:00,BTC/EUR,41711.68819574254,42695.47412008887,41670.97276083661,41938.50114852737,51477887288.54055,793668219885.0769
1631397600,2021-09-12 00:00:00,BTC/EUR,41976.24761692194,43134.217048372586,41625.75209922357,42833.097582977614,44813165934.97775,798311156055.5299
1631484000,2021-09-13 00:00:00,BTC/EUR,42832.55270671168,43011.6427403908,40351.19129226138,41839.89566683255,60575283664.45847,783638132777.1581
1631570400,2021-09-14 00:00:00,BTC/EUR,41786.3306245368,43870.645779278144,41697.574692528615,43721.1453654363,72072077604.10017,805370737986.4634
1631656800,2021-09-15 00:00:00,BTC/EUR,43772.83039924113,45017.32286173962,43503.86932549564,44725.58128504869,63909555599.78134,832272708865.6752
1631743200,2021-09-16 00:00:00,BTC/EUR,44778.627254043095,45053.79841717118,43735.40765746914,44468.23684773409,54898069512.61726,837970396304.7461
1631829600,2021-09-17 00:00:00,BTC/EUR,44417.90075235517,44758.31104710302,43590.00074398534,43892.85848468785,49606466707.3792,832496601752.0924
1631916000,2021-09-18 00:00:00,BTC/EUR,43970.57305471082,45335.24379469724,43798.10358135944,44835.13972974732,48584910823.305,843988532384.2417
1632002400,2021-09-19 00:00:00,BTC/EUR,44927.47807568191,44964.58499567559,43681.2285987966,43896.53191232132,47756216133.52883,835244445868.8628
1632088800,2021-09-20 00:00:00,BTC/EUR,43929.08768797254,43929.08768797254,39588.76780831922,39957.6022282361,67448114284.41525,781222650726.1384
1632175200,2021-09-21 00:00:00,BTC/EUR,39833.23410428814,40477.58400059519,37078.815179752935,37700.00130197435,79550928991.76552,743036516533.2435
1632261600,2021-09-22 00:00:00,BTC/EUR,37867.91367910052,40852.63287113244,37867.91367910052,40528.57645541925,94406566130.2739,744850264292.4583
1632348000,2021-09-23 00:00:00,BTC/EUR,40487.71782622978,41763.70941792447,40102.62729124236,41704.31046508384,62440056091.53499,771374106461.0598
1632434400,2021-09-24 00:00:00,BTC/EUR,41722.1616494155,41879.761366701074,38061.30225334561,39754.88965767375,63939350372.86594,754652476994.6598
1632520800,2021-09-25 00:00:00,BTC/EUR,39806.60296292163,39955.80042422652,38787.19925307425,39727.8295539904,62210938325.47498,745244449962.0641
1632607200,2021-09-26 00:00:00,BTC/EUR,39682.65616809046,40677.41474392954,37920.86302299845,40184.38328264933,43320353711.25953,748570154571.7247
1632693600,2021-09-27 00:00:00,BTC/EUR,40179.823396479085,41140.4447528496,39302.90051985975,39318.053699365926,47458305013.49165,761677296485.0967
1632780000,2021-09-28 00:00:00,BTC/EUR,39163.24273693253,39739.99116517404,38044.909280287175,38044.909280287175,48126642283.54173,734193793460.5942
1632866400,2021-09-29 00:00:00,BTC/EUR,38133.52537455012,39584.66106817695,38038.34667857043,38634.82400096718,46876510390.46993,732325454958.447
1632952800,2021-09-30 00:00:00,BTC/EUR,38628.271536050735,40949.22718522445,38563.28285056454,40730.958346199375,50381838497.72826,757505105915.4158
1633039200,2021-10-01 00:00:00,BTC/EUR,40703.162653388536,44999.98699466703,40311.00487487136,44713.86587649684,58645146298.72458,806271832630.1008
1633125600,2021-10-02 00:00:00,BTC/EUR,44776.356731521366,44869.7018478736,44144.22044288903,44369.90532786504,56369931204.08861,837507601291.541
1633212000,2021-10-03 00:00:00,BTC/EUR,44336.291644069286,45721.06050259645,43911.61576490831,44773.17319048815,44236222072.18517,840677147492.544
1633298400,2021-10-04 00:00:00,BTC/EUR,44812.698713835336,45965.07146154648,43713.779373446574,45733.48705930493,56485921878.64565,843185372079.3085
1633384800,2021-10-05 00:00:00,BTC/EUR,45823.6484111263,48159.395132928425,45631.33256668427,47935.9515740651,63793914340.42082,876694701304.8116
1633471200,2021-10-06 00:00:00,BTC/EUR,47894.10952509337,51666.809832272746,46886.63367660509,51507.44933062256,71794363892.73798,926585647593.4746
1633557600,2021-10-07 00:00:00,BTC/EUR,51442.78350453414,51442.78350453414,49772.33418507771,50041.51268126243,82584616463.61148,951971590783.2308
1633644000,2021-10-08 00:00:00,BTC/EUR,50015.993617542896,52028.58185792325,49935.75295966669,50119.43968603818,77346193103.46252,953765032122.4788
1633730400,2021-10-09 00:00:00,BTC/EUR,50183.85644802797,51508.01564761653,50033.052943857,51244.01065177981,71867530347.67882,958775968466.9916
1633816800,2021-10-10 00:00:00,BTC/EUR,51080.333131001535,52276.098354862406,50467.816904222746,50860.29936110259,79223393207.20714,966238316183.3828
1633903200,2021-10-11 00:00:00,BTC/EUR,50866.204744766525,53693.90319981694,50739.01673037041,53380.22902652195,94028656735.02754,993115291276.8818
1633989600,2021-10-12 00:00:00,BTC/EUR,53380.22902652195,53526.677078199486,50568.49196450532,52112.3215640666,98801358858.19504,992171932518.7798
1634076000,2021-10-13 00:00:00,BTC/EUR,52107.404524531965,53647.14670779664,50551.80055249693,53341.52340298896,81001108519.0906,982296130045.6642
1634162400,2021-10-14 00:00:00,BTC/EUR,53367.82486585014,54303.97669465911,52945.05127404854,53336.06600644811,69391639113.26805,1009932267633.4916
1634248800,2021-10-15 00:00:00,BTC/EUR,53299.46692681064,58182.45998211332,52912.99272205077,57218.363541918814,80088764719.4114,1049337736642.2972
1634335200,2021-10-16 00:00:00,BTC/EUR,57378.03775657072,57974.46856196933,56000.94806511071,56599.514398037696,112221843991.03758,1073899228305.3064
1634421600,2021-10-17 00:00:00,BTC/EUR,56606.0270605909,57270.36571761228,55223.45751188874,57270.36571761228,92094043425.68053,1066271942953.9642
1634508000,2021-10-18 00:00:00,BTC/EUR,57234.108656867655,58168.50310680169,56072.29677575352,57615.37176017632,91918083599.68204,1083125159511.432
1634594400,2021-10-19 00:00:00,BTC/EUR,57677.4754717332,59917.76218508496,57413.18221131043,59720.71152898287,79054717214.58197,1099406473699.2992
1634680800,2021-10-20 00:00:00,BTC/EUR,59753.85830799133,62244.689611106325,59185.14577462823,61366.05282034254,91125489636.3875,1138466787715.9006
1634767200,2021-10-21 00:00:00,BTC/EUR,61342.56782873548,61941.959059517976,57725.991407812326,57936.085156300425,106564558414.73254,1127769851198.6145
1634853600,2021-10-22 00:00:00,BTC/EUR,57842.03739058442,59199.25376461037,55944.854352253846,56444.3080531841,98160847379.46664,1090053931566.8032
1634940000,2021-10-23 00:00:00,BTC/EUR,56440.85531735631,57402.08777772329,55919.80799696652,56950.7967153047,92111518978.75612,1071004618345.012
1635026400,2021-10-24 00:00:00,BTC/EUR,57035.78532302913,57110.19129723144,55476.32517234718,56589.02844701488,73166053611.99718,1064370554348.9032
1635112800,2021-10-25 00:00:00,BTC/EUR,56620.79348137148,59223.83496545118,56463.80240849368,58579.12256189682,115631023048.04594,1097699201412.5474
1635199200,2021-10-26 00:00:00,BTC/EUR,58656.49762838837,58840.488457839776,55850.93184164271,56167.63468459671,79066527885.29398,1092620685677.7478
1635285600,2021-10-27 00:00:00,BTC/EUR,56107.67616177961,57142.84752559246,54217.91421486562,54572.26906229947,78526525282.17194,1042991919196.0222
1635372000,2021-10-28 00:00:00,BTC/EUR,54346.25366180285,57603.163146686005,54161.955937468025,56206.926941928046,92695304345.59772,1055805107188.0848
1635458400,2021-10-29 00:00:00,BTC/EUR,56356.57317885868,58538.10652529993,56115.7675969401,57863.73319177424,80711203219.80324,1079705891811.18
1635544800,2021-10-30 00:00:00,BTC/EUR,57868.1220409208,57868.1220409208,56598.42482200242,57343.8675635102,76938749867.37427,1080383568524.9996
1635631200,2021-10-31 00:00:00,BTC/EUR,57524.89268820994,58011.39878544392,55924.22685383124,57045.05355828958,69665259438.22905,1071270759908.6432
1635721200,2021-11-01 00:00:00,BTC/EUR,56998.65297732542,58001.33697937176,55496.29440612743,56789.36014193436,70857643544.6355,1074334816740.6692
1635807600,2021-11-02 00:00:00,BTC/EUR,56672.48803153125,59584.44408955346,56432.79639536469,58752.06910299363,68868758840.08667,1096209733900.4362
1635894000,2021-11-03 00:00:00,BTC/EUR,58744.55695644453,59003.1966663639,57335.79081732724,58534.42512349379,72611371563.0202,1101760625524.9265
1635980400,2021-11-04 00:00:00,BTC/EUR,58502.0730982782,58633.776019656914,56487.05180298439,57071.05416303787,84687764513.75908,1084278919939.9167
1636066800,2021-11-05 00:00:00,BTC/EUR,57118.79552741027,58105.22177167844,56514.994931599846,56753.07869684499,72594863579.74748,1078603129477.5792
1636153200,2021-11-06 00:00:00,BTC/EUR,56690.44233799226,57217.54003218396,55875.85786160012,57116.04170221455,63009822023.4128,1068981487914.6212
1636239600,2021-11-07 00:00:00,BTC/EUR,57151.14279944695,58756.36626472169,57038.64062550096,58756.36626472169,48045595879.14784,1089202592686.5142
1636326000,2021-11-08 00:00:00,BTC/EUR,58847.59612724088,62931.83271489552,58847.59612724088,62773.78636048778,69048588455.05135,1153842188698.4458
1636412400,2021-11-09 00:00:00,BTC/EUR,62783.9182207546,63681.81623214405,61712.59250992756,62228.17695691394,81681189048.9894,1184348105457.3176
1636498800,2021-11-10 00:00:00,BTC/EUR,62243.16335277628,63954.7985832106,58912.01554929368,60329.0760272432,76738191417.09573,1173324040352.9043
1636585200,2021-11-11 00:00:00,BTC/EUR,60387.058165296825,60987.77916871304,59703.869097825256,60263.14856086592,93778299777.73438,1138917473561.6455
1636671600,2021-11-12 00:00:00,BTC/EUR,60238.87928006938,60802.16667131657,58062.48357021721,59812.10988299828,66845302811.74793,1126087100823.823
1636758000,2021-11-13 00:00:00,BTC/EUR,59680.40132573919,60309.27929886457,58972.79785687859,59956.889413821824,60764508242.95904,1123716041669.934
1636844400,2021-11-14 00:00:00,BTC/EUR,59877.03996131276,60685.9980670591,59167.81026513777,60685.9980670591,55101265757.74081,1131294558236.8828
1636930800,2021-11-15 00:00:00,BTC/EUR,60913.56006907191,61623.56720880685,59090.65765333842,59254.498577765225,86408492993.71962,1142552938910.454
1637017200,2021-11-16 00:00:00,BTC/EUR,59156.13313617721,59156.13313617721,54780.02138957862,55975.595885761046,95958783555.85728,1066953493377.237
1637103600,2021-11-17 00:00:00,BTC/EUR,55901.853578950686,56481.49438756056,54644.18287159743,56114.09470933422,89807407215.62451,1050795041796.7888
1637190000,2021-11-18 00:00:00,BTC/EUR,56122.14965265184,56601.21557905309,52583.176445424026,52775.78290507677,80585164140.31976,1035764437301.2234
1637276400,2021-11-19 00:00:00,BTC/EUR,52971.66351999663,54208.0445275228,51756.32396841782,53982.54345007828,91672115230.10329,1003804404687.3776
1637362800,2021-11-20 00:00:00,BTC/EUR,54002.86917628681,55627.20160167702,53461.27965479079,55627.20160167702,57353122000.98991,1029687824411.5004
1637449200,2021-11-21 00:00:00,BTC/EUR,55491.76127021063,55654.75391306447,54445.730849897256,54572.340773046686,50588028923.67021,1037938127592.9852
1637535600,2021-11-22 00:00:00,BTC/EUR,54601.00379349216,54925.64312883036,51789.71003171238,52422.62505928633,60347549958.73937,1006635677860.7864
1637622000,2021-11-23 00:00:00,BTC/EUR,52318.81535016086,53782.53001206711,51872.553225340416,53634.395319068106,74652997281.76688,999132556714.3636
1637708400,2021-11-24 00:00:00,BTC/EUR,53502.91527734263,53654.21532795804,52051.43407156598,53105.17218610793,85628111568.86874,996273520574.867
1637794800,2021-11-25 00:00:00,BTC/EUR,53188.576291047066,55178.495103646455,53019.32376300835,54782.47799001022,79183106063.58388,1022488432136.0012
1637881200,2021-11-26 00:00:00,BTC/EUR,54788.56686544936,54980.526692138505,49902.99710989391,49906.16633020715,84505947127.02826,977448334312.3503
1637967600,2021-11-27 00:00:00,BTC/EUR,49809.18001496,51338.45120888749,49809.18001496,50672.330460773344,79681914614.86876,959585457417.5116
1638054000,2021-11-28 00:00:00,BTC/EUR,50980.91435039199,53301.91533071354,49874.66739205237,53156.51437321853,67328802882.52988,958549669391.2334
1638140400,2021-11-29 00:00:00,BTC/EUR,53207.08194434834,54659.47483934566,52818.40322145653,53824.07930730941,97023585775.41354,1010735161230.1774
1638226800,2021-11-30 00:00:00,BTC/EUR,53722.83794119826,54864.06922783621,52133.88481246919,53036.97202879541,103897005221.7438,1006620322642.293
1638313200,2021-12-01 00:00:00,BTC/EUR,52981.06296734635,54830.61304392303,52587.66990020415,53169.91648764519,118693804719.14037,1007442008171.5244
1638399600,2021-12-02 00:00:00,BTC/EUR,53186.56576365446,53332.33160516994,51988.18051523515,52456.23870829298,124172691768.31882,995269591070.6224
1638486000,2021-12-03 00:00:00,BTC/EUR,52534.014692552286,53352.490812534445,48985.75536350603,49948.08581870937,106887977665.55998,980949975542.7148
1638572400,2021-12-04 00:00:00,BTC/EUR,49798.90913149011,50027.00741195399,41522.144630750765,45582.22700434453,154558311345.05316,860399408602.4629
1638658800,2021-12-05 00:00:00,BTC/EUR,45773.74103785697,46158.59124671431,44434.93308781816,45771.75682839048,127309254009.616,861911447742.2717
1638745200,2021-12-06 00:00:00,BTC/EUR,45911.794492648485,47306.52466786941,43920.526795761856,46920.40936045952,153796040151.2357,857169477027.2047
1638831600,2021-12-07 00:00:00,BTC/EUR,46983.18074209696,48264.53589264291,46652.45505353934,47019.82499012308,140354712616.85477,895350088005.0586
1638918000,2021-12-08 00:00:00,BTC/EUR,47046.83000397082,47466.28823055664,45305.575333165936,46937.30710576462,119136032226.13847,883417878061.2751
1639004400,2021-12-09 00:00:00,BTC/EUR,46926.91132455608,47190.746247340365,44064.48446465604,44485.66832530551,126389726362.60396,861915568164.5653
1639090800,2021-12-10 00:00:00,BTC/EUR,44303.43883491634,46441.11149216741,43795.00478940564,43795.00478940564,91472082297.8441,847633837815.4945
1639177200,2021-12-11 00:00:00,BTC/EUR,43830.048173050985,45987.63884805308,43697.946228459296,45835.418008848304,58859167881.32607,851467756799.1776
1639263600,2021-12-12 00:00:00,BTC/EUR,45835.53049651329,47103.122188971385,45310.66330043233,46607.884163312025,43474767463.4543,870984495688.1324
1639350000,2021-12-13 00:00:00,BTC/EUR,46565.37111240635,46652.79939045929,42731.255475267135,43472.57521226831,50348894422.30836,847291618497.8159
1639436400,2021-12-14 00:00:00,BTC/EUR,43456.18372718057,45157.47681039575,43142.47440225427,45006.73834095674,62768474683.07633,829356344660.2217
1639522800,2021-12-15 00:00:00,BTC/EUR,44970.92814095385,45998.96262500553,43396.211440634615,45371.24096755293,57072399956.60085,845747088272.5083
1639609200,2021-12-16 00:00:00,BTC/EUR,45437.95125036037,45835.30980016417,44220.949418296455,44368.64882961805,65192567516.979904,853917776398.912
1639695600,2021-12-17 00:00:00,BTC/EUR,44310.82015084303,44605.4460657125,42530.60038692065,43063.10590760161,53134708940.740524,827392666189.0815
1639782000,2021-12-18 00:00:00,BTC/EUR,42931.1193299584,43936.406932999074,42415.61107664884,43589.18844539834,54681007910.05741,819351016897.1091
1639868400,2021-12-19 00:00:00,BTC/EUR,43502.90452324652,44639.12041198155,43202.57640741575,43417.58623255121,41539663660.19848,829500672775.4978
1639954800,2021-12-20 00:00:00,BTC/EUR,43436.12947350315,43994.973941969656,42423.18837294197,43596.07928106136,47483380003.120605,816187395420.6483
1640041200,2021-12-21 00:00:00,BTC/EUR,43627.12678432938,45813.99639434683,43389.37248565774,45512.28924290191,57873196986.44603,851011870037.0754
1640127600,2021-12-22 00:00:00,BTC/EUR,45479.47186340429,46059.49451527106,45060.27070010086,45242.21935108843,49043073297.6427,861046415345.7421
1640214000,2021-12-23 00:00:00,BTC/EUR,45190.62355271601,47747.14054624495,44717.99835621831,47239.0738614643,44973442161.85607,862961641644.5941
1640300400,2021-12-24 00:00:00,BTC/EUR,47238.97558770824,48126.55000573502,46930.36350460203,47216.96258683704,50710626664.22804,897368550738.867
1640386800,2021-12-25 00:00:00,BTC/EUR,47214.00087418278,47520.2343553832,46741.0502283105,47084.95498334263,39114031746.26793,893825196089.7874
1640473200,2021-12-26 00:00:00,BTC/EUR,46862.13885212258,47623.86213772048,46076.43714454305,47243.04965233737,39684016707.43086,881869039668.8999
1640559600,2021-12-27 00:00:00,BTC/EUR,47231.22490699181,48313.3969440802,46926.19074000256,47103.73150027399,43670484520.04162,897977809046.2225
1640646000,2021-12-28 00:00:00,BTC/EUR,47120.300884343946,47120.300884343946,44092.0284175592,44302.363455439925,55239249419.63976,859427352878.0013
1640732400,2021-12-29 00:00:00,BTC/EUR,44218.64380771699,44743.29852583673,43032.72882715657,43158.87125426484,82089235397.58267,836878610095.6647
1640818800,2021-12-30 00:00:00,BTC/EUR,43179.49690261136,44524.26028230856,42851.43754339465,43858.87453617164,114317821356.30594,828403687377.07
1640905200,2021-12-31 00:00:00,BTC/EUR,43838.740246817135,45109.69106008612,42511.84944739895,43062.754786336896,72631817920.33363,831929383987.764
1640991600,2022-01-01 00:00:00,BTC/EUR,42963.48313582225,44490.612565185125,42963.48313582225,44215.513396386086,92452845064.01888,828782078386.7648
1641078000,2022-01-02 00:00:00,BTC/EUR,44381.45960624576,44517.39595829962,43432.7055027016,44000.81113002074,69316976898.22176,831057056367.8501
1641164400,2022-01-03 00:00:00,BTC/EUR,43999.24364590018,44187.484323069126,42502.97880060601,43173.791256312245,107875040373.8113,823706407737.4236
1641250800,2022-01-04 00:00:00,BTC/EUR,43162.383729040535,44168.54346269378,42504.84891348771,42671.70684942183,69445587706.88217,816923224766.6915
1641337200,2022-01-05 00:00:00,BTC/EUR,42640.17731102046,43700.77420974807,39524.26656994857,40481.84964056208,101502810628.65729,807703231681.0024
1641423600,2022-01-06 00:00:00,BTC/EUR,40364.49887937208,40671.18312269248,39613.61344381516,40099.93942020328,103479331506.02266,758367286275.4078
1641510000,2022-01-07 00:00:00,BTC/EUR,40116.61453846512,40116.61453846512,38146.97955674444,38606.25896269843,82038560922.3765,739170465304.8282
1641596400,2022-01-08 00:00:00,BTC/EUR,38634.37779575742,39336.810999823305,37796.5001069479,38829.459955858045,79662618227.43423,733964928783.6564
1641682800,2022-01-09 00:00:00,BTC/EUR,38767.36332715916,39698.62223763861,38478.016442076085,38948.47060110104,65461375082.4842,737368335905.8766
1641769200,2022-01-10 00:00:00,BTC/EUR,38912.16650356325,39261.64476559812,36996.60043397526,38860.417561774026,88766110819.5102,732271765884.9692
1641855600,2022-01-11 00:00:00,BTC/EUR,38906.39938993201,40035.69488392606,38394.19263640506,39686.31457560286,69391795185.24182,742605439015.5139
1641942000,2022-01-12 00:00:00,BTC/EUR,39720.305684978,41075.54975866975,39496.46145742951,40826.22083344958,50664553973.14006,759980906956.7592
1642028400,2022-01-13 00:00:00,BTC/EUR,40815.82084832928,41188.92790484176,39370.17426882295,39598.92708013652,47381172698.63117,764280309841.9546
1642114800,2022-01-14 00:00:00,BTC/EUR,39570.68232755815,40349.80168334554,38880.81462271464,40053.12667230208,58169917321.3221,752335582442.0398
1642201200,2022-01-15 00:00:00,BTC/EUR,40046.04893819467,40666.25087633952,39656.57937039089,40124.345646585294,57982308977.52648,759125766050.8115
1642287600,2022-01-16 00:00:00,BTC/EUR,40082.19091530147,40381.624213003,39626.24491997507,40086.56002187728,52431186585.94425,758504743327.8705
1642374000,2022-01-17 00:00:00,BTC/EUR,40056.40876012064,40100.8836644558,38671.44199919716,39244.30535831617,64829980050.03301,748842261872.6067
1642460400,2022-01-18 00:00:00,BTC/EUR,39272.68664179388,39600.875949743786,38435.79834277264,39386.710468803765,49854311318.60036,738187520768.1356
1642546800,2022-01-19 00:00:00,BTC/EUR,39406.60259092895,39498.644147364015,38319.12768471556,38758.38032268241,49408359214.99566,737885383679.7413
1642633200,2022-01-20 00:00:00,BTC/EUR,38777.50126812505,40402.11010156092,37785.187135549146,37826.02285473697,46060899905.65852,743119856706.55
1642719600,2022-01-21 00:00:00,BTC/EUR,37870.66504155711,38176.11054324956,33226.39966892652,33851.95435649917,80697432216.42532,680962364104.8156
1642806000,2022-01-22 00:00:00,BTC/EUR,33900.05719387328,34121.32322638467,31898.336650828413,32564.177694219343,98391199920.34674,625234138162.4791
1642892400,2022-01-23 00:00:00,BTC/EUR,32590.58852066205,33862.41390928551,32263.043365045705,33694.29884031284,75873946893.91286,623702656956.6718
1642978800,2022-01-24 00:00:00,BTC/EUR,33707.43157659794,34600.12089761831,30792.842024012123,34135.83117112593,69820588116.28078,617903471753.9211
1643065200,2022-01-25 00:00:00,BTC/EUR,34071.91799421551,34813.562945809965,33218.339567276766,34361.549932179114,84951168488.33228,642812710792.1895
1643151600,2022-01-26 00:00:00,BTC/EUR,34361.743685783644,36168.684912907214,33764.45979555522,34200.568687120234,58982205677.64148,660224742726.3333
1643238000,2022-01-27 00:00:00,BTC/EUR,34210.95119559379,34597.03182086564,33032.92507137609,34597.03182086564,67113748119.215385,640220639180.0575
1643324400,2022-01-28 00:00:00,BTC/EUR,34467.87789833222,35274.15376317086,33636.43964935987,35139.10005672888,53692153007.19909,652467109241.6548
1643410800,2022-01-29 00:00:00,BTC/EUR,35099.30195575146,35876.82978545322,34752.68045899084,35461.89734862223,40323073803.552734,666047991322.3417
1643497200,2022-01-30 00:00:00,BTC/EUR,35489.8949025665,35606.91032186666,34792.70531524172,35281.03023370439,32357240526.948284,668429904601.2655
1643583600,2022-01-31 00:00:00,BTC/EUR,35258.61814022264,35961.70233146407,34123.0040003944,35778.260967604474,51660295326.6354,661543408424.7894
1643670000,2022-02-01 00:00:00,BTC/EUR,35771.89630202185,36464.8253279641,35435.22054515526,36047.92037496861,52138591183.56702,679234854794.2208
1643756400,2022-02-02 00:00:00,BTC/EUR,35989.529708264745,36092.15383756939,34134.98788245103,34256.7135377433,50117398675.0861,670196856234.8446
1643842800,2022-02-03 00:00:00,BTC/EUR,34294.01091798491,34503.109347571975,33776.89948355035,34435.15702740656,45068364084.10754,648347853305.5918
1643929200,2022-02-04 00:00:00,BTC/EUR,34672.2614364497,38737.04801368439,34451.77652786157,38737.04801368439,51556289535.12282,681016213115.8372
1644015600,2022-02-05 00:00:00,BTC/EUR,38646.972767528576,38938.39857154814,38167.36131900616,38464.09229138186,72639863596.07382,731489132625.3729
1644102000,2022-02-06 00:00:00,BTC/EUR,38525.65717155372,39512.90868272588,38359.07290126385,39420.13070191259,43998276625.73714,732894934769.2228
1644188400,2022-02-07 00:00:00,BTC/EUR,39427.64579190389,41349.247924596726,38755.06068801198,40831.77373338056,51672200871.08283,759428511885.4238
1644274800,2022-02-08 00:00:00,BTC/EUR,40768.2174645554,42225.4978167104,39721.677150125295,40995.81748265355,68811147003.44402,772706687674.3279
1644361200,2022-02-09 00:00:00,BTC/EUR,40935.43672987277,41615.32414511433,40138.20764630937,41183.228896390734,63270390900.2326,774006177821.8739
1644447600,2022-02-10 00:00:00,BTC/EUR,41269.2894009988,42452.40939653488,40226.817229519205,40476.87406962066,60964351798.429565,781120362583.212
1644534000,2022-02-11 00:00:00,BTC/EUR,40463.99955759903,40822.70299232106,39121.98030298803,39410.44062531968,80695079873.64648,760895151322.1285
1644620400,2022-02-12 00:00:00,BTC/EUR,39407.95431929991,39955.18885208189,38865.75082070883,39176.73474132559,61275201552.44942,746076208220.4928
1644706800,2022-02-13 00:00:00,BTC/EUR,39228.367510160046,39723.16351867868,38958.41400482869,39278.25386639883,37074331527.72224,746223894536.5253
1644793200,2022-02-14 00:00:00,BTC/EUR,39102.36187447107,39775.37240674572,38744.2938091469,39612.5156027844,43925261572.84049,744418005410.2352
1644879600,2022-02-15 00:00:00,BTC/EUR,39570.88944780002,41571.50260000458,39505.91870152645,41479.53714811818,54702697400.7012,773496239952.3298
1644966000,2022-02-16 00:00:00,BTC/EUR,41405.536087939065,41405.536087939065,40331.11458304271,40917.06572180528,47656266272.7692,775508575433.655
1645052400,2022-02-17 00:00:00,BTC/EUR,40802.077486073526,41013.59177524203,37398.30396559568,37655.92649424806,55108476053.90173,751758169117.4169
1645138800,2022-02-18 00:00:00,BTC/EUR,37690.41384184731,38058.66060723489,36854.55864460566,37177.16704360963,63103613154.16637,712289756637.9316
1645225200,2022-02-19 00:00:00,BTC/EUR,37191.05321919798,37596.566185840136,36875.64247784318,37303.945474220985,47374987012.70251,706348069149.1859
1645311600,2022-02-20 00:00:00,BTC/EUR,37288.54697284044,37292.3052385868,35410.95034827814,35771.60840082492,37154771262.739456,683323853315.0306
1645398000,2022-02-21 00:00:00,BTC/EUR,35676.603096962,36643.46433525702,34336.810069841624,34412.25488743562,53198295787.49299,678762197142.2739
1645484400,2022-02-22 00:00:00,BTC/EUR,34465.12830131832,35653.4749695431,33893.013296614874,35620.94309442104,75760088567.32188,659625419703.0828
1645570800,2022-02-23 00:00:00,BTC/EUR,35551.13262468729,36416.53888718392,34491.475579493075,34676.67916814887,101325833643.63722,673851165413.5255
1645657200,2022-02-24 00:00:00,BTC/EUR,34610.57425731533,36392.77097341183,31999.30188846497,35614.732701772584,121532295693.66817,637066098579.089
1645743600,2022-02-25 00:00:00,BTC/EUR,35645.62753395255,36843.03918012815,35390.05396678638,36473.39485813247,79924521146.02675,684618380372.6824
1645830000,2022-02-26 00:00:00,BTC/EUR,36479.89181321714,37171.822913411714,35903.29260013578,36300.472709687616,49777541659.97596,691609081061.1045
1645916400,2022-02-27 00:00:00,BTC/EUR,36354.79796148016,36988.40009563162,34529.900220691066,35073.77906244323,42873716524.637794,682610575525.1743
1646002800,2022-02-28 00:00:00,BTC/EUR,35063.819099262284,40655.60922988982,34886.69863262697,40157.67253485106,64057334989.114044,694835108199.7959
1646089200,2022-03-01 00:00:00,BTC/EUR,40158.47390006416,41652.089110844514,39928.24503157288,41253.86751480996,86428681461.64186,769755420913.6586
1646175600,2022-03-02 00:00:00,BTC/EUR,41295.76012052562,42010.60262593726,40349.93062336672,40861.97848299973,72301951590.11366,777124118576.0367
1646262000,2022-03-03 00:00:00,BTC/EUR,40827.81960628793,40952.17014921702,38931.37488491477,39478.54386439113,61855859824.45121,760743909346.0577
1646348400,2022-03-04 00:00:00,BTC/EUR,39491.67817520756,39522.84152241151,36020.81756130236,36380.922726763245,68064222178.77086,722427766708.6954
1646434800,2022-03-05 00:00:00,BTC/EUR,36403.81021634216,36805.513489384255,36037.15917800431,36649.8455939816,55247871220.99027,690726128252.499
1646521200,2022-03-06 00:00:00,BTC/EUR,36640.38073449953,36861.82155511536,35483.71760176324,35697.51904024184,37220874988.76272,688522643955.1637
1646607600,2022-03-07 00:00:00,BTC/EUR,35710.30648541649,36641.24883957682,34570.03983213122,35331.75187544734,57455806818.41901,675130676036.2325
1646694000,2022-03-08 00:00:00,BTC/EUR,35358.98438017083,36579.63256423848,35358.98438017083,36013.37321975861,81554881475.07494,681849681031.8774
1646780400,2022-03-09 00:00:00,BTC/EUR,36028.62853505393,39532.30962342416,35971.7701071344,39017.4421004093,76016361957.13611,732978115361.6826
1646866800,2022-03-10 00:00:00,BTC/EUR,39013.13621064296,39061.26519933788,36055.41893876986,36698.33348738146,109459205297.17564,699312137059.2893
1646953200,2022-03-11 00:00:00,BTC/EUR,36666.9716920269,37309.92410123055,35610.717852858295,36055.432407370514,67987918319.502426,687644201615.5599
1647039600,2022-03-12 00:00:00,BTC/EUR,36017.298950376666,36568.18393177654,36011.608218445646,36153.95478960731,52683834406.22219,690225580770.3033
1647126000,2022-03-13 00:00:00,BTC/EUR,36086.996407148974,36474.75946023863,35032.77185030455,35175.95395899081,31549162763.94688,686614747912.2804
1647212400,2022-03-14 00:00:00,BTC/EUR,35139.047745352495,37021.0656923585,34958.83110602721,36826.36718006221,43710071338.68796,683613820722.6747
1647298800,2022-03-15 00:00:00,BTC/EUR,36891.46041408217,37018.2923812114,35554.07555171163,36550.15557320303,50358465864.19581,688594099258.5334
1647385200,2022-03-16 00:00:00,BTC/EUR,36549.376963962015,38630.13754429037,36236.39838140796,38266.216449478896,69037268142.03093,710097792795.7666
1647471600,2022-03-17 00:00:00,BTC/EUR,38236.54008020576,38414.572975309326,37757.28315152192,38090.39901808327,64091503531.140434,721985010933.0546
1647558000,2022-03-18 00:00:00,BTC/EUR,38048.30365124271,39274.72579490183,37437.23689938508,38842.63609384329,49444726277.66567,722943919514.5813
1647644400,2022-03-19 00:00:00,BTC/EUR,38829.06101398038,39391.28309572301,38674.179174916906,39213.82096189773,44077997624.620125,738854590206.5284
1647730800,2022-03-20 00:00:00,BTC/EUR,39252.21125042212,39319.62512438505,38111.12487321593,38363.65258510266,36678862454.6763,735056543777.846
1647817200,2022-03-21 00:00:00,BTC/EUR,38333.717921362666,38592.627261861366,37696.110972859016,38177.45302057112,45270736879.87013,725667465604.9717
1647903600,2022-03-22 00:00:00,BTC/EUR,38189.26840963233,40153.75184501741,38073.5008565923,39409.59575407021,61443654641.1769,749557108420.6494
1647990000,2022-03-23 00:00:00,BTC/EUR,39395.90550081756,39920.37308988076,38882.58692045102,39920.37308988076,51553041389.31097,746046620899.6648
1648076400,2022-03-24 00:00:00,BTC/EUR,39897.87684199615,41101.82485852324,39734.75496122395,40871.66357454425,54222725460.52176,765228783700.8182
1648162800,2022-03-25 00:00:00,BTC/EUR,40916.95995280963,41900.086488296176,40710.8620000186,41258.80697313383,60426133609.43456,781947110984.9095
1648249200,2022-03-26 00:00:00,BTC/EUR,41211.59483924245,41635.17293009327,41070.67922186828,41415.07632335777,48390063288.76654,784001533647.0115
1648335600,2022-03-27 00:00:00,BTC/EUR,41414.06862500021,43562.87099482172,41326.80131487897,43562.87099482172,36259631118.01363,793837670255.6783
1648418400,2022-03-28 00:00:00,BTC/EUR,43546.02610448699,44759.99392340836,43440.37868311653,43605.18664814076,67476945652.57705,835560751374.8707
1648504800,2022-03-29 00:00:00,BTC/EUR,43789.3045484828,44628.4614292853,43738.90302334817,44172.888849825606,60421126171.44108,839873711696.1134
1648591200,2022-03-30 00:00:00,BTC/EUR,44120.417125499545,44347.77496066672,43428.59931872943,43802.56430462884,56121883223.64716,834505663735.1698
1648677600,2022-03-31 00:00:00,BTC/EUR,43761.21144428661,44229.91429994047,42203.027743563,42352.13420299819,59804132908.937645,824413614233.0044
1648764000,2022-04-01 00:00:00,BTC/EUR,42332.9491034565,43345.21401564285,41269.77776065772,42993.987444694096,76657119781.30977,804352606570.4617
1648850400,2022-04-02 00:00:00,BTC/EUR,43011.62328302132,43732.740056001065,42563.62019270379,42635.90060509697,63736036962.84516,820642653829.0857
1648936800,2022-04-03 00:00:00,BTC/EUR,42587.143178001024,44017.85071934083,42366.36737685302,43179.697303270535,49458333075.21175,818495520213.0118
1649023200,2022-04-04 00:00:00,BTC/EUR,43178.58112026387,43572.88564015288,42036.165792283566,43342.3569169786,70490702526.76022,813652970509.02
1649109600,2022-04-05 00:00:00,BTC/EUR,43335.435137721455,43842.81620829117,42382.554857987685,42382.554857987685,100397879149.08743,818934533012.856
1649196000,2022-04-06 00:00:00,BTC/EUR,42295.53836307653,42295.53836307653,40118.032780611786,40118.032780611786,76473016167.3783,788550200788.5206
1649282400,2022-04-07 00:00:00,BTC/EUR,40133.14969582944,40784.68478270978,39817.1174285341,40435.76590627734,70553886550.08829,768005642324.6659
1649368800,2022-04-08 00:00:00,BTC/EUR,40384.681428808806,40855.43382235718,39175.54259781082,39322.81449655441,61436564349.30462,765183375553.239
1649455200,2022-04-09 00:00:00,BTC/EUR,39293.177840396536,39792.71746602389,39220.79694634384,39792.71746602389,68625438791.60247,750387734260.4249
1649541600,2022-04-10 00:00:00,BTC/EUR,39766.38477035561,40343.483711370885,39046.10212956482,39285.01529819862,40030115197.45061,755592115474.4186
1649628000,2022-04-11 00:00:00,BTC/EUR,39198.70909243087,39427.716987975335,36600.867765905015,36694.22485254356,74708055974.5713,729160921342.0828
1649714400,2022-04-12 00:00:00,BTC/EUR,36761.75767975333,37766.526425429416,36550.33836355085,37356.63413883338,75134425927.41833,706279675806.9454
1649800800,2022-04-13 00:00:00,BTC/EUR,37268.98043070948,38480.37846216681,36835.37283765848,38278.0906546141,68218040860.11729,715324473913.6727
1649887200,2022-04-14 00:00:00,BTC/EUR,38251.7611063062,38587.54317439946,36894.329221550586,37115.30551407953,103310214324.74966,718893571518.8654
1649973600,2022-04-15 00:00:00,BTC/EUR,37137.78496954005,37753.67528759683,37048.37219658275,37718.31505919333,57865651229.17744,711203724818.1544
1650060000,2022-04-16 00:00:00,BTC/EUR,37714.91430218825,37799.858987848726,37203.97669465912,37558.71513731179,33072834523.399883,714083452073.0021
1650146400,2022-04-17 00:00:00,BTC/EUR,37547.43892345321,37725.111811694565,36843.568711696375,36899.813166680615,29663673096.14667,712605589656.3354
1650232800,2022-04-18 00:00:00,BTC/EUR,36916.1247663421,38150.70632593631,36012.19196681825,37968.05615229379,56656062061.60405,701300849813.0073
1650319200,2022-04-19 00:00:00,BTC/EUR,37943.20006695868,38718.49473165379,37764.977347533066,38598.34881752829,65729422176.874535,725844635599.5624
1650405600,2022-04-20 00:00:00,BTC/EUR,38588.47557403119,39180.26069704544,38086.99851623344,38467.300601351984,64392830184.21122,733055738760.9548
1650492000,2022-04-21 00:00:00,BTC/EUR,38458.16175740236,39934.25029526918,37153.97811984653,37691.02074789126,68531881146.68808,737352368018.9664
1650578400,2022-04-22 00:00:00,BTC/EUR,37645.98461810302,37905.18687981846,36534.48390666704,36973.79692920049,76052148406.71051,709983268721.9358
1650664800,2022-04-23 00:00:00,BTC/EUR,36934.34785034735,37133.53874124274,36593.8040400715,36659.4408020162,57612013326.4308,701650433520.3633
1650751200,2022-04-24 00:00:00,BTC/EUR,36680.01962261344,37056.060132615385,36400.1003450232,36715.673883577365,36438170862.434006,700955450467.6068
1650837600,2022-04-25 00:00:00,BTC/EUR,36701.725362330246,37727.3948423216,35534.038352444455,37641.2644136516,54574119519.340096,693887223991.2897
1650924000,2022-04-26 00:00:00,BTC/EUR,37589.864348428215,37854.59128776108,35124.14305642404,35364.17734341018,62825393360.55079,701791681670.1616
1651010400,2022-04-27 00:00:00,BTC/EUR,35446.53284230301,36608.378762938366,35365.401798584564,36500.32947556666,68464056585.871925,686595038074.1252
1651096800,2022-04-28 00:00:00,BTC/EUR,36488.54271870844,37484.72705534012,36209.46237759116,36966.71465372132,61224512329.84668,700797162073.6871
1651183200,2022-04-29 00:00:00,BTC/EUR,36963.6808674869,37115.481684010825,35522.85625273182,35889.857077613015,63056586098.42719,691603118112.9271
1651269600,2022-04-30 00:00:00,BTC/EUR,35897.31128377517,36053.1480809828,35016.983722639285,35023.5312540251,52417473514.22511,681159662858.9751
1651356000,2022-05-01 00:00:00,BTC/EUR,35000.810403101576,35911.79932855323,34941.48536672775,35773.69267825424,46215650696.8546,673160864372.9781
1651442400,2022-05-02 00:00:00,BTC/EUR,35772.22247021733,36337.53581790967,35547.53159784192,35807.9305026496,60459368511.761086,684619269662.8748
1651528800,2022-05-03 00:00:00,BTC/EUR,35813.5505469199,35936.15770649545,34914.17849302077,35090.34748981102,60054959215.75678,677030810282.8066
1651615200,2022-05-04 00:00:00,BTC/EUR,35082.2939751527,37130.08574431084,35039.754201353026,36919.37427036074,53619656060.464745,686989970849.9126
1651701600,2022-05-05 00:00:00,BTC/EUR,36911.002334254015,37007.61403900343,33252.85358041433,34008.27646495363,66653112902.81532,680118505701.6711
1651788000,2022-05-06 00:00:00,BTC/EUR,34010.924680783784,34020.27330293506,32924.56677481222,33510.088813250375,78718047240.17603,639945269533.4432
1651874400,2022-05-07 00:00:00,BTC/EUR,33497.52634173106,33592.64236270313,32416.603985901475,33063.233174306464,48525605417.48351,634805439307.3586
1651960800,2022-05-08 00:00:00,BTC/EUR,32994.41536701727,33010.75524232304,31459.546540933137,31557.573129136177,55734108169.269066,611585534081.3811
1652047200,2022-05-09 00:00:00,BTC/EUR,31677.867361798064,31820.010508792973,28071.288384771025,28237.83873802956,72296661152.11107,578309172120.0154
1652133600,2022-05-10 00:00:00,BTC/EUR,27998.43257456277,30293.725278825463,27763.12858711277,28852.40567660817,118400081368.85036,554616171485.3168
1652220000,2022-05-11 00:00:00,BTC/EUR,28830.34046629281,29795.3057726744,26322.020625756,26955.087278780607,96184797584.38068,541513339300.45087
1652306400,2022-05-12 00:00:00,BTC/EUR,27010.62903960792,28023.340122199592,24935.455458527464,27090.40221707632,128197701070.4089,505835166904.8507
1652392800,2022-05-13 00:00:00,BTC/EUR,26980.98726855081,28820.46346521443,26769.502180807038,27201.967841233527,133383370547.06686,534362701349.6122
1652479200,2022-05-14 00:00:00,BTC/EUR,27238.95683955026,28137.35038919733,26723.684004767343,28014.5594211794,61448165877.31888,520670705038.7255
1652565600,2022-05-15 00:00:00,BTC/EUR,27970.9965683676,29192.57121334709,27445.84642282547,29139.827969264083,42110482230.22006,533453355822.397
1652652000,2022-05-16 00:00:00,BTC/EUR,29102.123506482723,29102.123506482723,27191.883862908497,27788.36236199958,51853179055.5726,530974481597.98303
1652738400,2022-05-17 00:00:00,BTC/EUR,27744.192260205404,28579.922532526107,27464.92657794641,28320.382713807016,50680681340.12426,536349982851.7364
1652824800,2022-05-18 00:00:00,BTC/EUR,28314.28477800101,28478.778148919704,26703.60405100019,26746.416222600412,62141075771.1549,524451617653.39136
1652911200,2022-05-19 00:00:00,BTC/EUR,26687.325465688325,28360.77745456981,26687.325465688325,28249.431761298743,72423877247.30885,523454657787.3697
1652997600,2022-05-20 00:00:00,BTC/EUR,28196.773305380462,28548.825008042968,26747.678680312885,27187.115020002904,59537983402.1003,528072307517.98114
1653084000,2022-05-21 00:00:00,BTC/EUR,27160.382330583743,27521.48174965276,26962.452268690307,27387.94702817137,45241136176.390656,519793327346.06366
1653170400,2022-05-22 00:00:00,BTC/EUR,27383.36832127153,28296.439063833568,27198.966368738485,28239.862940194485,32356704110.209023,527833518044.77527
1653256800,2022-05-23 00:00:00,BTC/EUR,28174.6577589564,28475.969820658767,26864.384233236167,27075.56206340096,45654575042.901474,533164646273.3569
1653343200,2022-05-24 00:00:00,BTC/EUR,27059.05401113452,27708.31431520799,26736.953684797616,27596.38079029843,56890194480.66206,519282094726.2865
1653429600,2022-05-25 00:00:00,BTC/EUR,27578.231546838528,28086.778543462693,27325.226119920702,27487.964861241435,54919195892.37425,527260267172.83685
1653516000,2022-05-26 00:00:00,BTC/EUR,27485.183717880755,27777.4557561216,26172.878815217857,27298.32813736999,62763189122.93427,521824714977.2897
1653602400,2022-05-27 00:00:00,BTC/EUR,27150.73143059081,27302.0922866292,26310.14436786979,26603.49717063937,74128459667.21121,511997436734.5435
1653688800,2022-05-28 00:00:00,BTC/EUR,26602.69423891352,27104.278264444933,26544.61188084225,27013.233889245454,48468280901.58624,511865134055.85504
1653775200,2022-05-29 00:00:00,BTC/EUR,26998.58397933748,27462.75229470812,26835.14112471984,27383.98394851621,27047994608.58621,516349752747.7736
1653861600,2022-05-30 00:00:00,BTC/EUR,27404.77192199313,29650.280482474493,27266.532727328773,29499.04630378781,47402177644.99634,542410348639.5554
1653948000,2022-05-31 00:00:00,BTC/EUR,29512.22665513489,30036.93656675181,29054.711846501013,29622.55241208415,65310555471.44387,561940312356.3638
1654034400,2022-06-01 00:00:00,BTC/EUR,29554.81735575134,29708.69199472338,27425.95102836026,27703.61589298787,59611805467.43734,550681436279.7367
1654120800,2022-06-02 00:00:00,BTC/EUR,27708.966877636693,28470.57124241566,27553.5530380366,28310.0047896198,67111903987.86477,532503325828.6316
1654207200,2022-06-03 00:00:00,BTC/EUR,28329.05405740585,28502.71070778689,27298.407822997277,27636.78453851148,49964990466.86114,531513161502.7054
1654293600,2022-06-04 00:00:00,BTC/EUR,27625.827592508595,27832.32773984459,27411.412177180107,27750.72326157725,37163968938.61191,526429874042.7864
1654380000,2022-06-05 00:00:00,BTC/EUR,27757.466676106586,28050.196776335502,27519.67869390918,27815.01769135416,26117829531.87822,528487084580.9061
1654466400,2022-06-06 00:00:00,BTC/EUR,27834.77880636358,29507.757793208155,27830.00184706601,29171.12834529746,45825405543.72412,553954095441.4224
1654552800,2022-06-07 00:00:00,BTC/EUR,29182.95092486678,29337.09334226116,27216.9600758865,29008.98287903728,63329796694.84511,532094386114.2614
1654639200,2022-06-08 00:00:00,BTC/EUR,28941.234736675688,29079.27891057949,27817.63924150694,28089.67681519037,70252869733.43188,540175518732.5132
1654725600,2022-06-09 00:00:00,BTC/EUR,28097.397981054,28494.601982178185,27882.76936707769,28003.33561191295,45335085771.85787,536351132150.6637
1654812000,2022-06-10 00:00:00,BTC/EUR,27972.112016798084,28190.0145077142,26876.91572868049,27046.22190321549,48443818432.03022,525838425637.5661
1654898400,2022-06-11 00:00:00,BTC/EUR,27057.985385079948,27365.583888997386,26198.376266445517,26411.45635130988,49558417224.08735,511932237365.0374
1654984800,2022-06-12 00:00:00,BTC/EUR,26425.933655106997,26522.836444122047,24834.909054465537,24834.909054465537,56082620121.29028,490165085356.7636
1655071200,2022-06-13 00:00:00,BTC/EUR,24737.19755915623,24982.68639871777,20525.606952543032,20933.0500609138,97879925740.3776,429944185226.8593
1655157600,2022-06-14 00:00:00,BTC/EUR,20884.39472345883,21373.14789498647,19407.935085954603,20654.442057491466,114941065079.41962,393630676744.65497
1655244000,2022-06-15 00:00:00,BTC/EUR,20622.158301481457,21067.20750657894,18731.926841899687,20915.83733440695,84238001433.82507,379083779583.5433
1655330400,2022-06-16 00:00:00,BTC/EUR,20998.1455729559,21336.92412488092,18833.999572208424,18956.457234792477,85912568843.57231,380408597519.2181
1655416800,2022-06-17 00:00:00,BTC/EUR,18977.228747593672,19801.34010359996,18848.205860931088,19035.06449422946,63214445107.00472,367202140872.83136
1655503200,2022-06-18 00:00:00,BTC/EUR,19029.21416548094,19289.437357020262,16458.53908857777,17676.629653395827,57153941523.64633,343184853863.9513
1655589600,2022-06-19 00:00:00,BTC/EUR,17679.39486092124,19256.494620055983,16760.5664565035,19115.682932046235,76950704766.1561,342313040720.69293
1655676000,2022-06-20 00:00:00,BTC/EUR,19139.05830055148,19450.184043374345,18325.990058600823,19225.3262840722,59050557760.43878,360393605279.8829
1655762400,2022-06-21 00:00:00,BTC/EUR,19136.79072622269,20131.38678868026,18973.094049047235,19287.767379701483,52305999709.34521,372444739803.0444
1655848800,2022-06-22 00:00:00,BTC/EUR,19271.29039842557,19399.28673896476,18456.1228521829,18577.36386588662,48830697013.82883,360488388322.0206
1655935200,2022-06-23 00:00:00,BTC/EUR,18577.06286252738,19678.50671030965,18577.06286252738,19599.520873438792,46754955698.359406,364324425546.31006
1656021600,2022-06-24 00:00:00,BTC/EUR,19620.44146230319,19958.67652420897,19310.71217997005,19789.57521150378,46442171020.32423,374378172675.5562
1656108000,2022-06-25 00:00:00,BTC/EUR,19735.63122917605,20021.03730156516,19474.94471258916,19994.57917132517,42021788635.830536,377367913011.9852
1656194400,2022-06-26 00:00:00,BTC/EUR,19998.889571095897,20307.766126042217,19530.897431248704,19556.78589031796,33495698968.650314,379177759548.4737
1656280800,2022-06-27 00:00:00,BTC/EUR,19563.962279943084,19991.20051334989,19201.96264184497,19281.294720494006,37106165615.68403,373602635889.3893
1656367200,2022-06-28 00:00:00,BTC/EUR,19264.75776094141,19700.379927363,18807.76684115373,18872.53745501213,39713905078.62995,367510843354.7312
1656453600,2022-06-29 00:00:00,BTC/EUR,18859.00361762873,18961.743767552805,18513.861212224696,18693.673334635307,42414743509.750206,357645842667.0372
1656540000,2022-06-30 00:00:00,BTC/EUR,18709.300932771625,18735.397055678004,17393.59585404723,18429.211059276786,43503158334.34081,343495744595.9507
1656626400,2022-07-01 00:00:00,BTC/EUR,18527.856715788603,19179.15377394277,17739.83130132336,17982.222880419886,59164364252.74422,346975328353.22003
1656712800,2022-07-02 00:00:00,BTC/EUR,17917.388353084338,18065.596735436888,17703.253541716018,17898.901215883034,37004457932.07207,341517934174.16766
1656799200,2022-07-03 00:00:00,BTC/EUR,17901.54032762809,18197.052051074592,17644.77663461074,17958.01644207609,27181166325.156727,340365825175.71466
1656885600,2022-07-04 00:00:00,BTC/EUR,17964.88203182397,18875.063471249618,17736.40329585507,18837.379125631225,30804905306.99212,346560866005.90546
1656972000,2022-07-05 00:00:00,BTC/EUR,18803.918198811483,19239.229772677703,17999.38874467792,18772.57514556569,44631598748.10159,355161406713.228
1657058400,2022-07-06 00:00:00,BTC/EUR,18794.906924797782,19172.264040398404,18446.83796929201,19118.1314336342,48607721741.54194,358434898058.0492
1657144800,2022-07-07 00:00:00,BTC/EUR,19122.816603476796,20274.590761561994,18859.68380622902,20131.467723506317,40947387054.44836,369030366996.0245
1657231200,2022-07-08 00:00:00,BTC/EUR,20137.949296597348,20769.08882159248,19762.933118197387,20274.60704128827,65413778380.596,386397708522.61975
1657317600,2022-07-09 00:00:00,BTC/EUR,20082.392305559417,20414.05258116415,19924.07880968814,20080.854233000515,77803158239.27602,383902051901.4966
1657404000,2022-07-10 00:00:00,BTC/EUR,20073.63749180473,20077.76788814341,19251.599287882666,19397.23780316432,51133164311.43639,375348474009.46295
1657490400,2022-07-11 00:00:00,BTC/EUR,19389.44091513685,19389.44091513685,18534.990918614607,18592.467675722262,45609675598.830696,363640528037.69415
1657576800,2022-07-12 00:00:00,BTC/EUR,18563.697604475256,18639.982516344426,17960.97867852465,17960.97867852465,44943375313.53298,351022102356.43176
1657663200,2022-07-13 00:00:00,BTC/EUR,17976.570320564686,18807.03679937505,17670.59709576437,18773.682262459428,51655899695.89599,348372943623.21063
1657749600,2022-07-14 00:00:00,BTC/EUR,18824.08847845697,19295.616347527968,18283.030724367934,19146.03111718699,62428754511.0828,358441647852.0467
1657836000,2022-07-15 00:00:00,BTC/EUR,19145.87413627951,19679.871224245828,18977.99984142257,19372.737932931544,65308018897.40919,369181985685.38806
1657922400,2022-07-16 00:00:00,BTC/EUR,19367.758582033253,20001.2733949324,19078.258702303563,19708.27746268705,62498569130.18813,370654302020.12274
1658008800,2022-07-17 00:00:00,BTC/EUR,19722.912845871688,20093.0626208503,19315.16359056285,19315.16359056285,58589005270.51617,376903724192.1935
1658095200,2022-07-18 00:00:00,BTC/EUR,19331.87960600806,21100.09098292715,19331.87960600806,20868.82290742802,70510956281.14792,387644774446.2626
1658181600,2022-07-19 00:00:00,BTC/EUR,20940.486283977465,22036.635512280405,20107.045913195507,21768.40210547852,96903707952.68666,400046975831.5729
1658268000,2022-07-20 00:00:00,BTC/EUR,21770.80880506654,22540.617507835093,21358.67961201164,21617.028150545437,87185808594.77402,418541877487.7485
1658354400,2022-07-21 00:00:00,BTC/EUR,21593.37313654921,21764.62358991528,20802.85031917881,21557.05670098299,85072367875.95284,407366187045.929
1658440800,2022-07-22 00:00:00,BTC/EUR,21532.199127677184,22021.217366953984,20979.46470254536,21111.59315161491,80204852961.38731,411005857409.92993
1658527200,2022-07-23 00:00:00,BTC/EUR,21095.11071431893,21362.857275711667,20460.2394491656,20897.91191498832,61760551603.01202,399864733456.584
1658613600,2022-07-24 00:00:00,BTC/EUR,20886.492281845985,21380.64486015233,20734.72681788169,21018.31572326189,59553407800.070656,402268081210.59216
1658700000,2022-07-25 00:00:00,BTC/EUR,21002.62791658421,21037.072699456072,19846.243618000724,19846.243618000724,58678473892.62431,389949052525.299
1658786400,2022-07-26 00:00:00,BTC/EUR,19824.59057556566,19824.59057556566,19285.063394249864,19721.85665619728,75049463396.72147,373596553342.5537
1658872800,2022-07-27 00:00:00,BTC/EUR,19789.658931834227,21336.68166114766,19573.83161751713,21336.68166114766,69282972092.5589,384659684168.9591
1658959200,2022-07-28 00:00:00,BTC/EUR,21347.727656868567,22449.270150378037,21123.484779964936,22177.28560921756,88711232066.59494,414133984920.9975
1659045600,2022-07-29 00:00:00,BTC/EUR,22181.931162480967,22597.301400644857,21810.361483878765,22083.59921509546,76851156974.50093,424297217384.954
1659132000,2022-07-30 00:00:00,BTC/EUR,22123.846962214844,22867.64832806045,21901.69861153735,21986.85306671486,72963769790.26845,426942321686.3364
1659218400,2022-07-31 00:00:00,BTC/EUR,21980.708793464797,22475.007740316298,21629.790196133134,21681.99239274986,65612925518.59394,421589050086.0342
1659304800,2022-08-01 00:00:00,BTC/EUR,21679.31962540338,21831.87261110956,21263.73035980497,21679.35425358831,58926291032.59998,412620223310.62366
1659391200,2022-08-02 00:00:00,BTC/EUR,21651.76916655325,21783.31460993492,21094.81498014489,21355.93703817699,59944969533.59352,408145033946.3488
1659477600,2022-08-03 00:00:00,BTC/EUR,21377.300675939223,21917.560100066024,21131.42370895293,21215.0255279971,57408822660.9381,411842401386.419
1659564000,2022-08-04 00:00:00,BTC/EUR,21219.70379637968,21576.05791014376,20878.086562694712,21050.618906905744,59164090082.57203,406096456381.975
1659650400,2022-08-05 00:00:00,BTC/EUR,21020.589185557103,21798.94410670074,21020.589185557103,21599.558953893425,120443674660.99583,410053023508.1792
1659736800,2022-08-06 00:00:00,BTC/EUR,21664.86655573333,21693.774200655644,21332.254833579776,21332.254833579776,43403981344.98084,412142109922.5513
1659823200,2022-08-07 00:00:00,BTC/EUR,21335.336606868845,21734.6620911568,21263.45999683806,21548.32874623759,34621265724.90522,410187587879.4768
1659909600,2022-08-08 00:00:00,BTC/EUR,21550.99042440324,22527.77544750156,21550.99042440324,22127.01224785872,56845986712.83508,422913922348.3675
1659996000,2022-08-09 00:00:00,BTC/EUR,22149.893517097717,22219.897888011605,21302.58832501,21537.16587671993,65955811800.64086,416656647971.6941
1660082400,2022-08-10 00:00:00,BTC/EUR,21524.792457420543,22458.71079489037,21142.61079000222,22263.95158477186,69990354236.63487,416080401882.7956
1660168800,2022-08-11 00:00:00,BTC/EUR,22279.41839320615,23098.905954885937,22201.245431465,22253.51095983409,80224978892.92912,433208447761.6746
1660255200,2022-08-12 00:00:00,BTC/EUR,22258.54476466813,22707.898055408303,21989.16190211106,22687.7753908248,69366257548.29964,426331026547.063
1660341600,2022-08-13 00:00:00,BTC/EUR,22690.90003626929,23137.81706783681,22630.36223567993,22717.567525036637,51238483220.54722,436096355279.3109
1660428000,2022-08-14 00:00:00,BTC/EUR,22731.73536264881,23226.622678533236,22484.755661094645,22619.946404549857,41882739322.62201,435701641393.6765
1660514400,2022-08-15 00:00:00,BTC/EUR,22599.4318181149,23376.03558109905,22137.950320378688,22455.90091975188,55117340259.01023,431423742088.202
1660600800,2022-08-16 00:00:00,BTC/EUR,22401.89688363139,22539.620195482148,22047.581489644654,22217.026160565994,54993238940.6062,426252567661.5932
1660687200,2022-08-17 00:00:00,BTC/EUR,22188.303080477897,22706.9888123204,21587.719618158186,21679.508919956912,51700417564.83293,421520412818.49005
1660773600,2022-08-18 00:00:00,BTC/EUR,21704.27791919088,21924.88649573603,21520.20252682185,21581.32708385645,47406502985.75784,416474335009.2657
1660860000,2022-08-19 00:00:00,BTC/EUR,21568.202252415624,21568.202252415624,19381.491756494277,19381.491756494277,52822853020.94215,388508874757.5292
1660946400,2022-08-20 00:00:00,BTC/EUR,19377.727247877214,19842.85530004982,19371.36765327192,19681.582180214853,56863758426.76652,376581752295.55774
1661032800,2022-08-21 00:00:00,BTC/EUR,19658.05418260141,20153.73544045592,19609.592907026952,20009.21272061872,39254513181.66366,380141838336.91626
1661119200,2022-08-22 00:00:00,BTC/EUR,20005.212989984026,20005.212989984026,19465.705171463185,19918.938146918503,45208925823.62794,378331625249.1075
1661205600,2022-08-23 00:00:00,BTC/EUR,19913.542300216686,20118.098992044823,19480.1247991462,20009.607474667824,52502967812.92075,380591292663.5433
1661292000,2022-08-24 00:00:00,BTC/EUR,20006.69139446003,20298.08349375517,19689.641234913604,19881.24581083443,47018536082.35918,382007833059.8064
1661378400,2022-08-25 00:00:00,BTC/EUR,19871.59269525167,20248.62935744314,19837.248370207104,20079.499325892804,46870237252.37946,384299260665.8257
1661464800,2022-08-26 00:00:00,BTC/EUR,20053.374540602454,20285.49404932217,18713.8153545293,18800.05845389624,50688260017.91764,376588551750.7644
1661551200,2022-08-27 00:00:00,BTC/EUR,18836.61157789509,18907.966186517097,18479.26971772364,18646.663225734454,55534444736.665344,357980092633.12494
1661637600,2022-08-28 00:00:00,BTC/EUR,18630.070399613127,18723.65287503836,18233.90443508263,18233.90443508263,38669427718.620605,355776089504.0368
1661724000,2022-08-29 00:00:00,BTC/EUR,18171.45207339415,18935.07844395465,18171.45207339415,18860.83863494643,46510113384.9606,355461429591.64075
1661810400,2022-08-30 00:00:00,BTC/EUR,18874.03162812557,19118.574059091035,18223.53086144203,18383.93856541026,54989879773.56274,358425628841.0626
1661896800,2022-08-31 00:00:00,BTC/EUR,18408.29664555608,19006.977933555863,18408.29664555608,18643.29353011745,64085257321.17743,359579500952.78687
1661983200,2022-09-01 00:00:00,BTC/EUR,18649.363427540477,18772.60794762343,18245.91961238364,18735.0281319458,55776801077.12544,355457185452.1194
1662069600,2022-09-02 00:00:00,BTC/EUR,18714.42134684964,18980.56988396547,18402.012865533023,18532.253252610924,50012208706.06075,357582555937.1612
1662156000,2022-09-03 00:00:00,BTC/EUR,18560.17567353923,18642.92246742739,18300.371992671742,18445.996542851604,43171837158.96797,353168003175.06805
1662242400,2022-09-04 00:00:00,BTC/EUR,18442.2866923249,18599.258411653504,18247.10943094421,18576.670572671686,28075127163.83487,352491025578.336
1662328800,2022-09-05 00:00:00,BTC/EUR,18600.005092362477,18637.34740314104,18283.57798167792,18421.166346575807,32816500841.01343,352318251921.60864
1662415200,2022-09-06 00:00:00,BTC/EUR,18401.18237997392,18743.225246042824,17432.418045364506,17494.87211537505,45308272706.17436,348991934022.70154
1662501600,2022-09-07 00:00:00,BTC/EUR,17470.549646325402,18084.96963609817,17277.981209752863,17925.67917093716,52424108964.09341,336522549011.0914
1662588000,2022-09-08 00:00:00,BTC/EUR,17933.146546795917,18068.32273160054,17745.488379878916,17965.777046192186,46158506907.38725,342833091505.8524
1662674400,2022-09-09 00:00:00,BTC/EUR,17971.553441397205,19898.41719779182,17970.37087669373,19874.30448661531,55993578950.17468,369002593294.34985
1662760800,2022-09-10 00:00:00,BTC/EUR,19866.913549282228,20243.610095881108,19684.9103462988,20144.987863739083,58055120329.91617,380747656658.4237
1662847200,2022-09-11 00:00:00,BTC/EUR,20132.60608766007,20282.90062053574,19884.776478903364,20263.79154518368,47751051195.49145,384694854948.8507
1662933600,2022-09-12 00:00:00,BTC/EUR,20290.901022092137,20886.11752564365,20078.02049310743,20820.372762256346,64358236958.09193,393989822056.5535
1663020000,2022-09-13 00:00:00,BTC/EUR,20831.56937421072,21109.44179274667,18629.546168940476,18759.95541296186,75470343045.442,383506685350.43945
1663106400,2022-09-14 00:00:00,BTC/EUR,18763.033309564453,19051.68312643549,18365.29046915892,18833.72842202787,78564478441.26804,360127684648.33905
1663192800,2022-09-15 00:00:00,BTC/EUR,18805.89442143401,18868.116973095628,18276.68986026943,18285.660891480435,70343587486.57983,355976642084.48883
1663279200,2022-09-16 00:00:00,BTC/EUR,18322.51206651229,18488.55060046999,18004.590947558332,18372.967465401714,62150798888.56856,350987650648.7129
1663365600,2022-09-17 00:00:00,BTC/EUR,18417.089647288973,18760.850058456017,18384.33363726469,18714.617035085623,53714630900.81125,355307718087.0024
1663452000,2022-09-18 00:00:00,BTC/EUR,18712.951207919043,18712.951207919043,18017.900566358843,18035.687031051984,44065932424.22457,353785959539.3513
1663538400,2022-09-19 00:00:00,BTC/EUR,18060.76584680909,18249.142963154936,17104.055081768718,18205.91393886003,73626068228.00256,338538682147.18823
1663624800,2022-09-20 00:00:00,BTC/EUR,18169.1570644004,18250.272935519733,17482.79509477425,17551.730695905288,72225995445.42282,341709490326.13495
1663711200,2022-09-21 00:00:00,BTC/EUR,17552.38893693794,18293.54491761955,16926.49939837042,17206.354094698017,68313793052.62353,338603030167.60895
1663797600,2022-09-22 00:00:00,BTC/EUR,17186.457366443727,18129.00376089463,17088.277957015707,18068.73745109929,92292025588.96255,338100636886.1356
1663884000,2022-09-23 00:00:00,BTC/EUR,18046.049092716727,18103.68244845576,17268.624739083032,17898.39895992782,72527242202.98193,339586601970.2003
1663970400,2022-09-24 00:00:00,BTC/EUR,17939.606630343944,17943.65044067297,17512.79123033606,17606.165882351877,65804438390.057045,339893311491.6116
1664056800,2022-09-25 00:00:00,BTC/EUR,17598.507193408288,17795.784858038296,17374.627761394586,17496.723302550938,41674102302.5313,338195074031.18
1664143200,2022-09-26 00:00:00,BTC/EUR,17486.166243525004,17927.732571245455,17391.169916952636,17891.688381738877,62782140305.40922,338815623987.82184
1664229600,2022-09-27 00:00:00,BTC/EUR,17878.67300914172,18921.557347320257,17524.820654985528,17761.23633642225,91406885420.6772,351732155964.5479
1664316000,2022-09-28 00:00:00,BTC/EUR,17771.839674921426,18350.28280742869,17231.26035033207,18041.16915348156,101383772948.16795,340814155525.84656
1664402400,2022-09-29 00:00:00,BTC/EUR,18057.564819585667,18223.012954644797,17577.222051725577,18221.444877451777,86957137359.32735,345655787947.1168
1664488800,2022-09-30 00:00:00,BTC/EUR,18223.173698795308,18720.858931079056,17903.24740302616,18087.778865490247,77554543401.52165,347997827527.1249
1664575200,2022-10-01 00:00:00,BTC/EUR,18064.02000553433,18106.977998715764,17875.60844051372,17953.45618391318,63846674551.7888,344447522872.87225
1664661600,2022-10-02 00:00:00,BTC/EUR,17958.968371323084,18031.30588027416,17613.940868722722,17702.52665150457,35847963109.90006,342701880784.6301
1664748000,2022-10-03 00:00:00,BTC/EUR,17723.25948866503,18289.36910042872,17699.023799346665,18237.301472161,53079269784.998566,344210734924.50006
1664834400,2022-10-04 00:00:00,BTC/EUR,18247.581024653813,18946.88592507193,18144.44968334124,18915.572543220896,63360221833.28322,355261927905.94696
1664920800,2022-10-05 00:00:00,BTC/EUR,18915.805596629747,18918.71523030996,18375.835385105456,18756.432311283468,64438353082.63094,358619505698.4137
1665007200,2022-10-06 00:00:00,BTC/EUR,18745.70887853509,18982.952598833803,18490.74115348441,18551.480905584103,67956290900.74925,359089457129.3936
1665093600,2022-10-07 00:00:00,BTC/EUR,18559.460889620477,18638.894624070326,18020.83051446754,18165.358414192524,56692189393.28999,352297829902.77344
1665180000,2022-10-08 00:00:00,BTC/EUR,18165.58947645017,18234.9652096691,17925.702182667002,18042.58432608877,43905158823.69047,347342642012.81555
1665266400,2022-10-09 00:00:00,BTC/EUR,18055.763096467,18171.363334574253,17976.64165201114,18075.43555691953,30232235868.1534,346506726340.31287
1665352800,2022-10-10 00:00:00,BTC/EUR,18081.638162728195,18149.648094932527,17763.406806219107,17795.54726792805,40577452163.99445,344470277986.4067
1665439200,2022-10-11 00:00:00,BTC/EUR,17793.411392726146,17908.08059065231,17567.313327899446,17712.004761506196,54817832591.31129,339879931503.486
1665525600,2022-10-12 00:00:00,BTC/EUR,17726.05938863004,17861.32243394805,17692.073952143142,17816.567947661017,53221917869.293365,340743888149.3733
1665612000,2022-10-13 00:00:00,BTC/EUR,17813.83090355515,18092.492632685506,17009.989305210685,18023.685981310944,61663718934.05434,339167226704.8013
1665698400,2022-10-14 00:00:00,BTC/EUR,18023.654808168805,18498.56950218081,17759.850551944124,17847.303890113362,87983062065.94395,347834683858.7873
1665784800,2022-10-15 00:00:00,BTC/EUR,17839.13883696491,17873.84305629179,17694.079922625522,17720.693673334634,51567629293.59625,341142328471.61847
1665871200,2022-10-16 00:00:00,BTC/EUR,17731.08407964363,18039.40085661361,17731.08407964363,17911.094352389733,29233957746.259712,341564940234.59094
1665957600,2022-10-17 00:00:00,BTC/EUR,17908.105003554138,18274.844460564127,17822.58184958278,18188.685563894396,45331751713.07792,345705101903.22034
1666044000,2022-10-18 00:00:00,BTC/EUR,18177.436226506336,18307.131622246867,17778.221875029063,17996.14029703615,58351908489.80275,347086625163.1194
1666130400,2022-10-19 00:00:00,BTC/EUR,17975.779836137226,17983.129853341885,17776.81657971338,17785.88957397539,56800420712.13863,342444855953.66315
1666216800,2022-10-20 00:00:00,BTC/EUR,17784.62470589329,17974.68664267314,17616.55832380102,17709.576858335888,46916479823.42748,340788792926.60266
1666303200,2022-10-21 00:00:00,BTC/EUR,17709.39978982414,17884.661254173294,17430.90431418501,17824.334458611163,52747692288.48858,339768518226.29987
1666389600,2022-10-22 00:00:00,BTC/EUR,17820.808898064708,17900.8117778454,17781.085940692414,17858.301450424187,47574135475.18447,341735785365.7969
1666476000,2022-10-23 00:00:00,BTC/EUR,17859.180221149643,18292.28136718789,17773.91652484446,18179.956011866565,27280529607.75544,343334025415.5349
1666562400,2022-10-24 00:00:00,BTC/EUR,18194.640143589168,18207.533223595496,17847.38154358359,17981.561904230486,53538045814.204124,344930660049.676
1666648800,2022-10-25 00:00:00,BTC/EUR,17976.74385514605,18960.905895153865,17904.531242734516,18702.74582799656,58052286162.38927,349194783451.4625
1666735200,2022-10-26 00:00:00,BTC/EUR,18675.725279126986,19476.6850287914,18660.95069804769,19300.862067675607,103824939666.71524,366023067333.2477
1666821600,2022-10-27 00:00:00,BTC/EUR,19312.752733502868,19400.118445857115,18831.9008817667,18863.72955136769,91124881856.57408,367548987533.5813
1666908000,2022-10-28 00:00:00,BTC/EUR,18871.56566608346,19282.19514452914,18668.48664081317,19165.302290544874,80730370186.85399,363349820401.8818
1666994400,2022-10-29 00:00:00,BTC/EUR,19153.325095840628,19532.923500388824,19124.08466553209,19354.767891047097,72678649608.73602,370327846002.94257
1667080800,2022-10-30 00:00:00,BTC/EUR,19352.740946170044,19446.006565670654,19083.55713051392,19177.84774339945,60201414231.81963,369277134762.0202
1667170800,2022-10-31 00:00:00,BTC/EUR,19176.981186470624,19350.01608868305,18869.44790329465,19068.772357477304,59085340100.29335,365529339283.824
1667257200,2022-11-01 00:00:00,BTC/EUR,19060.63107562252,19204.529679855557,18947.567196995715,19047.47082182481,69828923794.20125,365464302511.9176
1667343600,2022-11-02 00:00:00,BTC/EUR,19047.865227055023,19280.4054720122,18668.33642639456,18740.547272387517,64266307695.39172,363790890186.3482
1667430000,2022-11-03 00:00:00,BTC/EUR,18739.63713483989,18950.22425108726,18658.516772219587,18793.62451677245,83002847322.84106,361019914885.7933
1667516400,2022-11-04 00:00:00,BTC/EUR,18790.539353048494,19727.76142437961,18777.15632612329,19674.76494713054,80107926045.37689,368970377155.1212
1667602800,2022-11-05 00:00:00,BTC/EUR,19665.046638581214,19958.410697135005,19618.670591189355,19791.48425076026,87354017868.46132,380229975200.36633
1667689200,2022-11-06 00:00:00,BTC/EUR,19810.776348705927,19856.02776925294,19448.75698648736,19448.75698648736,50989303390.403206,378155331818.54926
1667775600,2022-11-07 00:00:00,BTC/EUR,19453.51700471501,19569.48386016795,19015.595327772044,19149.94643305527,69985836096.3089,370198342134.6343
1667862000,2022-11-08 00:00:00,BTC/EUR,19149.02017130262,19211.21130113737,16405.954486696613,17231.185007786476,107957480973.09148,348600011567.5764
1667948400,2022-11-09 00:00:00,BTC/EUR,17246.660730353076,17266.706428949645,14556.622957527736,14683.799182544377,153113182601.07608,312322448684.52814
1668034800,2022-11-10 00:00:00,BTC/EUR,14784.399181173956,16906.41182672593,14755.955860744256,16358.763378932985,143229575573.30786,302524353153.1106
1668121200,2022-11-11 00:00:00,BTC/EUR,16360.814942945624,16437.66946591152,15301.843346244586,15906.591152154302,101003432429.2878,305071182397.676
1668207600,2022-11-12 00:00:00,BTC/EUR,15854.162226004148,15873.16137972082,15474.538984038045,15625.73287206242,63364573889.6277,300359947302.11053
1668294000,2022-11-13 00:00:00,BTC/EUR,15624.615313078331,15747.914051093192,15133.346167080508,15205.19822288098,37154884778.369865,296775895889.1951
1668380400,2022-11-14 00:00:00,BTC/EUR,15187.85832464336,15951.021828466974,14729.346780868414,15466.18815798686,60034346060.23595,293443523164.0181
1668466800,2022-11-15 00:00:00,BTC/EUR,15450.982669135292,15890.309776897397,15395.987594044396,15711.972119149254,64050028180.098175,300014651852.9135
1668553200,2022-11-16 00:00:00,BTC/EUR,15715.04970752076,15798.753080564313,15265.01758560448,15506.056702294343,53769841266.18039,298341122845.0494
1668639600,2022-11-17 00:00:00,BTC/EUR,15503.162051968748,15557.343607807054,15296.48987714942,15522.22147266172,48039881423.61595,296718815586.1687
1668726000,2022-11-18 00:00:00,BTC/EUR,15524.112363565411,15766.806140010154,15401.450678421634,15541.05570092946,43978145440.38569,299046279128.5252
1668812400,2022-11-19 00:00:00,BTC/EUR,15534.991858735446,15630.25593095816,15405.29252573724,15545.4236469125,31003036835.926247,297373218899.9494
1668898800,2022-11-20 00:00:00,BTC/EUR,15534.860765607498,15573.72764556538,15110.481079522731,15150.74789126654,26454235790.861588,296399014916.2082
1668985200,2022-11-21 00:00:00,BTC/EUR,15146.431567298125,15146.431567298125,14506.314668601028,14675.084583461105,46686267499.51692,286589061401.38855
1669071600,2022-11-22 00:00:00,BTC/EUR,14676.06885222422,15122.173274186498,14569.348268839103,15042.414046443284,54511458977.16482,284939272704.8367
1669158000,2022-11-23 00:00:00,BTC/EUR,15085.8559086386,15486.25059286332,15035.271043160448,15451.85875438254,50397335031.27322,294294270708.2645
1669244400,2022-11-24 00:00:00,BTC/EUR,15460.740358414938,15604.481767709174,15320.883275178225,15435.586027955247,47723066659.64014,296644690920.07104
1669330800,2022-11-25 00:00:00,BTC/EUR,15446.415292618733,15446.415292618733,15225.538319321238,15355.77497945704,37701129914.514015,294673818356.7519
1669417200,2022-11-26 00:00:00,BTC/EUR,15357.651145272435,15515.697970183855,15266.225788068868,15308.609322553451,36829826987.44835,295958604117.49
1669503600,2022-11-27 00:00:00,BTC/EUR,15304.944042131265,15431.613385040737,15269.389093374137,15281.79804063446,32942947300.556435,295618435204.0303
1669590000,2022-11-28 00:00:00,BTC/EUR,15275.147087237674,15327.742190478846,14920.730593607304,15077.237999256624,41784784539.15791,289742326310.8041
1669676400,2022-11-29 00:00:00,BTC/EUR,15078.15528834082,15366.066336736398,14983.16704935056,15285.357810451133,49081073648.555786,293334362948.4119
1669762800,2022-11-30 00:00:00,BTC/EUR,15287.732239674877,16007.680031632242,15287.732239674877,15985.115345262271,41610225493.27778,302045788879.1168
1669849200,2022-12-01 00:00:00,BTC/EUR,15963.518276248124,16009.008081540793,15701.039812515692,15768.9454007756,36073035639.171234,304821094550.4327
1669935600,2022-12-02 00:00:00,BTC/EUR,15784.08114859446,15892.37238621594,15682.065265802456,15891.92357410559,31152573938.912773,303143741773.49347
1670022000,2022-12-03 00:00:00,BTC/EUR,15895.430349022125,15923.877093621257,15694.469242199795,15720.153284525864,26432571649.92651,303308748420.6664
1670108400,2022-12-04 00:00:00,BTC/EUR,15698.863016457277,15943.699420443834,15698.863016457277,15930.73992084688,24129943567.47172,304084575511.40533
1670194800,2022-12-05 00:00:00,BTC/EUR,15913.93561415532,16174.210991117252,15701.986254870775,15771.87183348027,30977907882.628044,306862159696.1421
1670281200,2022-12-06 00:00:00,BTC/EUR,15779.63505617168,15904.280212025002,15740.149263220988,15891.876718240745,30980474658.51589,303757034723.9492
1670367600,2022-12-07 00:00:00,BTC/EUR,15893.21588528835,15899.324275311774,15573.837383403545,15659.075666249562,31273988238.00504,301706837147.0262
1670454000,2022-12-08 00:00:00,BTC/EUR,15656.287360155258,16079.662230654054,15615.581742885592,16046.686564006934,29132738908.38232,302582307533.70746
1670540400,2022-12-09 00:00:00,BTC/EUR,16020.493050348674,16062.817927718705,15885.52557914609,15924.435945415013,32076847363.760265,307153412782.54114
1670626800,2022-12-10 00:00:00,BTC/EUR,15928.87601713526,16010.726973413346,15907.806376371384,15916.023199667532,23940875183.852207,306632975371.7207
1670713200,2022-12-11 00:00:00,BTC/EUR,15930.459275326186,16045.151914618396,15884.17277840942,15895.16924331204,18218258347.67055,306591762227.2451
1670799600,2022-12-12 00:00:00,BTC/EUR,15892.871775115384,16015.042021333562,15700.204497874583,16015.042021333562,25305723673.510296,303785437670.8653
1670886000,2022-12-13 00:00:00,BTC/EUR,15998.001003729943,16676.86735671307,15900.094300142286,16522.38052301696,38228790157.90055,312173576659.0809
1670972400,2022-12-14 00:00:00,BTC/EUR,16534.951147789427,17046.05285274675,16470.33605085339,16552.90105383278,50009948079.3295,319410496033.2151
1671058800,2022-12-15 00:00:00,BTC/EUR,16548.907991038184,16593.74326549806,16094.32397197085,16125.378521655955,52322319746.301,314193621375.2395
1671145200,2022-12-16 00:00:00,BTC/EUR,16143.107924994372,16287.641287466637,15371.943715351676,15445.594397790364,44324292477.99818,305528872221.3089
1671231600,2022-12-17 00:00:00,BTC/EUR,15471.612575993257,15610.572308813851,15432.116855319113,15610.572308813851,43365816821.30195,298396436870.40936
1671318000,2022-12-18 00:00:00,BTC/EUR,15604.2463850537,15642.884888150844,15509.99764640401,15577.905318185454,23750280089.40224,299033487281.88574
1671404400,2022-12-19 00:00:00,BTC/EUR,15568.933301003084,15624.761764685532,15220.372271666249,15274.760030548625,27486271143.391808,298040474020.2492
1671490800,2022-12-20 00:00:00,BTC/EUR,15290.634631847175,15804.669252015734,15259.76945298125,15719.054571632516,46890922399.22873,300026881469.79083
1671577200,2022-12-21 00:00:00,BTC/EUR,15717.973769232463,15736.246110901278,15568.30157445898,15629.659436869051,39932401022.1532,300728830663.57153
1671663600,2022-12-22 00:00:00,BTC/EUR,15641.158110849216,15678.801904602478,15411.667829143764,15644.209603788076,30979909573.5414,299847331242.33136
1671750000,2022-12-23 00:00:00,BTC/EUR,15642.10157413782,15719.783986345965,15598.120249353413,15605.523790066023,33141274859.391937,300742448392.15765
1671836400,2022-12-24 00:00:00,BTC/EUR,15604.65623010616,15673.485478336075,15604.65623010616,15655.20194552167,19182689577.281998,300762178247.744
1671922800,2022-12-25 00:00:00,BTC/EUR,15657.353830129545,15669.90039896214,15567.568841893812,15651.51578071066,20443213306.55375,300531741723.54425
1672009200,2022-12-26 00:00:00,BTC/EUR,15654.310344900488,15727.524640621572,15628.19312683118,15725.012257342689,24684980209.7832,301105146759.83026
1672095600,2022-12-27 00:00:00,BTC/EUR,15735.12543326184,15775.281998109906,15466.925201573527,15536.701457022264,29242391554.11305,300312541062.9398
1672182000,2022-12-28 00:00:00,BTC/EUR,15536.50587471569,15588.3664871802,15334.247412325978,15391.18123087728,35900062505.515305,297327822427.1818
1672268400,2022-12-29 00:00:00,BTC/EUR,15388.904315000773,15488.910226673252,15347.669465911522,15476.23884203718,38859624172.49713,296505637349.707
1672354800,2022-12-30 00:00:00,BTC/EUR,15472.098796824204,15474.749645771775,15232.665141496713,15441.185124624088,33899289346.026543,295744361031.41626
1672441200,2022-12-31 00:00:00,BTC/EUR,15445.201636516447,15468.291995647687,15340.860355437791,15380.360553897088,31680138546.143112,296097552885.4904
1672527600,2023-01-01 00:00:00,BTC/EUR,15379.529429270242,15457.379032633056,15351.570832054604,15444.270344965957,21862738794.39241,295889388070.31665
1672614000,2023-01-02 00:00:00,BTC/EUR,15453.742149925283,15585.121509405564,15400.580989214342,15509.722905945737,23119034680.670124,298250668860.8404
1672700400,2023-01-03 00:00:00,BTC/EUR,15506.28086072135,15589.69886454287,15453.16368709554,15508.28989133617,27572401400.759068,298261278810.9685
1672786800,2023-01-04 00:00:00,BTC/EUR,15506.987603344212,15784.933544348029,15492.038375350066,15676.96408358896,36626550484.26212,300743276783.0689
1672873200,2023-01-05 00:00:00,BTC/EUR,15672.17474948225,15695.418538254797,15606.454816840109,15650.518836778912,36232138981.42207,300800123964.20026
1672959600,2023-01-06 00:00:00,BTC/EUR,15652.632499139769,15814.800735787392,15537.995360014424,15766.88341431654,32510367286.1378,300757229099.5528
1673046000,2023-01-07 00:00:00,BTC/EUR,15764.266685438884,15785.88241311646,15725.754702817356,15758.111393205552,31904309041.59188,302674138066.02496
1673132400,2023-01-08 00:00:00,BTC/EUR,15757.38794457044,15875.321551838437,15734.524852225682,15875.321551838437,20251364713.395145,302834347809.8413
1673218800,2023-01-09 00:00:00,BTC/EUR,15915.781873739472,16172.746823916355,15915.781873739472,15990.829203810526,37544144794.42754,308037440494.3746
1673305200,2023-01-10 00:00:00,BTC/EUR,15976.28810262798,16263.383366347683,15957.843744478232,16214.929596590406,41937902284.55166,308949890515.91364
1673391600,2023-01-11 00:00:00,BTC/EUR,16218.643482927524,16683.278464191586,16119.992619318384,16683.278464191586,40744730916.00095,311939161023.7132
1673478000,2023-01-12 00:00:00,BTC/EUR,16687.24802203062,17696.300253884998,16669.457250898846,17538.212575212267,67671615629.06543,327769421201.1509
1673564400,2023-01-13 00:00:00,BTC/EUR,17531.091984487906,18577.26464774687,17420.983734620426,18519.40357906184,76080300943.72473,340861020031.33984
1673650800,2023-01-14 00:00:00,BTC/EUR,18527.0644736054,19668.737830399485,18527.0644736054,19514.712868156497,98040521446.10085,372007662869.7517
1673737200,2023-01-15 00:00:00,BTC/EUR,19484.245273368117,19525.213877124017,19136.917575723757,19395.752207644666,58786363300.8563,371333280306.324
1673823600,2023-01-16 00:00:00,BTC/EUR,19413.169917512947,19911.210092161185,19276.721721420225,19688.687037491687,56391236642.931465,375943967628.55975
1673910000,2023-01-17 00:00:00,BTC/EUR,19699.81906779384,19942.250673204217,19491.9532808064,19675.798726793237,47908149533.61418,378764785317.402
1673996400,2023-01-18 00:00:00,BTC/EUR,19656.75108694609,20040.81187400608,19107.375430545268,19238.07570029516,54384266727.01214,377480565604.8262
1674082800,2023-01-19 00:00:00,BTC/EUR,19222.345425400843,19675.73392222081,19219.74546401436,19605.927893222943,72522836619.37192,372604411864.9168
1674169200,2023-01-20 00:00:00,BTC/EUR,19599.313237652357,21098.82496814813,19455.170977131747,21078.73289996187,59935228140.00564,380698442394.6088
1674255600,2023-01-21 00:00:00,BTC/EUR,21080.22886849129,21672.4308470379,20930.55489877709,21158.578058012252,93959635789.41496,408895834561.1089
1674342000,2023-01-22 00:00:00,BTC/EUR,21182.984032214565,21438.07251997136,20802.43339006221,21132.860158654872,74135072050.22726,407543820104.71967
1674428400,2023-01-23 00:00:00,BTC/EUR,21126.88856029536,21519.460066979515,21080.79215839448,21338.355327400048,68208135018.46013,407987280805.7995
1674514800,2023-01-24 00:00:00,BTC/EUR,21313.16974955593,21529.71654158413,20988.873606189954,21031.21803489421,74000152589.74065,410367077096.1884
1674601200,2023-01-25 00:00:00,BTC/EUR,21049.068417128336,22057.47788968557,20800.50200411052,21506.498618977206,76840410823.74677,405743957945.6671
1674687600,2023-01-26 00:00:00,BTC/EUR,21460.253452716017,21614.38048070339,21287.54624333901,21396.86521775521,88331983150.38525,412240137820.0226
1674774000,2023-01-27 00:00:00,BTC/EUR,21406.491365120102,21769.248129299594,21045.512652400743,21437.259529987256,69366720432.83414,410928405025.946
1674860400,2023-01-28 00:00:00,BTC/EUR,21456.0340001302,21557.150591294478,21292.94664695105,21396.497317002853,58385976418.557884,411424763433.4822
1674946800,2023-01-29 00:00:00,BTC/EUR,21412.78817807289,22250.889527476305,21371.020282900423,22111.228505798437,56476934443.111465,418781278330.6543
1675033200,2023-01-30 00:00:00,BTC/EUR,22086.56362469659,22121.14759739233,21085.46227420412,21217.0476801607,74242425193.82368,416019434759.0602
1675119600,2023-01-31 00:00:00,BTC/EUR,21234.563699095124,21597.40628109626,21152.36819834649,21532.052190571845,69476974696.02515,410380228074.5946
1675206000,2023-02-01 00:00:00,BTC/EUR,21511.32819983446,22103.269350593797,21227.81593802602,22046.205488751868,65490038252.00643,413971627773.4455
1675292400,2023-02-02 00:00:00,BTC/EUR,22058.588008816223,22546.815649731696,21787.14225929749,21840.57212472914,88774103391.22986,425565737070.6311
1675378800,2023-02-03 00:00:00,BTC/EUR,21825.720038315245,22027.39056440588,21643.027834351666,21789.247551823228,84495510103.83762,419548019795.9368
1675465200,2023-02-04 00:00:00,BTC/EUR,21791.039440523014,21915.32879502274,21652.319820828703,21683.27390750402,63856790585.27879,417971582413.8329
1675551600,2023-02-05 00:00:00,BTC/EUR,21691.452259390488,21786.77471481116,21239.81307368245,21332.0915204747,47204944328.19673,414497544569.3767
1675638000,2023-02-06 00:00:00,BTC/EUR,21325.743581421622,21524.548543085857,21083.325893479898,21154.72570190367,60011568456.261406,409336619250.9382
1675724400,2023-02-07 00:00:00,BTC/EUR,21163.00904872174,21689.60131685406,21163.00904872174,21632.507137609387,68067709537.37544,410740771474.9135
1675810800,2023-02-08 00:00:00,BTC/EUR,21623.812552892705,21736.94631215765,21128.38769076249,21342.347831747717,72743371056.28352,412802903928.3781
1675897200,2023-02-09 00:00:00,BTC/EUR,21354.08894344781,21374.725422909167,20231.391165025954,20272.839985350223,79475940612.60992,402739996527.74194
1675983600,2023-02-10 00:00:00,BTC/EUR,20262.93233777014,20397.37884663672,19983.8801625608,20132.508067591065,91283748902.4666,389086393706.6406
1676070000,2023-02-11 00:00:00,BTC/EUR,20120.640571380743,20356.602311934454,20096.089427038285,20334.770434022448,64412612459.48121,387798093870.9769
1676156400,2023-02-12 00:00:00,BTC/EUR,20333.571687637752,20540.68005443066,20158.988427877903,20230.591958195117,44771376470.01687,390671499894.7788
1676242800,2023-02-13 00:00:00,BTC/EUR,20259.601037859557,20351.80937235536,19934.380018386804,20283.82156063871,57263348430.86257,387420729365.1471
1676329200,2023-02-14 00:00:00,BTC/EUR,20248.982295407724,20704.661057655227,20098.71097660029,20645.62173925173,63895467387.5058,391315784941.54175
1676415600,2023-02-15 00:00:00,BTC/EUR,20648.06359214723,22621.30590471915,20513.592833233222,22621.30590471915,69248217248.89127,408891855225.8896
1676502000,2023-02-16 00:00:00,BTC/EUR,22627.42849793467,23424.654279310696,21884.07815566033,21884.07815566033,80309101348.78342,439829319003.86975
1676588400,2023-02-17 00:00:00,BTC/EUR,21901.02986171172,23229.800611927945,21892.05777046192,22838.783490965227,84606368099.56175,429181363388.3075
1676674800,2023-02-18 00:00:00,BTC/EUR,22846.826251522845,23078.431981450864,22746.370932492628,22918.502822494396,71756474061.6743,439834060891.8489
1676761200,2023-02-19 00:00:00,BTC/EUR,22907.83444466144,23357.22233183225,22620.48275348976,22628.576012052563,36439905789.9626,440374763263.696
1676847600,2023-02-20 00:00:00,BTC/EUR,22594.31836992811,23297.684831693463,22233.522270217785,23060.962066047297,53601899675.64305,440670528693.9341
1676934000,2023-02-21 00:00:00,BTC/EUR,23101.109100174737,23342.098224664973,22482.66337453152,22715.89236392043,52935354384.39862,441327646514.5482
1677020400,2023-02-22 00:00:00,BTC/EUR,22741.077941764543,22753.101116908,21958.027508858075,22499.028634135902,63873833563.452126,429204861028.3777
1677106800,2023-02-23 00:00:00,BTC/EUR,22495.902686717072,22861.460168474376,22016.851454026357,22272.22656213673,54815454496.71974,431177089521.8728
1677193200,2023-02-24 00:00:00,BTC/EUR,22262.202568609395,22417.418277859924,21351.981520632333,21573.488547275618,49048073051.09422,422330530443.98505
1677279600,2023-02-25 00:00:00,BTC/EUR,21566.68005840285,21576.047670860884,21229.9831673316,21547.687786550603,40775684855.74088,411884113709.97217
1677366000,2023-02-26 00:00:00,BTC/EUR,21542.91428358861,22000.65119292616,21452.97873131899,21883.58833430981,28609835626.771484,415670971012.34045
1677452400,2023-02-27 00:00:00,BTC/EUR,21906.88586334849,22205.009346315877,21552.260476147792,21862.255483787307,35187344776.241234,419070035540.95166
1677538800,2023-02-28 00:00:00,BTC/EUR,21850.143049032904,21928.338866724323,21450.71783309395,21518.917495855872,39638930170.56897,417757252622.3221
1677625200,2023-03-01 00:00:00,BTC/EUR,21507.540392257324,22196.79342316956,21432.70922511744,22002.808637669837,40531818446.90993,421619700351.479
1677711600,2023-03-02 00:00:00,BTC/EUR,21983.82055073515,22077.04135628528,21608.10525532647,21822.27017827749,38656548194.85389,418693810208.68506
1677798000,2023-03-03 00:00:00,BTC/EUR,21823.57829050768,21823.57829050768,20637.05214407276,20769.993863852083,45983651550.33112,400635314226.6161
1677884400,2023-03-04 00:00:00,BTC/EUR,20789.6409340736,20829.43038622139,20635.20789740442,20774.896083421125,28942820091.81673,399070834525.708
1677970800,2023-03-05 00:00:00,BTC/EUR,20782.32915546789,21026.3154758554,20706.312717372457,20864.133024579416,23044473395.394108,400660968438.2242
1678057200,2023-03-06 00:00:00,BTC/EUR,20858.241218647992,21003.19234811074,20769.500971830854,20840.41942173739,25331358260.562263,400616051808.35925
1678143600,2023-03-07 00:00:00,BTC/EUR,20833.840545341256,20925.67313148361,20448.923421916144,20640.956765151725,32724471421.352997,399647875429.2587
1678230000,2023-03-08 00:00:00,BTC/EUR,20643.41600870463,20717.46328897321,20143.85068234992,20174.04107471396,43867635940.27429,396044757922.3942
1678316400,2023-03-09 00:00:00,BTC/EUR,20184.32369325993,20276.17797996702,18801.020003905924,18930.57723962838,42071046856.73483,384751440458.43726
1678402800,2023-03-10 00:00:00,BTC/EUR,18943.733225455457,18943.733225455457,18224.729886821227,18724.0091728972,66816625839.43403,358557302269.19507
1678489200,2023-03-11 00:00:00,BTC/EUR,18741.860297934974,19188.5567614318,18419.238809995444,19059.915743659847,60963613288.81821,363132211860.44055
1678575600,2023-03-12 00:00:00,BTC/EUR,19020.192506207623,20415.699772122945,18867.94827441899,20415.699772122945,41171118174.838615,370022147900.2812
1678662000,2023-03-13 00:00:00,BTC/EUR,20456.206066921157,22638.33444269715,20299.820157560727,22378.67221580401,76019768266.96935,412449004550.5034
1678748400,2023-03-14 00:00:00,BTC/EUR,22422.0537715407,24425.0086953287,22331.764477186516,22965.6140204038,87852349600.91342,444975954023.6668
1678834800,2023-03-15 00:00:00,BTC/EUR,22965.428954049603,23274.639492601997,22291.93724978989,22576.85451592465,90775947387.0098,441821628764.7023
1678921200,2023-03-16 00:00:00,BTC/EUR,22586.186255046166,23349.112611481552,22489.13204809865,23259.941039161527,86108443245.91084,442797004824.7553
1679007600,2023-03-17 00:00:00,BTC/EUR,23248.300923471805,25769.807772786877,23155.85265370272,25397.963898111204,78223891368.22003,472196496048.8488
1679094000,2023-03-18 00:00:00,BTC/EUR,25471.050600303173,25700.660379990517,24942.23606311968,25008.72133947053,81079014971.67172,490984166456.8573
1679180400,2023-03-19 00:00:00,BTC/EUR,25017.31691002967,26346.41643929907,24969.136419012542,25957.473797766183,55753681835.08118,492630932780.34174
1679266800,2023-03-20 00:00:00,BTC/EUR,26002.768090468617,26440.82684671112,25265.737587181367,25749.401277794823,75476686601.75394,500270036821.8156
1679353200,2023-03-21 00:00:00,BTC/EUR,25782.63687005366,26411.263659105916,25429.79670600489,26150.66559783768,70449014825.76793,501709860834.329
1679439600,2023-03-22 00:00:00,BTC/EUR,26154.63024296447,26696.650484985443,24847.449525244352,25364.141859405365,58013527449.02925,503468919049.1128
1679526000,2023-03-23 00:00:00,BTC/EUR,25352.930659321377,26615.53060104716,25255.317728240752,26335.424490137542,55645505956.11933,498767790628.4434
1679612400,2023-03-24 00:00:00,BTC/EUR,26315.290479777545,26370.82351820493,25212.225167164204,25496.316430343337,44991114412.75273,502355345651.7523
1679698800,2023-03-25 00:00:00,BTC/EUR,25528.840611994998,25804.56630304383,25280.310985873577,25541.58654874499,39353091431.4588,494067562558.4311
1679785200,2023-03-26 00:00:00,BTC/EUR,25568.54522965897,26168.947889931245,25510.24718913037,26024.2251243808,25213070563.04096,499065762525.2721
1679868000,2023-03-27 00:00:00,BTC/EUR,26012.05147901117,26054.939132699084,24829.09698778934,25256.04264895981,32216756598.375008,495080330953.6287
1679954400,2023-03-28 00:00:00,BTC/EUR,25231.525634944992,25524.428200764443,24809.07503875541,25350.57584465586,40046158490.78439,485757020908.2374
1680040800,2023-03-29 00:00:00,BTC/EUR,25357.505231146944,26584.45730919101,25344.51441006612,26384.295585376964,39507625010.72062,504790192541.27576
1680127200,2023-03-30 00:00:00,BTC/EUR,26363.62627756233,27114.899887472217,25830.006788866256,26068.869978753028,43019259070.78297,510121306932.4021
1680213600,2023-03-31 00:00:00,BTC/EUR,26065.97673900311,26610.530926540745,25726.13005535853,26473.971327989544,41920992337.57095,506898797670.2516
1680300000,2023-04-01 00:00:00,BTC/EUR,26474.609500765,26773.62181365027,26323.360674794705,26471.75554295322,33997441619.57343,511373213339.5947
1680386400,2023-04-02 00:00:00,BTC/EUR,26460.52712009187,26519.30511768918,25927.010201899026,26214.49106752597,24286814887.560043,508277204775.64026
1680472800,2023-04-03 00:00:00,BTC/EUR,26198.306689358214,26437.27236373443,25487.060426726726,25817.64795467551,33497250182.34283,503117443969.20233
1680559200,2023-04-04 00:00:00,BTC/EUR,25860.715095927717,26416.50057193873,25756.101423801952,26178.68798184676,38153240793.95636,504766960634.19214
1680645600,2023-04-05 00:00:00,BTC/EUR,26189.900119967635,26672.85541574831,25940.39254526685,26203.525653544624,34015556624.414494,509761476027.0411
1680732000,2023-04-06 00:00:00,BTC/EUR,26201.402877363314,26201.402877363314,25819.89444707939,26057.84467445991,32805811061.20209,503627348854.8148
1680818400,2023-04-07 00:00:00,BTC/EUR,26070.94095546318,26130.589887379218,25867.414430769302,25948.588473807064,26408277528.026028,502311215072.1346
1680904800,2023-04-08 00:00:00,BTC/EUR,25955.42504812655,26173.91293241832,25909.25796761804,25978.142826586314,21754167366.529545,503312470675.6231
1680991200,2023-04-09 00:00:00,BTC/EUR,25982.178482083906,26483.663755824007,25868.940557755348,26338.81241339545,21383953848.074627,503708385626.22266
1681077600,2023-04-10 00:00:00,BTC/EUR,26340.58921144724,27651.181727719963,26227.007411953982,27536.59794102056,30434316968.75571,514287827107.6069
1681164000,2023-04-11 00:00:00,BTC/EUR,27584.58955258581,28310.94331250813,27522.30905151168,28113.41424173944,49057587816.82668,541268594181.2289
1681250400,2023-04-12 00:00:00,BTC/EUR,28088.96372141469,28300.13066242595,27681.13727459569,27785.45112100838,41303051529.458206,539390665391.9056
1681336800,2023-04-13 00:00:00,BTC/EUR,27790.85595513768,28368.023137944183,27769.105729617124,28233.85430907011,39894552232.62768,543400707269.5344
1681423200,2023-04-14 00:00:00,BTC/EUR,28253.50612392936,28788.390666703865,27928.89601874843,28344.253550205056,44705390595.604,550141474729.5056
1681509600,2023-04-15 00:00:00,BTC/EUR,28334.50352928047,28380.0609138,28130.1628535578,28176.42788854713,34245468283.163,546388139944.3765
1681596000,2023-04-16 00:00:00,BTC/EUR,28173.89720591852,28389.71009933996,28055.896679656664,28182.978155467707,21828007880.75139,545264832877.55646
1681682400,2023-04-17 00:00:00,BTC/EUR,28185.340764383796,28185.71548318385,27248.899634720165,27354.443917454824,32126208804.987343,534364110250.95154
1681768800,2023-04-18 00:00:00,BTC/EUR,27387.26297091947,28302.569539380074,27154.60015437696,28240.353765030828,37053442007.288605,538798414313.616
1681855200,2023-04-19 00:00:00,BTC/EUR,28252.889918068613,28261.15745519813,26680.01190376549,26788.10367435761,45131644138.59348,531979537112.5916
1681941600,2023-04-20 00:00:00,BTC/EUR,26792.065396311693,27015.456295510976,26081.391996577662,26287.95022738052,49492796863.22346,515714330426.6626
1682028000,2023-04-21 00:00:00,BTC/EUR,26263.008118740057,26365.250304569,25313.35732686066,25364.78531372932,45772689916.51218,502910713503.9119
1682114400,2023-04-22 00:00:00,BTC/EUR,25353.96962679835,25903.002910842657,25274.35389522826,25872.694807912285,44512767443.22397,493403969396.4503
1682200800,2023-04-23 00:00:00,BTC/EUR,25871.002241255846,25871.002241255846,25481.656111374603,25656.8646597662,28094920009.84101,496136464921.35583
1682287200,2023-04-24 00:00:00,BTC/EUR,25657.94343851426,26008.84412577072,25222.777111290907,25601.651647462542,33382432977.80586,494690139218.7449
1682373600,2023-04-25 00:00:00,BTC/EUR,25594.611686149783,26370.43030252304,25321.643463623765,26343.432934371194,36950633408.52622,495445583304.7266
1682460000,2023-04-26 00:00:00,BTC/EUR,26316.444866036138,27867.356713072757,25505.370644198305,26389.70882273619,52355249045.977646,518958032811.0453
1682546400,2023-04-27 00:00:00,BTC/EUR,26425.661914460285,27780.403426052508,26408.215458155475,27404.02124078156,75713182452.56453,524585459836.70624
1682632800,2023-04-28 00:00:00,BTC/EUR,27409.16403946842,27485.208641389763,26923.76010192599,27273.675008602328,49761925935.96843,527932401441.5523
1682719200,2023-04-29 00:00:00,BTC/EUR,27256.377349366216,27364.72951482856,27065.13591682244,27171.060830101644,33079118762.357773,527206690406.35095
1682805600,2023-04-30 00:00:00,BTC/EUR,27183.82017874248,27792.930279273496,27059.63972509741,27258.26521217532,25432961668.91283,528056663759.1564
1682892000,2023-05-01 00:00:00,BTC/EUR,27146.89990607185,27274.27019687712,25749.76052971756,26118.033274744485,39400124872.35678,511783420247.7032
1682978400,2023-05-02 00:00:00,BTC/EUR,26101.907392424368,26798.7426647695,25967.106548001,26634.28470459132,38631222825.40898,508695445779.0295
1683064800,2023-05-03 00:00:00,BTC/EUR,26662.42595020878,26997.34955221382,26207.0697207265,26968.352723451346,38250493903.546425,513301190222.1657
1683151200,2023-05-04 00:00:00,BTC/EUR,26990.049196030835,27265.965460480427,26689.72091249802,26802.68578708999,43948913170.23908,521720543709.4876
1683237600,2023-05-05 00:00:00,BTC/EUR,26832.51959936389,27569.260385570404,26822.11310437184,27462.052097573676,40005300106.983406,526927026946.1771
1683324000,2023-05-06 00:00:00,BTC/EUR,27439.96503268885,27694.900910452063,26456.323410428813,26843.25158794372,37519873622.05131,524153169880.16986
1683410400,2023-05-07 00:00:00,BTC/EUR,26828.269583089208,27047.31746784588,26451.515405146514,26451.515405146514,37400507502.456055,520017654889.32367
1683496800,2023-05-08 00:00:00,BTC/EUR,26428.200764444937,26614.31799793544,25390.77830166745,25753.97334672507,31260676904.70258,502741331987.2009
1683583200,2023-05-09 00:00:00,BTC/EUR,25730.04491811511,25847.687600554265,25459.857340810384,25701.587478726666,32520764368.063023,497004176662.3074
1683669600,2023-05-10 00:00:00,BTC/EUR,25695.35660147495,26305.99187196012,25073.766146806905,25690.31610077281,32270630778.570324,499328426248.1936
1683756000,2023-05-11 00:00:00,BTC/EUR,25666.378372346066,25666.378372346066,24893.758892949805,25111.625700973687,41540779916.26096,491197133583.4112
1683842400,2023-05-12 00:00:00,BTC/EUR,25080.30391801281,25146.88130643826,24137.451292209545,24916.0319541705,40681513213.79,477141389629.2124
1683928800,2023-05-13 00:00:00,BTC/EUR,24918.886997926136,25110.75151819509,24835.48624092105,24913.33500730036,37801539593.48563,482970759289.3286
1684015200,2023-05-14 00:00:00,BTC/EUR,24910.117270689763,25236.587339229416,24808.62837002111,25022.24516177031,27563764826.89489,483824603049.97504
1684101600,2023-05-15 00:00:00,BTC/EUR,25032.865552548614,25679.956104864734,24881.027443759354,25288.21992206753,34733740922.88119,492257338406.4878
1684188000,2023-05-16 00:00:00,BTC/EUR,25257.05623599215,25378.41884514875,25008.518632182942,25133.47097062188,37662306135.31518,487651405166.01263
1684274400,2023-05-17 00:00:00,BTC/EUR,25140.94802332394,25532.414511434123,24733.29055417608,25483.9903653898,34994516497.73614,486622263852.9716
1684360800,2023-05-18 00:00:00,BTC/EUR,25483.590473267675,25531.19623543416,24631.50405937003,24958.792511787517,38663026697.37479,489272910129.2797
1684447200,2023-05-19 00:00:00,BTC/EUR,24943.28971719257,25180.007253857097,24828.120786020518,24985.706181588223,38867036750.18936,484079016943.4395
1684533600,2023-05-20 00:00:00,BTC/EUR,25004.75220638153,25240.50256209953,24951.61305322285,25212.296217764502,28180551620.670677,485188618538.7779
1684620000,2023-05-21 00:00:00,BTC/EUR,25204.75406634489,25335.75128569967,24823.51737670768,24878.37699597318,25778387215.564457,486100187125.8793
1684706400,2023-05-22 00:00:00,BTC/EUR,24874.908164309163,25144.68654967497,24691.571576039947,24971.30076537492,32068507490.59556,483113065794.0241
1684792800,2023-05-23 00:00:00,BTC/EUR,24969.31060458109,25508.402384473025,24940.313775818613,25316.65876182239,37242504542.679565,490709303225.6059
1684879200,2023-05-24 00:00:00,BTC/EUR,25316.34256805141,25316.34256805141,24285.550874647764,24492.583396107097,37885069234.6367,479664227599.3343
1684965600,2023-05-25 00:00:00,BTC/EUR,24484.30655916078,24686.558974788197,24145.60723153753,24620.35357903449,41446582259.790215,474055602282.0575
1685052000,2023-05-26 00:00:00,BTC/EUR,24620.102483981063,25022.57065535809,24501.72511601521,24833.496080127217,35951584803.15637,478964816941.87946
1685138400,2023-05-27 00:00:00,BTC/EUR,24838.731876982023,24975.894874870966,24761.45969924392,24970.742776367304,31026480348.4764,481676457190.15656
1685224800,2023-05-28 00:00:00,BTC/EUR,24973.93261352751,26181.309228208203,24913.521003636222,26132.77348436236,29615723907.836617,492313603818.51447
1685311200,2023-05-29 00:00:00,BTC/EUR,26166.29932390332,26425.29922160533,25623.431818393172,25799.89584205191,41704306070.81995,502325438131.6823
1685397600,2023-05-30 00:00:00,BTC/EUR,25803.18797719685,26066.98658036437,25673.93912339927,25744.49683341238,38544747895.11608,500853011260.63934
1685484000,2023-05-31 00:00:00,BTC/EUR,25746.989184313068,25855.285550874647,25005.170698137244,25319.46730649406,40444943195.63674,490442367514.3822
1685570400,2023-06-01 00:00:00,BTC/EUR,25327.372150768628,25405.406913483803,24807.50309218908,24930.000278994503,39586344311.42358,484988058098.29504
1685656800,2023-06-02 00:00:00,BTC/EUR,24932.390331910457,25371.964772293984,24749.72333045039,25326.05157678393,32618770514.263336,487895924491.0513
1685743200,2023-06-03 00:00:00,BTC/EUR,25314.1664109217,25399.68752615573,25066.289094104843,25166.04822884989,23562696965.518383,489428212582.61
1685829600,2023-06-04 00:00:00,BTC/EUR,25168.140687628453,25467.018199741466,25089.510736638487,25206.604729886814,18615468002.10416,489820593885.18896
1685916000,2023-06-05 00:00:00,BTC/EUR,25195.231053948235,25224.25578216109,23665.86688242241,23928.91220042965,30600619833.34339,476830608426.9106
1686002400,2023-06-06 00:00:00,BTC/EUR,23930.679165620437,25368.096048507843,23657.497047308163,25295.538877884104,60707500044.4933,470777675520.55554
1686088800,2023-06-07 00:00:00,BTC/EUR,25300.23528536488,25404.17003785025,24310.66037999051,24513.935775465223,49972522860.7578,481179105608.77454
1686175200,2023-06-08 00:00:00,BTC/EUR,24496.95431000009,24888.86718931637,24398.19955546876,24638.432422881266,35316777556.768326,477349082948.27386
1686261600,2023-06-09 00:00:00,BTC/EUR,24653.237731216694,24892.15002464451,24482.613992504343,24634.712496163826,26782262910.2568,478310695513.6711
1686348000,2023-06-10 00:00:00,BTC/EUR,24627.28194254573,24644.979493903968,23707.00927191734,24033.367742655468,33353596986.94715,465861182882.7864
1686434400,2023-06-11 00:00:00,BTC/EUR,24012.340856885115,24317.01215486055,23878.758288461715,24105.924913279207,30684610260.34529,466041615932.0248
1686520800,2023-06-12 00:00:00,BTC/EUR,24107.812776088307,24255.41946823648,23866.073338355232,24074.98442280687,28075005828.05909,466694537113.4334
1686607200,2023-06-13 00:00:00,BTC/EUR,24095.862511508523,24458.592565726456,23956.365259604383,24095.853211691727,31406353374.571377,468898497780.3897
1686693600,2023-06-14 00:00:00,BTC/EUR,24127.36099098848,24222.55391568786,23136.809604850783,23361.05608719508,38639592209.67308,465880528400.04297
1686780000,2023-06-15 00:00:00,BTC/EUR,23339.108519562164,23909.18728901041,23134.84734350733,23793.981158571176,50866136108.15888,453354712524.28033
1686866400,2023-06-16 00:00:00,BTC/EUR,23756.78189139674,24595.0208780887,23571.975932074136,24498.126086916087,43427696650.75037,465184450242.10144
1686952800,2023-06-17 00:00:00,BTC/EUR,24496.0708274047,24887.60241423244,24361.204884263778,24663.123436468297,45462971036.74779,477828372670.3043
1687039200,2023-06-18 00:00:00,BTC/EUR,24663.625626575154,24784.64414251039,24495.187344809307,24495.187344809307,41140086791.68407,478454109230.7097
1687125600,2023-06-19 00:00:00,BTC/EUR,24506.14252899217,25079.78312827237,24484.16706190888,24906.601939941786,46969423049.40474,478388127958.6354
1687212000,2023-06-20 00:00:00,BTC/EUR,24928.596006658667,26384.52882478215,24801.709306326666,26384.52882478215,53464156185.41346,490898617690.3026
1687298400,2023-06-21 00:00:00,BTC/EUR,26298.245124571047,28511.44342456453,26282.137841884512,27954.979586902136,67855511540.41484,528878673423.2168
1687384800,2023-06-22 00:00:00,BTC/EUR,27899.1527866901,28340.587190432347,27594.89998047038,27809.76294766993,63932723348.39871,543350144158.6603
1687471200,2023-06-23 00:00:00,BTC/EUR,27823.21048275349,29194.88696072687,27763.57075765607,28462.637986031677,55471836288.27073,547624361907.5
1687557600,2023-06-24 00:00:00,BTC/EUR,28493.411079801725,28631.345962484535,28191.45532833003,28402.15197760604,57683333280.85903,552651113325.0497
1687644000,2023-06-25 00:00:00,BTC/EUR,28391.67108407964,28866.389532126217,28188.89787871179,28325.10299547099,58753762018.28447,552641408779.6039
1687730400,2023-06-26 00:00:00,BTC/EUR,28309.92569446382,28492.07190618345,27909.326786262307,28154.079364636516,47021006372.99918,546539085334.8693
1687816800,2023-06-27 00:00:00,BTC/EUR,28139.38565410261,28798.99375982293,28120.80462014898,28559.532777204287,51283299290.32352,551024463100.6664
1687903200,2023-06-28 00:00:00,BTC/EUR,28526.704423922845,28526.704423922845,27892.54991676664,27977.578141710605,49817837869.0808,546881244766.9719
1687989600,2023-06-29 00:00:00,BTC/EUR,27984.274009802004,28620.13038343144,27973.86751480996,28326.40496982209,47421018627.87327,548909848811.6794
1688076000,2023-06-30 00:00:00,BTC/EUR,28317.93283672312,29022.83105022831,27777.3530861442,28357.029266523445,58276002968.91628,551993795058.2684
1688162400,2023-07-01 00:00:00,BTC/EUR,28358.526537027217,28489.01226645835,28213.021603474408,28447.25608905504,56505466235.21673,550955565710.5807
1688248800,2023-07-02 00:00:00,BTC/EUR,28442.02959201704,28609.31469650048,28144.48195370551,28479.53575314566,37578267518.13132,551439879338.0979
1688335200,2023-07-03 00:00:00,BTC/EUR,28480.940025481497,29138.39987352249,28440.24402719266,28972.68643807717,45295559590.32913,556627865423.0187
1688421600,2023-07-04 00:00:00,BTC/EUR,28962.624036306483,29126.998298133527,28531.81002334254,28617.35903802695,43990016718.02466,559514811440.0319
1688508000,2023-07-05 00:00:00,BTC/EUR,28633.382622362336,28709.808516772217,28107.133889462377,28367.15676701169,37755762535.27976,552481526683.7795
1688594400,2023-07-06 00:00:00,BTC/EUR,28350.324098615256,29186.517125612623,27852.449106752592,27871.59742953064,47471593810.100266,551006559105.6012
1688680800,2023-07-07 00:00:00,BTC/EUR,27737.80096532098,28281.54265360972,27737.80096532098,28197.081717490164,52188414700.88143,545146757233.8689
1688767200,2023-07-08 00:00:00,BTC/EUR,28197.025918589403,28245.84995675585,27952.022245161766,28149.63405220917,34553322448.5102,545772724074.23474
1688853600,2023-07-09 00:00:00,BTC/EUR,28155.009346315877,28260.329771503497,27978.61972119149,28052.423067265576,28806204345.49655,546570047545.7086
1688940000,2023-07-10 00:00:00,BTC/EUR,28027.201964121305,28805.299035608998,27915.41816626212,28269.676087381074,34454823180.34746,546661280966.619
1689026400,2023-07-11 00:00:00,BTC/EUR,28281.26365910592,28591.393949539197,28241.562741213995,28477.489793451063,51239809038.09662,551093263274.3365
1689112800,2023-07-12 00:00:00,BTC/EUR,28469.398952840627,28693.701234085685,28128.588566805232,28256.423848450184,45733821270.44376,552465620317.4231
1689199200,2023-07-13 00:00:00,BTC/EUR,28260.30187205312,29486.092123985152,28147.429995629085,29244.48288368719,51258266780.38042,554876044546.7478
1689285600,2023-07-14 00:00:00,BTC/EUR,29239.38658408429,29317.505045150607,27826.90251002055,28183.69928112416,65816321408.84577,560293901673.7693
1689372000,2023-07-15 00:00:00,BTC/EUR,28174.16696891071,28241.10705019111,28137.572189827857,28155.827730193712,52433845781.26448,547565707834.1494
1689458400,2023-07-16 00:00:00,BTC/EUR,28167.31300393382,28297.53833849473,28011.03888253401,28105.041430683814,34225386193.36561,547242496307.0071
1689544800,2023-07-17 00:00:00,BTC/EUR,28085.409517432505,28202.931302253342,27610.207478912664,28046.396785983317,38694519685.56704,545144339977.5631
1689631200,2023-07-18 00:00:00,BTC/EUR,28020.38519841159,28106.39920393568,27611.165360042403,27755.74031191585,48684290107.25021,540968425293.13947
1689717600,2023-07-19 00:00:00,BTC/EUR,27773.87495466339,28072.668768425257,27736.117698481336,27836.7324163714,45701323778.57842,541652274847.6279
1689804000,2023-07-20 00:00:00,BTC/EUR,27826.279422295374,28273.721507686296,27588.84579973774,27710.52460266533,44568958481.06513,542042237629.8843
1689890400,2023-07-21 00:00:00,BTC/EUR,27713.44474513852,27930.35367203266,27657.004157018106,27813.81766779194,44199906054.97462,539597811454.31537
1689976800,2023-07-22 00:00:00,BTC/EUR,27813.826967608737,27884.41257707223,27589.1991927759,27665.07639799496,35703700130.58304,540030264097.7493
1690063200,2023-07-23 00:00:00,BTC/EUR,27697.02126868101,28172.84639492602,27664.61140715528,27955.946767848676,34051379236.38653,541177892295.03046
1690149600,2023-07-24 00:00:00,BTC/EUR,27971.02177087111,27981.27016897767,26918.877698109343,27142.51969236206,43294821640.43065,531900995983.7526
1690236000,2023-07-25 00:00:00,BTC/EUR,27134.66134717146,27276.39055510606,27019.008825526136,27194.5521673223,42831344772.89539,527360036043.9124
1690322400,2023-07-26 00:00:00,BTC/EUR,27171.470022040565,27584.63298273024,27091.314901096448,27294.515898036807,34109220706.58971,529217510949.3612
1690408800,2023-07-27 00:00:00,BTC/EUR,27283.765309823397,27486.306019771408,27063.145756028604,27164.439360544595,37540264313.60563,530566750501.3427
1690495200,2023-07-28 00:00:00,BTC/EUR,27168.5033804834,27443.8244566582,27086.692892150026,27265.779464144554,37786430855.91398,528986395724.41406
1690581600,2023-07-29 00:00:00,BTC/EUR,27253.42930744264,27338.82022524156,27215.411656390366,27300.746775288524,31136256273.544613,530065636858.5407
1690668000,2023-07-30 00:00:00,BTC/EUR,27299.621497456497,27380.56710282807,27067.68406662389,27224.190683443536,24662803405.22027,529790014790.5582
1690754400,2023-07-31 00:00:00,BTC/EUR,27234.811074221838,27431.334802704383,27094.93252982916,27179.57946228459,32082332117.624607,530378276588.7885
1690840800,2023-08-01 00:00:00,BTC/EUR,27179.653860818937,27554.650373387645,26763.20806480112,27554.650373387645,38593527169.907295,524739739682.66174
1690927200,2023-08-02 00:00:00,BTC/EUR,27676.58027136865,27889.87156953008,26980.61918180212,27110.546922225632,53787372143.10519,532423443695.41925
1691013600,2023-08-03 00:00:00,BTC/EUR,27125.4359289122,27339.824605455276,26984.534404672228,27153.911967934237,45801570795.6395,527876390219.1429
1691100000,2023-08-04 00:00:00,BTC/EUR,27170.102948971904,27257.44682829748,26900.68725646105,27074.91002427252,40103380335.25547,527424595041.4154
1691186400,2023-08-05 00:00:00,BTC/EUR,27079.56923248612,27101.581898836597,26957.74163248984,27038.798835662936,35244316972.6534,525478766455.6096
1691272800,2023-08-06 00:00:00,BTC/EUR,27029.964009709005,27155.409238438,26950.980665680883,27050.051613983203,36026461142.05704,525643022590.38257
1691359200,2023-08-07 00:00:00,BTC/EUR,27052.15337257856,27226.8597308633,26766.546699030027,27161.05422723172,36925013609.87683,526007566223.4639
1691445600,2023-08-08 00:00:00,BTC/EUR,27168.531279933784,28017.6045531903,27089.25964158506,27682.504254666183,43069904193.22582,532761761022.7925
1691532000,2023-08-09 00:00:00,BTC/EUR,27726.48308828316,27966.06496852012,27355.39249876777,27524.57476587711,44475051779.10194,537321727306.8025
1691618400,2023-08-10 00:00:00,BTC/EUR,27505.18464786244,27629.718494545654,27322.4711473184,27393.298552018525,39745462367.61087,533690733462.5651
1691704800,2023-08-11 00:00:00,BTC/EUR,27390.60160514838,27473.52807149699,27240.13056942778,27365.65019669112,32611793170.12381,531868302584.4547
1691791200,2023-08-12 00:00:00,BTC/EUR,27360.68409452333,27411.47969385003,27298.63571687637,27369.42592230933,28298419001.703228,531969404400.67975
1691877600,2023-08-13 00:00:00,BTC/EUR,27369.51892047726,27403.31445470524,27231.463140176136,27234.61577806917,28057316958.624207,531510228585.5888
1691964000,2023-08-14 00:00:00,BTC/EUR,27244.687479656648,27607.46403295855,27120.1908322406,27370.244306187167,36193513914.75528,531801144139.7819
1692050400,2023-08-15 00:00:00,BTC/EUR,27361.0281877447,27391.940778766657,27082.15458155474,27156.20902268225,40326337954.89511,530621891547.2539
1692136800,2023-08-16 00:00:00,BTC/EUR,27157.306401063892,27208.87388518446,26724.409229138186,26724.409229138186,36788853517.31546,526682385802.1933
1692223200,2023-08-17 00:00:00,BTC/EUR,26750.011624770992,26754.122143793764,23675.817686391576,24746.849687061163,44905131226.28971,509953672613.1574
1692309600,2023-08-18 00:00:00,BTC/EUR,24793.17207451013,24908.843195789043,23920.551665132192,24233.7043960234,65404037993.49745,475701793549.8738
1692396000,2023-08-19 00:00:00,BTC/EUR,24243.906295045985,24415.050823498776,24006.77956644254,24263.80790298431,44356647988.93082,470619768061.75903
1692482400,2023-08-20 00:00:00,BTC/EUR,24258.73950283179,24428.135665727383,24181.411526192933,24346.920365668797,33702978451.608368,472838204349.2975
1692568800,2023-08-21 00:00:00,BTC/EUR,24349.51501455421,24367.249765179626,24067.44227138725,24294.32990170093,36249260182.8992,471824168328.4532
1692655200,2023-08-22 00:00:00,BTC/EUR,24304.18770750216,24304.18770750216,23801.755805410638,24224.246482344297,39761584318.5744,470304287885.70215
1692741600,2023-08-23 00:00:00,BTC/EUR,24293.48361837272,24903.05870974341,23998.23303480921,24567.69801634908,45847997931.29949,473759287867.0215
1692828000,2023-08-24 00:00:00,BTC/EUR,24598.071217997003,24697.188665383288,24146.95570497261,24311.143970463778,45393569485.29532,475877003535.3432
1692914400,2023-08-25 00:00:00,BTC/EUR,24347.01336383673,24400.784904537377,24024.746812487792,24233.66719675622,31700134769.52964,471533404034.6072
1693000800,2023-08-26 00:00:00,BTC/EUR,24230.33786234411,24270.410772907773,24179.72825935329,24199.071878284,26250925646.73016,471347736142.4677
1693087200,2023-08-27 00:00:00,BTC/EUR,24186.359028727133,24337.648448325566,24158.794371750875,24261.715444205747,20024394976.848152,471853190839.5703
1693173600,2023-08-28 00:00:00,BTC/EUR,24240.009671809465,24351.486575714454,24084.702731356192,24298.45902035729,25689593352.43911,471247692919.3398
1693260000,2023-08-29 00:00:00,BTC/EUR,24281.82164811353,26044.5275228078,24107.933673706622,25777.446084312134,37541479052.2534,483427500339.4336
1693346400,2023-08-30 00:00:00,BTC/EUR,25783.71416083103,25798.110277227537,25187.76330106297,25403.59344920905,47760850372.444695,495138117642.9093
1693432800,2023-08-31 00:00:00,BTC/EUR,25379.265128476967,25521.050135312333,24019.055324610104,24120.423327660443,34694248308.43947,486430132060.81055
1693519200,2023-09-01 00:00:00,BTC/EUR,24148.759869430567,24302.15104762436,23622.371639278703,24008.937123938656,41273774170.30647,469014603948.3036
1693605600,2023-09-02 00:00:00,BTC/EUR,23988.914618382016,24129.29535288155,23956.3466599708,24046.471184517664,33148207628.49713,467692790827.3185
1693692000,2023-09-03 00:00:00,BTC/EUR,24048.61944219699,24232.78371416083,24021.491876610027,24161.482018804225,23086197120.238823,469338132472.5818
1693778400,2023-09-04 00:00:00,BTC/EUR,24140.529531568227,24227.287522435807,23879.7998679426,24015.98638506821,24165481577.13422,469115417058.5308
1693864800,2023-09-05 00:00:00,BTC/EUR,24023.389039235924,24030.345302197544,23782.72838025091,23983.01853453487,28569068640.460423,466208658002.549
1693951200,2023-09-06 00:00:00,BTC/EUR,23968.427121985693,24088.50635642478,23706.758176863917,23967.14374726818,28780318118.65808,466033177045.1779
1694037600,2023-09-07 00:00:00,BTC/EUR,23954.4494973449,24555.95234773875,23829.84125212733,24366.4127816682,30096414377.539444,468009271995.54266
1694124000,2023-09-08 00:00:00,BTC/EUR,24397.734564629078,24534.795264533288,23924.21579294888,24096.29960289782,31486353071.345505,471435417807.64233
1694210400,2023-09-09 00:00:00,BTC/EUR,24089.510736638487,24099.28484408857,24009.504412763068,24080.13652131053,22793457854.283405,468734645269.2496
1694296800,2023-09-10 00:00:00,BTC/EUR,24080.85260720364,24154.060765002927,23867.22651563764,24032.26106445703,19856270655.957558,467776400561.6668
1694383200,2023-09-11 00:00:00,BTC/EUR,24034.065228914988,24079.78312827237,23252.83411916785,23383.115252629523,27733574010.897243,462032452722.6704
1694469600,2023-09-12 00:00:00,BTC/EUR,23400.64540728548,24564.861572227022,23374.92211403435,24044.016032884152,39862379448.93758,468852643235.3505
1694556000,2023-09-13 00:00:00,BTC/EUR,23992.48574803076,24527.699504319764,23992.48574803076,24385.998195835546,35116731718.2403,472706455031.034
1694642400,2023-09-14 00:00:00,BTC/EUR,24367.017269759785,24859.18217411117,24335.28629485999,24670.758586055854,33661241350.20637,479056389337.26105
1694728800,2023-09-15 00:00:00,BTC/EUR,24656.34387002576,24932.669326414267,24401.835783835057,24763.263863701883,32892802195.25577,480255560385.4213
1694815200,2023-09-16 00:00:00,BTC/EUR,24715.69530080257,24850.86813789768,24610.365575798158,24693.924429688734,25454743337.771645,481291638709.7161
1694901600,2023-09-17 00:00:00,BTC/EUR,24698.267444131347,24746.91478577872,24579.46228459299,24673.715927796224,19670164527.248672,480738349261.4697
1694988000,2023-09-18 00:00:00,BTC/EUR,24676.23617814729,25477.50839308465,24565.23356489877,24866.538329194915,25538307376.25049,486716842416.744
1695074400,2023-09-19 00:00:00,BTC/EUR,24896.204744766525,25538.30129546448,24808.52607203638,25305.91747342577,33338469059.71691,490192308270.7515
1695160800,2023-09-20 00:00:00,BTC/EUR,25292.702433762053,25431.08370765096,24962.23344400115,25222.81431055808,33161220107.56809,491599449160.1309
1695247200,2023-09-21 00:00:00,BTC/EUR,25206.511731718885,25238.12180900036,24568.135107738373,24697.504859154276,32255787547.412453,485385902036.6663
1695333600,2023-09-22 00:00:00,BTC/EUR,24719.657022756648,24860.85614113402,24642.14304978192,24716.69038119949,30452885281.400303,482383730974.2484
1695420000,2023-09-23 00:00:00,BTC/EUR,24730.779603641804,24767.96957099945,24667.671046880376,24719.52682532154,25542424131.04472,481772980702.9417
1695506400,2023-09-24 00:00:00,BTC/EUR,24710.915194970657,24838.62957899729,24401.621888048805,24415.841307926232,19110127175.409416,481458482134.0992
1695592800,2023-09-25 00:00:00,BTC/EUR,24387.25367110268,24570.09736908183,24206.55823080285,24466.376512382703,27675364012.631805,475058862277.4642
1695679200,2023-09-26 00:00:00,BTC/EUR,24452.845278948003,24538.970882273617,24294.90649034214,24381.683080843308,28637201699.67923,475853867264.21387
1695765600,2023-09-27 00:00:00,BTC/EUR,24398.69244575881,24931.451050414307,24339.945503073588,24521.79412065582,26491215660.729458,477391337316.03656
1695852000,2023-09-28 00:00:00,BTC/EUR,24520.073654549004,25328.013838127383,24487.087204382075,25128.393270652567,26950033336.57044,483801391844.4365
1695938400,2023-09-29 00:00:00,BTC/EUR,25122.28329101917,25322.740842005413,24833.254284890587,25026.44867896102,31242973420.72504,488825872522.4599
1696024800,2023-09-30 00:00:00,BTC/EUR,25012.29435780115,25184.66646207069,25004.296515358645,25078.918245310568,20241291446.14193,489029228413.3122
1696111200,2023-10-01 00:00:00,BTC/EUR,25077.737168577776,26033.81413386156,25077.737168577776,26019.12042332766,17515549396.686535,492695674212.512
1696197600,2023-10-02 00:00:00,BTC/EUR,26023.612234838973,26484.92034706916,25457.53238661198,25675.985083093863,29347166711.31875,508629682882.8317
1696284000,2023-10-03 00:00:00,BTC/EUR,25587.21833179886,25726.57608645109,25346.399575928357,25499.381562183225,29042246752.66437,498495934549.1661
1696370400,2023-10-04 00:00:00,BTC/EUR,25486.47341647369,25871.932222935207,25346.976164569554,25833.589078295157,20601976544.371483,499113857670.565
1696456800,2023-10-05 00:00:00,BTC/EUR,25806.67540849445,26105.934213096,25457.66258404709,25502.515600442668,18314474475.12012,501255101841.9988
1696543200,2023-10-06 00:00:00,BTC/EUR,25500.497540198456,26248.70500051149,25339.806005821683,25977.17824958848,22551410289.49876,502589337615.6365
1696629600,2023-10-07 00:00:00,BTC/EUR,25983.56722372569,26052.33006909764,25913.93949539194,26001.004380213708,24255070383.524765,506658612701.0061
1696716000,2023-10-08 00:00:00,BTC/EUR,25993.685424397136,26127.82598182816,25795.580727059674,25976.65745984804,15639156240.01991,506465838381.1637
1696802400,2023-10-09 00:00:00,BTC/EUR,25952.10594351291,26016.19098103767,25388.462647285847,25652.707641659457,21540441872.87876,502079770060.4128
1696888800,2023-10-10 00:00:00,BTC/EUR,25659.46860846841,25767.69987631244,25391.029396720885,25472.514391466488,23916357975.385166,499364865579.5472
1696975200,2023-10-11 00:00:00,BTC/EUR,25481.535213756288,25544.457774181847,24689.27452129193,24964.855992336947,24371864276.89242,490155775019.5709
1697061600,2023-10-12 00:00:00,BTC/EUR,24969.375703298643,25043.22554845669,24716.495085046823,24866.2686345079,25283460192.250862,485674737278.5327
1697148000,2023-10-13 00:00:00,BTC/EUR,24885.11006333175,25161.53781770499,24827.767392982358,24962.3078425355,26974808489.935604,486651313430.50696
1697234400,2023-10-14 00:00:00,BTC/EUR,24999.349012824445,25079.792428089164,24930.521068734943,24978.098931451048,27411021861.95099,487826763412.4242
1697320800,2023-10-15 00:00:00,BTC/EUR,24962.847231909527,25361.87447107292,24945.09388165053,25245.859256572643,19427358473.75481,488879900953.3823
1697407200,2023-10-16 00:00:00,BTC/EUR,25262.23623394619,27240.78155660333,25224.869570069462,26506.430823312778,43232191515.02213,506520184508.2647
1697493600,2023-10-17 00:00:00,BTC/EUR,26538.291995647684,26594.183894577272,26148.98306503362,26418.380157910884,70006508256.00793,515211594980.70416
1697580000,2023-10-18 00:00:00,BTC/EUR,26417.068883742988,26777.92967478541,26216.64853202392,26339.62000948581,48459774676.5535,515496296945.561
1697666400,2023-10-19 00:00:00,BTC/EUR,26321.18777260088,26844.162969989487,26209.738768146264,26686.72637149048,40553169264.95447,516960233654.6274
1697752800,2023-10-20 00:00:00,BTC/EUR,26749.555933748103,27921.1282537734,26592.64942480633,27587.925117875177,60296098647.35947,534201823807.2847
1697839200,2023-10-21 00:00:00,BTC/EUR,27595.3091724093,28090.11522473007,27407.313375926493,27801.02111988393,50394062400.72729,540842911974.6968
1697925600,2023-10-22 00:00:00,BTC/EUR,27818.55127453989,28050.26550976945,27665.00199946061,27866.910321866657,39858960545.38792,542997718203.0336
1698012000,2023-10-23 00:00:00,BTC/EUR,27855.387848859373,31678.16124022357,27799.170456342006,30634.954291400456,55219497117.55257,561031979221.3253
1698098400,2023-10-24 00:00:00,BTC/EUR,30709.27842721498,32537.23181653321,30577.053632043444,31485.45973644319,161437193779.9261,619103107504.761
1698184800,2023-10-25 00:00:00,BTC/EUR,31571.12964874592,32638.88811390415,31420.361018887925,32051.102493280883,112307436081.3676,623373691349.952
1698271200,2023-10-26 00:00:00,BTC/EUR,32053.994736303688,32363.957630034685,31405.518511285325,31757.81417106083,79982944682.35333,623389183598.5135
1698357600,2023-10-27 00:00:00,BTC/EUR,31742.878665290293,31847.222609714587,31097.82477285197,31535.697346762263,63722592864.29269,616711970919.1067
1698444000,2023-10-28 00:00:00,BTC/EUR,31526.09993583126,31982.032753954743,31491.68131387812,31701.58747872667,51082222619.63655,618993513618.7327
1698530400,2023-10-29 00:00:00,BTC/EUR,31683.341238177603,32286.034465121036,31580.92235582959,32117.456686103284,34170776585.14486,622934003407.751
1698620400,2023-10-30 00:00:00,BTC/EUR,32126.76580271368,32387.858159194257,31695.589096894782,32072.06428033367,48891059582.59765,625485253667.5188
1698706800,2023-10-31 00:00:00,BTC/EUR,32051.83717880757,32237.78701559579,31702.694156925103,32223.893089306137,59237348642.63017,624519142810.5984
1698793200,2023-11-01 00:00:00,BTC/EUR,32177.384705521297,33030.549898167,31797.552288219915,32947.63273163519,65074975462.43662,628243782595.1823
1698879600,2023-11-02 00:00:00,BTC/EUR,32994.11321596964,33370.27220563755,32042.83495615136,32473.146779008453,92125336828.58684,638437065769.2213
1698966000,2023-11-03 00:00:00,BTC/EUR,32409.84292609436,32426.27570236866,31740.96290303081,32298.29162365501,73803478182.31224,627166936378.0609
1699052400,2023-11-04 00:00:00,BTC/EUR,32265.4260711064,32743.259957778828,32171.265426071102,32567.6608170819,51997993852.06933,631490194949.4379
1699138800,2023-11-05 00:00:00,BTC/EUR,32615.01548419496,32838.6109793637,32181.476624910487,32570.22756651694,40092968336.76794,636488434642.8933
1699225200,2023-11-06 00:00:00,BTC/EUR,32493.13208529792,32806.36851454026,32305.8802741586,32567.42832166206,58758675321.49742,635793343309.7102
1699311600,2023-11-07 00:00:00,BTC/EUR,32553.478596471647,33342.726148294874,32147.364896911527,32942.96422360479,56066528420.00033,635228076055.4052
1699398000,2023-11-08 00:00:00,BTC/EUR,32864.018078843845,33385.75640059891,32699.24392489468,33182.01601428452,69056501989.28265,643061713562.0848
1699484400,2023-11-09 00:00:00,BTC/EUR,33094.93252982916,35242.66011959565,33094.93252982916,34200.29015428396,100495105735.24236,664923400493.6484
1699570800,2023-11-10 00:00:00,BTC/EUR,34090.66391392089,34823.1825833031,33841.50322238652,34707.97645286388,113733348014.2153,671149485504.6056
1699657200,2023-11-11 00:00:00,BTC/EUR,34713.27734843623,34777.86457606785,34212.742608970606,34485.738730947,71283018573.97969,673573059823.3754
1699743600,2023-11-12 00:00:00,BTC/EUR,34541.55623134224,34600.94486138623,34180.83493755173,34441.899394581924,48255953232.05736,673663141529.7673
1699830000,2023-11-13 00:00:00,BTC/EUR,34434.02244975774,34723.43274837486,33864.576067851456,33973.79311627561,48724086802.74016,669967117042.7471
1699916400,2023-11-14 00:00:00,BTC/EUR,33889.806470812524,34161.33322173553,32688.883928986597,33051.58608375415,67989397213.80405,658260416659.5265
1700002800,2023-11-15 00:00:00,BTC/EUR,33086.88818830269,35212.510113550765,32912.40502562099,35212.510113550765,80941381007.90765,658837353151.2202
1700089200,2023-11-16 00:00:00,BTC/EUR,35167.69429642236,35218.25740032921,33058.10525532647,33687.22856159734,94262711070.74492,671358530234.4204
1700175600,2023-11-17 00:00:00,BTC/EUR,33607.6872285616,34103.525560546455,33425.22482307098,33957.3603400013,83157558085.08736,660834983547.0524
1700262000,2023-11-18 00:00:00,BTC/EUR,33999.98140036641,34230.04956802351,33691.534376772775,33999.581508244286,60573582069.499565,663258522313.2675
1700348400,2023-11-19 00:00:00,BTC/EUR,33981.56776311507,34856.02953621813,33851.342428554155,34770.62931860242,37492952355.0263,665989802266.0736
1700434800,2023-11-20 00:00:00,BTC/EUR,34670.57258971998,35074.67752885268,34323.68012350157,34842.59130095137,56158479740.32319,677787437749.7579
1700521200,2023-11-21 00:00:00,BTC/EUR,34825.08904574579,34969.38500311544,33425.57821610914,33425.57821610914,78431569415.76703,675002374977.9193
1700607600,2023-11-22 00:00:00,BTC/EUR,33345.060402310075,35153.233081308295,33345.060402310075,34826.670014600706,98687693372.55849,666504762915.908
1700694000,2023-11-23 00:00:00,BTC/EUR,34820.92272782225,34999.88840219847,34328.36723116554,34683.108742757766,75508773086.20381,678449424401.3906
1700780400,2023-11-24 00:00:00,BTC/EUR,34704.35882413116,35691.618075123915,34652.98663616327,35070.35311404365,59506321290.27797,684402107218.6311
1700866800,2023-11-25 00:00:00,BTC/EUR,35065.56370839494,35216.59273312316,34966.12076742088,35140.13893926289,64956431332.9719,686513264288.9303
1700953200,2023-11-26 00:00:00,BTC/EUR,35132.64328692725,35166.931711445286,34575.54706172288,34853.95567707316,35100912426.80677,683561716205.6747
1701039600,2023-11-27 00:00:00,BTC/EUR,34829.0135684327,34918.93349701011,34180.5838424983,34659.32911121651,57291715982.88224,675676073611.086
1701126000,2023-11-28 00:00:00,BTC/EUR,34633.51281979745,35593.839801355905,34312.762138585866,35131.815603232615,69833626418.01538,680733809897.0911
1701212400,2023-11-29 00:00:00,BTC/EUR,35183.68998130736,35661.05887714012,34988.71002241256,35160.75663309433,63592948768.90446,690049809595.1279
1701298800,2023-11-30 00:00:00,BTC/EUR,35204.14027843651,35473.16537864204,34903.040110109825,35074.27763673055,26163869191.964104,687118148253.2263
1701385200,2023-12-01 00:00:00,BTC/EUR,35049.51222460917,36231.25854420668,34990.23519236671,35951.28755963507,27110097183.648037,698530009957.0731
1701471600,2023-12-02 00:00:00,BTC/EUR,35992.12305517581,36876.28453719461,35936.00796064317,36697.07706758177,26333808953.487724,707459849112.6597
1701558000,2023-12-03 00:00:00,BTC/EUR,36673.334635307685,37300.207385914495,36537.34341433473,37144.46335407192,24433504615.943,719349171452.7866
1701644400,2023-12-04 00:00:00,BTC/EUR,37195.80764258944,39418.491755712406,37195.80764258944,39055.32461010518,42087320095.98383,753704172046.2024
1701730800,2023-12-05 00:00:00,BTC/EUR,38900.63145756028,41304.19700731895,38536.48783118973,40998.87472216797,46077086901.34414,771332640083.4352
1701817200,2023-12-06 00:00:00,BTC/EUR,41005.88678403035,41170.27964549098,40411.42389494927,40653.712021873165,54430462803.37695,798179553892.1758
1701903600,2023-12-07 00:00:00,BTC/EUR,40654.50250630062,40961.92655004696,39999.53500916032,40221.698332542845,38191273522.80268,792384255401.468
1701990000,2023-12-08 00:00:00,BTC/EUR,40313.81301788355,41490.21194282472,40110.10053101953,41104.56714002734,36940360213.0345,794350856285.819
1702076400,2023-12-09 00:00:00,BTC/EUR,41131.59240762956,41239.44238298505,40575.0820708832,40641.36186517125,32475982129.40724,800936791641.8818
1702162800,2023-12-10 00:00:00,BTC/EUR,40677.44515433046,40949.87398748244,40556.51963656316,40698.4906397344,23704059507.732506,797333843643.794
1702249200,2023-12-11 00:00:00,BTC/EUR,40728.566247244926,40737.30807503092,37548.18700071608,38334.886402737866,40852308224.9086,762884854279.8116
1702335600,2023-12-12 00:00:00,BTC/EUR,38346.85526695124,39101.97249114192,37850.80303918012,38605.96676245478,45618849233.54442,756105232148.9222
1702422000,2023-12-13 00:00:00,BTC/EUR,38526.38823015186,40318.70472151699,37844.544262478026,39902.60301872053,35354087038.620964,757433612600.2079
1702508400,2023-12-14 00:00:00,BTC/EUR,39833.00318983715,40321.77366105888,39001.92506207627,39993.09023612234,39920428784.02821,779731715796.2928
1702594800,2023-12-15 00:00:00,BTC/EUR,39953.43581731439,40062.392470868326,38819.592854020775,39015.91198653386,35436638493.88916,773017393424.5693
1702681200,2023-12-16 00:00:00,BTC/EUR,39041.65387941857,39708.26474718448,38804.35975411284,39286.71335174697,27490337132.0039,769669406230.5597
1702767600,2023-12-17 00:00:00,BTC/EUR,39322.378149150456,39448.32556798631,38406.82048563643,38546.57813241079,22687213464.53722,763649271164.8682
1702854000,2023-12-18 00:00:00,BTC/EUR,38529.6803652968,39724.13953445117,37813.082982265245,39678.65413051363,30881321182.769493,753644692287.2212
1702940400,2023-12-19 00:00:00,BTC/EUR,39634.93569176687,40281.90534646467,38916.58994317812,39338.37383403547,37335505907.84309,777560162053.8635
1703026800,2023-12-20 00:00:00,BTC/EUR,39310.186089334034,41179.55156283421,39268.820504236064,40589.93387830259,34007867210.190727,786056863136.926
1703113200,2023-12-21 00:00:00,BTC/EUR,40582.18713091352,41110.77941764547,40264.58908759497,40779.14795078537,38945137418.561386,796092466967.1382
1703199600,2023-12-22 00:00:00,BTC/EUR,40776.01391252592,41252.67602228236,40389.05783556064,40871.66252824819,33400474022.10887,797424678480.0846
1703286000,2023-12-23 00:00:00,BTC/EUR,40896.66973560621,40896.66973560621,40315.69158087585,40665.60648755219,24988573198.99408,795235451616.0343
1703372400,2023-12-24 00:00:00,BTC/EUR,40628.97450920217,40852.12361316482,39849.90095695114,40005.858884579975,19490498297.71876,794240692834.6045
1703458800,2023-12-25 00:00:00,BTC/EUR,40020.43169749556,40664.01621888048,39769.73653619024,40560.109365845485,25582172285.50256,789035365834.171
1703545200,2023-12-26 00:00:00,BTC/EUR,40522.29631076268,40522.29631076268,38801.84880357856,39542.6350100903,29942434462.276,777787452220.7168
1703631600,2023-12-27 00:00:00,BTC/EUR,39509.39746486994,40570.11596871541,39202.494210864046,40346.55767281384,31324570854.529705,779809077406.1405
1703718000,2023-12-28 00:00:00,BTC/EUR,40381.413386156295,40668.12673790326,39357.819750950905,39609.83548624092,32858784471.70705,781670751727.0813
1703804400,2023-12-29 00:00:00,BTC/EUR,39646.17917027034,40020.62699364822,38764.57513786978,39112.620781370606,32784010350.78034,772390733301.1014
1703890800,2023-12-30 00:00:00,BTC/EUR,39096.54139813445,39589.32939021101,38631.21576504943,39244.15739009941,32324480343.819733,766993268943.9293
1703977200,2023-12-31 00:00:00,BTC/EUR,39250.95555617554,39816.39371704377,39059.24913279208,39267.63012768648,24099589480.983704,773137249929.2743
1704063600,2024-01-01 00:00:00,BTC/EUR,39427.521877819,41032.67955621274,39271.25705623599,41032.67955621274,23652498560.10645,779590913075.0563
1704150000,2024-01-02 00:00:00,BTC/EUR,41147.14170130848,42636.13536813324,41147.14170130848,41809.77224748672,43372424309.77294,823943559694.7852
1704236400,2024-01-03 00:00:00,BTC/EUR,41807.7634870593,42290.87036985371,38065.50790949418,39819.98344632611,92355707588.8028,799914564740.0817
1704322800,2024-01-04 00:00:00,BTC/EUR,39806.58241032652,41537.213216899625,39650.1780914916,41094.16994485208,152353336088.1853,791794715187.9779
1704409200,2024-01-05 00:00:00,BTC/EUR,41050.76769987631,41132.63398711045,40121.95779743139,41023.45413795348,132433391660.56912,797097520494.7548
1704495600,2024-01-06 00:00:00,BTC/EUR,41048.81473834965,41086.61849361567,40411.47039403324,40865.050358507935,108017234508.6714,798277368604.7095
1704582000,2024-01-07 00:00:00,BTC/EUR,40893.061406690285,41331.01767895172,40571.28774563141,40780.12443154869,89577116248.0955,802953630619.0797
1704668400,2024-01-08 00:00:00,BTC/EUR,40868.10069841624,43895.16316528564,40231.48173980972,43616.15006184378,113773239453.8506,817026372416.4258
1704754800,2024-01-09 00:00:00,BTC/EUR,43743.35295594677,44492.52759720633,42232.89531196236,42855.4901468441,103833965637.74075,849768213037.6432
1704841200,2024-01-10 00:00:00,BTC/EUR,42838.13668870723,44295.00878832687,41507.33290554176,43303.862213914384,58136713747.43311,834709757098.1434
1704927600,2024-01-11 00:00:00,BTC/EUR,43336.2906750737,45433.11106771196,42499.53035925192,43111.12351086683,80260676112.74008,848641706396.1094
1705014000,2024-01-12 00:00:00,BTC/EUR,43085.17702201266,43166.33652317049,38969.87789340549,39892.540616949846,60311701102.135216,821757075681.4747
1705100400,2024-01-13 00:00:00,BTC/EUR,39849.42666629468,40221.78203089399,39489.87714942015,39840.43374345525,55246572423.31806,781210310314.6892
1705186800,2024-01-14 00:00:00,BTC/EUR,39829.21816440216,40039.59861990719,38815.482334998,38815.482334998,23714090353.990234,779393177935.9545
1705273200,2024-01-15 00:00:00,BTC/EUR,38915.48326497968,40333.138037180666,38915.48326497968,39627.84923137014,30964971738.94228,776782730328.6079
1705359600,2024-01-16 00:00:00,BTC/EUR,39562.47151931107,40477.48049363427,39142.96608356815,40116.805698927725,32980528067.48867,782756092086.2706
1705446000,2024-01-17 00:00:00,BTC/EUR,40135.02404002641,40164.04876823926,39300.98857052516,39770.39682318258,34820453650.665764,778921555187.0247
1705532400,2024-01-18 00:00:00,BTC/EUR,39766.10960764073,39912.01443331566,37897.8415125222,38405.37901403342,30985996234.51066,770377834877.8936
1705618800,2024-01-19 00:00:00,BTC/EUR,38445.38682587953,39232.21642533642,37511.76891815231,38712.49616382557,40173833435.07853,752947150761.8956
1705705200,2024-01-20 00:00:00,BTC/EUR,38718.1318528025,38926.59654604804,38564.45238028811,38751.39729747323,32395812586.02533,758786409276.0844
1705791600,2024-01-21 00:00:00,BTC/EUR,38778.24586855639,38933.0599187196,38622.16704330925,38640.65507909494,16226140895.97027,760127273598.7273
1705878000,2024-01-22 00:00:00,BTC/EUR,38685.489495856935,38766.96519078574,36750.06742367175,36750.06742367175,26964316979.50505,742810476967.0918
1705964400,2024-01-23 00:00:00,BTC/EUR,36816.18912107431,37354.27652075254,35901.78463484269,37081.87558705093,43964625966.5434,719078854151.5597
1706050800,2024-01-24 00:00:00,BTC/EUR,37125.575426164105,37699.60661774963,36800.90022226562,37334.886402737866,38687559041.77604,728008764017.6802
1706137200,2024-01-25 00:00:00,BTC/EUR,37263.956700053,37457.86718001656,36808.14477954784,37133.38727227074,28477358695.1359,728660587933.1442
1706223600,2024-01-26 00:00:00,BTC/EUR,37150.368737735866,39250.053473946566,37040.57510067052,38934.70598629207,30438968842.950165,746589320030.2661
1706310000,2024-01-27 00:00:00,BTC/EUR,38894.251783239866,39235.93635205386,38569.995071097095,39164.03946842247,31068448963.88861,762811621250.3827
1706396400,2024-01-28 00:00:00,BTC/EUR,39172.4372029871,39835.00265044779,38776.9159947549,39076.62119056254,22320437908.97929,770470660512.9357
1706482800,2024-01-29 00:00:00,BTC/EUR,39010.84358638134,40252.93641715258,38917.259529987256,40239.75857675604,25648088150.105392,774625830888.8845
1706569200,2024-01-30 00:00:00,BTC/EUR,40164.26266402552,40724.94861851221,39814.35705716597,39910.68455951417,33237729887.498463,791867170892.2408
1706655600,2024-01-31 00:00:00,BTC/EUR,39995.40589050396,40679.08192208613,39327.04665718085,39627.67253485106,33823920793.65803,782899446762.2363
1706742000,2024-02-01 00:00:00,BTC/EUR,39621.04176547722,40212.07302216146,38996.010378595536,40053.79944015102,36429804322.85944,774511886042.0669
1706828400,2024-02-02 00:00:00,BTC/EUR,40051.50238540301,40383.91503687377,39644.88649573604,40165.11824717053,30716505358.42158,785668192740.7833
1706914800,2024-02-03 00:00:00,BTC/EUR,40147.309098010766,40320.24849110472,39920.281970445176,39961.93584986375,24380590801.25958,786394961257.4396
1707001200,2024-02-04 00:00:00,BTC/EUR,39989.23081215299,40089.6316342568,39271.30355531996,39626.50075793507,20013072487.00399,782406190802.7339
1707087600,2024-02-05 00:00:00,BTC/EUR,39606.25505677538,40448.83705790996,39325.24249272289,39722.921258451206,25555914098.36348,780773616229.5347
1707174000,2024-02-06 00:00:00,BTC/EUR,39710.19910907755,40324.53570664657,39597.37373173748,40086.99978610421,27780115654.527424,783826189275.9989
1707260400,2024-02-07 00:00:00,BTC/EUR,40091.55669633308,41229.88217132122,39798.76126440309,41224.26508197789,26010984805.304768,789576547624.3228
1707346800,2024-02-08 00:00:00,BTC/EUR,41309.3677054562,42360.70269415692,41248.37020710691,42143.0404821025,36135451867.28494,819257566043.2322
1707433200,2024-02-09 00:00:00,BTC/EUR,42193.21299370402,44709.88291530656,42083.949446195904,43796.49210910545,44125671927.55682,853468691074.1978
1707519600,2024-02-10 00:00:00,BTC/EUR,43890.61555487356,44713.667940741565,43597.14123631764,44416.13890206363,42102066580.12977,864069038617.042
1707606000,2024-02-11 00:00:00,BTC/EUR,44363.818132782784,45136.298114927136,44275.060681304574,44889.918068614046,28743392406.63802,878546397311.8507
1707692400,2024-02-12 00:00:00,BTC/EUR,44893.9076900185,46737.14067832864,44402.00318053734,46515.22844999953,36101222512.99973,890126703548.7452
1707778800,2024-02-13 00:00:00,BTC/EUR,46449.76703958932,46689.67441341405,45057.57516576923,46259.13009513712,49426255148.90837,905634081695.4686
1707865200,2024-02-14 00:00:00,BTC/EUR,46197.76990393289,48308.81901626538,45870.43495243143,48191.40882924606,48157332960.58889,927773906102.1444
1707951600,2024-02-15 00:00:00,BTC/EUR,48207.56261101656,49076.0911010053,47732.21177542802,48255.196272633424,49330211901.72731,950308266333.0529
1708038000,2024-02-16 00:00:00,BTC/EUR,48250.51846478624,48794.22295380781,48014.86110723618,48472.46789238251,44321161489.00177,949593794387.9884
1708124400,2024-02-17 00:00:00,BTC/EUR,48474.467352993146,48497.68899552678,47085.00032549358,48055.8639994792,32675124946.51228,942229900512.9512
1708210800,2024-02-18 00:00:00,BTC/EUR,48031.68447581582,48673.781026513774,47628.76061341592,48469.77094551237,29347121607.37256,944535305049.5088
1708297200,2024-02-19 00:00:00,BTC/EUR,48482.465195435645,48802.56488947168,48113.02067349273,48116.66620167583,29945973230.62641,951644318944.9484
1708383600,2024-02-20 00:00:00,BTC/EUR,48171.02363083447,49184.83385877298,47246.37074649629,48617.7217308819,41106580940.15185,947163304455.5032
1708470000,2024-02-21 00:00:00,BTC/EUR,48633.38262236233,48676.82206660528,47217.82030893991,48203.74038631439,48464254428.99562,939787949328.8854
1708556400,2024-02-22 00:00:00,BTC/EUR,48150.63843242288,48383.74764017148,47380.53920337769,47744.785127732976,43414337255.153564,941756187731.4742
1708642800,2024-02-23 00:00:00,BTC/EUR,47693.59893610096,47895.49795869021,47113.04857294311,47271.00596118256,36728002329.99943,933013724681.1628
1708729200,2024-02-24 00:00:00,BTC/EUR,47198.16049623822,48046.871076639785,47047.81035813594,47939.71858754382,30420664836.294224,934094677832.5483
1708815600,2024-02-25 00:00:00,BTC/EUR,47957.38823945168,48296.67345553293,47745.28731783984,48120.94411740088,24404234655.789963,942997097274.8198
1708902000,2024-02-26 00:00:00,BTC/EUR,48071.7387867459,51055.98489709752,47368.27274502692,50642.06865124757,34115936577.692688,955337364856.8574
1708988400,2024-02-27 00:00:00,BTC/EUR,50739.8097257484,53475.00674236717,50650.27108965953,53036.148387876754,75559448855.22658,1031411150182.6116
1709074800,2024-02-28 00:00:00,BTC/EUR,53048.46134531149,59238.9308930614,52758.89294980888,58121.32540988942,89890732380.37106,1082826743848.5844
1709161200,2024-02-29 00:00:00,BTC/EUR,57731.41199118377,59026.38358024347,56319.076714188726,56966.967050749096,134669490663.07466,1133829834839.0835
1709247600,2024-03-01 00:00:00,BTC/EUR,56859.11707539361,58529.32697225864,56535.25095555617,58106.25040686698,79931870397.1375,1129877458815.706
1709334000,2024-03-02 00:00:00,BTC/EUR,57993.750523114686,57993.750523114686,57357.00136707307,57662.60264672785,52272644359.04059,1132011368956.8647
1709420400,2024-03-03 00:00:00,BTC/EUR,57606.38525421049,58758.58605585469,57123.28767123287,58681.83466785704,36466482537.54607,1136137004493.678
1709506800,2024-03-04 00:00:00,BTC/EUR,58663.25363390341,63576.49564303583,58414.07434273545,63432.52517925397,67026699759.12502,1193306457699.456
1709593200,2024-03-05 00:00:00,BTC/EUR,63447.33048758939,64064.33613257819,57098.754754531335,59491.923109114745,110791807167.2644,1208996419364.4473
1709679600,2024-03-06 00:00:00,BTC/EUR,59110.01683266839,62841.958913409406,58396.49768899552,61506.31922551126,138322971284.40158,1203917703582.8628
1709766000,2024-03-07 00:00:00,BTC/EUR,61373.18304829395,63103.54416018004,61088.720252211024,62219.32687926048,77229529782.20316,1220142237521.6467
1709852400,2024-03-08 00:00:00,BTC/EUR,62188.99087687972,64588.29711054691,61748.95144565652,63427.41957983427,66137752093.649605,1236359012182.7534
1709938800,2024-03-09 00:00:00,BTC/EUR,63313.81301788355,63835.77453524165,63145.728129155854,63716.38348724529,69702820562.78926,1247327274283.2295
1710025200,2024-03-10 00:00:00,BTC/EUR,63539.92876340336,64966.650856978114,63453.71946172659,64121.994996698566,42645437965.22212,1265859329013.8374
1710111600,2024-03-11 00:00:00,BTC/EUR,64001.534469770944,67617.14514224068,63032.27036427382,67046.50838378484,73587133480.23804,1296731891176.078
1710198000,2024-03-12 00:00:00,BTC/EUR,67204.18677752049,67417.43157659793,64500.63703745036,66469.38035320703,82988272305.41777,1309462161754.066
1710284400,2024-03-13 00:00:00,BTC/EUR,66420.34241925435,68453.8682587953,66338.71792725683,67970.4544820467,85449677614.67671,1328472428417.032
1710370800,2024-03-14 00:00:00,BTC/EUR,67852.4212073022,68473.09098010768,63889.72277246138,66430.81401296394,70141335515.90636,1319130172254.9297
1710457200,2024-03-15 00:00:00,BTC/EUR,66527.3368114648,67242.44622380938,61255.20557245022,64663.653526025526,116189980265.4896,1253639708088.4148
1710543600,2024-03-16 00:00:00,BTC/EUR,64690.80899106288,65034.79991444168,60681.090682513546,60715.26750923006,85478605900.1343,1247210849094.5688
1710630000,2024-03-17 00:00:00,BTC/EUR,61408.28055687303,64048.75893944889,60402.17987705642,63843.31668666127,78377446669.61086,1226057625080.543
1710716400,2024-03-18 00:00:00,BTC/EUR,63525.68144407555,64094.37454082153,62020.46889676274,62970.500981130666,65730359043.46101,1238636770381.966
1710802800,2024-03-19 00:00:00,BTC/EUR,63006.21227761812,63328.07893684494,57310.08379134931,57641.33396572087,95007972315.07404,1176543308440.1057
1710889200,2024-03-20 00:00:00,BTC/EUR,57580.73635949371,63222.181923016105,56674.70170837634,63102.99547098922,107340379122.21912,1167538196450.5935
1710975600,2024-03-21 00:00:00,BTC/EUR,62996.98685935886,63324.08931544048,60123.687563355,60891.63853472086,89147126855.56377,1218484424656.2834
1711062000,2024-03-22 00:00:00,BTC/EUR,60944.74978842916,61964.67929581787,58191.33443071171,59116.731300393374,65821525060.51872,1181921375873.186
1711148400,2024-03-23 00:00:00,BTC/EUR,59239.805075840006,61360.22840350044,58700.38780236029,59740.19101823693,59866900857.18064,1180492815486.5054
1711234800,2024-03-24 00:00:00,BTC/EUR,59665.745984804096,62846.27402840164,59333.00783974556,62538.31989509807,41871596907.44151,1192473919438.7295
1711321200,2024-03-25 00:00:00,BTC/EUR,62277.18103953351,65963.55401798584,61810.2465381432,65007.57005087,55572873213.51734,1249224987585.033
1711407600,2024-03-26 00:00:00,BTC/EUR,64880.32065768304,66483.8415683211,64604.488091584586,65154.48855657543,68334668233.384445,1286223668095.4294
1711494000,2024-03-27 00:00:00,BTC/EUR,65101.228505798426,66629.45809967544,63718.606143458965,64661.48666871263,61397063768.2054,1276054998729.1978
1711580400,2024-03-28 00:00:00,BTC/EUR,64608.48701280585,66521.5523254192,64169.0799691246,65752.25288061825,62835225549.29888,1287892018789.5188
1711666800,2024-03-29 00:00:00,BTC/EUR,65845.77183829478,65930.07467752884,64289.67999330413,64959.70389383329,47839985351.70898,1280739687681.9014
1711753200,2024-03-30 00:00:00,BTC/EUR,64931.36735206317,65336.62546847828,64689.54421597895,64796.2689135024,36884415644.96189,1279625700895.465
1711839600,2024-03-31 00:00:00,BTC/EUR,64757.339880404346,66350.22180063052,64757.339880404346,66230.4866594128,31316043751.70422,1288296921450.63
1711922400,2024-04-01 00:00:00,BTC/EUR,66260.81336197676,66260.81336197676,63467.55758911549,64848.7942787527,44837383932.30472,1274849398016.171
1712008800,2024-04-02 00:00:00,BTC/EUR,64735.09471863404,64735.09471863404,60175.44104381144,60865.76644440104,70753751252.02914,1213444376594.1787
1712095200,2024-04-03 00:00:00,BTC/EUR,60896.31634256805,62103.1535678747,60256.28435119828,61447.7582791619,67594128374.03591,1207825094576.6091
1712181600,2024-04-04 00:00:00,BTC/EUR,61368.47734099638,64224.53477666489,60578.95079466934,63667.68964651396,50305966525.65859,1224097885263.0012
1712268000,2024-04-05 00:00:00,BTC/EUR,63549.10768257865,63809.00966250965,61471.1752178482,63172.51160152145,60849722055.06314,1234765730020.256
1712354400,2024-04-06 00:00:00,BTC/EUR,62987.621943847706,64695.4310000093,62766.80709390025,64080.25741892884,44671688611.49619,1244976812662.2417
1712440800,2024-04-07 00:00:00,BTC/EUR,64052.88805810524,65323.81032093667,64029.57341740367,64530.256953938006,35956612618.052986,1269818475427.933
1712527200,2024-04-08 00:00:00,BTC/EUR,64414.06504291865,67632.17364617916,64326.590966157964,66616.23376019493,49433740813.19218,1300951544356.0725
1712613600,2024-04-09 00:00:00,BTC/EUR,66603.53951027164,66693.0967459941,63650.52218471296,64353.07684438616,123134723652.80406,1283756908753.6746
1712700000,2024-04-10 00:00:00,BTC/EUR,64285.14168270885,66101.39590250072,62857.60120525624,65576.35614578392,147771590974.22214,1266141480502.1765
1712786400,2024-04-11 00:00:00,BTC/EUR,65504.84985445787,66259.1579945875,64715.55580355067,65202.92200243655,152041863658.77863,1289200071439.9644
1712872800,2024-04-12 00:00:00,BTC/EUR,65210.34325623784,66190.00455691022,61390.65740404913,62502.404002641146,145515191414.54196,1272090720033.607
1712959200,2024-04-13 00:00:00,BTC/EUR,62339.6293093026,63136.53061034697,57175.27364710915,59756.84699011429,158824235833.85638,1217609458304.9226
1713045600,2024-04-14 00:00:00,BTC/EUR,59716.06729347431,61134.91244222488,57815.45443554761,60990.94197844302,179820060631.33505,1174650258529.285
1713132000,2024-04-15 00:00:00,BTC/EUR,60855.97373731737,62045.22500906732,58277.14384026634,59050.962996028975,155493302771.51065,1189203363793.8462
1713218400,2024-04-16 00:00:00,BTC/EUR,59020.37589859479,59778.85965646477,57400.096718094646,59221.0287457337,153278748135.71564,1152812144542.814
1713304800,2024-04-17 00:00:00,BTC/EUR,59258.17221400738,59899.75727478168,55831.4873196998,57017.14886216741,148133163852.48376,1144448642688.097
1713391200,2024-04-18 00:00:00,BTC/EUR,57088.26456118815,59565.24286471556,56632.16434636237,58977.578141710605,150850777326.626,1142282567463.27
1713477600,2024-04-19 00:00:00,BTC/EUR,58854.82056003496,60806.48011234178,55551.91622725032,59487.161602916414,167049424119.00656,1166865735018.7656
1713564000,2024-04-20 00:00:00,BTC/EUR,59355.20650243189,60775.53962186944,58887.54661533168,60316.742460173526,142976351580.23166,1175240937747.2822
1713650400,2024-04-21 00:00:00,BTC/EUR,60333.25893479898,61042.82565633457,59800.11903765496,60352.90014786708,123368915492.27963,1189195655208.4175
1713736800,2024-04-22 00:00:00,BTC/EUR,60404.18863748384,62476.19711891675,60074.956523356486,62140.34353523235,130264871224.22173,1208700150463.3528
1713823200,2024-04-23 00:00:00,BTC/EUR,62086.52549544774,62470.6079290238,61271.052460266525,61738.33105487822,130999200160.97108,1216951631511.8784
1713909600,2024-04-24 00:00:00,BTC/EUR,61893.57289661393,62374.24322740841,59279.57109244948,59789.51724651024,128777930044.47417,1203851007038.8335
1713996000,2024-04-25 00:00:00,BTC/EUR,59820.88552855509,60526.90901989231,58547.96380511304,59979.41950543573,138751284680.415,1175702145516.414
1714082400,2024-04-26 00:00:00,BTC/EUR,59988.11483413776,60199.84376307786,58958.39261966539,59338.624929088895,134443277629.3879,1174565825754.352
1714168800,2024-04-27 00:00:00,BTC/EUR,59319.16971235666,59417.53387458267,58210.63155055845,59038.14784848738,122281318570.97588,1155303091513.8586
1714255200,2024-04-28 00:00:00,BTC/EUR,59072.41767337184,59797.84988235731,58472.85848468784,58643.94721423987,115266050208.83595,1166280325291.354
1714341600,2024-04-29 00:00:00,BTC/EUR,58723.19095313822,59583.9633959211,57506.30062587767,59349.54291400459,119866853370.3168,1149222545834.3933
1714428000,2024-04-30 00:00:00,BTC/EUR,59295.87367128868,60127.054097034284,55115.46652530945,56507.50030224404,133226814785.25702,1131954953630.2124
1714514400,2024-05-01 00:00:00,BTC/EUR,56447.1723907039,56507.62119986236,52749.50943466413,54186.34972891034,147855491656.09094,1068181625399.6208
1714600800,2024-05-02 00:00:00,BTC/EUR,54498.31208325196,55375.95439369844,53012.02466311413,54994.00161816812,122141720894.1641,1068975754821.383
1714687200,2024-05-03 00:00:00,BTC/EUR,54929.92588046015,58752.54117493885,54717.34136837504,58402.82156441518,97434484753.79932,1110360234634.9868
1714773600,2024-05-04 00:00:00,BTC/EUR,58445.63792093295,59955.74217187921,58256.535446251706,59407.26687684252,98382177720.50668,1161626028893.7207
1714860000,2024-05-05 00:00:00,BTC/EUR,59506.52382148071,59964.660696184284,58598.87100224125,59556.07324535707,83226559617.03613,1167536709344.9678
1714946400,2024-05-06 00:00:00,BTC/EUR,59600.7030661496,60843.837476401706,58561.07654679202,58772.228887090925,88600485796.61987,1170469597338.603
1715032800,2024-05-07 00:00:00,BTC/EUR,58801.97900101368,59818.49547563913,57930.46526983418,58012.6570506561,95143380936.61014,1162781249658.708
1715119200,2024-05-08 00:00:00,BTC/EUR,58008.90922448828,58540.45885296059,56689.08852495605,56933.52490955928,89462154161.51085,1140561468486.5627
1715205600,2024-05-09 00:00:00,BTC/EUR,56961.38716067293,58914.21848989575,56492.68569409182,58691.15308428424,89595567002.3544,1131395778173.8745
1715292000,2024-05-10 00:00:00,BTC/EUR,58514.49376447284,59020.31079987723,56095.36032140166,56624.67799384352,92777380998.42638,1137480818084.6147
1715378400,2024-05-11 00:00:00,BTC/EUR,56594.34199146277,57093.39806005821,56319.718401547485,56528.229593877,86816456296.14607,1115907962487.2544
1715464800,2024-05-12 00:00:00,BTC/EUR,56607.9755228822,57439.37914423085,56440.0394312232,57240.33516539724,70812846887.12935,1120353962366.4736
1715551200,2024-05-13 00:00:00,BTC/EUR,57228.0315077793,58898.49249969775,56530.71264496089,58511.82471705307,84381684737.8179,1141867591151.879
1715637600,2024-05-14 00:00:00,BTC/EUR,58491.03962651936,58638.15342837745,56875.466153316775,57288.93600796064,90062214281.10326,1134727976019.7224
1715724000,2024-05-15 00:00:00,BTC/EUR,57308.29822652494,61741.483692771246,57104.89263361511,61609.07290126383,93324521113.04678,1164366538853.2217
1715810400,2024-05-16 00:00:00,BTC/EUR,61743.39945503073,61935.12447804778,60137.339694408016,60681.27667884943,107605102641.44933,1205148707084.5063
1715896800,2024-05-17 00:00:00,BTC/EUR,60726.73418333658,62680.70939002501,60594.100196226136,62312.52964316602,95467112568.90654,1213799092134.1145
1715983200,2024-05-18 00:00:00,BTC/EUR,62252.80621971747,62658.826921109656,61973.98841242827,62229.3334821304,87209687129.80855,1226406402246.9912
1716069600,2024-05-19 00:00:00,BTC/EUR,62283.3189186173,62865.18985575983,61383.74764017149,61701.5409796427,78506122180.2121,1224853056669.0784
1716156000,2024-05-20 00:00:00,BTC/EUR,61585.66526239432,66453.2823703373,61508.63487989286,66417.58967348342,90850508428.20036,1238854970020.809
1716242400,2024-05-21 00:00:00,BTC/EUR,66372.54136093518,66716.0858931079,64416.464395651405,65195.80764258943,130539062733.40147,1293950715316.189
1716328800,2024-05-22 00:00:00,BTC/EUR,65233.27660445089,65656.67866343033,64213.93298552019,64377.97245394266,107970910267.78838,1279626428261.1062
1716415200,2024-05-23 00:00:00,BTC/EUR,64445.02413302457,65132.22479517153,62003.003840824334,63168.04768946052,103541733452.03722,1260234132352.5752
1716501600,2024-05-24 00:00:00,BTC/EUR,63078.64855062355,64340.41049391328,62042.82565633456,63736.24789591645,110373626430.90236,1244862264993.085
1716588000,2024-05-25 00:00:00,BTC/EUR,63763.25456388509,64674.98070288015,63731.2166950311,64415.17172111709,91417234458.7667,1263873991271.4478
1716674400,2024-05-26 00:00:00,BTC/EUR,64404.27233583498,64600.275274577085,63530.73124459448,63752.66207255717,82419723773.88638,1263939410658.3547
1716760800,2024-05-27 00:00:00,BTC/EUR,63688.8839289866,65713.26804861944,63490.91872890103,64583.71230086767,87766890775.27841,1267256007684.1016
1716847200,2024-05-28 00:00:00,BTC/EUR,64528.117996075474,64605.53897088227,62573.80799598248,63608.36611518753,97318497666.8088,1250990935656.7742
1716933600,2024-05-29 00:00:00,BTC/EUR,63529.857061815885,64091.90078955444,62468.73866584827,62927.70322424648,93826769836.80894,1245617600181.0225
1717020000,2024-05-30 00:00:00,BTC/EUR,62970.90087325279,64608.19871848524,62486.88260841261,63588.408708348434,92665029317.09566,1249727944178.8184
1717106400,2024-05-31 00:00:00,BTC/EUR,63558.6399947921,64070.48331147876,62068.19555654753,62844.63726064597,92899394273.00108,1246163312046.8691
1717192800,2024-06-01 00:00:00,BTC/EUR,62911.29834742255,63113.27176854616,62743.790047336064,63004.3523142594,85584912965.81429,1240573666401.207
1717279200,2024-06-02 00:00:00,BTC/EUR,63014.19152042704,63638.023230942345,62680.70939002501,63035.52530015158,76084691796.45338,1242970241365.614
1717365600,2024-06-03 00:00:00,BTC/EUR,62973.73731737484,65296.73855425047,62898.4274009802,63990.83038064149,90602584644.49246,1263816838290.6443
1717452000,2024-06-04 00:00:00,BTC/EUR,64051.00019529614,66047.33606747945,63827.60929609687,65655.77658120134,97295210947.24208,1275613902059.3196
1717538400,2024-06-05 00:00:00,BTC/EUR,65622.36233946192,66676.75696788773,65511.12723079356,66151.39171758316,103499438582.96,1301942234403.7617
1717624800,2024-06-06 00:00:00,BTC/EUR,66152.82388936938,66589.70138288276,65406.21599754484,65826.9862083717,95628664702.38336,1301156253884.3923
1717711200,2024-06-07 00:00:00,BTC/EUR,65817.17490165443,66928.94939969682,63915.97615526975,64518.22299100708,98700277693.91309,1294641193609.234
1717797600,2024-06-08 00:00:00,BTC/EUR,64462.21949427596,64710.19910907754,64377.60046127091,64463.21457467287,96287117773.7904,1271685679952.78
1717884000,2024-06-09 00:00:00,BTC/EUR,64439.425643314826,64959.33190116154,64326.80486194421,64780.05003301434,77479953239.77264,1272780052204.8164
1717970400,2024-06-10 00:00:00,BTC/EUR,64732.57446828296,65247.51462396191,64409.36863543788,64651.647462544985,81347094322.56554,1275115348641.5706
1718056800,2024-06-11 00:00:00,BTC/EUR,64708.34844553562,64708.34844553562,61558.79809167759,62629.65339582809,97511207903.75552,1237057706563.532
