https://www.Saxcoin-b6.nl,DOGE,Dogecoin
unix,date,symbol,open,high,low,close,volume,total
1611878400000,2021-01-29 00:00:00,DOGE/EUR,0.04684,0.19,0.03178,0.0377,376560768.3,16505141.819844
1611964800000,2021-01-30 00:00:00,DOGE/EUR,0.0377,0.042,0.0183,0.02326,505652335.1,13179189.801259
1612051200000,2021-01-31 00:00:00,DOGE/EUR,0.02327,0.0427,0.02204,0.0306,511204715.0,15479873.519431
1612137600000,2021-02-01 00:00:00,DOGE/EUR,0.0306,0.03646,0.02735,0.02896,326741833.5,10444009.272947
1612224000000,2021-02-02 00:00:00,DOGE/EUR,0.02884,0.02921,0.02391,0.02612,192889049.7,5152991.239942
1612310400000,2021-02-03 00:00:00,DOGE/EUR,0.02609,0.03324,0.02584,0.0311,412409778.1,12017565.623983
1612396800000,2021-02-04 00:00:00,DOGE/EUR,0.03107,0.05,0.02981,0.04426,1481554048.2,60900432.537978
1612483200000,2021-02-05 00:00:00,DOGE/EUR,0.04426,0.04562,0.03612,0.03889,451582035.2,17656059.089873
1612569600000,2021-02-06 00:00:00,DOGE/EUR,0.03891,0.05,0.03701,0.04807,573384761.0,24819813.03139
1612656000000,2021-02-07 00:00:00,DOGE/EUR,0.04796,0.07344,0.0435,0.06501,1437783940.4,82349318.687234
1612742400000,2021-02-08 00:00:00,DOGE/EUR,0.06487,0.07098,0.05218,0.0655,832354227.1,53362825.097315
1612828800000,2021-02-09 00:00:00,DOGE/EUR,0.0655,0.06944,0.05227,0.05796,504351224.6,30990784.524699
1612915200000,2021-02-10 00:00:00,DOGE/EUR,0.0581,0.0675,0.05503,0.06001,390759814.3,24006504.911094
1613001600000,2021-02-11 00:00:00,DOGE/EUR,0.06014,0.06258,0.05603,0.05769,229589858.4,13567994.900934
1613088000000,2021-02-12 00:00:00,DOGE/EUR,0.05756,0.061,0.05034,0.05792,233266999.5,13099073.164678
1613174400000,2021-02-13 00:00:00,DOGE/EUR,0.05792,0.0594,0.05457,0.05482,105910022.2,5992665.705549
1613260800000,2021-02-14 00:00:00,DOGE/EUR,0.05491,0.055,0.046,0.05197,272383807.8,13764998.585754
1613347200000,2021-02-15 00:00:00,DOGE/EUR,0.05187,0.05318,0.03954,0.04666,359093680.8,17162472.409716
1613433600000,2021-02-16 00:00:00,DOGE/EUR,0.04672,0.0495,0.04191,0.04439,176538941.6,8126469.392678
1613520000000,2021-02-17 00:00:00,DOGE/EUR,0.04437,0.04565,0.03978,0.04114,179632541.5,7747443.273564
1613606400000,2021-02-18 00:00:00,DOGE/EUR,0.04119,0.05365,0.04066,0.04874,373643845.7,17499206.66567
1613692800000,2021-02-19 00:00:00,DOGE/EUR,0.04874,0.04956,0.04447,0.04535,185959105.4,8643062.527311
1613779200000,2021-02-20 00:00:00,DOGE/EUR,0.04549,0.05018,0.042,0.04489,202713148.6,9406564.443632
1613865600000,2021-02-21 00:00:00,DOGE/EUR,0.04475,0.0495,0.04413,0.04624,150613291.8,6996522.387224
1613952000000,2021-02-22 00:00:00,DOGE/EUR,0.04622,0.05038,0.0379,0.04414,220440809.8,9989849.604459
1614038400000,2021-02-23 00:00:00,DOGE/EUR,0.04414,0.0444,0.03401,0.03932,167192523.1,6448544.308621
1614124800000,2021-02-24 00:00:00,DOGE/EUR,0.03933,0.05012,0.03791,0.04683,222241000.5,10264104.429714
1614211200000,2021-02-25 00:00:00,DOGE/EUR,0.04676,0.04788,0.04089,0.0412,104703940.5,4664735.465838
1614297600000,2021-02-26 00:00:00,DOGE/EUR,0.04126,0.04351,0.04004,0.04194,75389800.6,3147565.033151
1614384000000,2021-02-27 00:00:00,DOGE/EUR,0.04193,0.0432,0.04096,0.04178,59406280.4,2492105.894275
1614470400000,2021-02-28 00:00:00,DOGE/EUR,0.04167,0.04183,0.03723,0.03995,61692408.5,2453064.372392
1614556800000,2021-03-01 00:00:00,DOGE/EUR,0.03995,0.04375,0.03981,0.04205,85552549.2,3567058.564521
1614643200000,2021-03-02 00:00:00,DOGE/EUR,0.04209,0.0437,0.0408,0.0418,101668425.9,4283614.469619
1614729600000,2021-03-03 00:00:00,DOGE/EUR,0.04177,0.0434,0.0415,0.04201,76011924.5,3224657.928331
1614816000000,2021-03-04 00:00:00,DOGE/EUR,0.042,0.0427,0.03982,0.04185,75858377.3,3151442.569648
1614902400000,2021-03-05 00:00:00,DOGE/EUR,0.0419,0.04282,0.04037,0.04163,58833530.6,2444134.892454
1614988800000,2021-03-06 00:00:00,DOGE/EUR,0.04166,0.04419,0.04134,0.04283,92453496.3,3957921.804398
1615075200000,2021-03-07 00:00:00,DOGE/EUR,0.04283,0.04389,0.04225,0.04352,67852323.7,2919453.663051
1615161600000,2021-03-08 00:00:00,DOGE/EUR,0.04362,0.05325,0.04328,0.0531,169762863.5,8117141.344132
1615248000000,2021-03-09 00:00:00,DOGE/EUR,0.05321,0.05321,0.04707,0.04873,119477057.0,5851076.426816
1615334400000,2021-03-10 00:00:00,DOGE/EUR,0.04874,0.04947,0.0458,0.04695,72290492.1,3425823.026804
1615420800000,2021-03-11 00:00:00,DOGE/EUR,0.04699,0.0476,0.04555,0.0466,62581873.7,2906783.516601
1615507200000,2021-03-12 00:00:00,DOGE/EUR,0.04671,0.0477,0.04545,0.04617,60602532.6,2811855.751701
1615593600000,2021-03-13 00:00:00,DOGE/EUR,0.04618,0.05169,0.04583,0.0516,117738520.4,5677220.977389
1615680000000,2021-03-14 00:00:00,DOGE/EUR,0.0516,0.0522,0.04859,0.04859,131774465.5,6641093.501628
1615766400000,2021-03-15 00:00:00,DOGE/EUR,0.04858,0.04976,0.0462,0.04793,88615233.8,4235108.234817
1615852800000,2021-03-16 00:00:00,DOGE/EUR,0.04801,0.04969,0.04662,0.0493,88156397.7,4276092.250257
1615939200000,2021-03-17 00:00:00,DOGE/EUR,0.0493,0.0496,0.04757,0.04833,53452636.6,2592055.797674
1616025600000,2021-03-18 00:00:00,DOGE/EUR,0.04837,0.0494,0.04793,0.04819,68568670.3,3336297.802917
1616112000000,2021-03-19 00:00:00,DOGE/EUR,0.04824,0.05036,0.04752,0.04905,67635165.6,3330428.757411
1616198400000,2021-03-20 00:00:00,DOGE/EUR,0.04905,0.05115,0.04884,0.04953,75317488.9,3761150.612566
1616284800000,2021-03-21 00:00:00,DOGE/EUR,0.04953,0.05014,0.04788,0.04848,42044686.2,2051043.334295
1616371200000,2021-03-22 00:00:00,DOGE/EUR,0.04848,0.04884,0.0459,0.04619,44600831.7,2127300.309546
1616457600000,2021-03-23 00:00:00,DOGE/EUR,0.04618,0.04716,0.04428,0.04518,48554466.1,2226037.894686
1616544000000,2021-03-24 00:00:00,DOGE/EUR,0.04515,0.04797,0.04329,0.04378,52894465.6,2442144.237936
1616630400000,2021-03-25 00:00:00,DOGE/EUR,0.04378,0.04464,0.04218,0.0436,48231805.4,2094584.697219
1616716800000,2021-03-26 00:00:00,DOGE/EUR,0.0436,0.04589,0.0436,0.04589,33656015.1,1512576.967281
1616803200000,2021-03-27 00:00:00,DOGE/EUR,0.04582,0.04712,0.04532,0.04618,37715075.9,1741725.221051
1616889600000,2021-03-28 00:00:00,DOGE/EUR,0.04619,0.0465,0.04497,0.04556,26612018.8,1215781.957073
1616976000000,2021-03-29 00:00:00,DOGE/EUR,0.04556,0.04644,0.04518,0.04598,49389842.7,2263533.979833
1617062400000,2021-03-30 00:00:00,DOGE/EUR,0.04591,0.04742,0.04561,0.04616,44863109.9,2084421.903224
1617148800000,2021-03-31 00:00:00,DOGE/EUR,0.04612,0.04652,0.04419,0.04587,37816000.3,1723982.713846
1617235200000,2021-04-01 00:00:00,DOGE/EUR,0.04586,0.06084,0.04573,0.05282,410482023.3,21882438.642877
1617321600000,2021-04-02 00:00:00,DOGE/EUR,0.05282,0.05343,0.04877,0.04892,120632371.3,6045516.103222
1617408000000,2021-04-03 00:00:00,DOGE/EUR,0.04894,0.05049,0.04746,0.04746,74882955.8,3701862.761838
1617494400000,2021-04-04 00:00:00,DOGE/EUR,0.04746,0.04966,0.04715,0.0489,60048881.1,2922378.138008
1617580800000,2021-04-05 00:00:00,DOGE/EUR,0.0489,0.05132,0.04802,0.05071,87769402.0,4328344.707799
1617667200000,2021-04-06 00:00:00,DOGE/EUR,0.05076,0.05531,0.04921,0.05432,173437229.5,8975095.027981
1617753600000,2021-04-07 00:00:00,DOGE/EUR,0.05436,0.05693,0.04824,0.0498,156930667.2,8180299.797961
1617840000000,2021-04-08 00:00:00,DOGE/EUR,0.04986,0.05265,0.04965,0.05191,60105724.3,3091238.514191
1617926400000,2021-04-09 00:00:00,DOGE/EUR,0.05201,0.05407,0.05091,0.05192,83493650.8,4365683.80642
1618012800000,2021-04-10 00:00:00,DOGE/EUR,0.05193,0.05439,0.05114,0.05343,100672701.3,5325874.388807
1618099200000,2021-04-11 00:00:00,DOGE/EUR,0.05353,0.06725,0.05306,0.06239,445729752.3,27100090.814014
1618185600000,2021-04-12 00:00:00,DOGE/EUR,0.06237,0.06333,0.05775,0.05928,123009569.5,7387573.334495
1618272000000,2021-04-13 00:00:00,DOGE/EUR,0.05934,0.08094,0.05931,0.07897,394379437.9,27872836.760844
1618358400000,2021-04-14 00:00:00,DOGE/EUR,0.079,0.12164,0.07718,0.10145,900253303.5,94072409.786351
1618444800000,2021-04-15 00:00:00,DOGE/EUR,0.1014,0.1617,0.10015,0.15262,795492973.5,104439764.539021
1618531200000,2021-04-16 00:00:00,DOGE/EUR,0.15291,0.38778,0.15,0.30508,1887719527.0,500395459.34412706
1618617600000,2021-04-17 00:00:00,DOGE/EUR,0.30586,0.31862,0.19389,0.23758,1210229541.9,300613709.04633
1618704000000,2021-04-18 00:00:00,DOGE/EUR,0.23841,0.2965,0.2115,0.27138,746782651.5,194954979.42535
1618790400000,2021-04-19 00:00:00,DOGE/EUR,0.27168,0.3652,0.25938,0.34082,815310662.8,261911148.380629
1618876800000,2021-04-20 00:00:00,DOGE/EUR,0.34091,0.36,0.22501,0.26468,879077334.4,260637878.465902
1618963200000,2021-04-21 00:00:00,DOGE/EUR,0.26465,0.28999,0.24701,0.25434,420236492.1,111176353.354997
1619049600000,2021-04-22 00:00:00,DOGE/EUR,0.25443,0.25767,0.21011,0.21725,658645396.5,153284479.978488
1619136000000,2021-04-23 00:00:00,DOGE/EUR,0.21738,0.22423,0.105,0.20719,791602136.8,146950988.225806
1619222400000,2021-04-24 00:00:00,DOGE/EUR,0.20734,0.2422,0.18916,0.22486,502526642.8,111205058.741278
1619308800000,2021-04-25 00:00:00,DOGE/EUR,0.22475,0.24029,0.18604,0.20889,316047726.8,68203621.366022
1619395200000,2021-04-26 00:00:00,DOGE/EUR,0.20859,0.23296,0.2051,0.22522,251333561.9,55554408.833576
1619481600000,2021-04-27 00:00:00,DOGE/EUR,0.22535,0.23266,0.21944,0.22558,151689320.1,34304552.418355
1619568000000,2021-04-28 00:00:00,DOGE/EUR,0.22579,0.28767,0.21259,0.267,515984069.6,131752429.135057
1619654400000,2021-04-29 00:00:00,DOGE/EUR,0.26686,0.26816,0.245,0.25198,149289391.5,38200953.021357
1619740800000,2021-04-30 00:00:00,DOGE/EUR,0.25209,0.283,0.25,0.28066,175975742.5,47056168.359175
1619827200000,2021-05-01 00:00:00,DOGE/EUR,0.28079,0.33,0.27283,0.32479,307983603.2,93221293.772085
1619913600000,2021-05-02 00:00:00,DOGE/EUR,0.32491,0.33245,0.30213,0.31183,214349584.1,68228347.650192
1620000000000,2021-05-03 00:00:00,DOGE/EUR,0.31194,0.3724,0.31139,0.36656,316900418.6,108531633.385599
1620086400000,2021-05-04 00:00:00,DOGE/EUR,0.36675,0.51,0.33084,0.44955,927564743.9,397966403.55873
1620172800000,2021-05-05 00:00:00,DOGE/EUR,0.44917,0.5815,0.43036,0.54424,845458758.7,446180966.055091
1620259200000,2021-05-06 00:00:00,DOGE/EUR,0.5444,0.55336,0.45,0.48229,437527373.7,218713745.273222
1620345600000,2021-05-07 00:00:00,DOGE/EUR,0.4825,0.60454,0.429,0.56899,561941041.3,292530703.614887
1620432000000,2021-05-08 00:00:00,DOGE/EUR,0.569,0.6099,0.495,0.52443,544243472.2,305923103.709701
1620518400000,2021-05-09 00:00:00,DOGE/EUR,0.52506,0.57886,0.34403,0.47,1239142448.8,537819055.5902929
1620604800000,2021-05-10 00:00:00,DOGE/EUR,0.47,0.47134,0.34619,0.37328,472953151.6,195262642.612208
1620691200000,2021-05-11 00:00:00,DOGE/EUR,0.37332,0.45276,0.3673,0.40794,358687141.4,147598268.895192
1620777600000,2021-05-12 00:00:00,DOGE/EUR,0.40775,0.4303,0.31879,0.32594,254100839.6,98503386.381515
1620864000000,2021-05-13 00:00:00,DOGE/EUR,0.32541,0.43375,0.285,0.40604,509879099.8,177921220.73684
1620950400000,2021-05-14 00:00:00,DOGE/EUR,0.40681,0.48797,0.38601,0.46246,537157166.2,238547676.645122
1621036800000,2021-05-15 00:00:00,DOGE/EUR,0.46228,0.46567,0.40448,0.42007,242662973.9,104094835.427686
1621123200000,2021-05-16 00:00:00,DOGE/EUR,0.41987,0.4528,0.361,0.42349,254095285.1,107392738.843116
1621209600000,2021-05-17 00:00:00,DOGE/EUR,0.424,0.42591,0.37573,0.40173,215042839.1,86701808.57728
1621296000000,2021-05-18 00:00:00,DOGE/EUR,0.4016,0.42254,0.38551,0.39113,138550102.3,55442403.834863
1621382400000,2021-05-19 00:00:00,DOGE/EUR,0.39091,0.39374,0.17116,0.27224,575531259.5,172378092.679474
1621468800000,2021-05-20 00:00:00,DOGE/EUR,0.27299,0.36156,0.24442,0.32735,478008074.1,149044448.01752
1621555200000,2021-05-21 00:00:00,DOGE/EUR,0.32676,0.33799,0.258,0.2952,331287834.6,99243089.471217
1621641600000,2021-05-22 00:00:00,DOGE/EUR,0.29501,0.3,0.26173,0.28207,220194082.8,62144529.334617
1621728000000,2021-05-23 00:00:00,DOGE/EUR,0.28205,0.2892,0.2045,0.2523,375670941.5,92351883.345446
1621814400000,2021-05-24 00:00:00,DOGE/EUR,0.2523,0.30836,0.2434,0.30119,300131099.3,81917341.649826
1621900800000,2021-05-25 00:00:00,DOGE/EUR,0.30073,0.31236,0.26355,0.28305,205114027.1,58133956.515081
1621987200000,2021-05-26 00:00:00,DOGE/EUR,0.28333,0.30018,0.27614,0.29027,126402606.0,36315180.501824
1622073600000,2021-05-27 00:00:00,DOGE/EUR,0.29049,0.29049,0.26951,0.274,86818931.9,24097653.803378
1622160000000,2021-05-28 00:00:00,DOGE/EUR,0.27403,0.28568,0.2475,0.2564,144753911.8,37794750.050085
1622246400000,2021-05-29 00:00:00,DOGE/EUR,0.25624,0.2615,0.23079,0.24954,90580441.2,22268157.968685
1622332800000,2021-05-30 00:00:00,DOGE/EUR,0.24943,0.25673,0.23672,0.24839,70019555.6,17450505.74579
1622419200000,2021-05-31 00:00:00,DOGE/EUR,0.24827,0.27,0.242,0.26638,88340336.8,22590989.330605
1622505600000,2021-06-01 00:00:00,DOGE/EUR,0.26637,0.315,0.25503,0.30322,181660549.4,50746658.627267
1622592000000,2021-06-02 00:00:00,DOGE/EUR,0.30278,0.369,0.28746,0.34689,336481053.5,112511275.156859
1622678400000,2021-06-03 00:00:00,DOGE/EUR,0.34721,0.362,0.31152,0.33084,192569400.6,64911452.514629
1622764800000,2021-06-04 00:00:00,DOGE/EUR,0.33084,0.332,0.28913,0.31022,178150493.4,54941080.102788
1622851200000,2021-06-05 00:00:00,DOGE/EUR,0.31011,0.32585,0.29718,0.30655,94334972.9,29364193.994965
1622937600000,2021-06-06 00:00:00,DOGE/EUR,0.30684,0.31096,0.3026,0.30604,33748088.1,10328823.071399
1623024000000,2021-06-07 00:00:00,DOGE/EUR,0.30603,0.31298,0.2695,0.27279,93449341.2,27255573.229127
1623110400000,2021-06-08 00:00:00,DOGE/EUR,0.27278,0.28171,0.2429,0.26841,148055889.5,39289252.231569
1623196800000,2021-06-09 00:00:00,DOGE/EUR,0.26811,0.29153,0.2569,0.28201,111190479.8,30322126.103126
1623283200000,2021-06-10 00:00:00,DOGE/EUR,0.28225,0.28375,0.26535,0.26828,70073537.1,19182208.509341
1623369600000,2021-06-11 00:00:00,DOGE/EUR,0.26818,0.276,0.25734,0.26371,65816436.2,17462931.697515
1623456000000,2021-06-12 00:00:00,DOGE/EUR,0.263,0.26461,0.24913,0.25829,59689736.7,15309751.888258
1623542400000,2021-06-13 00:00:00,DOGE/EUR,0.25863,0.2729,0.2546,0.26727,45022762.6,11777141.529825
1623628800000,2021-06-14 00:00:00,DOGE/EUR,0.26713,0.27877,0.26435,0.27059,52454033.1,14120475.200101
1623715200000,2021-06-15 00:00:00,DOGE/EUR,0.27063,0.27288,0.26114,0.26445,44327466.3,11846456.14103
1623801600000,2021-06-16 00:00:00,DOGE/EUR,0.26434,0.26537,0.25191,0.2567,42414585.4,10978843.712816
1623888000000,2021-06-17 00:00:00,DOGE/EUR,0.2567,0.2623,0.25351,0.25729,37335417.0,9641280.123267
1623974400000,2021-06-18 00:00:00,DOGE/EUR,0.25725,0.25865,0.236,0.24789,61560792.4,15201926.43353
1624060800000,2021-06-19 00:00:00,DOGE/EUR,0.24792,0.25165,0.24154,0.24154,30452878.1,7502763.713114
1624147200000,2021-06-20 00:00:00,DOGE/EUR,0.24149,0.24472,0.21603,0.23606,93741317.4,21576547.709023
1624233600000,2021-06-21 00:00:00,DOGE/EUR,0.23635,0.23708,0.13848,0.14996,331121021.8,60829313.170201
1624320000000,2021-06-22 00:00:00,DOGE/EUR,0.14988,0.18205,0.13728,0.15977,514096817.9,81524423.15753
1624406400000,2021-06-23 00:00:00,DOGE/EUR,0.15976,0.20818,0.15123,0.19702,310899823.9,57438767.14492
1624492800000,2021-06-24 00:00:00,DOGE/EUR,0.19713,0.2258,0.18644,0.2213,178720127.0,36131900.576679
1624579200000,2021-06-25 00:00:00,DOGE/EUR,0.22136,0.24265,0.19203,0.1995,231853131.9,49882569.22699
1624665600000,2021-06-26 00:00:00,DOGE/EUR,0.19983,0.21447,0.19404,0.20663,110665459.9,22365318.611097
1624752000000,2021-06-27 00:00:00,DOGE/EUR,0.20659,0.224,0.20184,0.22176,63190450.3,13137936.408298
1624838400000,2021-06-28 00:00:00,DOGE/EUR,0.22193,0.22381,0.20974,0.21554,56341831.4,12132613.05157
1624924800000,2021-06-29 00:00:00,DOGE/EUR,0.21574,0.23229,0.2119,0.22119,69105316.8,15411788.739155
1625011200000,2021-06-30 00:00:00,DOGE/EUR,0.22119,0.22169,0.20071,0.21423,51304689.4,10820219.611242
1625097600000,2021-07-01 00:00:00,DOGE/EUR,0.2143,0.22109,0.19964,0.20599,79511408.7,16766756.735831
1625184000000,2021-07-02 00:00:00,DOGE/EUR,0.20578,0.21,0.20156,0.20654,32606681.7,6689534.963848
1625270400000,2021-07-03 00:00:00,DOGE/EUR,0.20654,0.21105,0.20405,0.20766,20562716.8,4276332.774974
1625356800000,2021-07-04 00:00:00,DOGE/EUR,0.2075,0.21337,0.20482,0.2077,31074375.9,6508827.366924
1625443200000,2021-07-05 00:00:00,DOGE/EUR,0.20734,0.20749,0.19048,0.19495,46246421.9,9213731.863686
1625529600000,2021-07-06 00:00:00,DOGE/EUR,0.19478,0.20396,0.1941,0.19812,33172030.4,6586331.653478
1625616000000,2021-07-07 00:00:00,DOGE/EUR,0.19811,0.20149,0.1875,0.19026,28025142.8,5500571.015986
1625702400000,2021-07-08 00:00:00,DOGE/EUR,0.19,0.19088,0.17034,0.17513,46375748.3,8368469.318382
1625788800000,2021-07-09 00:00:00,DOGE/EUR,0.17472,0.19427,0.165,0.1851,64615124.3,11773335.884657
1625875200000,2021-07-10 00:00:00,DOGE/EUR,0.185,0.19218,0.177,0.18034,26119624.2,4773309.478638
1625961600000,2021-07-11 00:00:00,DOGE/EUR,0.1803,0.18477,0.17777,0.18181,19134284.8,3463808.679116
1626048000000,2021-07-12 00:00:00,DOGE/EUR,0.18197,0.18472,0.17236,0.17553,25014069.1,4464242.635031
1626134400000,2021-07-13 00:00:00,DOGE/EUR,0.17563,0.17614,0.16839,0.17103,29374398.2,5038982.392866
1626220800000,2021-07-14 00:00:00,DOGE/EUR,0.17081,0.1753,0.16077,0.16981,35153292.6,5883489.841859
1626307200000,2021-07-15 00:00:00,DOGE/EUR,0.16954,0.17249,0.15542,0.15896,26469772.1,4284504.180672
1626393600000,2021-07-16 00:00:00,DOGE/EUR,0.15895,0.16126,0.14567,0.14631,46614354.9,7117028.882125
1626480000000,2021-07-17 00:00:00,DOGE/EUR,0.14609,0.176,0.14387,0.16018,71501974.0,11333448.63672
1626566400000,2021-07-18 00:00:00,DOGE/EUR,0.15993,0.16726,0.15439,0.15564,33937866.5,5447312.160156
1626652800000,2021-07-19 00:00:00,DOGE/EUR,0.15549,0.15756,0.14565,0.14896,29721186.3,4462393.263643
1626739200000,2021-07-20 00:00:00,DOGE/EUR,0.14883,0.15514,0.13745,0.14682,64639032.5,9336316.811062
1626825600000,2021-07-21 00:00:00,DOGE/EUR,0.14684,0.18404,0.14324,0.16331,136928505.9,22681206.538379
1626912000000,2021-07-22 00:00:00,DOGE/EUR,0.16353,0.16871,0.16025,0.16409,39346171.2,6452610.063994
1626998400000,2021-07-23 00:00:00,DOGE/EUR,0.16428,0.17167,0.15739,0.16711,39437556.0,6467063.190478
1627084800000,2021-07-24 00:00:00,DOGE/EUR,0.16711,0.17552,0.16369,0.1689,44069056.1,7433720.376564
1627171200000,2021-07-25 00:00:00,DOGE/EUR,0.16897,0.17229,0.16407,0.16948,29939149.3,5036272.294318
1627257600000,2021-07-26 00:00:00,DOGE/EUR,0.16942,0.19872,0.1685,0.17345,121863786.6,22560815.800428
1627344000000,2021-07-27 00:00:00,DOGE/EUR,0.17323,0.17966,0.16619,0.17574,51736490.0,8923766.01151
1627430400000,2021-07-28 00:00:00,DOGE/EUR,0.17559,0.18236,0.17241,0.17545,43482062.3,7676199.413471
1627516800000,2021-07-29 00:00:00,DOGE/EUR,0.17528,0.17604,0.17054,0.174,24889429.1,4321035.090701
1627603200000,2021-07-30 00:00:00,DOGE/EUR,0.17437,0.17871,0.16654,0.17638,32647352.1,5640298.200959
1627689600000,2021-07-31 00:00:00,DOGE/EUR,0.17645,0.18128,0.1732,0.17649,33226104.1,5866818.435807
1627776000000,2021-08-01 00:00:00,DOGE/EUR,0.17671,0.1849,0.1722,0.17427,39715007.5,7125326.440385
1627862400000,2021-08-02 00:00:00,DOGE/EUR,0.17449,0.17884,0.17192,0.17317,24565462.0,4297692.161535
1627948800000,2021-08-03 00:00:00,DOGE/EUR,0.1733,0.17472,0.16438,0.16658,28414917.5,4783608.479792
1628035200000,2021-08-04 00:00:00,DOGE/EUR,0.16705,0.17358,0.16573,0.17207,27270957.2,4635927.582233
1628121600000,2021-08-05 00:00:00,DOGE/EUR,0.17209,0.17295,0.16663,0.17154,23692311.2,4023895.040752
1628208000000,2021-08-06 00:00:00,DOGE/EUR,0.17173,0.18179,0.16966,0.17567,32534013.4,5685419.324605
1628294400000,2021-08-07 00:00:00,DOGE/EUR,0.17573,0.2265,0.17476,0.22594,163257068.0,32782020.319575
1628380800000,2021-08-08 00:00:00,DOGE/EUR,0.22581,0.24424,0.20244,0.2077,144267262.8,32274419.574127
1628467200000,2021-08-09 00:00:00,DOGE/EUR,0.20756,0.22988,0.19917,0.22109,88180158.5,19119213.967009
1628553600000,2021-08-10 00:00:00,DOGE/EUR,0.22108,0.22714,0.21243,0.22221,51871292.2,11419048.745943
1628640000000,2021-08-11 00:00:00,DOGE/EUR,0.22254,0.24495,0.22162,0.2297,76584612.1,18019131.754489
1628726400000,2021-08-12 00:00:00,DOGE/EUR,0.22947,0.25528,0.21797,0.22845,66254037.2,15536145.526341
1628812800000,2021-08-13 00:00:00,DOGE/EUR,0.22948,0.24607,0.22668,0.24552,47054616.2,11226032.760411
1628899200000,2021-08-14 00:00:00,DOGE/EUR,0.24552,0.25651,0.237,0.25223,63437888.7,15705691.296588
1628985600000,2021-08-15 00:00:00,DOGE/EUR,0.25247,0.29969,0.24658,0.29126,107106217.2,28791033.446098
1629072000000,2021-08-16 00:00:00,DOGE/EUR,0.29161,0.3011,0.26744,0.27578,91747223.5,26237550.501942
1629158400000,2021-08-17 00:00:00,DOGE/EUR,0.27578,0.29256,0.25498,0.25929,83926620.5,23206175.337697
1629244800000,2021-08-18 00:00:00,DOGE/EUR,0.25913,0.2811,0.24,0.26236,83380340.9,21859745.379978
1629331200000,2021-08-19 00:00:00,DOGE/EUR,0.26254,0.27425,0.25519,0.273,49422760.8,13071125.413651
1629417600000,2021-08-20 00:00:00,DOGE/EUR,0.27309,0.28581,0.26917,0.2797,47345891.3,13123543.107175
1629504000000,2021-08-21 00:00:00,DOGE/EUR,0.27998,0.28315,0.27,0.27265,38690408.7,10711899.651302
1629590400000,2021-08-22 00:00:00,DOGE/EUR,0.27265,0.27638,0.26375,0.27103,24502588.7,6630490.219604
1629676800000,2021-08-23 00:00:00,DOGE/EUR,0.27118,0.2804,0.26897,0.27317,35036544.9,9613186.011047
1629763200000,2021-08-24 00:00:00,DOGE/EUR,0.27317,0.27465,0.2367,0.24899,57064048.8,14663735.301927
1629849600000,2021-08-25 00:00:00,DOGE/EUR,0.24875,0.25636,0.24144,0.25169,42526869.0,10580559.404141
1629936000000,2021-08-26 00:00:00,DOGE/EUR,0.25214,0.25497,0.2283,0.2317,31120881.8,7398986.049451
1630022400000,2021-08-27 00:00:00,DOGE/EUR,0.2319,0.2524,0.229,0.2516,29178555.0,7034378.270282
1630108800000,2021-08-28 00:00:00,DOGE/EUR,0.2517,0.25554,0.2411,0.2443,14665738.1,3609536.672049
1630195200000,2021-08-29 00:00:00,DOGE/EUR,0.2444,0.2494,0.237,0.2408,17542385.0,4237855.9004
1630281600000,2021-08-30 00:00:00,DOGE/EUR,0.2408,0.2489,0.2313,0.2336,25975796.0,6210644.185
1630368000000,2021-08-31 00:00:00,DOGE/EUR,0.2337,0.2444,0.231,0.2383,24818350.0,5888612.7
1630454400000,2021-09-01 00:00:00,DOGE/EUR,0.238,0.2509,0.2338,0.2503,29699022.0,7205596.1352
1630540800000,2021-09-02 00:00:00,DOGE/EUR,0.2503,0.26276,0.2478,0.2491,39603767.1,10082587.272739
1630627200000,2021-09-03 00:00:00,DOGE/EUR,0.2494,0.2577,0.2432,0.2512,32010487.0,8037844.6835
1630713600000,2021-09-04 00:00:00,DOGE/EUR,0.2513,0.2616,0.2485,0.254,27099442.0,6899624.7354
1630800000000,2021-09-05 00:00:00,DOGE/EUR,0.2542,0.2669,0.2516,0.2659,27047614.4,7018589.038166
1630886400000,2021-09-06 00:00:00,DOGE/EUR,0.2661,0.2705,0.2548,0.2623,27909865.7,7331957.881491
1630972800000,2021-09-07 00:00:00,DOGE/EUR,0.2625,0.2643,0.181,0.2198,66481730.1,15188477.948169
1631059200000,2021-09-08 00:00:00,DOGE/EUR,0.2198,0.2267,0.2,0.2197,42628877.0,9186445.0197
1631145600000,2021-09-09 00:00:00,DOGE/EUR,0.2195,0.2221,0.213,0.2159,22746748.0,4960170.2456
1631232000000,2021-09-10 00:00:00,DOGE/EUR,0.216,0.2238,0.2012,0.2048,22915138.0,4832476.233
1631318400000,2021-09-11 00:00:00,DOGE/EUR,0.2049,0.2115,0.203,0.2058,13830320.0,2872085.7246
1631404800000,2021-09-12 00:00:00,DOGE/EUR,0.2058,0.2174,0.2039,0.2138,18751625.0,3941192.6886
1631491200000,2021-09-13 00:00:00,DOGE/EUR,0.2134,0.2151,0.1956,0.2013,25481165.0,5153297.6702
1631577600000,2021-09-14 00:00:00,DOGE/EUR,0.2014,0.2061,0.1996,0.2053,11092320.0,2250878.9501
1631664000000,2021-09-15 00:00:00,DOGE/EUR,0.2051,0.2112,0.2038,0.2106,11408837.0,2361871.318
1631750400000,2021-09-16 00:00:00,DOGE/EUR,0.2107,0.2108,0.1988,0.2062,12215826.0,2509854.8138
1631836800000,2021-09-17 00:00:00,DOGE/EUR,0.206,0.221,0.2023,0.2047,24105911.0,5090685.2286
1631923200000,2021-09-18 00:00:00,DOGE/EUR,0.2051,0.2114,0.2034,0.2061,10340134.0,2140640.3627
1632009600000,2021-09-19 00:00:00,DOGE/EUR,0.2063,0.2064,0.1976,0.1994,8473921.0,1717819.8883
1632096000000,2021-09-20 00:00:00,DOGE/EUR,0.1998,0.1998,0.1705,0.1791,33201335.3,6089502.830053
1632182400000,2021-09-21 00:00:00,DOGE/EUR,0.1792,0.1877,0.1699,0.1725,28769084.1,5143786.169003
1632268800000,2021-09-22 00:00:00,DOGE/EUR,0.1726,0.1981,0.1719,0.1936,27818736.0,5155489.2789
1632355200000,2021-09-23 00:00:00,DOGE/EUR,0.1934,0.1955,0.1872,0.1928,15355132.0,2938823.4518
1632441600000,2021-09-24 00:00:00,DOGE/EUR,0.1928,0.1965,0.1687,0.1799,24527331.6,4424828.528725
1632528000000,2021-09-25 00:00:00,DOGE/EUR,0.18,0.1827,0.1757,0.179,12628890.0,2265524.1087
1632614400000,2021-09-26 00:00:00,DOGE/EUR,0.1789,0.1795,0.1671,0.176,15837054.1,2766168.09393
1632700800000,2021-09-27 00:00:00,DOGE/EUR,0.1757,0.1794,0.1713,0.1713,7451312.0,1308299.3085
1632787200000,2021-09-28 00:00:00,DOGE/EUR,0.1715,0.1741,0.169,0.1695,8938100.0,1536506.7999
1632873600000,2021-09-29 00:00:00,DOGE/EUR,0.1694,0.1757,0.1679,0.1718,8204652.0,1410710.9612
1632960000000,2021-09-30 00:00:00,DOGE/EUR,0.1716,0.1781,0.171,0.1765,9693114.0,1692345.6106
1633046400000,2021-10-01 00:00:00,DOGE/EUR,0.1768,0.1942,0.1746,0.1921,16674487.0,3078578.7064
1633132800000,2021-10-02 00:00:00,DOGE/EUR,0.1921,0.1953,0.1856,0.188,14932391.0,2841493.5063
1633219200000,2021-10-03 00:00:00,DOGE/EUR,0.1879,0.1947,0.1854,0.1906,12166006.0,2314716.6445
1633305600000,2021-10-04 00:00:00,DOGE/EUR,0.1904,0.2138,0.1828,0.2075,48336215.0,9560744.0134
1633392000000,2021-10-05 00:00:00,DOGE/EUR,0.2075,0.2308,0.2006,0.2156,58487555.0,12666240.1587
1633478400000,2021-10-06 00:00:00,DOGE/EUR,0.216,0.2338,0.2087,0.2182,53839804.0,11781990.6893
1633564800000,2021-10-07 00:00:00,DOGE/EUR,0.218,0.221,0.2024,0.2081,36098033.0,7609288.1711
1633651200000,2021-10-08 00:00:00,DOGE/EUR,0.2084,0.2181,0.2071,0.2097,20891507.0,4427048.9496
1633737600000,2021-10-09 00:00:00,DOGE/EUR,0.2097,0.2171,0.207,0.2121,15090499.0,3201993.6477
1633824000000,2021-10-10 00:00:00,DOGE/EUR,0.2121,0.214,0.1957,0.1984,12932733.0,2673716.8749
1633910400000,2021-10-11 00:00:00,DOGE/EUR,0.1979,0.2072,0.1951,0.2006,16405596.0,3307817.7021
1633996800000,2021-10-12 00:00:00,DOGE/EUR,0.2004,0.2007,0.1876,0.1963,17976129.0,3472464.1635
1634083200000,2021-10-13 00:00:00,DOGE/EUR,0.1963,0.202,0.1918,0.2004,16530916.0,3251434.6405
1634169600000,2021-10-14 00:00:00,DOGE/EUR,0.2005,0.207,0.199,0.2004,15471938.0,3141158.8724
1634256000000,2021-10-15 00:00:00,DOGE/EUR,0.2004,0.2095,0.1927,0.2012,20476193.0,4095541.6721
1634342400000,2021-10-16 00:00:00,DOGE/EUR,0.2013,0.2112,0.2012,0.2042,18077405.0,3721928.4597
1634428800000,2021-10-17 00:00:00,DOGE/EUR,0.2042,0.2085,0.1888,0.2048,20749740.0,4200937.2821
1634515200000,2021-10-18 00:00:00,DOGE/EUR,0.2052,0.235,0.2043,0.2135,79535766.0,17481746.7924
1634601600000,2021-10-19 00:00:00,DOGE/EUR,0.2136,0.2195,0.2062,0.211,25727502.0,5440781.8961
1634688000000,2021-10-20 00:00:00,DOGE/EUR,0.211,0.2241,0.2081,0.2172,27575765.0,5944502.7662
1634774400000,2021-10-21 00:00:00,DOGE/EUR,0.2171,0.2207,0.2062,0.2085,24362008.0,5213511.5429
1634860800000,2021-10-22 00:00:00,DOGE/EUR,0.2082,0.225,0.2025,0.2107,26764816.0,5667483.6146
1634947200000,2021-10-23 00:00:00,DOGE/EUR,0.2106,0.2196,0.2078,0.2163,23055515.0,4929863.2964
1635033600000,2021-10-24 00:00:00,DOGE/EUR,0.2165,0.244,0.2119,0.2375,74972385.0,16896112.3554
1635120000000,2021-10-25 00:00:00,DOGE/EUR,0.2377,0.2415,0.223,0.2286,37437752.0,8617774.6093
1635206400000,2021-10-26 00:00:00,DOGE/EUR,0.2286,0.2366,0.2181,0.2212,33693439.0,7741110.916
1635292800000,2021-10-27 00:00:00,DOGE/EUR,0.2214,0.2278,0.1892,0.2061,87098539.0,18334407.0741
1635379200000,2021-10-28 00:00:00,DOGE/EUR,0.2062,0.2918,0.2013,0.2572,256602017.1,67025752.946035
1635465600000,2021-10-29 00:00:00,DOGE/EUR,0.2571,0.263,0.2366,0.2487,70368422.0,17606981.7696
1635552000000,2021-10-30 00:00:00,DOGE/EUR,0.2491,0.2548,0.2235,0.2335,33471857.0,8068736.02
1635638400000,2021-10-31 00:00:00,DOGE/EUR,0.2332,0.2476,0.219,0.2432,51460899.0,12033740.7431
1635724800000,2021-11-01 00:00:00,DOGE/EUR,0.2431,0.2487,0.2289,0.2353,33737349.0,7985050.1152
1635811200000,2021-11-02 00:00:00,DOGE/EUR,0.2353,0.2434,0.2313,0.2367,30515985.0,7231783.941
1635897600000,2021-11-03 00:00:00,DOGE/EUR,0.2369,0.2394,0.2265,0.232,25675739.0,5984577.09
1635984000000,2021-11-04 00:00:00,DOGE/EUR,0.232,0.2337,0.2123,0.228,24716973.0,5586986.3076
1636070400000,2021-11-05 00:00:00,DOGE/EUR,0.2277,0.2346,0.2233,0.2271,17846045.0,4064116.601
1636156800000,2021-11-06 00:00:00,DOGE/EUR,0.2271,0.2326,0.2182,0.2274,13598759.0,3066210.5239
1636243200000,2021-11-07 00:00:00,DOGE/EUR,0.2274,0.2346,0.2247,0.2317,14287478.0,3287344.0872
1636329600000,2021-11-08 00:00:00,DOGE/EUR,0.2318,0.258,0.23,0.2439,48262178.0,11801921.3868
1636416000000,2021-11-09 00:00:00,DOGE/EUR,0.2435,0.2505,0.2348,0.2369,21042377.0,5066378.0835
1636502400000,2021-11-10 00:00:00,DOGE/EUR,0.2369,0.2402,0.2065,0.2236,31069247.0,7066303.4069
1636588800000,2021-11-11 00:00:00,DOGE/EUR,0.2232,0.2378,0.2211,0.2289,15126202.0,3467599.5865
1636675200000,2021-11-12 00:00:00,DOGE/EUR,0.2289,0.2355,0.2182,0.2278,12832456.0,2898886.2442
1636761600000,2021-11-13 00:00:00,DOGE/EUR,0.2276,0.2304,0.2231,0.2299,8757679.0,1987589.9341
1636848000000,2021-11-14 00:00:00,DOGE/EUR,0.2295,0.2386,0.2285,0.231,14631042.0,3394837.2601
1636934400000,2021-11-15 00:00:00,DOGE/EUR,0.2309,0.233,0.2251,0.2263,9726975.0,2221042.092
1637020800000,2021-11-16 00:00:00,DOGE/EUR,0.2263,0.2263,0.1968,0.2097,25834354.0,5482260.9326
1637107200000,2021-11-17 00:00:00,DOGE/EUR,0.2095,0.2134,0.2032,0.2103,11588799.0,2420878.28
1637193600000,2021-11-18 00:00:00,DOGE/EUR,0.2102,0.2138,0.1899,0.1945,18685541.0,3731192.213
1637280000000,2021-11-19 00:00:00,DOGE/EUR,0.1947,0.2099,0.19,0.2069,11511286.0,2322029.895
1637366400000,2021-11-20 00:00:00,DOGE/EUR,0.2068,0.2091,0.2002,0.2073,7356314.0,1514571.4575
1637452800000,2021-11-21 00:00:00,DOGE/EUR,0.2075,0.2075,0.2001,0.2005,5873889.0,1196308.5158
1637539200000,2021-11-22 00:00:00,DOGE/EUR,0.2006,0.2019,0.1928,0.1954,7793110.0,1536026.6255
1637625600000,2021-11-23 00:00:00,DOGE/EUR,0.1953,0.2102,0.1893,0.2016,14236862.0,2864536.2339
1637712000000,2021-11-24 00:00:00,DOGE/EUR,0.2016,0.2049,0.1882,0.1939,12097159.0,2351946.0308
1637798400000,2021-11-25 00:00:00,DOGE/EUR,0.1939,0.204,0.1912,0.1972,14726115.0,2908876.5538
1637884800000,2021-11-26 00:00:00,DOGE/EUR,0.197,0.1976,0.1659,0.1784,35450270.0,6364338.088566
1637971200000,2021-11-27 00:00:00,DOGE/EUR,0.179,0.1856,0.1779,0.1822,8139265.0,1486512.4303
1638057600000,2021-11-28 00:00:00,DOGE/EUR,0.1821,0.1842,0.1694,0.184,11485009.0,2043701.6278
1638144000000,2021-11-29 00:00:00,DOGE/EUR,0.1842,0.1996,0.1798,0.1905,19325157.0,3692453.9175
1638230400000,2021-11-30 00:00:00,DOGE/EUR,0.1904,0.2013,0.1884,0.1896,19646966.0,3797769.3533
1638316800000,2021-12-01 00:00:00,DOGE/EUR,0.1893,0.193,0.1823,0.1853,8709821.0,1639641.9388
1638403200000,2021-12-02 00:00:00,DOGE/EUR,0.185,0.1995,0.178,0.1854,20391599.0,3854915.959
1638489600000,2021-12-03 00:00:00,DOGE/EUR,0.1854,0.1876,0.1692,0.1772,10864873.0,1965504.9454
1638576000000,2021-12-04 00:00:00,DOGE/EUR,0.1772,0.1775,0.1151,0.1595,46971522.0,7008690.428643
1638662400000,2021-12-05 00:00:00,DOGE/EUR,0.1594,0.1617,0.1441,0.1518,13780919.0,2118138.4101
1638748800000,2021-12-06 00:00:00,DOGE/EUR,0.1508,0.16,0.1412,0.1578,18912298.0,2855158.0088
1638835200000,2021-12-07 00:00:00,DOGE/EUR,0.1577,0.1631,0.1553,0.1565,13677952.0,2178023.9533
1638921600000,2021-12-08 00:00:00,DOGE/EUR,0.1565,0.1615,0.1527,0.1579,11543078.0,1812167.5536
1639008000000,2021-12-09 00:00:00,DOGE/EUR,0.1581,0.162,0.1497,0.1499,11162408.0,1738030.4284
1639094400000,2021-12-10 00:00:00,DOGE/EUR,0.1505,0.1549,0.1448,0.1453,7667796.0,1148053.5024
1639180800000,2021-12-11 00:00:00,DOGE/EUR,0.1456,0.1506,0.143,0.1496,7471099.0,1104156.3009
1639267200000,2021-12-12 00:00:00,DOGE/EUR,0.1499,0.1537,0.1469,0.1503,8729538.0,1311628.0766
1639353600000,2021-12-13 00:00:00,DOGE/EUR,0.1501,0.1508,0.1345,0.1396,11929278.0,1695104.8062
1639440000000,2021-12-14 00:00:00,DOGE/EUR,0.1395,0.195,0.1378,0.1698,110940459.0,19124512.1101
1639526400000,2021-12-15 00:00:00,DOGE/EUR,0.1699,0.17,0.1517,0.1601,29107310.0,4637743.1408
1639612800000,2021-12-16 00:00:00,DOGE/EUR,0.1602,0.1639,0.1523,0.1528,12362931.0,1959169.4869
1639699200000,2021-12-17 00:00:00,DOGE/EUR,0.1528,0.1558,0.143,0.15,10969323.0,1650181.7557
1639785600000,2021-12-18 00:00:00,DOGE/EUR,0.1503,0.1563,0.1477,0.1536,8254326.0,1261843.6974
1639872000000,2021-12-19 00:00:00,DOGE/EUR,0.1534,0.1554,0.1505,0.1507,7028858.0,1074228.0247
1639958400000,2021-12-20 00:00:00,DOGE/EUR,0.1507,0.1518,0.1428,0.1481,11944073.0,1753050.7026
1640044800000,2021-12-21 00:00:00,DOGE/EUR,0.1483,0.1527,0.1472,0.1514,7048860.0,1061709.2686
1640131200000,2021-12-22 00:00:00,DOGE/EUR,0.1515,0.1593,0.1504,0.1531,9567184.0,1474444.7722
1640217600000,2021-12-23 00:00:00,DOGE/EUR,0.1531,0.1634,0.1513,0.1634,11094690.0,1756156.0342
1640304000000,2021-12-24 00:00:00,DOGE/EUR,0.1633,0.1731,0.1585,0.165,13564941.0,2243317.3149
1640390400000,2021-12-25 00:00:00,DOGE/EUR,0.1647,0.1733,0.1638,0.1691,7942636.0,1338111.415
1640476800000,2021-12-26 00:00:00,DOGE/EUR,0.1693,0.1703,0.1641,0.168,6157856.0,1030346.8124
1640563200000,2021-12-27 00:00:00,DOGE/EUR,0.168,0.1703,0.165,0.166,5477595.0,922719.8117
1640649600000,2021-12-28 00:00:00,DOGE/EUR,0.1659,0.166,0.152,0.1541,9520996.0,1505842.3555
1640736000000,2021-12-29 00:00:00,DOGE/EUR,0.1541,0.157,0.1467,0.1481,8454428.0,1281791.1838
1640822400000,2021-12-30 00:00:00,DOGE/EUR,0.1481,0.1553,0.1456,0.1512,5775493.0,877461.3488
1640908800000,2021-12-31 00:00:00,DOGE/EUR,0.1514,0.1553,0.1461,0.1497,7792328.0,1178365.182
1640995200000,2022-01-01 00:00:00,DOGE/EUR,0.1499,0.1534,0.1494,0.1525,3196168.0,484916.8531
1641081600000,2022-01-02 00:00:00,DOGE/EUR,0.1527,0.1551,0.1504,0.1537,3066987.0,468329.276
1641168000000,2022-01-03 00:00:00,DOGE/EUR,0.1534,0.1534,0.1484,0.1505,5102658.0,770826.8547
1641254400000,2022-01-04 00:00:00,DOGE/EUR,0.1506,0.1529,0.1477,0.1494,5896541.0,888538.9133
1641340800000,2022-01-05 00:00:00,DOGE/EUR,0.1494,0.1513,0.1308,0.1411,12092490.0,1738117.0552
1641427200000,2022-01-06 00:00:00,DOGE/EUR,0.141,0.1438,0.1364,0.1418,5967580.0,833020.6992
1641513600000,2022-01-07 00:00:00,DOGE/EUR,0.1418,0.142,0.1315,0.1366,7322436.0,998049.995
1641600000000,2022-01-08 00:00:00,DOGE/EUR,0.1368,0.1391,0.1281,0.133,8451790.0,1134782.0949
1641686400000,2022-01-09 00:00:00,DOGE/EUR,0.1329,0.1358,0.1311,0.1327,4924235.0,657412.8135
1641772800000,2022-01-10 00:00:00,DOGE/EUR,0.1327,0.1342,0.1215,0.1266,6688073.0,854806.1046
1641859200000,2022-01-11 00:00:00,DOGE/EUR,0.1266,0.1472,0.1254,0.1352,17008307.0,2315702.8115
1641945600000,2022-01-12 00:00:00,DOGE/EUR,0.1357,0.1433,0.1333,0.1425,8128687.0,1123045.0025
1642032000000,2022-01-13 00:00:00,DOGE/EUR,0.1423,0.1548,0.1409,0.15,25737909.0,3799562.081
1642118400000,2022-01-14 00:00:00,DOGE/EUR,0.1502,0.1874,0.149,0.1602,61500287.0,10361684.0069
1642204800000,2022-01-15 00:00:00,DOGE/EUR,0.1609,0.171,0.1593,0.1619,15289303.0,2534298.6234
1642291200000,2022-01-16 00:00:00,DOGE/EUR,0.1619,0.162,0.1523,0.1549,11906700.0,1868991.2973
1642377600000,2022-01-17 00:00:00,DOGE/EUR,0.1549,0.1563,0.1455,0.1501,10842659.0,1617773.3958
1642464000000,2022-01-18 00:00:00,DOGE/EUR,0.1503,0.153,0.1423,0.1461,10487574.0,1530508.4034
1642550400000,2022-01-19 00:00:00,DOGE/EUR,0.146,0.1498,0.1405,0.1427,12811308.0,1853180.2703
1642636800000,2022-01-20 00:00:00,DOGE/EUR,0.1428,0.1493,0.1364,0.1374,10411374.0,1499021.0343
1642723200000,2022-01-21 00:00:00,DOGE/EUR,0.1373,0.1393,0.1237,0.1256,20793419.0,2745280.1387
1642809600000,2022-01-22 00:00:00,DOGE/EUR,0.1258,0.1282,0.1061,0.1178,23199517.7,2701258.824011
1642896000000,2022-01-23 00:00:00,DOGE/EUR,0.1179,0.1281,0.1169,0.1253,18750602.0,2302316.0724
1642982400000,2022-01-24 00:00:00,DOGE/EUR,0.1252,0.1252,0.1114,0.1216,19766562.0,2322953.4693
1643068800000,2022-01-25 00:00:00,DOGE/EUR,0.1214,0.1339,0.1174,0.1264,21922645.0,2733703.0726
1643155200000,2022-01-26 00:00:00,DOGE/EUR,0.1265,0.1358,0.1253,0.1275,22045209.0,2884723.4316
1643241600000,2022-01-27 00:00:00,DOGE/EUR,0.1275,0.1309,0.1224,0.1271,13192458.0,1670113.954
1643328000000,2022-01-28 00:00:00,DOGE/EUR,0.127,0.1279,0.1239,0.1272,7331901.0,923540.6717
1643414400000,2022-01-29 00:00:00,DOGE/EUR,0.1271,0.1296,0.1263,0.1288,6388025.0,819043.1805
1643500800000,2022-01-30 00:00:00,DOGE/EUR,0.1286,0.1292,0.1243,0.1251,7639983.0,968779.2392
1643587200000,2022-01-31 00:00:00,DOGE/EUR,0.125,0.1269,0.1223,0.1262,8336119.0,1039338.2885
1643673600000,2022-02-01 00:00:00,DOGE/EUR,0.1261,0.1283,0.1256,0.1264,6459535.0,818901.8392
1643760000000,2022-02-02 00:00:00,DOGE/EUR,0.1265,0.1299,0.1204,0.1215,7586599.0,950278.4679
1643846400000,2022-02-03 00:00:00,DOGE/EUR,0.1219,0.123,0.1181,0.1205,6542900.0,789541.2826
1643932800000,2022-02-04 00:00:00,DOGE/EUR,0.1207,0.1293,0.1199,0.1292,8451025.0,1048663.2809
1644019200000,2022-02-05 00:00:00,DOGE/EUR,0.129,0.1317,0.1266,0.1284,8152460.0,1056805.2031
1644105600000,2022-02-06 00:00:00,DOGE/EUR,0.1286,0.1362,0.1265,0.1345,15201915.0,2003467.3489
1644192000000,2022-02-07 00:00:00,DOGE/EUR,0.1349,0.1516,0.1323,0.1448,25705049.0,3656164.0205
1644278400000,2022-02-08 00:00:00,DOGE/EUR,0.1448,0.1488,0.1342,0.1387,21875783.0,3055025.887
1644364800000,2022-02-09 00:00:00,DOGE/EUR,0.1387,0.1422,0.1351,0.1398,9432478.0,1308864.8101
1644451200000,2022-02-10 00:00:00,DOGE/EUR,0.1398,0.1408,0.1318,0.1328,13809545.0,1882849.5675
1644537600000,2022-02-11 00:00:00,DOGE/EUR,0.1328,0.1357,0.1252,0.1276,10231753.0,1342867.0358
1644624000000,2022-02-12 00:00:00,DOGE/EUR,0.1275,0.13,0.124,0.1273,8243254.0,1045111.2982
1644710400000,2022-02-13 00:00:00,DOGE/EUR,0.1272,0.1394,0.1268,0.1306,23156727.0,3109385.6467
1644796800000,2022-02-14 00:00:00,DOGE/EUR,0.1305,0.1325,0.1263,0.1291,11895900.0,1532019.1582
1644883200000,2022-02-15 00:00:00,DOGE/EUR,0.1291,0.1342,0.1282,0.1336,8913567.0,1177001.2611
1644969600000,2022-02-16 00:00:00,DOGE/EUR,0.1334,0.1334,0.1289,0.1307,5916577.0,774368.7656
1645056000000,2022-02-17 00:00:00,DOGE/EUR,0.1309,0.132,0.1206,0.1218,8790625.0,1113476.4453
1645142400000,2022-02-18 00:00:00,DOGE/EUR,0.1218,0.1253,0.1201,0.1225,5813605.0,716350.6129
1645228800000,2022-02-19 00:00:00,DOGE/EUR,0.1225,0.1296,0.1224,0.1246,9159324.0,1150373.455
1645315200000,2022-02-20 00:00:00,DOGE/EUR,0.1245,0.1247,0.1194,0.1208,6297103.0,762993.973
1645401600000,2022-02-21 00:00:00,DOGE/EUR,0.1208,0.1248,0.1125,0.1133,12984644.0,1549364.102
1645488000000,2022-02-22 00:00:00,DOGE/EUR,0.1136,0.1164,0.1097,0.1161,9363829.0,1060122.1713
1645574400000,2022-02-23 00:00:00,DOGE/EUR,0.116,0.1194,0.1126,0.1127,6053867.0,703860.3613
1645660800000,2022-02-24 00:00:00,DOGE/EUR,0.1126,0.1134,0.095,0.1107,27163865.5,2809121.76197
1645747200000,2022-02-25 00:00:00,DOGE/EUR,0.1108,0.114,0.1079,0.1134,9575442.0,1060443.5721
1645833600000,2022-02-26 00:00:00,DOGE/EUR,0.1133,0.1159,0.1116,0.1134,6905451.0,783494.7762
1645920000000,2022-02-27 00:00:00,DOGE/EUR,0.1134,0.114,0.1081,0.1101,8589158.0,954301.0022
1646006400000,2022-02-28 00:00:00,DOGE/EUR,0.1099,0.1202,0.1085,0.119,10416703.0,1176202.4826
1646092800000,2022-03-01 00:00:00,DOGE/EUR,0.119,0.1246,0.1161,0.1207,12096302.0,1450610.6346
1646179200000,2022-03-02 00:00:00,DOGE/EUR,0.1204,0.1238,0.1179,0.1196,10198853.0,1227340.4779
1646265600000,2022-03-03 00:00:00,DOGE/EUR,0.12,0.1209,0.1152,0.1172,6770482.0,799232.3804
1646352000000,2022-03-04 00:00:00,DOGE/EUR,0.117,0.1175,0.1101,0.1123,9004752.0,1030469.5952
1646438400000,2022-03-05 00:00:00,DOGE/EUR,0.1122,0.1151,0.111,0.1145,4183541.0,472977.9738
1646524800000,2022-03-06 00:00:00,DOGE/EUR,0.1146,0.115,0.1099,0.111,5663477.0,635989.7846
1646611200000,2022-03-07 00:00:00,DOGE/EUR,0.111,0.1124,0.1046,0.1077,7721748.0,843243.1715
1646697600000,2022-03-08 00:00:00,DOGE/EUR,0.1078,0.1101,0.1062,0.1073,5302159.0,573436.0437
1646784000000,2022-03-09 00:00:00,DOGE/EUR,0.1075,0.1136,0.1071,0.1098,8702045.0,963041.9081
1646870400000,2022-03-10 00:00:00,DOGE/EUR,0.1095,0.1101,0.1037,0.1063,6368232.0,676532.9373
1646956800000,2022-03-11 00:00:00,DOGE/EUR,0.1062,0.1077,0.1042,0.106,4711092.0,499027.8111
1647043200000,2022-03-12 00:00:00,DOGE/EUR,0.106,0.1076,0.1054,0.1055,2513529.0,268093.697
1647129600000,2022-03-13 00:00:00,DOGE/EUR,0.1054,0.1068,0.1011,0.1025,4117766.0,430571.1487
1647216000000,2022-03-14 00:00:00,DOGE/EUR,0.1022,0.1121,0.1014,0.1042,8937090.0,941805.8235
1647302400000,2022-03-15 00:00:00,DOGE/EUR,0.1042,0.1045,0.1005,0.1028,4252436.0,436291.0497
1647388800000,2022-03-16 00:00:00,DOGE/EUR,0.1028,0.1062,0.1024,0.1062,6829261.0,711187.1406
1647475200000,2022-03-17 00:00:00,DOGE/EUR,0.1062,0.1082,0.1047,0.105,4157323.0,441105.3456
1647561600000,2022-03-18 00:00:00,DOGE/EUR,0.1051,0.1084,0.1034,0.1079,5643125.0,595807.3147
1647648000000,2022-03-19 00:00:00,DOGE/EUR,0.1079,0.1133,0.1073,0.112,7857219.0,870860.9241
1647734400000,2022-03-20 00:00:00,DOGE/EUR,0.1119,0.1123,0.1065,0.1079,3886487.0,423434.2014
1647820800000,2022-03-21 00:00:00,DOGE/EUR,0.108,0.1103,0.1066,0.1083,4632110.0,502456.6185
1647907200000,2022-03-22 00:00:00,DOGE/EUR,0.1083,0.1139,0.1079,0.1112,5462577.0,610483.9036
1647993600000,2022-03-23 00:00:00,DOGE/EUR,0.111,0.1195,0.1099,0.118,10796780.0,1244309.8951
1648080000000,2022-03-24 00:00:00,DOGE/EUR,0.118,0.1285,0.1161,0.1244,27207342.0,3374058.6836
1648166400000,2022-03-25 00:00:00,DOGE/EUR,0.1242,0.1252,0.1162,0.1194,12636604.0,1533081.8718
1648252800000,2022-03-26 00:00:00,DOGE/EUR,0.1193,0.1248,0.1176,0.1241,7687415.0,934616.9818
1648339200000,2022-03-27 00:00:00,DOGE/EUR,0.1239,0.1327,0.1236,0.1319,19117500.0,2457279.4031
1648425600000,2022-03-28 00:00:00,DOGE/EUR,0.1316,0.1403,0.1281,0.1297,18692582.0,2541342.2082
1648512000000,2022-03-29 00:00:00,DOGE/EUR,0.1298,0.1344,0.1267,0.1303,10891422.0,1429391.9162
1648598400000,2022-03-30 00:00:00,DOGE/EUR,0.1301,0.1311,0.1244,0.1282,9962404.0,1277204.3927
1648684800000,2022-03-31 00:00:00,DOGE/EUR,0.1283,0.1327,0.123,0.125,11701464.0,1499227.818
1648771200000,2022-04-01 00:00:00,DOGE/EUR,0.125,0.1295,0.1196,0.1281,11132870.0,1389113.5597
1648857600000,2022-04-02 00:00:00,DOGE/EUR,0.1281,0.131,0.1253,0.1255,7436517.0,956239.2057
1648944000000,2022-04-03 00:00:00,DOGE/EUR,0.1258,0.1356,0.1235,0.1326,12371456.0,1623041.3711
1649030400000,2022-04-04 00:00:00,DOGE/EUR,0.1326,0.1423,0.1284,0.1355,27323070.0,3691992.9117
1649116800000,2022-04-05 00:00:00,DOGE/EUR,0.1351,0.1649,0.1343,0.1583,69081038.0,10273287.7836
1649203200000,2022-04-06 00:00:00,DOGE/EUR,0.1586,0.1603,0.13,0.1316,42433149.0,6069959.5926
1649289600000,2022-04-07 00:00:00,DOGE/EUR,0.1316,0.1364,0.1288,0.1343,13703264.0,1819489.7081
1649376000000,2022-04-08 00:00:00,DOGE/EUR,0.1343,0.1412,0.1295,0.1312,19426632.0,2645990.0443
1649462400000,2022-04-09 00:00:00,DOGE/EUR,0.1311,0.1331,0.1295,0.1327,4029881.0,530435.7853
1649548800000,2022-04-10 00:00:00,DOGE/EUR,0.1327,0.1452,0.1323,0.1363,27051354.0,3767960.2332
1649635200000,2022-04-11 00:00:00,DOGE/EUR,0.1362,0.139,0.1222,0.1234,16699432.0,2165993.5033
1649721600000,2022-04-12 00:00:00,DOGE/EUR,0.1235,0.133,0.1226,0.1275,14917500.0,1908573.8768
1649808000000,2022-04-13 00:00:00,DOGE/EUR,0.1278,0.1326,0.126,0.1287,9754221.0,1259543.4533
1649894400000,2022-04-14 00:00:00,DOGE/EUR,0.1285,0.1354,0.1257,0.1333,21209270.0,2787335.86
1649980800000,2022-04-15 00:00:00,DOGE/EUR,0.1331,0.1387,0.1313,0.1353,13882559.0,1876281.4929
1650067200000,2022-04-16 00:00:00,DOGE/EUR,0.1354,0.1372,0.1311,0.1331,4713521.0,630155.7824
1650153600000,2022-04-17 00:00:00,DOGE/EUR,0.1331,0.1343,0.1283,0.129,5847110.0,772521.0233
1650240000000,2022-04-18 00:00:00,DOGE/EUR,0.1291,0.1308,0.1235,0.1304,9640372.0,1222385.3814
1650326400000,2022-04-19 00:00:00,DOGE/EUR,0.1306,0.1343,0.1291,0.1323,7627599.0,1003082.7416
1650412800000,2022-04-20 00:00:00,DOGE/EUR,0.1322,0.1358,0.1284,0.1298,14884396.0,1965087.0854
1650499200000,2022-04-21 00:00:00,DOGE/EUR,0.1299,0.1314,0.1241,0.126,9136259.0,1173720.6382
1650585600000,2022-04-22 00:00:00,DOGE/EUR,0.1259,0.1278,0.1249,0.1265,4919871.0,621573.9321
1650672000000,2022-04-23 00:00:00,DOGE/EUR,0.1263,0.1269,0.1236,0.1242,2565737.0,321233.7935
1650758400000,2022-04-24 00:00:00,DOGE/EUR,0.1243,0.1251,0.1215,0.122,4371107.0,538409.6821
1650844800000,2022-04-25 00:00:00,DOGE/EUR,0.122,0.16,0.1144,0.1475,88176811.0,12435557.6363
1650931200000,2022-04-26 00:00:00,DOGE/EUR,0.1478,0.1561,0.1275,0.1295,73905118.0,10630081.0325
1651017600000,2022-04-27 00:00:00,DOGE/EUR,0.1296,0.1373,0.127,0.1325,25995681.0,3443944.066
1651104000000,2022-04-28 00:00:00,DOGE/EUR,0.1325,0.1356,0.1287,0.131,18241255.0,2411996.4699
1651190400000,2022-04-29 00:00:00,DOGE/EUR,0.1309,0.1379,0.1264,0.1281,34661109.0,4573397.8406
1651276800000,2022-04-30 00:00:00,DOGE/EUR,0.1281,0.1298,0.118,0.1212,13241705.0,1648896.1443
1651363200000,2022-05-01 00:00:00,DOGE/EUR,0.1212,0.1298,0.1198,0.1258,15543953.0,1945597.396
1651449600000,2022-05-02 00:00:00,DOGE/EUR,0.1259,0.1272,0.1217,0.1245,11168522.0,1392409.208
1651536000000,2022-05-03 00:00:00,DOGE/EUR,0.1245,0.1255,0.1203,0.1233,8153897.0,1006053.0622
1651622400000,2022-05-04 00:00:00,DOGE/EUR,0.1232,0.1283,0.1228,0.1282,12247901.0,1532855.452
1651708800000,2022-05-05 00:00:00,DOGE/EUR,0.1282,0.1303,0.1195,0.1218,20688309.0,2573885.6019
1651795200000,2022-05-06 00:00:00,DOGE/EUR,0.1218,0.1232,0.1169,0.1213,13815478.0,1662403.4427
1651881600000,2022-05-07 00:00:00,DOGE/EUR,0.1214,0.1257,0.1183,0.1209,12275889.0,1499597.6484
1651968000000,2022-05-08 00:00:00,DOGE/EUR,0.1213,0.1217,0.1165,0.1179,9162907.0,1089577.3244
1652054400000,2022-05-09 00:00:00,DOGE/EUR,0.1181,0.119,0.095,0.0967,31953094.0,3424858.2915
1652140800000,2022-05-10 00:00:00,DOGE/EUR,0.0966,0.1122,0.0942,0.1028,34743056.0,3643115.8912
1652227200000,2022-05-11 00:00:00,DOGE/EUR,0.1028,0.1053,0.0676,0.0805,59235907.1,5246737.8964
1652313600000,2022-05-12 00:00:00,DOGE/EUR,0.0806,0.0852,0.0588,0.0796,55987096.2,4118660.808679
1652400000000,2022-05-13 00:00:00,DOGE/EUR,0.0795,0.0924,0.0789,0.0847,28512871.0,2495518.1507
1652486400000,2022-05-14 00:00:00,DOGE/EUR,0.0851,0.0882,0.0804,0.086,18848308.0,1592396.4003
1652572800000,2022-05-15 00:00:00,DOGE/EUR,0.086,0.0896,0.0832,0.0896,13524281.0,1161055.5668
1652659200000,2022-05-16 00:00:00,DOGE/EUR,0.0896,0.0896,0.0825,0.0843,11899808.0,1007921.3467
1652745600000,2022-05-17 00:00:00,DOGE/EUR,0.0845,0.0867,0.0826,0.0855,9850157.0,839278.7475
1652832000000,2022-05-18 00:00:00,DOGE/EUR,0.0854,0.0861,0.0793,0.0796,9338349.0,771020.6734
1652918400000,2022-05-19 00:00:00,DOGE/EUR,0.0797,0.0828,0.0776,0.0818,9483588.0,764548.5271
1653004800000,2022-05-20 00:00:00,DOGE/EUR,0.0819,0.083,0.0782,0.0795,8595883.0,694528.2347
1653091200000,2022-05-21 00:00:00,DOGE/EUR,0.0795,0.0809,0.0782,0.08,3751767.0,299228.3958
1653177600000,2022-05-22 00:00:00,DOGE/EUR,0.08,0.0821,0.0793,0.0812,5359663.0,433940.607
1653264000000,2022-05-23 00:00:00,DOGE/EUR,0.0812,0.0834,0.077,0.0778,10489491.0,849381.5108
1653350400000,2022-05-24 00:00:00,DOGE/EUR,0.0779,0.079,0.0748,0.078,4769741.0,368846.0865
1653436800000,2022-05-25 00:00:00,DOGE/EUR,0.078,0.0788,0.077,0.0776,2938048.0,228385.7918
1653523200000,2022-05-26 00:00:00,DOGE/EUR,0.0776,0.0783,0.0704,0.0726,7636960.0,562664.4039
1653609600000,2022-05-27 00:00:00,DOGE/EUR,0.0728,0.0836,0.0708,0.0759,17418966.0,1333645.0936
1653696000000,2022-05-28 00:00:00,DOGE/EUR,0.0759,0.0776,0.0754,0.0763,4674284.0,357235.0703
1653782400000,2022-05-29 00:00:00,DOGE/EUR,0.0764,0.0776,0.0745,0.0771,5941323.0,452473.1338
1653868800000,2022-05-30 00:00:00,DOGE/EUR,0.077,0.08215,0.0766,0.08176,7022248.0,557850.33487
1653955200000,2022-05-31 00:00:00,DOGE/EUR,0.08176,0.08191,0.07777,0.08,7842542.0,628132.67839
1654041600000,2022-06-01 00:00:00,DOGE/EUR,0.08008,0.08347,0.07393,0.07614,8544832.0,678741.04456
1654128000000,2022-06-02 00:00:00,DOGE/EUR,0.07612,0.07743,0.0749,0.07703,3050447.0,232582.98
1654214400000,2022-06-03 00:00:00,DOGE/EUR,0.077,0.0771,0.07407,0.07476,4435442.0,334098.00678
1654300800000,2022-06-04 00:00:00,DOGE/EUR,0.075,0.07704,0.07408,0.07643,2959091.0,224983.12658
1654387200000,2022-06-05 00:00:00,DOGE/EUR,0.07643,0.07679,0.07528,0.07561,2507187.0,191060.41614
1654473600000,2022-06-06 00:00:00,DOGE/EUR,0.07561,0.07893,0.07548,0.07721,8481583.0,656981.53081
1654560000000,2022-06-07 00:00:00,DOGE/EUR,0.07694,0.07721,0.07284,0.07503,6347978.0,476459.14711
1654646400000,2022-06-08 00:00:00,DOGE/EUR,0.07506,0.07622,0.07358,0.07404,6846759.0,511808.27055
1654732800000,2022-06-09 00:00:00,DOGE/EUR,0.07403,0.07565,0.07375,0.0747,5564566.0,416066.21692
1654819200000,2022-06-10 00:00:00,DOGE/EUR,0.07468,0.07502,0.07053,0.07167,7145126.0,522969.35183
1654905600000,2022-06-11 00:00:00,DOGE/EUR,0.07166,0.07277,0.06474,0.06649,6512511.0,445390.52036
1654992000000,2022-06-12 00:00:00,DOGE/EUR,0.06651,0.06693,0.06036,0.06053,12760767.0,808226.79175
1655078400000,2022-06-13 00:00:00,DOGE/EUR,0.06049,0.0631,0.05026,0.05195,40473040.8,2210429.714032
1655164800000,2022-06-14 00:00:00,DOGE/EUR,0.05205,0.05598,0.04792,0.05324,39524457.0,2103165.91491
1655251200000,2022-06-15 00:00:00,DOGE/EUR,0.0532,0.06113,0.0481,0.06009,70614846.0,3708907.08234
1655337600000,2022-06-16 00:00:00,DOGE/EUR,0.06011,0.06011,0.05152,0.05239,26979048.0,1485003.17216
1655424000000,2022-06-17 00:00:00,DOGE/EUR,0.05245,0.05531,0.05189,0.05431,10526498.0,568746.51967
1655510400000,2022-06-18 00:00:00,DOGE/EUR,0.05418,0.05519,0.04697,0.05053,27888756.0,1416825.52219
1655596800000,2022-06-19 00:00:00,DOGE/EUR,0.0505,0.06047,0.04896,0.05781,44094935.0,2423907.50806
1655683200000,2022-06-20 00:00:00,DOGE/EUR,0.05787,0.05841,0.05466,0.05704,11486289.0,650459.02602
1655769600000,2022-06-21 00:00:00,DOGE/EUR,0.05689,0.06635,0.05612,0.06247,41064649.0,2549324.17543
1655856000000,2022-06-22 00:00:00,DOGE/EUR,0.06249,0.06249,0.05781,0.05836,19198161.0,1148341.69264
1655942400000,2022-06-23 00:00:00,DOGE/EUR,0.05846,0.06147,0.05832,0.0608,9376056.0,565340.86038
1656028800000,2022-06-24 00:00:00,DOGE/EUR,0.06084,0.06507,0.06084,0.06346,12059712.0,758695.92683
1656115200000,2022-06-25 00:00:00,DOGE/EUR,0.06347,0.06577,0.06178,0.06499,8835037.0,565746.62206
1656201600000,2022-06-26 00:00:00,DOGE/EUR,0.0649,0.07354,0.06383,0.06903,24353058.0,1675434.69459
1656288000000,2022-06-27 00:00:00,DOGE/EUR,0.06907,0.07461,0.06656,0.06814,23756565.0,1682062.70202
1656374400000,2022-06-28 00:00:00,DOGE/EUR,0.06808,0.06919,0.06209,0.0627,12000222.0,797443.15792
1656460800000,2022-06-29 00:00:00,DOGE/EUR,0.06275,0.06834,0.06115,0.06652,16424996.0,1060614.71494
1656547200000,2022-06-30 00:00:00,DOGE/EUR,0.06651,0.06664,0.05982,0.06345,13913248.0,861345.3094
1656633600000,2022-07-01 00:00:00,DOGE/EUR,0.06345,0.06534,0.06109,0.06363,17675524.0,1116841.13245
1656720000000,2022-07-02 00:00:00,DOGE/EUR,0.06369,0.06531,0.06285,0.06396,10204260.0,654087.05022
1656806400000,2022-07-03 00:00:00,DOGE/EUR,0.06393,0.06478,0.06224,0.06442,4369298.0,278279.29596
1656892800000,2022-07-04 00:00:00,DOGE/EUR,0.0644,0.0668,0.06301,0.06643,8029929.0,519425.6397
1656979200000,2022-07-05 00:00:00,DOGE/EUR,0.06651,0.06721,0.06357,0.0654,13848097.0,908939.24666
1657065600000,2022-07-06 00:00:00,DOGE/EUR,0.06539,0.06791,0.06439,0.06715,9289859.0,615830.87165
1657152000000,2022-07-07 00:00:00,DOGE/EUR,0.06719,0.07004,0.06643,0.06939,10648819.0,727482.03431
1657238400000,2022-07-08 00:00:00,DOGE/EUR,0.06934,0.072,0.0673,0.0677,9342830.0,644945.62855
1657324800000,2022-07-09 00:00:00,DOGE/EUR,0.06798,0.06889,0.06762,0.06828,3184735.0,217115.47918
1657411200000,2022-07-10 00:00:00,DOGE/EUR,0.06818,0.06818,0.06505,0.06613,3647201.0,241553.31955
1657497600000,2022-07-11 00:00:00,DOGE/EUR,0.06611,0.06611,0.061,0.06149,8680461.0,556038.64653
1657584000000,2022-07-12 00:00:00,DOGE/EUR,0.06134,0.063,0.05956,0.05961,6547464.0,400214.32104
1657670400000,2022-07-13 00:00:00,DOGE/EUR,0.05969,0.06185,0.0574,0.06165,8731667.0,521137.15259
1657756800000,2022-07-14 00:00:00,DOGE/EUR,0.0617,0.06252,0.05939,0.06219,4020598.0,245320.45431
1657843200000,2022-07-15 00:00:00,DOGE/EUR,0.06215,0.06416,0.06147,0.06261,5125635.0,322357.35045
1657929600000,2022-07-16 00:00:00,DOGE/EUR,0.06225,0.06424,0.06127,0.06369,3150211.0,198708.05694
1658016000000,2022-07-17 00:00:00,DOGE/EUR,0.06379,0.06491,0.06218,0.06231,2573649.0,163620.03893
1658102400000,2022-07-18 00:00:00,DOGE/EUR,0.06247,0.06774,0.06241,0.06698,9525218.0,626391.68981
1658188800000,2022-07-19 00:00:00,DOGE/EUR,0.06656,0.06856,0.06404,0.06748,8995703.0,599207.1887
1658275200000,2022-07-20 00:00:00,DOGE/EUR,0.06758,0.07516,0.06611,0.0688,23848080.0,1699573.69891
1658361600000,2022-07-21 00:00:00,DOGE/EUR,0.06895,0.06958,0.06561,0.06843,8071182.0,544758.7479
1658448000000,2022-07-22 00:00:00,DOGE/EUR,0.06855,0.0704,0.06548,0.06608,4190489.0,285418.87694
1658534400000,2022-07-23 00:00:00,DOGE/EUR,0.06625,0.06808,0.06473,0.06682,4053577.0,268869.47214
1658620800000,2022-07-24 00:00:00,DOGE/EUR,0.067,0.0677,0.06589,0.06625,2942188.0,196887.99122
1658707200000,2022-07-25 00:00:00,DOGE/EUR,0.06626,0.06666,0.06045,0.06072,5643820.0,358872.75064
1658793600000,2022-07-26 00:00:00,DOGE/EUR,0.06066,0.06176,0.05947,0.06176,5934187.0,358017.94442
1658880000000,2022-07-27 00:00:00,DOGE/EUR,0.06169,0.06578,0.06094,0.06575,6348621.0,402098.42351
1658966400000,2022-07-28 00:00:00,DOGE/EUR,0.06584,0.06958,0.06429,0.06784,11629366.0,776599.68645
1659052800000,2022-07-29 00:00:00,DOGE/EUR,0.06784,0.07071,0.06606,0.06719,11042648.0,753838.75451
1659139200000,2022-07-30 00:00:00,DOGE/EUR,0.06734,0.07299,0.06652,0.06816,18545258.0,1307399.73342
1659225600000,2022-07-31 00:00:00,DOGE/EUR,0.06812,0.07062,0.06646,0.06688,7505792.0,516581.04519
1659312000000,2022-08-01 00:00:00,DOGE/EUR,0.06667,0.0696,0.06525,0.06712,17683277.0,1184571.81306
1659398400000,2022-08-02 00:00:00,DOGE/EUR,0.06677,0.0674,0.06382,0.06547,5911926.0,387215.56733
1659484800000,2022-08-03 00:00:00,DOGE/EUR,0.06566,0.06728,0.06413,0.06523,6136951.0,405790.20349
1659571200000,2022-08-04 00:00:00,DOGE/EUR,0.06515,0.06651,0.06444,0.06583,4790916.0,313678.98707
1659657600000,2022-08-05 00:00:00,DOGE/EUR,0.06583,0.06879,0.06582,0.06859,7651315.0,517233.84517
1659744000000,2022-08-06 00:00:00,DOGE/EUR,0.06866,0.07002,0.06721,0.06746,5098477.0,350171.68478
1659830400000,2022-08-07 00:00:00,DOGE/EUR,0.06746,0.06884,0.06622,0.06783,3417957.0,231726.22889
1659916800000,2022-08-08 00:00:00,DOGE/EUR,0.06778,0.07115,0.06778,0.06886,10489432.0,727536.64014
1660003200000,2022-08-09 00:00:00,DOGE/EUR,0.06886,0.07277,0.06638,0.06769,17822090.0,1243234.66728
1660089600000,2022-08-10 00:00:00,DOGE/EUR,0.06761,0.06951,0.06541,0.06921,7976189.0,541713.85428
1660176000000,2022-08-11 00:00:00,DOGE/EUR,0.06931,0.07302,0.06842,0.06876,12477759.0,878469.76707
1660262400000,2022-08-12 00:00:00,DOGE/EUR,0.06886,0.07094,0.06785,0.07051,5708723.0,395392.91267
1660348800000,2022-08-13 00:00:00,DOGE/EUR,0.07049,0.0732,0.07008,0.07109,8721510.0,625486.89085
1660435200000,2022-08-14 00:00:00,DOGE/EUR,0.07112,0.08257,0.07088,0.07971,47331282.0,3668396.63299
1660521600000,2022-08-15 00:00:00,DOGE/EUR,0.07981,0.08005,0.07329,0.07536,24598891.0,1878591.00014
1660608000000,2022-08-16 00:00:00,DOGE/EUR,0.07548,0.08829,0.075,0.08531,62480563.0,5203090.99075
1660694400000,2022-08-17 00:00:00,DOGE/EUR,0.08538,0.08734,0.07811,0.07867,30159734.0,2500165.5338
1660780800000,2022-08-18 00:00:00,DOGE/EUR,0.07888,0.08088,0.07299,0.07412,16248530.0,1270905.69431
1660867200000,2022-08-19 00:00:00,DOGE/EUR,0.07414,0.07472,0.0669,0.06772,33531418.0,2370228.09527
1660953600000,2022-08-20 00:00:00,DOGE/EUR,0.06755,0.07091,0.06748,0.06921,13688176.0,948768.99431
1661040000000,2022-08-21 00:00:00,DOGE/EUR,0.06916,0.07064,0.06727,0.0692,11058061.0,763701.15822
1661126400000,2022-08-22 00:00:00,DOGE/EUR,0.06924,0.06924,0.06524,0.06883,9893540.0,661525.83262
1661212800000,2022-08-23 00:00:00,DOGE/EUR,0.06891,0.0695,0.06746,0.06898,6092766.0,418728.68901
1661299200000,2022-08-24 00:00:00,DOGE/EUR,0.06914,0.07003,0.06729,0.06812,6321209.0,433381.00541
1661385600000,2022-08-25 00:00:00,DOGE/EUR,0.06822,0.072,0.06795,0.06934,7837292.0,546139.051
1661472000000,2022-08-26 00:00:00,DOGE/EUR,0.06917,0.06964,0.06313,0.0639,14855187.0,988044.22466
1661558400000,2022-08-27 00:00:00,DOGE/EUR,0.06387,0.06448,0.06266,0.06393,7868174.0,501563.40468
1661644800000,2022-08-28 00:00:00,DOGE/EUR,0.06388,0.06463,0.06174,0.06235,6653367.0,424871.42951
1661731200000,2022-08-29 00:00:00,DOGE/EUR,0.06232,0.06409,0.06147,0.0639,5020323.0,315029.53463
1661817600000,2022-08-30 00:00:00,DOGE/EUR,0.06386,0.06442,0.06009,0.0613,6708133.0,420511.37676
1661904000000,2022-08-31 00:00:00,DOGE/EUR,0.0615,0.0635,0.06055,0.06106,5527291.0,344118.1317
1661990400000,2022-09-01 00:00:00,DOGE/EUR,0.06117,0.0629,0.05984,0.06262,5451427.0,334530.74865
1662076800000,2022-09-02 00:00:00,DOGE/EUR,0.06263,0.06309,0.06109,0.06208,6308736.0,391809.35068
1662163200000,2022-09-03 00:00:00,DOGE/EUR,0.06198,0.06435,0.06148,0.06308,5475397.0,344289.46233
1662249600000,2022-09-04 00:00:00,DOGE/EUR,0.06309,0.06426,0.06225,0.06373,5326081.0,337916.47954
1662336000000,2022-09-05 00:00:00,DOGE/EUR,0.06375,0.06423,0.06139,0.06308,5773561.0,362175.48033
1662422400000,2022-09-06 00:00:00,DOGE/EUR,0.06314,0.06555,0.05872,0.0595,13391293.0,833560.73776
1662508800000,2022-09-07 00:00:00,DOGE/EUR,0.05959,0.06161,0.05821,0.06109,6635477.0,399753.21604
1662595200000,2022-09-08 00:00:00,DOGE/EUR,0.06107,0.06143,0.06004,0.06095,6060998.0,368323.53914
1662681600000,2022-09-09 00:00:00,DOGE/EUR,0.06102,0.06431,0.06092,0.06348,14834102.0,933965.48127
1662768000000,2022-09-10 00:00:00,DOGE/EUR,0.06346,0.06504,0.06277,0.0643,8576165.0,546768.38763
1662854400000,2022-09-11 00:00:00,DOGE/EUR,0.0643,0.06487,0.06208,0.0632,8498096.0,539863.17793
1662940800000,2022-09-12 00:00:00,DOGE/EUR,0.06319,0.06442,0.06207,0.06316,6504356.0,410687.67039
1663027200000,2022-09-13 00:00:00,DOGE/EUR,0.06312,0.06316,0.0594,0.05974,10144907.0,621402.17733
1663113600000,2022-09-14 00:00:00,DOGE/EUR,0.05983,0.06164,0.05947,0.06131,6915768.0,420718.55861
1663200000000,2022-09-15 00:00:00,DOGE/EUR,0.06124,0.06141,0.05864,0.05864,7046027.0,423958.09748
1663286400000,2022-09-16 00:00:00,DOGE/EUR,0.05879,0.06049,0.0583,0.06042,4787427.0,285137.1782
1663372800000,2022-09-17 00:00:00,DOGE/EUR,0.06051,0.06236,0.06018,0.06217,2401407.0,147623.75365
1663459200000,2022-09-18 00:00:00,DOGE/EUR,0.0622,0.0622,0.0563,0.05716,3859810.0,227455.54199
1663545600000,2022-09-19 00:00:00,DOGE/EUR,0.05742,0.05871,0.05603,0.05857,5495418.0,313529.98831
1663632000000,2022-09-20 00:00:00,DOGE/EUR,0.05855,0.06074,0.05773,0.05861,4241687.0,250362.99596
1663718400000,2022-09-21 00:00:00,DOGE/EUR,0.05865,0.06151,0.05704,0.05831,9236567.0,549445.26099
1663804800000,2022-09-22 00:00:00,DOGE/EUR,0.05831,0.06102,0.05794,0.06062,5304301.0,317059.37883
1663891200000,2022-09-23 00:00:00,DOGE/EUR,0.06055,0.06638,0.0605,0.06533,20360881.0,1293224.98936
1663977600000,2022-09-24 00:00:00,DOGE/EUR,0.06534,0.07039,0.06438,0.06508,23764296.0,1610469.46688
1664064000000,2022-09-25 00:00:00,DOGE/EUR,0.06504,0.06583,0.06203,0.0632,7890250.0,506710.74631
1664150400000,2022-09-26 00:00:00,DOGE/EUR,0.06301,0.06403,0.06203,0.06336,8014908.0,506728.32419
1664236800000,2022-09-27 00:00:00,DOGE/EUR,0.06342,0.06535,0.06239,0.06304,7840395.0,504079.01926
1664323200000,2022-09-28 00:00:00,DOGE/EUR,0.06323,0.06352,0.06123,0.06237,6603452.0,411616.18662
1664409600000,2022-09-29 00:00:00,DOGE/EUR,0.06233,0.06305,0.06087,0.06189,5737345.0,354865.42109
1664496000000,2022-09-30 00:00:00,DOGE/EUR,0.06198,0.0635,0.06113,0.06295,11233379.0,696873.70601
1664582400000,2022-10-01 00:00:00,DOGE/EUR,0.06285,0.06445,0.06153,0.06197,10098705.0,633942.30436
1664668800000,2022-10-02 00:00:00,DOGE/EUR,0.06184,0.06222,0.06012,0.0605,3689636.0,226148.71249
1664755200000,2022-10-03 00:00:00,DOGE/EUR,0.06043,0.06179,0.0601,0.06136,3746916.0,229378.68258
1664841600000,2022-10-04 00:00:00,DOGE/EUR,0.06136,0.06655,0.06075,0.06598,33351482.0,2138770.08979
1664928000000,2022-10-05 00:00:00,DOGE/EUR,0.06599,0.067,0.0635,0.06544,25767627.0,1677114.03187
1665014400000,2022-10-06 00:00:00,DOGE/EUR,0.06539,0.06736,0.06409,0.06476,14861388.0,977221.94185
1665100800000,2022-10-07 00:00:00,DOGE/EUR,0.06478,0.06511,0.06287,0.06414,8474525.0,542164.77126
1665187200000,2022-10-08 00:00:00,DOGE/EUR,0.06408,0.06434,0.06288,0.06337,3677433.0,234369.93164
1665273600000,2022-10-09 00:00:00,DOGE/EUR,0.06331,0.06409,0.06287,0.06386,3592567.0,228451.94104
1665360000000,2022-10-10 00:00:00,DOGE/EUR,0.06384,0.0641,0.0611,0.06117,8294405.0,519850.28193
1665446400000,2022-10-11 00:00:00,DOGE/EUR,0.06107,0.06263,0.05933,0.0621,9778951.0,599011.02317
1665532800000,2022-10-12 00:00:00,DOGE/EUR,0.06213,0.06292,0.06115,0.06162,4710198.0,291799.15004
1665619200000,2022-10-13 00:00:00,DOGE/EUR,0.06162,0.0618,0.05672,0.06108,17992676.0,1071814.90549
1665705600000,2022-10-14 00:00:00,DOGE/EUR,0.06114,0.06238,0.05982,0.06037,7413072.0,454953.75696
1665792000000,2022-10-15 00:00:00,DOGE/EUR,0.06034,0.06157,0.05971,0.06031,5143582.0,312090.96768
1665878400000,2022-10-16 00:00:00,DOGE/EUR,0.06033,0.06117,0.06016,0.06048,3297172.0,200190.07849
1665964800000,2022-10-17 00:00:00,DOGE/EUR,0.0605,0.06143,0.06008,0.06094,3832501.0,233050.30571
1666051200000,2022-10-18 00:00:00,DOGE/EUR,0.06095,0.0621,0.05953,0.06058,6903326.0,418448.97641
1666137600000,2022-10-19 00:00:00,DOGE/EUR,0.06067,0.06221,0.05968,0.06008,10850163.0,660223.25153
1666224000000,2022-10-20 00:00:00,DOGE/EUR,0.06004,0.06167,0.0597,0.06081,7214659.0,439350.39239
1666310400000,2022-10-21 00:00:00,DOGE/EUR,0.06071,0.06091,0.05876,0.06021,6380624.0,381418.67752
1666396800000,2022-10-22 00:00:00,DOGE/EUR,0.06024,0.06078,0.05995,0.0605,4361569.0,263073.75206
1666483200000,2022-10-23 00:00:00,DOGE/EUR,0.06063,0.06131,0.05951,0.06121,5195405.0,314045.95451
1666569600000,2022-10-24 00:00:00,DOGE/EUR,0.06124,0.06179,0.05954,0.06014,7217200.0,436307.68014
1666656000000,2022-10-25 00:00:00,DOGE/EUR,0.06012,0.06442,0.05986,0.0632,23696088.0,1479036.30667
1666742400000,2022-10-26 00:00:00,DOGE/EUR,0.06321,0.07309,0.06285,0.07204,71564476.0,4895348.10879
1666828800000,2022-10-27 00:00:00,DOGE/EUR,0.07197,0.08578,0.07114,0.07715,128576333.0,10004324.28501
1666915200000,2022-10-28 00:00:00,DOGE/EUR,0.07716,0.09,0.07266,0.0842,151946453.0,12357132.13674
1667001600000,2022-10-29 00:00:00,DOGE/EUR,0.08429,0.15161,0.08329,0.1222,268397163.0,31896083.26818
1667088000000,2022-10-30 00:00:00,DOGE/EUR,0.12221,0.14392,0.1118,0.11786,105477307.0,13198058.97184
1667174400000,2022-10-31 00:00:00,DOGE/EUR,0.11837,0.13316,0.1149,0.12845,73040604.0,9081155.9813
1667260800000,2022-11-01 00:00:00,DOGE/EUR,0.12856,0.16085,0.12592,0.14401,110052151.0,15878483.73186
1667347200000,2022-11-02 00:00:00,DOGE/EUR,0.14394,0.14965,0.12428,0.13019,62383253.0,8450556.86716
1667433600000,2022-11-03 00:00:00,DOGE/EUR,0.13004,0.1395,0.12323,0.12545,35396465.0,4727310.76909
1667520000000,2022-11-04 00:00:00,DOGE/EUR,0.12564,0.1301,0.11852,0.12695,33844115.0,4212428.47363
1667606400000,2022-11-05 00:00:00,DOGE/EUR,0.12683,0.13649,0.121,0.12518,20004149.0,2574536.69842
1667692800000,2022-11-06 00:00:00,DOGE/EUR,0.1251,0.12839,0.113,0.11576,20440940.0,2494492.69916
1667779200000,2022-11-07 00:00:00,DOGE/EUR,0.11584,0.11974,0.10756,0.11112,19525320.0,2243694.79176
1667865600000,2022-11-08 00:00:00,DOGE/EUR,0.11128,0.11247,0.08,0.08817,56643816.0,5558704.77998
1667952000000,2022-11-09 00:00:00,DOGE/EUR,0.08792,0.0925,0.071,0.07401,31540591.0,2643374.96305
1668038400000,2022-11-10 00:00:00,DOGE/EUR,0.07484,0.09535,0.07341,0.0882,42261162.0,3591056.66897
1668124800000,2022-11-11 00:00:00,DOGE/EUR,0.08822,0.09189,0.07769,0.08249,29992810.0,2515267.45512
1668211200000,2022-11-12 00:00:00,DOGE/EUR,0.08256,0.09232,0.07632,0.08578,40472646.0,3500838.24989
1668297600000,2022-11-13 00:00:00,DOGE/EUR,0.08578,0.089,0.08047,0.0824,24265442.0,2053340.63324
1668384000000,2022-11-14 00:00:00,DOGE/EUR,0.08237,0.08856,0.07692,0.08306,22584639.0,1871538.47841
1668470400000,2022-11-15 00:00:00,DOGE/EUR,0.08322,0.08604,0.08206,0.08405,13779210.0,1157518.12401
1668556800000,2022-11-16 00:00:00,DOGE/EUR,0.08393,0.08773,0.08015,0.08237,14790533.0,1237831.73344
1668643200000,2022-11-17 00:00:00,DOGE/EUR,0.08222,0.08397,0.07974,0.08171,7500542.0,613580.05404
1668729600000,2022-11-18 00:00:00,DOGE/EUR,0.08169,0.0835,0.0809,0.08201,4959806.0,407536.97231
1668816000000,2022-11-19 00:00:00,DOGE/EUR,0.082,0.08218,0.08039,0.08173,2310453.0,187774.79884
1668902400000,2022-11-20 00:00:00,DOGE/EUR,0.08166,0.08288,0.0739,0.07449,7653199.0,598301.41845
1668988800000,2022-11-21 00:00:00,DOGE/EUR,0.07443,0.07542,0.06964,0.07282,12548944.0,915160.74699
1669075200000,2022-11-22 00:00:00,DOGE/EUR,0.07281,0.07743,0.07111,0.07627,7305804.0,541612.53087
1669161600000,2022-11-23 00:00:00,DOGE/EUR,0.07631,0.08091,0.0755,0.07846,7802655.0,610594.25415
1669248000000,2022-11-24 00:00:00,DOGE/EUR,0.07864,0.08075,0.0774,0.07827,4916561.0,385828.32774
1669334400000,2022-11-25 00:00:00,DOGE/EUR,0.07817,0.08815,0.0774,0.0859,18681051.0,1570082.94934
1669420800000,2022-11-26 00:00:00,DOGE/EUR,0.08585,0.09179,0.08382,0.08536,13120462.0,1162241.09394
1669507200000,2022-11-27 00:00:00,DOGE/EUR,0.08547,0.10378,0.0854,0.09503,29106462.0,2829455.32144
1669593600000,2022-11-28 00:00:00,DOGE/EUR,0.09518,0.09607,0.08617,0.09185,19480961.0,1776929.41966
1669680000000,2022-11-29 00:00:00,DOGE/EUR,0.09176,0.10146,0.09034,0.09826,18476431.0,1819272.06278
1669766400000,2022-11-30 00:00:00,DOGE/EUR,0.09814,0.10938,0.09661,0.10253,14926479.0,1518256.22886
1669852800000,2022-12-01 00:00:00,DOGE/EUR,0.10251,0.10336,0.09564,0.09665,10483392.0,1033606.40947
1669939200000,2022-12-02 00:00:00,DOGE/EUR,0.09662,0.09852,0.09212,0.09681,6885219.0,651291.63088
1670025600000,2022-12-03 00:00:00,DOGE/EUR,0.09709,0.09788,0.09321,0.09472,8319948.0,797589.28025
1670112000000,2022-12-04 00:00:00,DOGE/EUR,0.09461,0.10036,0.09453,0.09895,7003435.0,688776.06609
1670198400000,2022-12-05 00:00:00,DOGE/EUR,0.09869,0.10609,0.09461,0.09675,14014676.0,1401517.92236
1670284800000,2022-12-06 00:00:00,DOGE/EUR,0.09682,0.09805,0.093,0.09582,10469696.0,998806.47478
1670371200000,2022-12-07 00:00:00,DOGE/EUR,0.09578,0.09663,0.089,0.09111,7515964.0,689417.72581
1670457600000,2022-12-08 00:00:00,DOGE/EUR,0.09119,0.09388,0.09038,0.09335,4423775.0,407401.29944
1670544000000,2022-12-09 00:00:00,DOGE/EUR,0.09345,0.09369,0.0909,0.09182,3830163.0,353808.06423
1670630400000,2022-12-10 00:00:00,DOGE/EUR,0.09177,0.09244,0.09121,0.09154,1384601.0,127237.79224
1670716800000,2022-12-11 00:00:00,DOGE/EUR,0.09147,0.0922,0.0872,0.08812,3128649.0,281466.33964
1670803200000,2022-12-12 00:00:00,DOGE/EUR,0.08802,0.08851,0.08061,0.08561,9797137.0,825465.88049
1670889600000,2022-12-13 00:00:00,DOGE/EUR,0.08574,0.08993,0.08228,0.08565,8354384.0,717938.38773
1670976000000,2022-12-14 00:00:00,DOGE/EUR,0.0857,0.08676,0.082,0.08274,6129208.0,518341.87829
1671062400000,2022-12-15 00:00:00,DOGE/EUR,0.08276,0.08318,0.07913,0.07966,7310713.0,593535.11292
1671148800000,2022-12-16 00:00:00,DOGE/EUR,0.07972,0.08135,0.07,0.07157,10448016.0,787192.1163
1671235200000,2022-12-17 00:00:00,DOGE/EUR,0.07154,0.07512,0.07151,0.07495,5068258.0,371420.50043
1671321600000,2022-12-18 00:00:00,DOGE/EUR,0.07493,0.07569,0.07335,0.07402,3814803.0,284202.58679
1671408000000,2022-12-19 00:00:00,DOGE/EUR,0.07419,0.07496,0.066,0.0672,9616293.0,671729.71008
1671494400000,2022-12-20 00:00:00,DOGE/EUR,0.06735,0.07104,0.067,0.07047,10895817.0,759768.8403
1671580800000,2022-12-21 00:00:00,DOGE/EUR,0.07048,0.07065,0.06739,0.06949,8642548.0,594992.58127
1671667200000,2022-12-22 00:00:00,DOGE/EUR,0.06948,0.07315,0.06884,0.07247,12542698.0,894879.39872
1671753600000,2022-12-23 00:00:00,DOGE/EUR,0.07252,0.07444,0.07217,0.07272,8761428.0,640346.00888
1671840000000,2022-12-24 00:00:00,DOGE/EUR,0.07269,0.07345,0.07224,0.07296,1349948.0,98320.728
1671926400000,2022-12-25 00:00:00,DOGE/EUR,0.07296,0.07297,0.069,0.07159,4993954.0,353879.09802
1672012800000,2022-12-26 00:00:00,DOGE/EUR,0.07157,0.072,0.06965,0.07105,2428689.0,172646.32952
1672099200000,2022-12-27 00:00:00,DOGE/EUR,0.071,0.07144,0.0683,0.06925,4367980.0,304517.52245
1672185600000,2022-12-28 00:00:00,DOGE/EUR,0.06936,0.0694,0.0651,0.06617,6584128.0,440569.50701
1672272000000,2022-12-29 00:00:00,DOGE/EUR,0.06632,0.06709,0.0649,0.06655,4533431.0,300534.85774
1672358400000,2022-12-30 00:00:00,DOGE/EUR,0.06654,0.06695,0.06183,0.06391,7928631.0,505999.33773
1672444800000,2022-12-31 00:00:00,DOGE/EUR,0.06392,0.06655,0.06359,0.06552,3326038.0,217786.9183
1672531200000,2023-01-01 00:00:00,DOGE/EUR,0.06545,0.06598,0.06442,0.06523,1419770.0,92512.58237
1672617600000,2023-01-02 00:00:00,DOGE/EUR,0.06544,0.0687,0.06442,0.06676,5012318.0,335536.53758
1672704000000,2023-01-03 00:00:00,DOGE/EUR,0.06669,0.06814,0.06583,0.06679,5722750.0,382836.03543
1672790400000,2023-01-04 00:00:00,DOGE/EUR,0.06677,0.0693,0.06648,0.0691,7143000.0,486996.52931
1672876800000,2023-01-05 00:00:00,DOGE/EUR,0.06901,0.07092,0.06696,0.06795,8788352.0,607444.75046
1672963200000,2023-01-06 00:00:00,DOGE/EUR,0.06798,0.06854,0.06621,0.06814,3179450.0,214372.37736
1673049600000,2023-01-07 00:00:00,DOGE/EUR,0.06804,0.06854,0.06733,0.06781,3146911.0,213588.21784
1673136000000,2023-01-08 00:00:00,DOGE/EUR,0.06782,0.06918,0.06691,0.0691,3648945.0,247889.23847
1673222400000,2023-01-09 00:00:00,DOGE/EUR,0.06909,0.07413,0.06848,0.07056,16837201.0,1209015.49697
1673308800000,2023-01-10 00:00:00,DOGE/EUR,0.07058,0.07257,0.06874,0.0725,7393401.0,526681.79018
1673395200000,2023-01-11 00:00:00,DOGE/EUR,0.0725,0.07305,0.06946,0.07264,6204086.0,442641.96588
1673481600000,2023-01-12 00:00:00,DOGE/EUR,0.07264,0.0754,0.06999,0.07393,13613725.0,996246.23563
1673568000000,2023-01-13 00:00:00,DOGE/EUR,0.07392,0.07871,0.07285,0.07808,11072798.0,830081.95984
1673654400000,2023-01-14 00:00:00,DOGE/EUR,0.0781,0.0855,0.07625,0.0806,19225948.0,1545538.22174
1673740800000,2023-01-15 00:00:00,DOGE/EUR,0.08055,0.0811,0.07644,0.07952,8052065.0,631163.44349
1673827200000,2023-01-16 00:00:00,DOGE/EUR,0.07951,0.0812,0.07549,0.07726,7604875.0,597285.18932
1673913600000,2023-01-17 00:00:00,DOGE/EUR,0.07721,0.07831,0.07569,0.07686,5582436.0,432588.62906
1674000000000,2023-01-18 00:00:00,DOGE/EUR,0.07684,0.08268,0.07203,0.07415,18463851.0,1440477.65685
1674086400000,2023-01-19 00:00:00,DOGE/EUR,0.0745,0.07578,0.07399,0.07541,4524487.0,339306.05613
1674172800000,2023-01-20 00:00:00,DOGE/EUR,0.07538,0.08018,0.07438,0.07947,6418460.0,496305.20721
1674259200000,2023-01-21 00:00:00,DOGE/EUR,0.07948,0.08208,0.07772,0.07807,10340307.0,828160.03446
1674345600000,2023-01-22 00:00:00,DOGE/EUR,0.07814,0.08602,0.0778,0.08121,14510374.0,1191738.39142
1674432000000,2023-01-23 00:00:00,DOGE/EUR,0.08124,0.08396,0.07956,0.08136,12556884.0,1024824.04859
1674518400000,2023-01-24 00:00:00,DOGE/EUR,0.08149,0.08351,0.0757,0.07715,9805993.0,788431.20509
1674604800000,2023-01-25 00:00:00,DOGE/EUR,0.07709,0.08079,0.0751,0.07919,11120121.0,868704.00506
1674691200000,2023-01-26 00:00:00,DOGE/EUR,0.07936,0.08045,0.07792,0.07944,6268135.0,496183.89557
1674777600000,2023-01-27 00:00:00,DOGE/EUR,0.07919,0.081,0.07685,0.08026,6789101.0,537157.06449
1674864000000,2023-01-28 00:00:00,DOGE/EUR,0.08043,0.08629,0.07992,0.08075,8828250.0,729527.39752
1674950400000,2023-01-29 00:00:00,DOGE/EUR,0.08075,0.08374,0.08037,0.08295,7727850.0,636466.35788
1675036800000,2023-01-30 00:00:00,DOGE/EUR,0.08282,0.08546,0.07792,0.0817,15168473.0,1224651.54878
1675123200000,2023-01-31 00:00:00,DOGE/EUR,0.08146,0.1,0.08138,0.08855,28510760.0,2474898.96994
1675209600000,2023-02-01 00:00:00,DOGE/EUR,0.08851,0.08943,0.08095,0.08541,23269531.0,1964015.65809
1675296000000,2023-02-02 00:00:00,DOGE/EUR,0.08543,0.08701,0.08269,0.08344,19003569.0,1618263.53616
1675382400000,2023-02-03 00:00:00,DOGE/EUR,0.08348,0.08645,0.08295,0.08603,16670171.0,1412675.13415
1675468800000,2023-02-04 00:00:00,DOGE/EUR,0.08621,0.09233,0.08561,0.0886,28509760.0,2531977.13868
1675555200000,2023-02-05 00:00:00,DOGE/EUR,0.0886,0.08976,0.08388,0.08534,22553871.0,1948442.85295
1675641600000,2023-02-06 00:00:00,DOGE/EUR,0.08534,0.08652,0.08265,0.08343,13971719.0,1190672.44707
1675728000000,2023-02-07 00:00:00,DOGE/EUR,0.0835,0.08647,0.08348,0.08629,13210565.0,1124192.26872
1675814400000,2023-02-08 00:00:00,DOGE/EUR,0.0863,0.08699,0.08268,0.08406,10481999.0,888205.13002
1675900800000,2023-02-09 00:00:00,DOGE/EUR,0.08418,0.08483,0.07344,0.07587,24186451.0,1913696.96867
1675987200000,2023-02-10 00:00:00,DOGE/EUR,0.0759,0.07776,0.07439,0.0758,20279656.0,1550137.53063
1676073600000,2023-02-11 00:00:00,DOGE/EUR,0.07579,0.07733,0.07562,0.07699,7477926.0,573005.48147
1676160000000,2023-02-12 00:00:00,DOGE/EUR,0.07701,0.08029,0.07608,0.07698,11860240.0,929294.95838
1676246400000,2023-02-13 00:00:00,DOGE/EUR,0.07695,0.08105,0.07411,0.07653,20399193.0,1564507.12489
1676332800000,2023-02-14 00:00:00,DOGE/EUR,0.07656,0.07799,0.07465,0.07782,9726721.0,744879.90235
1676419200000,2023-02-15 00:00:00,DOGE/EUR,0.078,0.08377,0.07713,0.08341,17727784.0,1432512.83676
1676505600000,2023-02-16 00:00:00,DOGE/EUR,0.08343,0.08617,0.079,0.0796,16936963.0,1404886.0423
1676592000000,2023-02-17 00:00:00,DOGE/EUR,0.0796,0.08292,0.07907,0.08206,6933679.0,564924.1062
1676678400000,2023-02-18 00:00:00,DOGE/EUR,0.08213,0.08462,0.08116,0.08308,6322832.0,524037.69663
1676764800000,2023-02-19 00:00:00,DOGE/EUR,0.08316,0.08417,0.08022,0.08154,9224572.0,760485.0657
1676851200000,2023-02-20 00:00:00,DOGE/EUR,0.08146,0.08309,0.07985,0.0827,5510318.0,453719.19913
1676937600000,2023-02-21 00:00:00,DOGE/EUR,0.08276,0.0832,0.07947,0.08026,8888537.0,722046.54783
1677024000000,2023-02-22 00:00:00,DOGE/EUR,0.08023,0.08333,0.07791,0.08068,16266787.0,1307077.47311
1677110400000,2023-02-23 00:00:00,DOGE/EUR,0.08071,0.0813,0.07894,0.07954,5897037.0,472334.22436
1677196800000,2023-02-24 00:00:00,DOGE/EUR,0.07946,0.08016,0.07528,0.07685,8872500.0,690582.50174
1677283200000,2023-02-25 00:00:00,DOGE/EUR,0.07683,0.07799,0.07442,0.07668,6583794.0,502866.10716
1677369600000,2023-02-26 00:00:00,DOGE/EUR,0.07666,0.07847,0.07638,0.07803,3677222.0,284501.96512
1677456000000,2023-02-27 00:00:00,DOGE/EUR,0.07798,0.07798,0.07588,0.07713,6187129.0,476368.35958
1677542400000,2023-02-28 00:00:00,DOGE/EUR,0.07714,0.07926,0.0764,0.07728,8134665.0,631553.3556
1677628800000,2023-03-01 00:00:00,DOGE/EUR,0.07728,0.07838,0.07671,0.0773,5595578.0,434105.86121
1677715200000,2023-03-02 00:00:00,DOGE/EUR,0.07737,0.07757,0.07569,0.07633,4109071.0,313829.72169
1677801600000,2023-03-03 00:00:00,DOGE/EUR,0.07635,0.07635,0.07002,0.07296,15682036.0,1129651.29733
1677888000000,2023-03-04 00:00:00,DOGE/EUR,0.07292,0.07332,0.06888,0.07087,8739334.0,620439.00408
1677974400000,2023-03-05 00:00:00,DOGE/EUR,0.07091,0.07212,0.07045,0.07081,5834746.0,416286.24313
1678060800000,2023-03-06 00:00:00,DOGE/EUR,0.07078,0.07098,0.06891,0.07021,8617892.0,603599.06324
1678147200000,2023-03-07 00:00:00,DOGE/EUR,0.07027,0.07133,0.06856,0.07034,8732512.0,611920.23992
1678233600000,2023-03-08 00:00:00,DOGE/EUR,0.07039,0.0706,0.06659,0.06759,9916675.0,684342.65483
1678320000000,2023-03-09 00:00:00,DOGE/EUR,0.06752,0.06854,0.06086,0.06271,12878695.0,839084.01236
1678406400000,2023-03-10 00:00:00,DOGE/EUR,0.06271,0.06284,0.05946,0.06199,15125039.0,930749.93977
1678492800000,2023-03-11 00:00:00,DOGE/EUR,0.06191,0.06467,0.0595,0.06159,19956900.0,1227310.26227
1678579200000,2023-03-12 00:00:00,DOGE/EUR,0.06157,0.06634,0.06095,0.06624,16473607.0,1040028.18936
1678665600000,2023-03-13 00:00:00,DOGE/EUR,0.06626,0.06885,0.06375,0.06763,16536381.0,1095130.80587
1678752000000,2023-03-14 00:00:00,DOGE/EUR,0.06766,0.07233,0.06624,0.06954,21753707.0,1505175.87959
1678838400000,2023-03-15 00:00:00,DOGE/EUR,0.06946,0.07066,0.06403,0.06601,16972077.0,1148470.60351
1678924800000,2023-03-16 00:00:00,DOGE/EUR,0.06597,0.07007,0.06506,0.06861,13322552.0,889157.67356
1679011200000,2023-03-17 00:00:00,DOGE/EUR,0.06857,0.07268,0.06766,0.07199,16743167.0,1177640.30263
1679097600000,2023-03-18 00:00:00,DOGE/EUR,0.07195,0.07438,0.06831,0.06875,16156256.0,1170400.82623
1679184000000,2023-03-19 00:00:00,DOGE/EUR,0.06881,0.0723,0.0688,0.07046,9620635.0,678952.32103
1679270400000,2023-03-20 00:00:00,DOGE/EUR,0.0705,0.0714,0.0661,0.06718,9779339.0,673814.84844
1679356800000,2023-03-21 00:00:00,DOGE/EUR,0.06706,0.07279,0.06606,0.0717,12685951.0,887685.78814
1679443200000,2023-03-22 00:00:00,DOGE/EUR,0.07183,0.0728,0.06635,0.06869,17646084.0,1237666.06774
1679529600000,2023-03-23 00:00:00,DOGE/EUR,0.06869,0.07318,0.0676,0.07183,15783401.0,1122122.4775
1679616000000,2023-03-24 00:00:00,DOGE/EUR,0.07181,0.0719,0.06838,0.06987,6784626.0,476965.73835
1679702400000,2023-03-25 00:00:00,DOGE/EUR,0.06988,0.07105,0.06789,0.06938,13442148.0,936881.81427
1679788800000,2023-03-26 00:00:00,DOGE/EUR,0.06933,0.07049,0.06849,0.06932,7435907.0,517059.21314
1679875200000,2023-03-27 00:00:00,DOGE/EUR,0.0693,0.071,0.0665,0.06788,18479722.0,1268827.42634
1679961600000,2023-03-28 00:00:00,DOGE/EUR,0.06791,0.06844,0.06642,0.06819,15508334.0,1045792.40995
1680048000000,2023-03-29 00:00:00,DOGE/EUR,0.06821,0.07114,0.06796,0.06985,19107429.0,1335991.62342
1680134400000,2023-03-30 00:00:00,DOGE/EUR,0.06976,0.07098,0.06751,0.06831,12859790.0,887044.17357
1680220800000,2023-03-31 00:00:00,DOGE/EUR,0.06833,0.07202,0.06774,0.07115,12798614.0,892454.79649
1680307200000,2023-04-01 00:00:00,DOGE/EUR,0.07119,0.07704,0.07019,0.07565,20561044.0,1497115.05951
1680393600000,2023-04-02 00:00:00,DOGE/EUR,0.07562,0.07918,0.07172,0.07347,25879173.0,1970835.51953
1680480000000,2023-04-03 00:00:00,DOGE/EUR,0.07342,0.098,0.0705,0.08862,82999574.0,7093320.12672
1680566400000,2023-04-04 00:00:00,DOGE/EUR,0.08851,0.09502,0.08489,0.0871,53348575.0,4811510.0487
1680652800000,2023-04-05 00:00:00,DOGE/EUR,0.08721,0.09089,0.08324,0.0853,20596104.0,1810644.04939
1680739200000,2023-04-06 00:00:00,DOGE/EUR,0.08534,0.08544,0.0775,0.07856,27590990.0,2267776.10213
1680825600000,2023-04-07 00:00:00,DOGE/EUR,0.07843,0.07931,0.07477,0.07569,21766594.0,1659796.32306
1680912000000,2023-04-08 00:00:00,DOGE/EUR,0.0757,0.07702,0.0739,0.0748,11543337.0,875672.05117
1680998400000,2023-04-09 00:00:00,DOGE/EUR,0.07484,0.07744,0.07456,0.07649,9920253.0,752905.89892
1681084800000,2023-04-10 00:00:00,DOGE/EUR,0.07639,0.07861,0.07566,0.07802,10230149.0,788019.42436
1681171200000,2023-04-11 00:00:00,DOGE/EUR,0.07798,0.079,0.07696,0.07742,11624707.0,906750.23067
1681257600000,2023-04-12 00:00:00,DOGE/EUR,0.07741,0.07767,0.07422,0.07619,13938713.0,1053425.45951
1681344000000,2023-04-13 00:00:00,DOGE/EUR,0.07631,0.08106,0.07573,0.07939,18014270.0,1417318.06456
1681430400000,2023-04-14 00:00:00,DOGE/EUR,0.07937,0.08294,0.07818,0.08092,21609959.0,1754502.62948
1681516800000,2023-04-15 00:00:00,DOGE/EUR,0.08099,0.08252,0.07952,0.08124,11941399.0,969154.87833
1681603200000,2023-04-16 00:00:00,DOGE/EUR,0.08116,0.08373,0.08011,0.08265,17493080.0,1436376.96561
1681689600000,2023-04-17 00:00:00,DOGE/EUR,0.08269,0.08678,0.08073,0.08387,35506144.0,2999068.32251
1681776000000,2023-04-18 00:00:00,DOGE/EUR,0.08386,0.08695,0.0824,0.08605,16377670.0,1392477.43826
1681862400000,2023-04-19 00:00:00,DOGE/EUR,0.08592,0.08592,0.07806,0.08058,41799639.0,3415311.71878
1681948800000,2023-04-20 00:00:00,DOGE/EUR,0.0805,0.08553,0.07566,0.07669,49640156.0,4025400.29447
1682035200000,2023-04-21 00:00:00,DOGE/EUR,0.07668,0.07763,0.06969,0.07166,17964704.0,1338511.79426
1682121600000,2023-04-22 00:00:00,DOGE/EUR,0.07162,0.07399,0.07137,0.07325,6993931.0,508609.9182
1682208000000,2023-04-23 00:00:00,DOGE/EUR,0.07323,0.07368,0.06975,0.07197,6577935.0,473163.3449
1682294400000,2023-04-24 00:00:00,DOGE/EUR,0.07184,0.07307,0.07014,0.07151,4918792.0,353305.14061
1682380800000,2023-04-25 00:00:00,DOGE/EUR,0.07143,0.07303,0.07076,0.07288,10110218.0,723560.51587
1682467200000,2023-04-26 00:00:00,DOGE/EUR,0.07282,0.07589,0.0681,0.07142,12516315.0,910105.98071
1682553600000,2023-04-27 00:00:00,DOGE/EUR,0.07133,0.07356,0.07122,0.07283,5651672.0,410208.94734
1682640000000,2023-04-28 00:00:00,DOGE/EUR,0.07288,0.07362,0.07202,0.07306,5626661.0,410631.64183
1682726400000,2023-04-29 00:00:00,DOGE/EUR,0.07308,0.07436,0.07295,0.074,5092358.0,375440.37242
1682812800000,2023-04-30 00:00:00,DOGE/EUR,0.07399,0.07419,0.07195,0.07234,3993344.0,292975.81421
1682899200000,2023-05-01 00:00:00,DOGE/EUR,0.07237,0.07287,0.07077,0.07219,4937959.0,353717.79225
1682985600000,2023-05-02 00:00:00,DOGE/EUR,0.07211,0.07224,0.0709,0.07179,5705698.0,409009.28911
1683072000000,2023-05-03 00:00:00,DOGE/EUR,0.07173,0.07307,0.07014,0.07206,5854560.0,416000.07883
1683158400000,2023-05-04 00:00:00,DOGE/EUR,0.07216,0.07224,0.07093,0.07134,3926713.0,280913.21516
1683244800000,2023-05-05 00:00:00,DOGE/EUR,0.07135,0.07394,0.07049,0.07272,6610417.0,476398.3645
1683331200000,2023-05-06 00:00:00,DOGE/EUR,0.07273,0.07301,0.06871,0.06956,6789865.0,477980.81464
1683417600000,2023-05-07 00:00:00,DOGE/EUR,0.06956,0.07049,0.06916,0.06965,4007693.0,279766.95801
1683504000000,2023-05-08 00:00:00,DOGE/EUR,0.06953,0.07017,0.06374,0.06612,8578123.0,572027.04931
1683590400000,2023-05-09 00:00:00,DOGE/EUR,0.06606,0.06727,0.06577,0.06691,5081799.0,337933.63682
1683676800000,2023-05-10 00:00:00,DOGE/EUR,0.06692,0.06814,0.0645,0.06687,5389224.0,359554.9434
1683763200000,2023-05-11 00:00:00,DOGE/EUR,0.06679,0.06706,0.06355,0.06617,7336293.0,479879.02701
1683849600000,2023-05-12 00:00:00,DOGE/EUR,0.06617,0.06702,0.06368,0.06683,7068009.0,462584.80229
1683936000000,2023-05-13 00:00:00,DOGE/EUR,0.06681,0.06686,0.06601,0.06639,3162127.0,210317.50542
1684022400000,2023-05-14 00:00:00,DOGE/EUR,0.06643,0.06724,0.06594,0.06656,2428888.0,161617.27981
1684108800000,2023-05-15 00:00:00,DOGE/EUR,0.06655,0.06803,0.06559,0.0664,3257220.0,218308.63112
1684195200000,2023-05-16 00:00:00,DOGE/EUR,0.06644,0.06756,0.06539,0.06711,2466986.0,164008.70803
1684281600000,2023-05-17 00:00:00,DOGE/EUR,0.06714,0.06975,0.06679,0.06913,4173917.0,285138.35956
1684368000000,2023-05-18 00:00:00,DOGE/EUR,0.06923,0.06964,0.06673,0.06834,3916683.0,268009.40643
1684454400000,2023-05-19 00:00:00,DOGE/EUR,0.06835,0.06885,0.06791,0.06822,2449389.0,167339.24351
1684540800000,2023-05-20 00:00:00,DOGE/EUR,0.06822,0.06855,0.06783,0.06825,1486428.0,101255.11291
1684627200000,2023-05-21 00:00:00,DOGE/EUR,0.06833,0.0686,0.06668,0.06675,1950841.0,131647.96864
1684713600000,2023-05-22 00:00:00,DOGE/EUR,0.0668,0.0685,0.06552,0.06761,4147014.0,278831.24305
1684800000000,2023-05-23 00:00:00,DOGE/EUR,0.06758,0.0685,0.06725,0.06768,2590394.0,175506.19086
1684886400000,2023-05-24 00:00:00,DOGE/EUR,0.06762,0.06767,0.0646,0.06592,5169055.0,340977.49973
1684972800000,2023-05-25 00:00:00,DOGE/EUR,0.06592,0.06638,0.06404,0.06618,3288988.0,216242.36264
1685059200000,2023-05-26 00:00:00,DOGE/EUR,0.06613,0.06673,0.06564,0.0664,3692581.0,244339.0144
1685145600000,2023-05-27 00:00:00,DOGE/EUR,0.0664,0.06861,0.06625,0.06783,3172985.0,213615.75559
1685232000000,2023-05-28 00:00:00,DOGE/EUR,0.06782,0.06899,0.06717,0.06865,3126320.0,212464.41111
1685318400000,2023-05-29 00:00:00,DOGE/EUR,0.06866,0.06901,0.06796,0.06844,3864535.0,264817.73584
1685404800000,2023-05-30 00:00:00,DOGE/EUR,0.06842,0.06855,0.06728,0.06756,3083237.0,209250.53993
1685491200000,2023-05-31 00:00:00,DOGE/EUR,0.06756,0.06798,0.06638,0.06717,2402855.0,161292.40303
1685577600000,2023-06-01 00:00:00,DOGE/EUR,0.06713,0.06747,0.0663,0.06658,2204197.0,147923.11513
1685664000000,2023-06-02 00:00:00,DOGE/EUR,0.06656,0.06857,0.06615,0.06793,2957369.0,199234.13343
1685750400000,2023-06-03 00:00:00,DOGE/EUR,0.06798,0.0683,0.06764,0.06804,1324727.0,89971.2166
1685836800000,2023-06-04 00:00:00,DOGE/EUR,0.06804,0.0686,0.0678,0.0678,1871970.0,127661.00971
1685923200000,2023-06-05 00:00:00,DOGE/EUR,0.06787,0.06802,0.05948,0.06241,8650922.0,546969.74002
1686009600000,2023-06-06 00:00:00,DOGE/EUR,0.06236,0.06754,0.06197,0.06594,7487279.0,482684.44579
1686096000000,2023-06-07 00:00:00,DOGE/EUR,0.06581,0.06581,0.06248,0.06304,5478475.0,352249.63116
1686182400000,2023-06-08 00:00:00,DOGE/EUR,0.06303,0.06386,0.06269,0.06321,2489578.0,157747.86589
1686268800000,2023-06-09 00:00:00,DOGE/EUR,0.0632,0.06624,0.06271,0.06481,3670689.0,236648.87798
1686355200000,2023-06-10 00:00:00,DOGE/EUR,0.06484,0.06652,0.05043,0.05831,20084771.0,1162202.75517
1686441600000,2023-06-11 00:00:00,DOGE/EUR,0.05828,0.05932,0.05733,0.05776,3550121.0,206649.29449
1686528000000,2023-06-12 00:00:00,DOGE/EUR,0.05774,0.05777,0.0561,0.05731,3666656.0,209417.33806
1686614400000,2023-06-13 00:00:00,DOGE/EUR,0.05729,0.05844,0.05634,0.05748,3121173.0,178956.82259
1686700800000,2023-06-14 00:00:00,DOGE/EUR,0.05747,0.05786,0.05404,0.05619,4282548.0,240996.21947
1686787200000,2023-06-15 00:00:00,DOGE/EUR,0.05619,0.057,0.05541,0.05635,3495926.0,196147.1427
1686873600000,2023-06-16 00:00:00,DOGE/EUR,0.05638,0.05758,0.05572,0.05698,4443168.0,251241.4781
1686960000000,2023-06-17 00:00:00,DOGE/EUR,0.05704,0.05796,0.05659,0.05703,2746057.0,157092.43947
1687046400000,2023-06-18 00:00:00,DOGE/EUR,0.05703,0.05867,0.05606,0.05699,5061528.0,289037.52702
1687132800000,2023-06-19 00:00:00,DOGE/EUR,0.05697,0.05773,0.05657,0.05739,2067219.0,117771.16342
1687219200000,2023-06-20 00:00:00,DOGE/EUR,0.05737,0.0579,0.05591,0.0579,2466611.0,140791.57621
1687305600000,2023-06-21 00:00:00,DOGE/EUR,0.05792,0.06079,0.05775,0.0599,4903103.0,290766.74459
1687392000000,2023-06-22 00:00:00,DOGE/EUR,0.05988,0.0632,0.05938,0.06001,6710286.0,410642.25086
1687478400000,2023-06-23 00:00:00,DOGE/EUR,0.06007,0.06455,0.06005,0.06275,5226183.0,325068.99813
1687564800000,2023-06-24 00:00:00,DOGE/EUR,0.06286,0.06293,0.06002,0.06139,4155529.0,256700.19421
1687651200000,2023-06-25 00:00:00,DOGE/EUR,0.0615,0.06261,0.06111,0.06135,1898878.0,117646.58343
1687737600000,2023-06-26 00:00:00,DOGE/EUR,0.06122,0.06125,0.05813,0.05949,2892335.0,173433.93995
1687824000000,2023-06-27 00:00:00,DOGE/EUR,0.05946,0.06021,0.0589,0.06,3466250.0,207386.86727
1687910400000,2023-06-28 00:00:00,DOGE/EUR,0.06006,0.06033,0.05541,0.05755,4343002.0,252398.3651
1687996800000,2023-06-29 00:00:00,DOGE/EUR,0.05751,0.05892,0.05746,0.05855,3066636.0,178314.55467
1688083200000,2023-06-30 00:00:00,DOGE/EUR,0.05851,0.06185,0.05633,0.06099,7586034.0,454395.06353
1688169600000,2023-07-01 00:00:00,DOGE/EUR,0.06093,0.06542,0.06091,0.06288,9651439.0,612386.93018
1688256000000,2023-07-02 00:00:00,DOGE/EUR,0.06294,0.06339,0.06056,0.0623,4660504.0,289133.14645
1688342400000,2023-07-03 00:00:00,DOGE/EUR,0.06238,0.06318,0.06178,0.06285,3432395.0,214794.29401
1688428800000,2023-07-04 00:00:00,DOGE/EUR,0.06289,0.06615,0.06229,0.06348,7572704.0,483486.55789
1688515200000,2023-07-05 00:00:00,DOGE/EUR,0.06357,0.06383,0.06047,0.06186,5838699.0,360797.50911
1688601600000,2023-07-06 00:00:00,DOGE/EUR,0.06187,0.06314,0.05968,0.05971,6237325.0,383332.35423
1688688000000,2023-07-07 00:00:00,DOGE/EUR,0.05981,0.06053,0.05919,0.05986,2420265.0,145231.93246
1688774400000,2023-07-08 00:00:00,DOGE/EUR,0.05984,0.06045,0.0593,0.06017,1992674.0,119307.23559
1688860800000,2023-07-09 00:00:00,DOGE/EUR,0.06023,0.06073,0.0597,0.05988,2123378.0,127793.98139
1688947200000,2023-07-10 00:00:00,DOGE/EUR,0.05977,0.06019,0.05809,0.05939,5005557.0,296498.32366
1689033600000,2023-07-11 00:00:00,DOGE/EUR,0.05939,0.05951,0.05873,0.05945,1699703.0,100559.68928
1689120000000,2023-07-12 00:00:00,DOGE/EUR,0.05946,0.05962,0.05741,0.05863,2268197.0,133151.52748
1689206400000,2023-07-13 00:00:00,DOGE/EUR,0.05862,0.06397,0.05817,0.06292,7732016.0,474593.64064
1689292800000,2023-07-14 00:00:00,DOGE/EUR,0.06286,0.06522,0.05931,0.06126,7259062.0,454659.53886
1689379200000,2023-07-15 00:00:00,DOGE/EUR,0.06117,0.06725,0.06052,0.06441,14757455.0,960759.87191
1689465600000,2023-07-16 00:00:00,DOGE/EUR,0.06442,0.06466,0.06172,0.06221,6544328.0,413835.61479
1689552000000,2023-07-17 00:00:00,DOGE/EUR,0.0622,0.06544,0.06061,0.06244,9111301.0,570351.61505
1689638400000,2023-07-18 00:00:00,DOGE/EUR,0.06241,0.06276,0.0601,0.06134,4135827.0,253105.96446
1689724800000,2023-07-19 00:00:00,DOGE/EUR,0.06122,0.06473,0.06094,0.06277,8397244.0,527631.29663
1689811200000,2023-07-20 00:00:00,DOGE/EUR,0.0627,0.06606,0.06242,0.06356,7277532.0,466038.28496
1689897600000,2023-07-21 00:00:00,DOGE/EUR,0.06363,0.06923,0.06335,0.06603,9241062.0,611869.71656
1689984000000,2023-07-22 00:00:00,DOGE/EUR,0.06604,0.06611,0.06293,0.06353,3667512.0,236776.91818
1690070400000,2023-07-23 00:00:00,DOGE/EUR,0.0636,0.06587,0.06322,0.06478,2763556.0,179081.02721
1690156800000,2023-07-24 00:00:00,DOGE/EUR,0.0648,0.07039,0.06333,0.0673,24783245.0,1680515.64677
1690243200000,2023-07-25 00:00:00,DOGE/EUR,0.06732,0.07617,0.06685,0.07437,28622562.0,2061305.87549
1690329600000,2023-07-26 00:00:00,DOGE/EUR,0.07434,0.07476,0.06933,0.0706,11942571.0,857429.32829
1690416000000,2023-07-27 00:00:00,DOGE/EUR,0.07062,0.07251,0.06949,0.07091,5178986.0,369275.1941
1690502400000,2023-07-28 00:00:00,DOGE/EUR,0.07089,0.07119,0.06957,0.07036,4547574.0,319473.63977
1690588800000,2023-07-29 00:00:00,DOGE/EUR,0.07037,0.07511,0.07012,0.07321,5892925.0,427168.16139
1690675200000,2023-07-30 00:00:00,DOGE/EUR,0.0732,0.07343,0.0697,0.07114,5490078.0,395445.11987
1690761600000,2023-07-31 00:00:00,DOGE/EUR,0.07105,0.07266,0.0701,0.07101,5674874.0,405771.15256
1690848000000,2023-08-01 00:00:00,DOGE/EUR,0.07105,0.07142,0.06891,0.07121,5222427.0,366635.71415
1690934400000,2023-08-02 00:00:00,DOGE/EUR,0.07118,0.07141,0.06757,0.06804,5937358.0,411630.49701
1691020800000,2023-08-03 00:00:00,DOGE/EUR,0.06797,0.06867,0.06652,0.06746,5473016.0,370975.32314
1691107200000,2023-08-04 00:00:00,DOGE/EUR,0.06746,0.06869,0.06677,0.06774,4040514.0,274320.0365
1691193600000,2023-08-05 00:00:00,DOGE/EUR,0.06778,0.07114,0.06729,0.06976,5236801.0,364784.58453
1691280000000,2023-08-06 00:00:00,DOGE/EUR,0.06975,0.07044,0.06822,0.06845,3113745.0,215514.82741
1691366400000,2023-08-07 00:00:00,DOGE/EUR,0.06849,0.0697,0.0662,0.06809,5857887.0,399073.39254
1691452800000,2023-08-08 00:00:00,DOGE/EUR,0.068,0.07024,0.06759,0.06975,5088559.0,351767.05752
1691539200000,2023-08-09 00:00:00,DOGE/EUR,0.06962,0.07051,0.069,0.07009,3711826.0,258721.9649
1691625600000,2023-08-10 00:00:00,DOGE/EUR,0.07012,0.0708,0.06906,0.07022,4349518.0,304077.383
1691712000000,2023-08-11 00:00:00,DOGE/EUR,0.07019,0.07043,0.06948,0.07027,2505799.0,175341.65999
1691798400000,2023-08-12 00:00:00,DOGE/EUR,0.07029,0.07164,0.07018,0.07063,3936941.0,279127.84339
1691884800000,2023-08-13 00:00:00,DOGE/EUR,0.07063,0.07076,0.0686,0.06902,3131413.0,218410.07127
1691971200000,2023-08-14 00:00:00,DOGE/EUR,0.06899,0.07161,0.0683,0.06949,4024487.0,279715.92559
1692057600000,2023-08-15 00:00:00,DOGE/EUR,0.0695,0.06953,0.06313,0.06551,6799016.0,452814.20209
1692144000000,2023-08-16 00:00:00,DOGE/EUR,0.06552,0.06576,0.06123,0.06224,5413316.0,345203.18182
1692230400000,2023-08-17 00:00:00,DOGE/EUR,0.06221,0.06331,0.05221,0.0567,9400899.0,557218.91436
1692316800000,2023-08-18 00:00:00,DOGE/EUR,0.05665,0.06041,0.05561,0.05947,9059845.0,531574.66671
1692403200000,2023-08-19 00:00:00,DOGE/EUR,0.05944,0.06058,0.05925,0.05976,5856953.0,349970.47723
1692489600000,2023-08-20 00:00:00,DOGE/EUR,0.05976,0.0604,0.05924,0.05938,2158674.0,129061.14358
1692576000000,2023-08-21 00:00:00,DOGE/EUR,0.05937,0.05958,0.056,0.05763,2777781.0,160968.42136
1692662400000,2023-08-22 00:00:00,DOGE/EUR,0.05768,0.0584,0.0559,0.05791,3164936.0,182614.36584
1692748800000,2023-08-23 00:00:00,DOGE/EUR,0.05789,0.06049,0.05779,0.05885,4638102.0,273107.35499
1692835200000,2023-08-24 00:00:00,DOGE/EUR,0.05886,0.05898,0.05743,0.05849,2401750.0,140281.05331
1692921600000,2023-08-25 00:00:00,DOGE/EUR,0.05848,0.05869,0.0574,0.05869,2429153.0,140770.46139
1693008000000,2023-08-26 00:00:00,DOGE/EUR,0.05867,0.05885,0.05812,0.05841,1489495.0,87083.90283
1693094400000,2023-08-27 00:00:00,DOGE/EUR,0.05841,0.05918,0.05821,0.05864,1592479.0,93397.75995
1693180800000,2023-08-28 00:00:00,DOGE/EUR,0.05863,0.05886,0.05735,0.05865,1856976.0,108121.32039
1693267200000,2023-08-29 00:00:00,DOGE/EUR,0.05866,0.0633,0.05776,0.06121,8315076.0,508582.74433
1693353600000,2023-08-30 00:00:00,DOGE/EUR,0.06116,0.06129,0.05913,0.06047,3121436.0,187803.41493
1693440000000,2023-08-31 00:00:00,DOGE/EUR,0.06043,0.06176,0.0582,0.05907,4757443.0,286093.22212
1693526400000,2023-09-01 00:00:00,DOGE/EUR,0.05907,0.05957,0.05807,0.05951,3231148.0,190693.03833
1693612800000,2023-09-02 00:00:00,DOGE/EUR,0.05941,0.06038,0.05829,0.05911,2733157.0,161766.48265
1693699200000,2023-09-03 00:00:00,DOGE/EUR,0.05906,0.05932,0.05839,0.05879,1580461.0,93109.9141
1693785600000,2023-09-04 00:00:00,DOGE/EUR,0.05885,0.05939,0.0576,0.05873,2292704.0,134437.16947
1693872000000,2023-09-05 00:00:00,DOGE/EUR,0.05869,0.06001,0.05836,0.05977,2202944.0,130960.30288
1693958400000,2023-09-06 00:00:00,DOGE/EUR,0.05992,0.06029,0.05837,0.05943,2049374.0,121708.86168
1694044800000,2023-09-07 00:00:00,DOGE/EUR,0.05944,0.05971,0.05877,0.05949,1200759.0,71052.74103
1694131200000,2023-09-08 00:00:00,DOGE/EUR,0.05957,0.05981,0.05834,0.05961,2211119.0,130698.75722
1694217600000,2023-09-09 00:00:00,DOGE/EUR,0.05966,0.0598,0.05918,0.05929,1108898.0,65912.38166
1694304000000,2023-09-10 00:00:00,DOGE/EUR,0.05928,0.05928,0.05582,0.0573,3364680.0,193758.56673
1694390400000,2023-09-11 00:00:00,DOGE/EUR,0.05734,0.05782,0.05525,0.05639,3578081.0,201904.2306
1694476800000,2023-09-12 00:00:00,DOGE/EUR,0.0564,0.0583,0.05634,0.05669,2660493.0,152215.1045
1694563200000,2023-09-13 00:00:00,DOGE/EUR,0.05666,0.05759,0.0564,0.05717,1991547.0,113409.36698
1694649600000,2023-09-14 00:00:00,DOGE/EUR,0.0572,0.05884,0.05695,0.05843,2476754.0,143156.74265
1694736000000,2023-09-15 00:00:00,DOGE/EUR,0.05844,0.05916,0.05757,0.05872,2511619.0,146459.1674
1694822400000,2023-09-16 00:00:00,DOGE/EUR,0.05871,0.05908,0.05797,0.05827,1812069.0,105808.59384
1694908800000,2023-09-17 00:00:00,DOGE/EUR,0.05824,0.05869,0.05721,0.05767,1904588.0,110583.24988
1694995200000,2023-09-18 00:00:00,DOGE/EUR,0.05764,0.05899,0.05723,0.05802,1918064.0,111592.95242
1695081600000,2023-09-19 00:00:00,DOGE/EUR,0.05809,0.05923,0.05797,0.05879,1929297.0,113096.54959
1695168000000,2023-09-20 00:00:00,DOGE/EUR,0.05875,0.0591,0.05781,0.05887,1801660.0,105127.95345
1695254400000,2023-09-21 00:00:00,DOGE/EUR,0.05884,0.05973,0.05741,0.05756,2544445.0,148534.45703
1695340800000,2023-09-22 00:00:00,DOGE/EUR,0.05753,0.05815,0.05695,0.05787,1426923.0,82488.55383
1695427200000,2023-09-23 00:00:00,DOGE/EUR,0.0579,0.0583,0.05766,0.05785,1270124.0,73561.5141
1695513600000,2023-09-24 00:00:00,DOGE/EUR,0.05789,0.0581,0.0567,0.05706,1373310.0,79149.95017
1695600000000,2023-09-25 00:00:00,DOGE/EUR,0.05704,0.05781,0.05649,0.05757,1156249.0,66254.28109
1695686400000,2023-09-26 00:00:00,DOGE/EUR,0.05758,0.05779,0.05622,0.05738,2394010.0,136880.6382
1695772800000,2023-09-27 00:00:00,DOGE/EUR,0.05732,0.05828,0.05724,0.05759,1739305.0,100274.47676
1695859200000,2023-09-28 00:00:00,DOGE/EUR,0.0576,0.05844,0.05749,0.05828,1464301.0,84858.01604
1695945600000,2023-09-29 00:00:00,DOGE/EUR,0.0583,0.059,0.05806,0.05883,1987598.0,116186.6062
1696032000000,2023-09-30 00:00:00,DOGE/EUR,0.05883,0.05938,0.05848,0.05881,1573622.0,92664.01844
1696118400000,2023-10-01 00:00:00,DOGE/EUR,0.0588,0.06025,0.05845,0.05984,1552298.0,91857.17399
1696204800000,2023-10-02 00:00:00,DOGE/EUR,0.05988,0.06078,0.05819,0.05923,3071352.0,183220.3088
1696291200000,2023-10-03 00:00:00,DOGE/EUR,0.0592,0.05954,0.05841,0.05865,1757305.0,103645.6451
1696377600000,2023-10-04 00:00:00,DOGE/EUR,0.05862,0.05867,0.05744,0.05855,1694071.0,98519.82553
1696464000000,2023-10-05 00:00:00,DOGE/EUR,0.05852,0.05867,0.05762,0.05779,1160529.0,67387.79356
1696550400000,2023-10-06 00:00:00,DOGE/EUR,0.05782,0.05831,0.05782,0.05809,1401337.0,81250.40285
1696636800000,2023-10-07 00:00:00,DOGE/EUR,0.05809,0.05834,0.05779,0.05815,868562.0,50419.23558
1696723200000,2023-10-08 00:00:00,DOGE/EUR,0.05818,0.0583,0.05741,0.05779,761777.0,44086.85985
1696809600000,2023-10-09 00:00:00,DOGE/EUR,0.05776,0.05784,0.05407,0.05558,2748142.0,154192.40801
1696896000000,2023-10-10 00:00:00,DOGE/EUR,0.05559,0.05612,0.05526,0.0558,1476636.0,82118.25338
1696982400000,2023-10-11 00:00:00,DOGE/EUR,0.05579,0.05606,0.05449,0.05509,2288629.0,126513.82683
1697068800000,2023-10-12 00:00:00,DOGE/EUR,0.05514,0.05514,0.05406,0.05499,1689687.0,92475.86482
1697155200000,2023-10-13 00:00:00,DOGE/EUR,0.05498,0.05603,0.05484,0.05563,3868586.0,214492.33466
1697241600000,2023-10-14 00:00:00,DOGE/EUR,0.05564,0.05715,0.05561,0.05703,1999617.0,112712.70332
1697328000000,2023-10-15 00:00:00,DOGE/EUR,0.05702,0.05702,0.05628,0.05643,1463593.0,82840.70246
1697414400000,2023-10-16 00:00:00,DOGE/EUR,0.05642,0.05856,0.05613,0.05694,3733013.0,213026.6023
1697500800000,2023-10-17 00:00:00,DOGE/EUR,0.05694,0.05708,0.05526,0.0559,1528692.0,86076.43247
1697587200000,2023-10-18 00:00:00,DOGE/EUR,0.05589,0.05619,0.05538,0.05568,1106014.0,61662.21249
1697673600000,2023-10-19 00:00:00,DOGE/EUR,0.05568,0.05575,0.05474,0.05574,1763350.0,97602.86412
1697760000000,2023-10-20 00:00:00,DOGE/EUR,0.05567,0.05722,0.05556,0.05661,1773354.0,100349.02387
1697846400000,2023-10-21 00:00:00,DOGE/EUR,0.05662,0.05811,0.05618,0.05783,1481297.0,84854.61763
1697932800000,2023-10-22 00:00:00,DOGE/EUR,0.05785,0.05833,0.05661,0.05831,1805513.0,103862.16775
1698019200000,2023-10-23 00:00:00,DOGE/EUR,0.0583,0.06362,0.05797,0.0632,11215127.0,679389.18168
1698105600000,2023-10-24 00:00:00,DOGE/EUR,0.0635,0.066,0.06075,0.0628,9666601.0,612816.88766
1698192000000,2023-10-25 00:00:00,DOGE/EUR,0.06288,0.06608,0.06115,0.06474,8636327.0,550270.90556
1698278400000,2023-10-26 00:00:00,DOGE/EUR,0.06476,0.07133,0.06431,0.06813,16517437.0,1129195.32928
1698364800000,2023-10-27 00:00:00,DOGE/EUR,0.06808,0.06863,0.06381,0.06421,7620181.0,501072.48265
1698451200000,2023-10-28 00:00:00,DOGE/EUR,0.06414,0.06612,0.06393,0.06544,3209993.0,209223.2869
1698537600000,2023-10-29 00:00:00,DOGE/EUR,0.06544,0.06658,0.06378,0.06578,3701435.0,242316.0714
1698624000000,2023-10-30 00:00:00,DOGE/EUR,0.06582,0.06649,0.06403,0.06571,4953017.0,323720.56688
1698710400000,2023-10-31 00:00:00,DOGE/EUR,0.06566,0.06652,0.06212,0.06464,5979150.0,386924.3897
1698796800000,2023-11-01 00:00:00,DOGE/EUR,0.0646,0.06596,0.06227,0.06522,5723594.0,366931.30025
1698883200000,2023-11-02 00:00:00,DOGE/EUR,0.06515,0.06691,0.06288,0.06407,3963533.0,257504.93724
1698969600000,2023-11-03 00:00:00,DOGE/EUR,0.06408,0.06416,0.06245,0.06356,2521213.0,159368.46668
1699056000000,2023-11-04 00:00:00,DOGE/EUR,0.06356,0.06473,0.06345,0.06445,1872741.0,119980.7605
1699142400000,2023-11-05 00:00:00,DOGE/EUR,0.06462,0.06699,0.06443,0.06634,5521211.0,363596.25989
1699228800000,2023-11-06 00:00:00,DOGE/EUR,0.06637,0.07142,0.06554,0.07142,8426319.0,579583.92559
1699315200000,2023-11-07 00:00:00,DOGE/EUR,0.0713,0.07141,0.06705,0.06868,7182246.0,496370.39778
1699401600000,2023-11-08 00:00:00,DOGE/EUR,0.06865,0.07205,0.06815,0.07045,4886527.0,342487.29363
1699488000000,2023-11-09 00:00:00,DOGE/EUR,0.07037,0.07275,0.063,0.06904,10696555.0,732202.29035
1699574400000,2023-11-10 00:00:00,DOGE/EUR,0.069,0.07084,0.06798,0.07072,4225431.0,293901.00125
1699660800000,2023-11-11 00:00:00,DOGE/EUR,0.07069,0.07685,0.06988,0.07373,11560452.0,856711.7988
1699747200000,2023-11-12 00:00:00,DOGE/EUR,0.07367,0.07536,0.07036,0.07315,6127012.0,449090.15623
1699833600000,2023-11-13 00:00:00,DOGE/EUR,0.07312,0.07457,0.06882,0.06979,6771733.0,487327.06082
1699920000000,2023-11-14 00:00:00,DOGE/EUR,0.06974,0.07064,0.06352,0.06668,5812620.0,394430.36908
1700006400000,2023-11-15 00:00:00,DOGE/EUR,0.06669,0.07064,0.06659,0.07041,3811601.0,261066.81064
1700092800000,2023-11-16 00:00:00,DOGE/EUR,0.07034,0.07693,0.07,0.07338,14743519.0,1079151.25031
1700179200000,2023-11-17 00:00:00,DOGE/EUR,0.07332,0.08069,0.07292,0.07938,17776773.0,1359283.05633
1700265600000,2023-11-18 00:00:00,DOGE/EUR,0.07933,0.07949,0.07281,0.07381,10821243.0,819877.68342
1700352000000,2023-11-19 00:00:00,DOGE/EUR,0.07374,0.07402,0.07122,0.07385,4747056.0,343784.48442
1700438400000,2023-11-20 00:00:00,DOGE/EUR,0.07386,0.07535,0.07021,0.07107,5847063.0,427611.71888
1700524800000,2023-11-21 00:00:00,DOGE/EUR,0.071,0.07193,0.065,0.06588,7884323.0,544392.48133
1700611200000,2023-11-22 00:00:00,DOGE/EUR,0.06576,0.07043,0.06566,0.06962,5023982.0,345898.36225
1700697600000,2023-11-23 00:00:00,DOGE/EUR,0.06965,0.07003,0.06882,0.06988,2459673.0,171157.58408
1700784000000,2023-11-24 00:00:00,DOGE/EUR,0.06988,0.07192,0.06978,0.07155,3484291.0,247405.21022
1700870400000,2023-11-25 00:00:00,DOGE/EUR,0.07153,0.07239,0.07084,0.07196,2075505.0,148636.86444
1700956800000,2023-11-26 00:00:00,DOGE/EUR,0.07196,0.07204,0.06884,0.07184,2406120.0,169650.8276
1701043200000,2023-11-27 00:00:00,DOGE/EUR,0.07188,0.07435,0.0702,0.072,7922929.0,576350.60566
1701129600000,2023-11-28 00:00:00,DOGE/EUR,0.07192,0.07384,0.07003,0.07356,6690590.0,484067.86695
1701216000000,2023-11-29 00:00:00,DOGE/EUR,0.07354,0.07575,0.07265,0.0734,5244431.0,388007.83423
1701302400000,2023-11-30 00:00:00,DOGE/EUR,0.07339,0.07756,0.07335,0.0767,5902286.0,446179.99969
1701388800000,2023-12-01 00:00:00,DOGE/EUR,0.07666,0.07803,0.07558,0.07718,3873960.0,298038.44997
1701475200000,2023-12-02 00:00:00,DOGE/EUR,0.07709,0.07968,0.07667,0.07934,3598486.0,281021.91756
1701561600000,2023-12-03 00:00:00,DOGE/EUR,0.07931,0.08037,0.07689,0.07874,5176043.0,406130.81187
1701648000000,2023-12-04 00:00:00,DOGE/EUR,0.07877,0.0855,0.07844,0.0848,7933920.0,651377.6412
1701734400000,2023-12-05 00:00:00,DOGE/EUR,0.08486,0.08894,0.08083,0.08747,8454950.0,718023.41577
1701820800000,2023-12-06 00:00:00,DOGE/EUR,0.08755,0.09863,0.08674,0.08826,30909187.0,2892620.51068
1701907200000,2023-12-07 00:00:00,DOGE/EUR,0.08823,0.09136,0.08615,0.08895,14388327.0,1273083.95192
1701993600000,2023-12-08 00:00:00,DOGE/EUR,0.08899,0.09656,0.08379,0.09461,13412857.0,1216739.00598
1702080000000,2023-12-09 00:00:00,DOGE/EUR,0.09462,0.098,0.09093,0.0917,11873475.0,1126235.48057
1702166400000,2023-12-10 00:00:00,DOGE/EUR,0.09183,0.09566,0.08997,0.09465,7580878.0,706281.90049
1702252800000,2023-12-11 00:00:00,DOGE/EUR,0.09475,0.09971,0.08469,0.08754,12189257.0,1106433.86686
1702339200000,2023-12-12 00:00:00,DOGE/EUR,0.0875,0.09108,0.08461,0.08692,5594438.0,491982.17506
1702425600000,2023-12-13 00:00:00,DOGE/EUR,0.08692,0.08989,0.08342,0.08874,3994123.0,345530.15622
1702512000000,2023-12-14 00:00:00,DOGE/EUR,0.08875,0.08979,0.0859,0.08952,4084249.0,361722.84181
1702598400000,2023-12-15 00:00:00,DOGE/EUR,0.08954,0.08995,0.085,0.08546,3452458.0,301585.98874
1702684800000,2023-12-16 00:00:00,DOGE/EUR,0.08549,0.08916,0.08408,0.08916,3216209.0,278339.75713
1702771200000,2023-12-17 00:00:00,DOGE/EUR,0.08914,0.08965,0.08478,0.08537,3072772.0,266221.46021
1702857600000,2023-12-18 00:00:00,DOGE/EUR,0.08534,0.08602,0.07914,0.08421,4898136.0,401674.97038
1702944000000,2023-12-19 00:00:00,DOGE/EUR,0.08404,0.08553,0.08137,0.08216,2438665.0,204069.64211
1703030400000,2023-12-20 00:00:00,DOGE/EUR,0.08216,0.08511,0.0816,0.08364,3093952.0,257706.81239
1703116800000,2023-12-21 00:00:00,DOGE/EUR,0.08364,0.089,0.0825,0.08632,6345119.0,545751.90397
1703203200000,2023-12-22 00:00:00,DOGE/EUR,0.08635,0.08693,0.08362,0.08642,3676951.0,312909.05123
1703289600000,2023-12-23 00:00:00,DOGE/EUR,0.0865,0.08651,0.08384,0.08535,2711052.0,230134.36899
1703376000000,2023-12-24 00:00:00,DOGE/EUR,0.0853,0.0868,0.08262,0.08403,3303305.0,282151.64882
1703462400000,2023-12-25 00:00:00,DOGE/EUR,0.08405,0.08734,0.08358,0.08592,3739642.0,319636.09213
1703548800000,2023-12-26 00:00:00,DOGE/EUR,0.08599,0.08601,0.0792,0.08284,3394118.0,280309.31889
1703635200000,2023-12-27 00:00:00,DOGE/EUR,0.08287,0.0846,0.0814,0.08427,1768319.0,147308.53988
1703721600000,2023-12-28 00:00:00,DOGE/EUR,0.0844,0.08552,0.08219,0.08314,2346751.0,196766.34924
1703808000000,2023-12-29 00:00:00,DOGE/EUR,0.08328,0.0842,0.08041,0.08267,2519717.0,208572.72987
1703894400000,2023-12-30 00:00:00,DOGE/EUR,0.08275,0.08304,0.08106,0.08182,1431826.0,117492.70307
1703980800000,2023-12-31 00:00:00,DOGE/EUR,0.08185,0.08255,0.07983,0.08135,860556.0,70267.36357
1704067200000,2024-01-01 00:00:00,DOGE/EUR,0.08134,0.08377,0.08051,0.08354,1482007.0,122438.63659
1704153600000,2024-01-02 00:00:00,DOGE/EUR,0.08356,0.0856,0.08284,0.08334,3091228.0,260552.57422
1704240000000,2024-01-03 00:00:00,DOGE/EUR,0.08341,0.08428,0.07,0.07537,7668063.0,586344.85383
1704326400000,2024-01-04 00:00:00,DOGE/EUR,0.07537,0.0775,0.07446,0.07693,3847152.0,292770.87806
1704412800000,2024-01-05 00:00:00,DOGE/EUR,0.07704,0.07763,0.07386,0.07584,3788284.0,286273.45727
1704499200000,2024-01-06 00:00:00,DOGE/EUR,0.07581,0.07581,0.072,0.07395,2574533.0,190623.60527
1704585600000,2024-01-07 00:00:00,DOGE/EUR,0.07388,0.07475,0.07071,0.07169,3739135.0,272865.84423
1704672000000,2024-01-08 00:00:00,DOGE/EUR,0.07168,0.07472,0.06791,0.07439,5260809.0,378500.70992
1704758400000,2024-01-09 00:00:00,DOGE/EUR,0.07438,0.07693,0.07025,0.07257,7651967.0,558116.16742
1704844800000,2024-01-10 00:00:00,DOGE/EUR,0.07256,0.07758,0.06987,0.07569,5748000.0,420057.50814
1704931200000,2024-01-11 00:00:00,DOGE/EUR,0.07581,0.0804,0.074,0.07711,6118944.0,471888.56811
1705017600000,2024-01-12 00:00:00,DOGE/EUR,0.07711,0.07805,0.07131,0.07337,5410797.0,408584.7675
1705104000000,2024-01-13 00:00:00,DOGE/EUR,0.07332,0.07456,0.0721,0.07418,1920122.0,141865.84812
1705190400000,2024-01-14 00:00:00,DOGE/EUR,0.07421,0.077,0.07293,0.07326,2830612.0,212415.1016
1705276800000,2024-01-15 00:00:00,DOGE/EUR,0.07321,0.0749,0.07304,0.07406,2404466.0,177964.83744
1705363200000,2024-01-16 00:00:00,DOGE/EUR,0.07416,0.07568,0.0735,0.07487,3218330.0,240290.82323
1705449600000,2024-01-17 00:00:00,DOGE/EUR,0.07484,0.07504,0.07314,0.07405,2303004.0,170639.7663
1705536000000,2024-01-18 00:00:00,DOGE/EUR,0.07406,0.07419,0.07081,0.07176,2257563.0,165030.63817
1705622400000,2024-01-19 00:00:00,DOGE/EUR,0.07179,0.07238,0.06884,0.07213,2262250.0,161741.47608
1705708800000,2024-01-20 00:00:00,DOGE/EUR,0.07211,0.08312,0.07184,0.08062,7280460.0,561873.39018
1705795200000,2024-01-21 00:00:00,DOGE/EUR,0.0806,0.08307,0.07783,0.07839,9879568.0,792497.77953
1705881600000,2024-01-22 00:00:00,DOGE/EUR,0.07848,0.07857,0.07363,0.07399,6173683.0,470556.4481
1705968000000,2024-01-23 00:00:00,DOGE/EUR,0.07399,0.0752,0.06979,0.07197,3935193.0,282800.73892
1706054400000,2024-01-24 00:00:00,DOGE/EUR,0.07211,0.074,0.07159,0.07261,2653507.0,192872.28785
1706140800000,2024-01-25 00:00:00,DOGE/EUR,0.07263,0.07287,0.07084,0.07195,2535063.0,181783.79271
1706227200000,2024-01-26 00:00:00,DOGE/EUR,0.07182,0.074,0.07153,0.07371,2127188.0,155662.5162
1706313600000,2024-01-27 00:00:00,DOGE/EUR,0.07363,0.0745,0.07288,0.07405,1468577.0,108261.76423
1706400000000,2024-01-28 00:00:00,DOGE/EUR,0.07401,0.07516,0.07222,0.07277,2000986.0,147708.83879
1706486400000,2024-01-29 00:00:00,DOGE/EUR,0.07277,0.0768,0.07219,0.0751,6263358.0,470306.59734
1706572800000,2024-01-30 00:00:00,DOGE/EUR,0.07516,0.07587,0.07327,0.07356,2843652.0,212991.03995
1706659200000,2024-01-31 00:00:00,DOGE/EUR,0.07362,0.07423,0.07191,0.07295,2069184.0,151455.98366
1706745600000,2024-02-01 00:00:00,DOGE/EUR,0.0729,0.07344,0.0715,0.073,1821206.0,132830.01696
1706832000000,2024-02-02 00:00:00,DOGE/EUR,0.07293,0.07372,0.07266,0.07342,1262394.0,92394.36889
1706918400000,2024-02-03 00:00:00,DOGE/EUR,0.07342,0.07366,0.07284,0.07295,562617.0,41227.02046
1707004800000,2024-02-04 00:00:00,DOGE/EUR,0.07297,0.07416,0.0723,0.07265,1571217.0,115054.54296
1707091200000,2024-02-05 00:00:00,DOGE/EUR,0.07268,0.07467,0.07183,0.0728,2662678.0,195423.5365
1707177600000,2024-02-06 00:00:00,DOGE/EUR,0.07288,0.07362,0.07239,0.07293,1946079.0,142130.75874
1707264000000,2024-02-07 00:00:00,DOGE/EUR,0.07295,0.07459,0.07265,0.07437,2411756.0,177663.81878
1707350400000,2024-02-08 00:00:00,DOGE/EUR,0.07438,0.07516,0.0738,0.0742,2634754.0,196194.70991
1707436800000,2024-02-09 00:00:00,DOGE/EUR,0.07419,0.07633,0.07419,0.07562,3387900.0,255882.96945
1707523200000,2024-02-10 00:00:00,DOGE/EUR,0.0756,0.07611,0.07438,0.07536,1703048.0,128064.75954
1707609600000,2024-02-11 00:00:00,DOGE/EUR,0.07537,0.07727,0.0745,0.07505,2918207.0,221658.17274
1707696000000,2024-02-12 00:00:00,DOGE/EUR,0.07495,0.07682,0.07351,0.07624,2502905.0,188159.44314
1707782400000,2024-02-13 00:00:00,DOGE/EUR,0.07638,0.0771,0.07432,0.07571,3312226.0,251617.24868
1707868800000,2024-02-14 00:00:00,DOGE/EUR,0.07566,0.0812,0.07518,0.07989,7270619.0,572352.58485
1707955200000,2024-02-15 00:00:00,DOGE/EUR,0.07984,0.08227,0.07813,0.07925,4505640.0,361359.33142
1708041600000,2024-02-16 00:00:00,DOGE/EUR,0.07927,0.08168,0.07815,0.07981,2998835.0,239486.81003
1708128000000,2024-02-17 00:00:00,DOGE/EUR,0.07981,0.07994,0.07579,0.07764,2437537.0,189738.42039
1708214400000,2024-02-18 00:00:00,DOGE/EUR,0.07767,0.07973,0.07699,0.07904,1369998.0,107258.06088
1708300800000,2024-02-19 00:00:00,DOGE/EUR,0.07905,0.08444,0.07891,0.08306,5623505.0,460005.37363
1708387200000,2024-02-20 00:00:00,DOGE/EUR,0.08306,0.085,0.07654,0.07974,6920233.0,556648.35513
1708473600000,2024-02-21 00:00:00,DOGE/EUR,0.07977,0.07982,0.07589,0.07814,4420768.0,342845.51468
1708560000000,2024-02-22 00:00:00,DOGE/EUR,0.07821,0.07911,0.07678,0.07778,3126815.0,243963.22135
1708646400000,2024-02-23 00:00:00,DOGE/EUR,0.07774,0.07905,0.07665,0.07812,3707702.0,288697.11977
1708732800000,2024-02-24 00:00:00,DOGE/EUR,0.07815,0.07983,0.07762,0.07958,3163694.0,250265.63684
1708819200000,2024-02-25 00:00:00,DOGE/EUR,0.07968,0.08023,0.07876,0.07956,3182658.0,253382.85447
1708905600000,2024-02-26 00:00:00,DOGE/EUR,0.07948,0.08296,0.07769,0.08223,4937512.0,394907.03978
1708992000000,2024-02-27 00:00:00,DOGE/EUR,0.08221,0.09283,0.08152,0.08999,23911271.0,2105942.0775
1709078400000,2024-02-28 00:00:00,DOGE/EUR,0.09001,0.11356,0.08695,0.1068,50175466.0,4977533.49875
1709164800000,2024-02-29 00:00:00,DOGE/EUR,0.10679,0.12432,0.10086,0.10783,55828478.0,6479991.1444
1709251200000,2024-03-01 00:00:00,DOGE/EUR,0.10776,0.13438,0.10773,0.12866,31085425.0,3730484.11176
1709337600000,2024-03-02 00:00:00,DOGE/EUR,0.12866,0.13928,0.12538,0.13102,29172821.0,3850994.35857
1709424000000,2024-03-03 00:00:00,DOGE/EUR,0.13099,0.14408,0.11469,0.14198,29708178.0,3914428.37709
1709510400000,2024-03-04 00:00:00,DOGE/EUR,0.14172,0.17082,0.13342,0.16751,35256821.0,5441194.86165
1709596800000,2024-03-05 00:00:00,DOGE/EUR,0.16782,0.19008,0.11358,0.14135,42177252.0,6550128.2938
1709683200000,2024-03-06 00:00:00,DOGE/EUR,0.14153,0.16548,0.13488,0.14506,24296363.0,3609558.69147
1709769600000,2024-03-07 00:00:00,DOGE/EUR,0.14507,0.14894,0.13447,0.14418,14085332.0,1994193.64987
1709856000000,2024-03-08 00:00:00,DOGE/EUR,0.14392,0.16075,0.1419,0.15096,21392719.0,3265469.91812
1709942400000,2024-03-09 00:00:00,DOGE/EUR,0.15135,0.16926,0.14933,0.16368,13461128.0,2167604.11408
1710028800000,2024-03-10 00:00:00,DOGE/EUR,0.16368,0.16443,0.15126,0.15555,8196142.0,1304906.16307
1710115200000,2024-03-11 00:00:00,DOGE/EUR,0.15552,0.16573,0.14603,0.16504,7356848.0,1168107.63267
1710201600000,2024-03-12 00:00:00,DOGE/EUR,0.16494,0.16609,0.14101,0.15377,7207958.0,1113352.97671
1710288000000,2024-03-13 00:00:00,DOGE/EUR,0.15384,0.15952,0.15063,0.15466,6709817.0,1045003.25736
1710374400000,2024-03-14 00:00:00,DOGE/EUR,0.15446,0.17626,0.1511,0.1629,22433966.0,3712514.26599
1710460800000,2024-03-15 00:00:00,DOGE/EUR,0.16323,0.16664,0.139,0.15006,15824223.0,2388663.77882
1710547200000,2024-03-16 00:00:00,DOGE/EUR,0.15059,0.15186,0.12705,0.13125,10132582.0,1411781.556
1710633600000,2024-03-17 00:00:00,DOGE/EUR,0.13108,0.14664,0.12572,0.14196,9729490.0,1332752.8486
1710720000000,2024-03-18 00:00:00,DOGE/EUR,0.14192,0.14192,0.1289,0.13242,7932197.0,1066432.54468
1710806400000,2024-03-19 00:00:00,DOGE/EUR,0.1317,0.13347,0.11534,0.11873,14792439.0,1797981.99843
1710892800000,2024-03-20 00:00:00,DOGE/EUR,0.11855,0.14032,0.11311,0.13929,18348482.0,2295620.36474
1710979200000,2024-03-21 00:00:00,DOGE/EUR,0.1394,0.14736,0.13415,0.14306,13599963.0,1907670.59959
1711065600000,2024-03-22 00:00:00,DOGE/EUR,0.14298,0.15272,0.13448,0.14154,16439293.0,2368974.86047
1711152000000,2024-03-23 00:00:00,DOGE/EUR,0.14165,0.16231,0.14051,0.15003,19442407.0,2959747.90249
1711238400000,2024-03-24 00:00:00,DOGE/EUR,0.14965,0.16671,0.14919,0.16336,16605343.0,2652928.7516
1711324800000,2024-03-25 00:00:00,DOGE/EUR,0.16345,0.17255,0.15742,0.16151,12760049.0,2095633.77754
1711411200000,2024-03-26 00:00:00,DOGE/EUR,0.16113,0.1726,0.161,0.16845,14824230.0,2471136.49652
1711497600000,2024-03-27 00:00:00,DOGE/EUR,0.16807,0.17745,0.16531,0.17634,19795175.0,3404172.29751
1711584000000,2024-03-28 00:00:00,DOGE/EUR,0.17607,0.21228,0.17505,0.20384,37951622.0,7417509.7148
1711670400000,2024-03-29 00:00:00,DOGE/EUR,0.204,0.20843,0.19234,0.19782,17356831.0,3459765.70039
1711756800000,2024-03-30 00:00:00,DOGE/EUR,0.19786,0.20135,0.18241,0.18493,10877147.0,2086131.72217
1711843200000,2024-03-31 00:00:00,DOGE/EUR,0.18501,0.20768,0.18501,0.20418,9585292.0,1887339.48209
1711929600000,2024-04-01 00:00:00,DOGE/EUR,0.20399,0.20399,0.18377,0.19135,10833282.0,2079329.81934
1712016000000,2024-04-02 00:00:00,DOGE/EUR,0.19106,0.19122,0.16781,0.16952,10084365.0,1758466.48779
1712102400000,2024-04-03 00:00:00,DOGE/EUR,0.1698,0.17438,0.15728,0.16182,9359035.0,1564204.75364
1712188800000,2024-04-04 00:00:00,DOGE/EUR,0.1617,0.17373,0.15872,0.16633,6917646.0,1161375.05668
1712275200000,2024-04-05 00:00:00,DOGE/EUR,0.16624,0.16688,0.15466,0.1638,3646821.0,584245.19034
1712361600000,2024-04-06 00:00:00,DOGE/EUR,0.1635,0.17362,0.16309,0.17162,4524981.0,766189.6822
1712448000000,2024-04-07 00:00:00,DOGE/EUR,0.17163,0.18959,0.1715,0.18386,7689457.0,1400379.54751
1712534400000,2024-04-08 00:00:00,DOGE/EUR,0.18354,0.19251,0.18077,0.18642,5994873.0,1127825.57112
1712620800000,2024-04-09 00:00:00,DOGE/EUR,0.18584,0.18584,0.1713,0.17436,4779272.0,849540.30389
1712707200000,2024-04-10 00:00:00,DOGE/EUR,0.17418,0.18767,0.16612,0.18508,6559198.0,1173476.1866
1712793600000,2024-04-11 00:00:00,DOGE/EUR,0.18463,0.18895,0.17693,0.18071,5734891.0,1044799.57769
1712880000000,2024-04-12 00:00:00,DOGE/EUR,0.18049,0.18814,0.15135,0.16451,11885661.0,2014324.73906
1712966400000,2024-04-13 00:00:00,DOGE/EUR,0.16423,0.1662,0.1244,0.14529,20798736.0,3051029.27771
1713052800000,2024-04-14 00:00:00,DOGE/EUR,0.14509,0.15568,0.13629,0.15321,16942355.0,2483345.49871
1713139200000,2024-04-15 00:00:00,DOGE/EUR,0.1531,0.15963,0.14154,0.15189,12695335.0,1911512.7094
1713225600000,2024-04-16 00:00:00,DOGE/EUR,0.15126,0.1532,0.13798,0.14722,9789567.0,1422086.18708
1713312000000,2024-04-17 00:00:00,DOGE/EUR,0.1465,0.14939,0.13547,0.13872,7320648.0,1044605.14701
1713398400000,2024-04-18 00:00:00,DOGE/EUR,0.13843,0.14466,0.13218,0.14329,8198107.0,1140423.88487
1713484800000,2024-04-19 00:00:00,DOGE/EUR,0.14311,0.1477,0.1311,0.14669,10762984.0,1524714.79318
1713571200000,2024-04-20 00:00:00,DOGE/EUR,0.14674,0.15571,0.14171,0.15312,8798634.0,1309415.54788
1713657600000,2024-04-21 00:00:00,DOGE/EUR,0.15312,0.15615,0.14576,0.14874,6738401.0,1019076.10385
1713744000000,2024-04-22 00:00:00,DOGE/EUR,0.14864,0.15329,0.14684,0.15146,6989630.0,1051297.47087
1713830400000,2024-04-23 00:00:00,DOGE/EUR,0.15132,0.15247,0.14696,0.14945,7577186.0,1135736.40265
1713916800000,2024-04-24 00:00:00,DOGE/EUR,0.14969,0.15406,0.13971,0.14157,9064214.0,1338968.55548
1714003200000,2024-04-25 00:00:00,DOGE/EUR,0.14129,0.14402,0.13759,0.14109,6356068.0,894077.9225
1714089600000,2024-04-26 00:00:00,DOGE/EUR,0.14116,0.14169,0.1374,0.1384,4791008.0,669466.30099
1714176000000,2024-04-27 00:00:00,DOGE/EUR,0.13847,0.14036,0.13353,0.1384,4746312.0,649505.07595
1714262400000,2024-04-28 00:00:00,DOGE/EUR,0.13848,0.14135,0.13657,0.13699,3185094.0,445514.68279
1714348800000,2024-04-29 00:00:00,DOGE/EUR,0.13698,0.13827,0.13037,0.13391,7743687.0,1028546.90027
1714435200000,2024-04-30 00:00:00,DOGE/EUR,0.13388,0.1362,0.121,0.125,8267146.0,1056316.26888
1714521600000,2024-05-01 00:00:00,DOGE/EUR,0.12488,0.1255,0.11258,0.1217,12822358.0,1525668.96256
1714608000000,2024-05-02 00:00:00,DOGE/EUR,0.12156,0.12566,0.11596,0.12311,7269255.0,883923.31938
1714694400000,2024-05-03 00:00:00,DOGE/EUR,0.12309,0.13767,0.12228,0.13593,8551405.0,1099539.20242
1714780800000,2024-05-04 00:00:00,DOGE/EUR,0.13581,0.15811,0.13578,0.14888,16922625.0,2524082.9004
1714867200000,2024-05-05 00:00:00,DOGE/EUR,0.14893,0.15192,0.14373,0.14949,8061182.0,1201090.22129
1714953600000,2024-05-06 00:00:00,DOGE/EUR,0.14967,0.15703,0.1431,0.14535,10971016.0,1645022.21816
1715040000000,2024-05-07 00:00:00,DOGE/EUR,0.14558,0.14864,0.13894,0.13967,7603110.0,1100913.31509
1715126400000,2024-05-08 00:00:00,DOGE/EUR,0.1395,0.14147,0.13206,0.13315,8113490.0,1118671.12505
1715212800000,2024-05-09 00:00:00,DOGE/EUR,0.13303,0.14292,0.13303,0.14123,7098686.0,972916.06501
1715299200000,2024-05-10 00:00:00,DOGE/EUR,0.14117,0.14269,0.13218,0.13375,8954669.0,1228288.9785
1715385600000,2024-05-11 00:00:00,DOGE/EUR,0.13378,0.13588,0.13245,0.13295,3105529.0,416019.16137
1715472000000,2024-05-12 00:00:00,DOGE/EUR,0.13282,0.13423,0.12979,0.13119,4504879.0,594205.08125
1715558400000,2024-05-13 00:00:00,DOGE/EUR,0.13119,0.14572,0.12615,0.13773,13864654.0,1892652.99905
1715644800000,2024-05-14 00:00:00,DOGE/EUR,0.1375,0.14372,0.13348,0.13459,12842379.0,1775492.52776
1715731200000,2024-05-15 00:00:00,DOGE/EUR,0.13506,0.14401,0.13426,0.1425,9382119.0,1303969.29591
1715817600000,2024-05-16 00:00:00,DOGE/EUR,0.14281,0.14609,0.13673,0.13777,7728168.0,1092586.16365
1715904000000,2024-05-17 00:00:00,DOGE/EUR,0.13774,0.14395,0.13751,0.14305,5933313.0,836225.25875
1715990400000,2024-05-18 00:00:00,DOGE/EUR,0.14298,0.14421,0.13919,0.14078,3662419.0,518687.26365
1716076800000,2024-05-19 00:00:00,DOGE/EUR,0.14088,0.14352,0.13563,0.13702,4304587.0,601904.35852
1716163200000,2024-05-20 00:00:00,DOGE/EUR,0.13705,0.15058,0.13582,0.15009,8393444.0,1191272.55579
1716249600000,2024-05-21 00:00:00,DOGE/EUR,0.15027,0.15852,0.14483,0.15593,11528491.0,1757997.1394
1716336000000,2024-05-22 00:00:00,DOGE/EUR,0.15569,0.15957,0.14925,0.15328,10002486.0,1545045.39341
1716422400000,2024-05-23 00:00:00,DOGE/EUR,0.15341,0.15601,0.14006,0.14773,12838694.0,1925143.64924
1716508800000,2024-05-24 00:00:00,DOGE/EUR,0.14754,0.1597,0.14348,0.15105,16932208.0,2559782.41305
1716595200000,2024-05-25 00:00:00,DOGE/EUR,0.15106,0.16066,0.15014,0.16036,7076801.0,1092644.72612
1716681600000,2024-05-26 00:00:00,DOGE/EUR,0.16048,0.16115,0.15267,0.15307,7512406.0,1177937.06588
1716768000000,2024-05-27 00:00:00,DOGE/EUR,0.15342,0.15978,0.15125,0.15545,7118587.0,1106234.07267
1716854400000,2024-05-28 00:00:00,DOGE/EUR,0.15551,0.15601,0.14873,0.1519,5511207.0,836901.23001
1716940800000,2024-05-29 00:00:00,DOGE/EUR,0.15201,0.1572,0.15,0.15162,8993585.0,1378393.67933
1717027200000,2024-05-30 00:00:00,DOGE/EUR,0.15163,0.15324,0.14477,0.14724,7546303.0,1122810.28324
1717113600000,2024-05-31 00:00:00,DOGE/EUR,0.14702,0.14981,0.14238,0.14655,5362891.0,786817.10359
1717200000000,2024-06-01 00:00:00,DOGE/EUR,0.14666,0.1491,0.14602,0.14765,2663213.0,392905.66857
1717286400000,2024-06-02 00:00:00,DOGE/EUR,0.14758,0.14866,0.14255,0.14475,4094531.0,595605.10959
1717372800000,2024-06-03 00:00:00,DOGE/EUR,0.14476,0.15043,0.14349,0.14516,6891352.0,1016816.74129
1717459200000,2024-06-04 00:00:00,DOGE/EUR,0.14525,0.14856,0.144,0.14808,5776514.0,845119.12372
1717545600000,2024-06-05 00:00:00,DOGE/EUR,0.14808,0.15145,0.14788,0.14984,6710727.0,1004338.84515
1717632000000,2024-06-06 00:00:00,DOGE/EUR,0.14992,0.15212,0.14546,0.14717,5492363.0,817941.2879
1717718400000,2024-06-07 00:00:00,DOGE/EUR,0.14722,0.14896,0.13,0.13741,9877871.0,1380067.6838
1717804800000,2024-06-08 00:00:00,DOGE/EUR,0.1373,0.13794,0.13317,0.13525,5507710.0,747601.7024
1717891200000,2024-06-09 00:00:00,DOGE/EUR,0.13528,0.13821,0.13434,0.13625,6906481.0,938456.78312
1717977600000,2024-06-10 00:00:00,DOGE/EUR,0.13614,0.13773,0.1331,0.13452,5057574.0,681932.11641
1718064000000,2024-06-11 00:00:00,DOGE/EUR,0.13453,0.13492,0.12459,0.12861,10176829.0,1325220.69359
