https://www.Saxcoin-b6.nl,DOT,Polkadot
unix,date,symbol,open,high,low,close,volume,total
1604016000000,2020-10-30 00:00:00,DOT/EUR,5.27,5.27,3.45,3.527,4270.353,15020.854811
1604102400000,2020-10-31 00:00:00,DOT/EUR,3.493,3.694,3.493,3.609,4081.497,14813.352473
1604188800000,2020-11-01 00:00:00,DOT/EUR,3.595,3.633,3.546,3.63,2220.461,7960.533725
1604275200000,2020-11-02 00:00:00,DOT/EUR,3.641,3.668,3.423,3.476,14574.657,51129.142938
1604361600000,2020-11-03 00:00:00,DOT/EUR,3.473,3.494,3.35,3.43,17126.773,58221.120183
1604448000000,2020-11-04 00:00:00,DOT/EUR,3.439,3.548,3.337,3.498,16333.37,56230.12557
1604534400000,2020-11-05 00:00:00,DOT/EUR,3.497,3.645,3.4,3.584,13446.696,47405.624299
1604620800000,2020-11-06 00:00:00,DOT/EUR,3.567,3.906,3.556,3.906,20799.279,78601.762326
1604707200000,2020-11-07 00:00:00,DOT/EUR,3.878,4.076,3.414,3.558,16197.429,59625.13136
1604793600000,2020-11-08 00:00:00,DOT/EUR,3.546,3.726,3.48,3.677,6620.577,24211.468456
1604880000000,2020-11-09 00:00:00,DOT/EUR,3.648,3.76,3.578,3.666,12961.919,47763.744187
1604966400000,2020-11-10 00:00:00,DOT/EUR,3.653,3.833,3.643,3.753,10857.134,40593.403938
1605052800000,2020-11-11 00:00:00,DOT/EUR,3.78,3.932,3.769,3.801,15152.84,57944.338069
1605139200000,2020-11-12 00:00:00,DOT/EUR,3.78,3.808,3.67,3.731,19037.066,70873.939195
1605225600000,2020-11-13 00:00:00,DOT/EUR,3.72,3.895,3.72,3.857,12607.423,48005.856975
1605312000000,2020-11-14 00:00:00,DOT/EUR,3.824,3.856,3.7,3.795,8533.117,32060.610312
1605398400000,2020-11-15 00:00:00,DOT/EUR,3.79,3.806,3.66,3.712,7953.567,29804.148031
1605484800000,2020-11-16 00:00:00,DOT/EUR,3.7,3.884,3.681,3.8,23752.405,89732.295825
1605571200000,2020-11-17 00:00:00,DOT/EUR,3.808,4.168,3.808,4.105,43730.827,177559.86625
1605657600000,2020-11-18 00:00:00,DOT/EUR,4.105,4.162,3.8,3.966,48027.38,190188.123829
1605744000000,2020-11-19 00:00:00,DOT/EUR,3.975,4.109,3.858,4.008,26373.307,105223.149718
1605830400000,2020-11-20 00:00:00,DOT/EUR,4.023,4.617,4.016,4.422,59129.484,264051.669278
1605916800000,2020-11-21 00:00:00,DOT/EUR,4.422,4.912,4.343,4.865,40781.425,189796.151353
1606003200000,2020-11-22 00:00:00,DOT/EUR,4.882,4.92,4.371,4.662,49289.804,229835.824981
1606089600000,2020-11-23 00:00:00,DOT/EUR,4.697,5.044,4.577,4.996,66902.112,324573.118459
1606176000000,2020-11-24 00:00:00,DOT/EUR,5.001,5.154,4.762,4.84,70541.513,346471.728588
1606262400000,2020-11-25 00:00:00,DOT/EUR,4.871,4.91,4.343,4.473,41897.962,194282.384796
1606348800000,2020-11-26 00:00:00,DOT/EUR,4.45,4.52,3.751,4.054,105620.923,423266.509458
1606435200000,2020-11-27 00:00:00,DOT/EUR,4.053,4.268,3.792,4.034,31093.391,125057.663152
1606521600000,2020-11-28 00:00:00,DOT/EUR,4.037,4.16,3.926,4.105,22852.691,93115.578336
1606608000000,2020-11-29 00:00:00,DOT/EUR,4.114,4.399,4.046,4.344,20665.866,87107.322858
1606694400000,2020-11-30 00:00:00,DOT/EUR,4.371,4.563,4.313,4.503,35529.164,158146.827486
1606780800000,2020-12-01 00:00:00,DOT/EUR,4.48,4.643,4.177,4.227,80461.316,360518.620325
1606867200000,2020-12-02 00:00:00,DOT/EUR,4.225,4.6,4.17,4.5,35113.653,155308.638864
1606953600000,2020-12-03 00:00:00,DOT/EUR,4.524,4.613,4.416,4.465,22458.625,101093.030235
1607040000000,2020-12-04 00:00:00,DOT/EUR,4.459,4.487,4.106,4.15,34442.151,147850.01165
1607126400000,2020-12-05 00:00:00,DOT/EUR,4.14,4.295,4.041,4.295,16637.19,69770.461005
1607212800000,2020-12-06 00:00:00,DOT/EUR,4.296,4.3,4.145,4.218,10858.398,45664.621432
1607299200000,2020-12-07 00:00:00,DOT/EUR,4.235,4.263,4.153,4.17,15226.629,64013.739343
1607385600000,2020-12-08 00:00:00,DOT/EUR,4.176,4.198,3.9,3.935,32992.835,132844.933631
1607472000000,2020-12-09 00:00:00,DOT/EUR,3.929,4.14,3.82,4.051,45213.652,180005.770506
1607558400000,2020-12-10 00:00:00,DOT/EUR,4.043,4.057,3.917,3.962,13790.792,54940.306505
1607644800000,2020-12-11 00:00:00,DOT/EUR,3.961,3.961,3.757,3.81,17013.598,65257.039748
1607731200000,2020-12-12 00:00:00,DOT/EUR,3.81,3.968,3.81,3.918,8928.596,34918.897758
1607817600000,2020-12-13 00:00:00,DOT/EUR,3.927,4.118,3.915,4.028,12351.108,50005.817798
1607904000000,2020-12-14 00:00:00,DOT/EUR,4.042,4.126,3.976,4.047,16272.713,65551.152686
1607990400000,2020-12-15 00:00:00,DOT/EUR,4.05,4.367,3.992,4.321,30357.369,128311.203176
1608076800000,2020-12-16 00:00:00,DOT/EUR,4.33,4.419,4.186,4.419,40670.066,175561.793697
1608163200000,2020-12-17 00:00:00,DOT/EUR,4.418,4.711,4.294,4.371,71701.686,322341.806671
1608249600000,2020-12-18 00:00:00,DOT/EUR,4.349,4.493,4.282,4.368,45537.3,199586.326829
1608336000000,2020-12-19 00:00:00,DOT/EUR,4.392,4.561,4.321,4.371,25395.831,112827.659107
1608422400000,2020-12-20 00:00:00,DOT/EUR,4.358,4.446,4.16,4.272,28757.53,123717.266916
1608508800000,2020-12-21 00:00:00,DOT/EUR,4.245,4.476,3.935,3.994,86332.198,360792.648909
1608595200000,2020-12-22 00:00:00,DOT/EUR,4.007,4.274,3.945,4.23,72632.93,300352.956996
1608681600000,2020-12-23 00:00:00,DOT/EUR,4.234,4.262,3.78,3.882,77532.49,311755.237213
1608768000000,2020-12-24 00:00:00,DOT/EUR,3.866,4.28,3.811,4.21,61367.289,251756.118676
1608854400000,2020-12-25 00:00:00,DOT/EUR,4.205,4.352,4.146,4.285,24959.131,105793.512305
1608940800000,2020-12-26 00:00:00,DOT/EUR,4.279,4.343,4.181,4.254,33591.789,143015.115024
1609027200000,2020-12-27 00:00:00,DOT/EUR,4.256,4.407,4.036,4.183,65456.685,279188.401814
1609113600000,2020-12-28 00:00:00,DOT/EUR,4.182,5.574,4.159,5.396,208953.071,1041464.010769
1609200000000,2020-12-29 00:00:00,DOT/EUR,5.425,6.297,5.059,6.13,363976.206,2026734.268295
1609286400000,2020-12-30 00:00:00,DOT/EUR,6.158,6.245,5.752,5.877,233075.715,1394517.733019
1609372800000,2020-12-31 00:00:00,DOT/EUR,5.872,7.795,5.819,7.574,373913.036,2514810.010734
1609459200000,2021-01-01 00:00:00,DOT/EUR,7.605,7.736,6.631,6.791,352631.337,2517674.321138
1609545600000,2021-01-02 00:00:00,DOT/EUR,6.78,8.034,6.373,7.414,460057.629,3346558.028272
1609632000000,2021-01-03 00:00:00,DOT/EUR,7.42,8.3,7.068,8.027,367872.214,2767323.63891
1609718400000,2021-01-04 00:00:00,DOT/EUR,8.06,8.3,7.0,7.736,358717.379,2735958.352585
1609804800000,2021-01-05 00:00:00,DOT/EUR,7.75,8.2,7.373,7.911,237058.938,1862668.164729
1609891200000,2021-01-06 00:00:00,DOT/EUR,7.917,8.5,7.706,8.18,289751.387,2342112.816212
1609977600000,2021-01-07 00:00:00,DOT/EUR,8.177,8.669,7.5,7.85,350992.046,2840425.076865
1610064000000,2021-01-08 00:00:00,DOT/EUR,7.85,8.027,7.18,7.59,229519.198,1744612.676267
1610150400000,2021-01-09 00:00:00,DOT/EUR,7.602,7.974,7.371,7.827,128011.655,983326.463112
1610236800000,2021-01-10 00:00:00,DOT/EUR,7.835,8.006,6.8,7.537,169520.853,1274090.908417
1610323200000,2021-01-11 00:00:00,DOT/EUR,7.53,7.543,5.8,6.832,418169.363,2708111.505975
1610409600000,2021-01-12 00:00:00,DOT/EUR,6.832,7.33,6.534,6.813,192140.596,1319355.45827
1610496000000,2021-01-13 00:00:00,DOT/EUR,6.824,9.379,6.5,9.012,409517.455,3358739.529801
1610582400000,2021-01-14 00:00:00,DOT/EUR,9.025,12.5,8.651,11.892,724557.244,7350592.403418
1610668800000,2021-01-15 00:00:00,DOT/EUR,11.914,12.269,9.55,10.91,964347.839,10800195.029985
1610755200000,2021-01-16 00:00:00,DOT/EUR,10.931,16.097,10.9,14.906,1877467.649,26452167.801207
1610841600000,2021-01-17 00:00:00,DOT/EUR,14.907,15.187,13.542,14.136,917578.835,13167701.528179
1610928000000,2021-01-18 00:00:00,DOT/EUR,14.14,15.064,13.0,13.731,562208.085,7968529.583524
1611014400000,2021-01-19 00:00:00,DOT/EUR,13.732,14.48,13.122,13.566,415798.492,5786785.506263
1611100800000,2021-01-20 00:00:00,DOT/EUR,13.563,15.194,12.174,14.87,771167.55,10576809.694562
1611187200000,2021-01-21 00:00:00,DOT/EUR,14.877,15.0,12.2,13.158,708788.774,9562472.852468
1611273600000,2021-01-22 00:00:00,DOT/EUR,13.159,14.853,12.07,14.087,539984.726,7459002.812955
1611360000000,2021-01-23 00:00:00,DOT/EUR,14.083,15.5,13.826,15.437,478735.381,7070457.251248
1611446400000,2021-01-24 00:00:00,DOT/EUR,15.436,15.436,14.223,14.805,337867.573,4976915.610467
1611532800000,2021-01-25 00:00:00,DOT/EUR,14.805,15.675,14.1,14.215,342407.886,5095226.804694
1611619200000,2021-01-26 00:00:00,DOT/EUR,14.215,14.686,13.209,14.094,231301.184,3227918.366269
1611705600000,2021-01-27 00:00:00,DOT/EUR,14.079,14.098,12.44,12.836,303434.361,3950615.063509
1611792000000,2021-01-28 00:00:00,DOT/EUR,12.803,14.5,12.669,13.92,324861.64,4534060.643939
1611878400000,2021-01-29 00:00:00,DOT/EUR,13.966,14.651,13.192,13.902,473341.353,6577751.408951
1611964800000,2021-01-30 00:00:00,DOT/EUR,13.91,14.1,13.335,13.653,172448.511,2352170.642637
1612051200000,2021-01-31 00:00:00,DOT/EUR,13.653,14.465,12.976,13.33,303735.944,4123331.689874
1612137600000,2021-02-01 00:00:00,DOT/EUR,13.33,13.754,12.998,13.643,206159.719,2747350.906542
1612224000000,2021-02-02 00:00:00,DOT/EUR,13.643,14.686,13.294,14.279,345237.836,4860246.082003
1612310400000,2021-02-03 00:00:00,DOT/EUR,14.305,17.426,13.946,17.384,611891.36,9698720.695552
1612396800000,2021-02-04 00:00:00,DOT/EUR,17.4,18.133,15.845,16.48,455034.804,7757317.614125
1612483200000,2021-02-05 00:00:00,DOT/EUR,16.479,17.804,16.22,17.35,339801.322,5876273.116693
1612569600000,2021-02-06 00:00:00,DOT/EUR,17.355,17.776,16.5,16.943,224761.968,3812319.702489
1612656000000,2021-02-07 00:00:00,DOT/EUR,16.973,17.313,15.4,16.462,277224.931,4535701.442773
1612742400000,2021-02-08 00:00:00,DOT/EUR,16.456,19.74,15.981,19.126,471348.892,8657196.847848
1612828800000,2021-02-09 00:00:00,DOT/EUR,19.125,19.993,18.418,19.079,297371.642,5712096.235535
1612915200000,2021-02-10 00:00:00,DOT/EUR,19.118,20.587,18.18,19.518,376867.796,7310283.902738
1613001600000,2021-02-11 00:00:00,DOT/EUR,19.527,21.261,19.228,20.698,296640.863,6118257.136941
1613088000000,2021-02-12 00:00:00,DOT/EUR,20.704,24.623,20.261,23.718,332721.93,7564373.659114
1613174400000,2021-02-13 00:00:00,DOT/EUR,23.718,25.0,22.614,23.177,239950.295,5686208.222751
1613260800000,2021-02-14 00:00:00,DOT/EUR,23.235,24.38,21.919,22.245,200598.468,4622428.867164
1613347200000,2021-02-15 00:00:00,DOT/EUR,22.294,24.399,19.2,23.007,313002.633,7088253.3753
1613433600000,2021-02-16 00:00:00,DOT/EUR,23.0,25.664,22.21,24.976,339766.666,8365187.576441
1613520000000,2021-02-17 00:00:00,DOT/EUR,24.976,27.0,24.548,26.593,416588.475,10734576.989949
1613606400000,2021-02-18 00:00:00,DOT/EUR,26.636,27.087,25.374,25.8,293477.351,7634030.205218
1613692800000,2021-02-19 00:00:00,DOT/EUR,25.803,28.929,24.527,28.745,434518.468,11784809.482099
1613779200000,2021-02-20 00:00:00,DOT/EUR,28.791,34.819,28.668,32.217,700368.467,22528392.17541
1613865600000,2021-02-21 00:00:00,DOT/EUR,32.248,33.5,31.332,32.679,269040.511,8702801.534499
1613952000000,2021-02-22 00:00:00,DOT/EUR,32.702,32.821,25.09,31.058,630379.901,18666720.497924
1614038400000,2021-02-23 00:00:00,DOT/EUR,31.032,31.152,21.421,28.488,814315.066,21647039.616057
1614124800000,2021-02-24 00:00:00,DOT/EUR,28.5,30.654,26.257,27.758,437059.432,12594373.366332
1614211200000,2021-02-25 00:00:00,DOT/EUR,27.729,29.05,25.473,25.72,267258.83,7351839.954132
1614297600000,2021-02-26 00:00:00,DOT/EUR,25.79,27.808,23.16,26.197,518390.824,13118579.340011
1614384000000,2021-02-27 00:00:00,DOT/EUR,26.205,29.686,26.095,27.907,475792.261,13486958.026341
1614470400000,2021-02-28 00:00:00,DOT/EUR,27.855,28.711,24.76,28.022,458543.261,12159794.022265
1614556800000,2021-03-01 00:00:00,DOT/EUR,28.026,29.656,27.44,29.645,290096.866,8340167.460476
1614643200000,2021-03-02 00:00:00,DOT/EUR,29.645,31.555,28.543,30.064,327996.263,9842082.201708
1614729600000,2021-03-03 00:00:00,DOT/EUR,30.028,32.082,30.028,30.859,231889.853,7238466.101281
1614816000000,2021-03-04 00:00:00,DOT/EUR,30.822,31.915,28.718,29.537,210040.697,6319805.87578
1614902400000,2021-03-05 00:00:00,DOT/EUR,29.519,29.519,26.29,28.23,267235.441,7435822.393904
1614988800000,2021-03-06 00:00:00,DOT/EUR,28.261,28.743,26.964,28.035,131031.325,3654617.001364
1615075200000,2021-03-07 00:00:00,DOT/EUR,28.058,29.6,28.058,29.484,151322.296,4372000.025487
1615161600000,2021-03-08 00:00:00,DOT/EUR,29.455,29.85,28.205,29.498,191813.566,5547739.772655
1615248000000,2021-03-09 00:00:00,DOT/EUR,29.479,32.699,29.132,32.126,294956.915,9112581.331287
1615334400000,2021-03-10 00:00:00,DOT/EUR,32.154,33.352,30.611,31.567,274698.475,8835213.985306
1615420800000,2021-03-11 00:00:00,DOT/EUR,31.575,31.937,30.14,30.804,227030.611,7018031.061788
1615507200000,2021-03-12 00:00:00,DOT/EUR,30.818,31.36,28.933,30.057,180726.047,5412025.794996
1615593600000,2021-03-13 00:00:00,DOT/EUR,30.083,31.722,29.06,30.473,165315.394,5092861.513315
1615680000000,2021-03-14 00:00:00,DOT/EUR,30.503,31.401,30.186,30.423,116068.892,3567698.694959
1615766400000,2021-03-15 00:00:00,DOT/EUR,30.421,32.128,28.536,28.849,241295.38,7194903.401751
1615852800000,2021-03-16 00:00:00,DOT/EUR,28.862,29.878,27.0,29.766,243033.607,6954017.399615
1615939200000,2021-03-17 00:00:00,DOT/EUR,29.777,30.707,28.98,30.153,169067.139,5043835.337327
1616025600000,2021-03-18 00:00:00,DOT/EUR,30.146,30.963,29.671,29.713,156868.224,4755533.252488
1616112000000,2021-03-19 00:00:00,DOT/EUR,29.709,32.688,29.15,32.156,222309.079,7003095.175741
1616198400000,2021-03-20 00:00:00,DOT/EUR,32.172,33.697,31.28,31.355,155350.487,5103387.453189
1616284800000,2021-03-21 00:00:00,DOT/EUR,31.339,32.052,30.47,30.944,110424.171,3444465.871285
1616371200000,2021-03-22 00:00:00,DOT/EUR,30.968,31.72,29.532,29.648,151279.192,4661500.828647
1616457600000,2021-03-23 00:00:00,DOT/EUR,29.636,30.525,28.754,28.93,140525.884,4151747.51515
1616544000000,2021-03-24 00:00:00,DOT/EUR,28.926,30.584,23.389,25.688,292032.611,8014008.269667
1616630400000,2021-03-25 00:00:00,DOT/EUR,25.635,26.587,24.018,25.327,455663.963,11573256.89098
1616716800000,2021-03-26 00:00:00,DOT/EUR,25.365,28.357,25.365,28.177,227764.796,6115018.410929
1616803200000,2021-03-27 00:00:00,DOT/EUR,28.171,28.446,26.416,27.643,154603.446,4255782.52743
1616889600000,2021-03-28 00:00:00,DOT/EUR,27.644,28.158,26.479,27.367,99080.285,2717867.086922
1616976000000,2021-03-29 00:00:00,DOT/EUR,27.39,29.425,26.95,29.163,227050.5,6497657.51466
1617062400000,2021-03-30 00:00:00,DOT/EUR,29.192,29.59,28.44,28.994,164885.334,4788944.199226
1617148800000,2021-03-31 00:00:00,DOT/EUR,29.033,32.596,28.436,31.598,378449.716,11580147.720985
1617235200000,2021-04-01 00:00:00,DOT/EUR,31.598,33.197,30.661,31.851,250612.186,8036827.952382
1617321600000,2021-04-02 00:00:00,DOT/EUR,31.896,35.178,31.111,34.9,291923.764,9678357.31757
1617408000000,2021-04-03 00:00:00,DOT/EUR,34.9,39.739,34.759,35.298,458589.779,17239411.106193
1617494400000,2021-04-04 00:00:00,DOT/EUR,35.309,38.556,34.781,37.687,198471.402,7422352.461236
1617580800000,2021-04-05 00:00:00,DOT/EUR,37.748,38.784,35.725,38.784,231041.07,8569584.796599
1617667200000,2021-04-06 00:00:00,DOT/EUR,38.784,39.055,35.253,36.614,240007.722,8873862.866918
1617753600000,2021-04-07 00:00:00,DOT/EUR,36.689,36.74,31.735,33.5,348406.416,11755147.344635
1617840000000,2021-04-08 00:00:00,DOT/EUR,33.479,35.001,33.156,34.701,208639.325,7141992.375449
1617926400000,2021-04-09 00:00:00,DOT/EUR,34.768,35.368,33.75,34.382,130008.132,4487489.365819
1618012800000,2021-04-10 00:00:00,DOT/EUR,34.408,35.524,33.561,34.93,147515.959,5115757.00626
1618099200000,2021-04-11 00:00:00,DOT/EUR,34.93,35.144,33.52,34.733,163383.92,5615177.668626
1618185600000,2021-04-12 00:00:00,DOT/EUR,34.733,35.086,33.118,33.931,168784.476,5774261.376739
1618272000000,2021-04-13 00:00:00,DOT/EUR,33.923,36.299,33.498,35.912,241607.191,8418048.099862
1618358400000,2021-04-14 00:00:00,DOT/EUR,35.973,37.2,33.812,35.554,274002.616,9701844.894188
1618444800000,2021-04-15 00:00:00,DOT/EUR,35.589,37.099,34.657,36.399,211836.492,7598287.201381
1618531200000,2021-04-16 00:00:00,DOT/EUR,36.388,36.667,33.52,34.7,234654.359,8233956.37077
1618617600000,2021-04-17 00:00:00,DOT/EUR,34.705,40.471,33.0,35.601,434629.15,16292477.877976
1618704000000,2021-04-18 00:00:00,DOT/EUR,35.474,35.948,28.818,31.454,575726.718,17853906.698163
1618790400000,2021-04-19 00:00:00,DOT/EUR,31.49,32.538,28.5,28.932,280765.001,8529392.932214
1618876800000,2021-04-20 00:00:00,DOT/EUR,29.005,29.823,26.201,29.561,362611.713,10224615.261233
1618963200000,2021-04-21 00:00:00,DOT/EUR,29.522,30.251,27.599,28.119,287875.467,8345336.01752
1619049600000,2021-04-22 00:00:00,DOT/EUR,28.152,30.606,27.187,27.513,382106.801,10951495.971237
1619136000000,2021-04-23 00:00:00,DOT/EUR,27.45,27.906,22.351,26.772,607828.758,15261108.300361
1619222400000,2021-04-24 00:00:00,DOT/EUR,26.772,27.05,23.777,24.13,293654.334,7419444.068628
1619308800000,2021-04-25 00:00:00,DOT/EUR,24.133,26.044,23.341,24.758,204073.801,5078273.889468
1619395200000,2021-04-26 00:00:00,DOT/EUR,24.819,27.768,24.731,27.722,318709.943,8563421.287722
1619481600000,2021-04-27 00:00:00,DOT/EUR,27.658,28.994,27.5,28.812,238845.238,6754949.736539
1619568000000,2021-04-28 00:00:00,DOT/EUR,28.834,29.33,27.045,28.026,253000.343,7052050.039373
1619654400000,2021-04-29 00:00:00,DOT/EUR,28.048,29.748,27.254,29.748,206511.174,5799137.608538
1619740800000,2021-04-30 00:00:00,DOT/EUR,29.749,30.563,29.009,30.335,249626.176,7468553.666086
1619827200000,2021-05-01 00:00:00,DOT/EUR,30.366,31.083,29.654,30.628,187408.999,5714036.911827
1619913600000,2021-05-02 00:00:00,DOT/EUR,30.691,30.949,29.556,30.526,148447.686,4502352.964327
1620000000000,2021-05-03 00:00:00,DOT/EUR,30.536,31.87,30.444,30.958,232711.816,7247644.861719
1620086400000,2021-05-04 00:00:00,DOT/EUR,30.942,31.599,28.763,29.023,349656.75,10504397.904001
1620172800000,2021-05-05 00:00:00,DOT/EUR,29.0,33.929,28.815,33.67,377503.854,12035709.143692
1620259200000,2021-05-06 00:00:00,DOT/EUR,33.644,36.5,31.687,34.522,466622.313,15835950.742627
1620345600000,2021-05-07 00:00:00,DOT/EUR,34.489,35.174,31.669,32.9,295106.345,9980745.480828
1620432000000,2021-05-08 00:00:00,DOT/EUR,32.914,33.501,31.992,32.89,144495.51,4735771.159773
1620518400000,2021-05-09 00:00:00,DOT/EUR,32.881,33.538,31.575,33.224,256740.051,8385966.631847
1620604800000,2021-05-10 00:00:00,DOT/EUR,33.266,34.472,26.801,30.232,383052.383,12078897.328215
1620691200000,2021-05-11 00:00:00,DOT/EUR,30.216,31.95,29.41,31.932,249866.786,7647060.910837
1620777600000,2021-05-12 00:00:00,DOT/EUR,31.949,35.192,28.18,29.209,469103.476,15272808.388165
1620864000000,2021-05-13 00:00:00,DOT/EUR,29.209,34.856,27.56,33.259,729716.098,23670211.468654
1620950400000,2021-05-14 00:00:00,DOT/EUR,33.197,39.666,32.683,39.652,538958.588,19366732.790227
1621036800000,2021-05-15 00:00:00,DOT/EUR,39.602,40.991,35.337,36.05,579108.293,22341659.879247
1621123200000,2021-05-16 00:00:00,DOT/EUR,36.008,38.5,32.13,35.023,417052.926,14631973.218607
1621209600000,2021-05-17 00:00:00,DOT/EUR,35.017,35.018,29.002,31.88,500773.64,15987509.134035
1621296000000,2021-05-18 00:00:00,DOT/EUR,31.948,35.0,30.925,33.38,388657.544,12757088.666704
1621382400000,2021-05-19 00:00:00,DOT/EUR,33.394,33.98,11.111,20.666,1489050.034,36778287.445426
1621468800000,2021-05-20 00:00:00,DOT/EUR,20.77,25.99,17.36,23.976,1150030.375,26559720.439575
1621555200000,2021-05-21 00:00:00,DOT/EUR,23.865,25.464,16.53,20.14,1029056.808,21466287.581136
1621641600000,2021-05-22 00:00:00,DOT/EUR,20.109,20.299,16.8,18.208,914376.484,16886279.777006
1621728000000,2021-05-23 00:00:00,DOT/EUR,18.212,19.318,11.271,14.744,1459783.196,21495444.494565
1621814400000,2021-05-24 00:00:00,DOT/EUR,14.796,19.339,13.311,19.121,1051001.073,17696673.976539
1621900800000,2021-05-25 00:00:00,DOT/EUR,19.113,19.9,16.083,18.12,788018.269,13932644.901884
1621987200000,2021-05-26 00:00:00,DOT/EUR,18.149,20.327,17.681,20.2,607820.715,11696743.03225
1622073600000,2021-05-27 00:00:00,DOT/EUR,20.193,20.493,17.951,19.65,485657.655,9399649.806775
1622160000000,2021-05-28 00:00:00,DOT/EUR,19.587,21.536,16.5,17.583,864605.268,15948922.079426
1622246400000,2021-05-29 00:00:00,DOT/EUR,17.582,18.344,15.5,16.376,380856.65,6445266.86567
1622332800000,2021-05-30 00:00:00,DOT/EUR,16.351,17.74,15.195,16.829,377079.246,6348458.148546
1622419200000,2021-05-31 00:00:00,DOT/EUR,16.829,19.163,15.71,19.046,398033.693,6939422.80205
1622505600000,2021-06-01 00:00:00,DOT/EUR,19.007,19.247,17.773,18.705,497355.488,9131456.079309
1622592000000,2021-06-02 00:00:00,DOT/EUR,18.721,22.055,18.565,21.236,520100.874,10628846.738439
1622678400000,2021-06-03 00:00:00,DOT/EUR,21.231,23.5,21.059,22.28,450637.292,10122045.416427
1622764800000,2021-06-04 00:00:00,DOT/EUR,22.281,22.284,19.451,20.603,443933.577,9100347.675624
1622851200000,2021-06-05 00:00:00,DOT/EUR,20.628,21.779,18.969,19.664,388466.64,7885509.782729
1622937600000,2021-06-06 00:00:00,DOT/EUR,19.612,20.175,19.45,19.929,210205.799,4169501.946512
1623024000000,2021-06-07 00:00:00,DOT/EUR,19.949,20.877,17.502,17.861,304925.702,6001785.762527
1623110400000,2021-06-08 00:00:00,DOT/EUR,17.86,18.346,16.103,17.811,508778.851,8820117.908219
1623196800000,2021-06-09 00:00:00,DOT/EUR,17.803,19.186,16.767,19.076,437924.302,7889973.029013
1623283200000,2021-06-10 00:00:00,DOT/EUR,19.091,20.237,18.137,18.655,443707.87,8560970.657435
1623369600000,2021-06-11 00:00:00,DOT/EUR,18.641,19.055,16.95,17.341,284205.799,5151663.85274
1623456000000,2021-06-12 00:00:00,DOT/EUR,17.296,17.605,16.172,17.171,329242.926,5573325.083322
1623542400000,2021-06-13 00:00:00,DOT/EUR,17.188,18.59,16.502,18.202,265293.13,4581236.632769
1623628800000,2021-06-14 00:00:00,DOT/EUR,18.188,21.492,17.538,21.382,649185.66,12667005.93274
1623715200000,2021-06-15 00:00:00,DOT/EUR,21.36,21.479,19.438,19.789,501593.513,10165071.003313
1623801600000,2021-06-16 00:00:00,DOT/EUR,19.769,20.261,18.588,19.23,321045.493,6218380.209263
1623888000000,2021-06-17 00:00:00,DOT/EUR,19.198,20.084,18.504,18.936,243776.196,4715263.552757
1623974400000,2021-06-18 00:00:00,DOT/EUR,18.936,18.98,17.056,18.095,295333.437,5343665.439108
1624060800000,2021-06-19 00:00:00,DOT/EUR,18.075,18.281,17.098,17.1,172031.678,3046971.545305
1624147200000,2021-06-20 00:00:00,DOT/EUR,17.102,17.733,16.0,17.373,347786.157,5855472.740236
1624233600000,2021-06-21 00:00:00,DOT/EUR,17.374,17.528,12.874,13.191,644524.463,9548084.755186
1624320000000,2021-06-22 00:00:00,DOT/EUR,13.215,14.22,10.918,12.279,1083490.739,13423268.18533
1624406400000,2021-06-23 00:00:00,DOT/EUR,12.222,14.072,11.716,13.248,587460.39,7829093.940553
1624492800000,2021-06-24 00:00:00,DOT/EUR,13.254,13.919,12.362,13.606,359769.594,4786860.2167
1624579200000,2021-06-25 00:00:00,DOT/EUR,13.631,14.032,12.116,12.134,342315.737,4397195.89123
1624665600000,2021-06-26 00:00:00,DOT/EUR,12.11,12.587,11.458,12.188,309014.283,3672418.393045
1624752000000,2021-06-27 00:00:00,DOT/EUR,12.199,12.572,11.79,12.553,213921.307,2605808.852278
1624838400000,2021-06-28 00:00:00,DOT/EUR,12.595,13.442,12.241,13.243,375635.364,4801478.907801
1624924800000,2021-06-29 00:00:00,DOT/EUR,13.25,14.327,13.196,13.692,359485.953,4972857.468865
1625011200000,2021-06-30 00:00:00,DOT/EUR,13.684,13.96,12.734,13.826,353868.645,4698950.415673
1625097600000,2021-07-01 00:00:00,DOT/EUR,13.827,13.827,12.534,12.837,252476.808,3285722.701572
1625184000000,2021-07-02 00:00:00,DOT/EUR,12.817,13.049,12.361,12.889,208614.224,2638678.713977
1625270400000,2021-07-03 00:00:00,DOT/EUR,12.889,13.289,12.657,13.062,122023.287,1590203.037822
1625356800000,2021-07-04 00:00:00,DOT/EUR,13.078,13.955,12.769,13.475,166931.062,2244863.308008
1625443200000,2021-07-05 00:00:00,DOT/EUR,13.45,13.45,12.429,12.858,243122.39,3134198.930358
1625529600000,2021-07-06 00:00:00,DOT/EUR,12.837,13.672,12.819,13.66,243329.668,3223594.595705
1625616000000,2021-07-07 00:00:00,DOT/EUR,13.639,14.981,13.613,14.284,372691.156,5328811.980086
1625702400000,2021-07-08 00:00:00,DOT/EUR,14.31,14.334,12.661,12.951,320898.016,4263871.568138
1625788800000,2021-07-09 00:00:00,DOT/EUR,12.924,13.413,12.528,13.218,209371.439,2731862.191834
1625875200000,2021-07-10 00:00:00,DOT/EUR,13.213,13.479,12.692,12.89,167616.511,2175748.508705
1625961600000,2021-07-11 00:00:00,DOT/EUR,12.894,13.24,12.784,13.046,177210.073,2310010.128715
1626048000000,2021-07-12 00:00:00,DOT/EUR,13.056,13.196,12.171,12.539,188632.563,2398684.894261
1626134400000,2021-07-13 00:00:00,DOT/EUR,12.539,12.747,11.937,12.143,194704.638,2390951.453026
1626220800000,2021-07-14 00:00:00,DOT/EUR,12.136,12.882,11.255,11.85,291724.184,3422195.902545
1626307200000,2021-07-15 00:00:00,DOT/EUR,11.861,12.11,10.957,11.234,231582.399,2621785.893219
1626393600000,2021-07-16 00:00:00,DOT/EUR,11.258,11.406,10.21,10.225,276066.956,2954161.50816
1626480000000,2021-07-17 00:00:00,DOT/EUR,10.224,10.914,9.978,10.507,269497.537,2794993.344577
1626566400000,2021-07-18 00:00:00,DOT/EUR,10.508,11.079,10.497,10.852,161534.991,1743697.904544
1626652800000,2021-07-19 00:00:00,DOT/EUR,10.829,10.887,9.697,9.828,264353.575,2648911.037595
1626739200000,2021-07-20 00:00:00,DOT/EUR,9.823,9.902,8.924,9.448,380771.567,3552456.364683
1626825600000,2021-07-21 00:00:00,DOT/EUR,9.443,11.04,9.198,10.56,441539.608,4536191.1789
1626912000000,2021-07-22 00:00:00,DOT/EUR,10.564,11.464,10.158,11.303,538922.726,5831331.087225
1626998400000,2021-07-23 00:00:00,DOT/EUR,11.307,11.611,10.606,11.487,348496.808,3873886.691405
1627084800000,2021-07-24 00:00:00,DOT/EUR,11.494,12.072,11.244,11.806,367983.584,4293291.86655
1627171200000,2021-07-25 00:00:00,DOT/EUR,11.823,11.863,11.24,11.764,263722.049,3039197.035206
1627257600000,2021-07-26 00:00:00,DOT/EUR,11.755,13.014,11.686,11.904,542311.644,6787427.860203
1627344000000,2021-07-27 00:00:00,DOT/EUR,11.854,12.466,11.374,12.279,320615.222,3794036.053694
1627430400000,2021-07-28 00:00:00,DOT/EUR,12.263,12.609,11.866,12.414,216884.337,2665576.755033
1627516800000,2021-07-29 00:00:00,DOT/EUR,12.397,13.086,12.18,12.964,250167.814,3170834.614296
1627603200000,2021-07-30 00:00:00,DOT/EUR,12.976,13.41,12.261,13.379,286422.586,3671146.165175
1627689600000,2021-07-31 00:00:00,DOT/EUR,13.376,14.472,13.187,14.278,344679.815,4781260.468236
1627776000000,2021-08-01 00:00:00,DOT/EUR,14.278,16.97,14.086,15.747,846276.723,13439502.609946
1627862400000,2021-08-02 00:00:00,DOT/EUR,15.734,16.119,14.977,15.33,396999.564,6168912.984326
1627948800000,2021-08-03 00:00:00,DOT/EUR,15.345,15.8,14.302,14.812,277520.97,4117852.351005
1628035200000,2021-08-04 00:00:00,DOT/EUR,14.821,16.715,14.577,16.355,282360.242,4452405.721058
1628121600000,2021-08-05 00:00:00,DOT/EUR,16.36,16.604,15.34,16.341,354515.054,5711094.792551
1628208000000,2021-08-06 00:00:00,DOT/EUR,16.341,17.838,15.838,17.526,268196.116,4560467.547619
1628294400000,2021-08-07 00:00:00,DOT/EUR,17.517,18.736,17.2,18.053,350533.098,6297861.048532
1628380800000,2021-08-08 00:00:00,DOT/EUR,18.052,18.27,16.541,17.006,259778.366,4539244.919492
1628467200000,2021-08-09 00:00:00,DOT/EUR,17.004,18.319,16.16,17.765,306318.698,5351635.367783
1628553600000,2021-08-10 00:00:00,DOT/EUR,17.76,18.5,17.406,17.812,296168.224,5304163.608491
1628640000000,2021-08-11 00:00:00,DOT/EUR,17.828,19.45,17.775,18.545,399548.211,7482398.306496
1628726400000,2021-08-12 00:00:00,DOT/EUR,18.537,19.319,17.237,17.985,308028.397,5573250.987181
1628812800000,2021-08-13 00:00:00,DOT/EUR,17.985,19.467,17.784,19.467,223541.956,4225065.294479
1628899200000,2021-08-14 00:00:00,DOT/EUR,19.461,20.172,18.783,19.626,187572.497,3646367.935419
1628985600000,2021-08-15 00:00:00,DOT/EUR,19.598,19.996,18.8,19.86,141206.551,2735380.525476
1629072000000,2021-08-16 00:00:00,DOT/EUR,19.87,22.137,19.573,21.115,330638.52,6972085.317561
1629158400000,2021-08-17 00:00:00,DOT/EUR,21.086,23.611,19.922,20.37,328446.354,7228888.628781
1629244800000,2021-08-18 00:00:00,DOT/EUR,20.392,21.766,19.5,20.672,218248.641,4540379.520108
1629331200000,2021-08-19 00:00:00,DOT/EUR,20.672,23.068,20.35,22.852,230069.981,4982255.351389
1629417600000,2021-08-20 00:00:00,DOT/EUR,22.873,24.34,22.371,24.061,240859.713,5687959.547319
1629504000000,2021-08-21 00:00:00,DOT/EUR,24.107,25.168,23.51,23.963,224949.993,5496063.625898
1629590400000,2021-08-22 00:00:00,DOT/EUR,23.995,24.51,22.881,23.839,171354.183,4065160.365137
1629676800000,2021-08-23 00:00:00,DOT/EUR,23.859,24.465,22.633,24.0,287964.471,6868365.946501
1629763200000,2021-08-24 00:00:00,DOT/EUR,23.962,24.206,20.901,21.64,321309.323,7323933.112561
1629849600000,2021-08-25 00:00:00,DOT/EUR,21.668,22.887,21.161,22.424,202552.212,4482767.509465
1629936000000,2021-08-26 00:00:00,DOT/EUR,22.39,22.734,20.29,20.66,161442.344,3413481.047829
1630022400000,2021-08-27 00:00:00,DOT/EUR,20.63,22.914,20.25,22.72,148877.961,3245336.688277
1630108800000,2021-08-28 00:00:00,DOT/EUR,22.66,22.86,21.7,22.18,101609.01,2251570.5814
1630195200000,2021-08-29 00:00:00,DOT/EUR,22.21,22.58,21.59,22.04,85122.65,1884663.3948
1630281600000,2021-08-30 00:00:00,DOT/EUR,22.03,23.53,20.84,22.37,225378.634,5005531.309022
1630368000000,2021-08-31 00:00:00,DOT/EUR,22.37,27.36,22.03,26.85,604269.979,15168450.58247
1630454400000,2021-09-01 00:00:00,DOT/EUR,26.83,28.79,25.33,28.25,376878.415,10074598.171122
1630540800000,2021-09-02 00:00:00,DOT/EUR,28.24,28.24,26.47,26.9,209113.34,5709169.0246
1630627200000,2021-09-03 00:00:00,DOT/EUR,26.89,28.76,26.21,28.45,267909.96,7470812.7777
1630713600000,2021-09-04 00:00:00,DOT/EUR,28.48,28.9,27.13,27.49,139740.55,3914049.683508
1630800000000,2021-09-05 00:00:00,DOT/EUR,27.53,29.46,27.14,29.15,163149.572,4630489.304524
1630886400000,2021-09-06 00:00:00,DOT/EUR,29.14,29.76,27.53,29.16,228856.256,6619820.205044
1630972800000,2021-09-07 00:00:00,DOT/EUR,29.18,30.27,19.67,24.08,624580.931,16119277.346565
1631059200000,2021-09-08 00:00:00,DOT/EUR,24.08,24.86,21.56,23.76,321399.07,7586733.4445
1631145600000,2021-09-09 00:00:00,DOT/EUR,23.77,27.29,23.09,25.52,337973.75,8520392.393
1631232000000,2021-09-10 00:00:00,DOT/EUR,25.47,27.9,23.87,24.95,380707.87,9912583.6909
1631318400000,2021-09-11 00:00:00,DOT/EUR,24.93,27.4,24.12,26.95,185824.6,4818235.3367
1631404800000,2021-09-12 00:00:00,DOT/EUR,26.95,31.09,26.18,30.54,429631.341,12370743.304681
1631491200000,2021-09-13 00:00:00,DOT/EUR,30.53,32.47,27.09,29.76,599227.866,18065695.572976
1631577600000,2021-09-14 00:00:00,DOT/EUR,29.76,33.01,29.04,31.83,387643.439,12194029.451139
1631664000000,2021-09-15 00:00:00,DOT/EUR,31.92,32.43,30.29,30.99,232708.06,7239668.6862
1631750400000,2021-09-16 00:00:00,DOT/EUR,31.06,31.43,29.0,30.23,250037.51,7510187.3988
1631836800000,2021-09-17 00:00:00,DOT/EUR,30.24,31.46,27.5,28.18,225618.23,6627460.6353
1631923200000,2021-09-18 00:00:00,DOT/EUR,28.23,30.69,27.79,29.82,154542.01,4588206.5821
1632009600000,2021-09-19 00:00:00,DOT/EUR,29.8,29.8,28.25,28.96,164067.82,4767714.013
1632096000000,2021-09-20 00:00:00,DOT/EUR,28.98,29.02,22.8,24.3,400824.42,10223306.0702
1632182400000,2021-09-21 00:00:00,DOT/EUR,24.31,26.11,21.88,22.67,386371.69,9380627.2926
1632268800000,2021-09-22 00:00:00,DOT/EUR,22.7,27.57,22.29,27.22,294650.64,7473123.5574
1632355200000,2021-09-23 00:00:00,DOT/EUR,27.23,28.8,26.12,28.65,245468.5,6710538.0862
1632441600000,2021-09-24 00:00:00,DOT/EUR,28.66,28.74,23.93,26.49,410500.03,10696604.7159
1632528000000,2021-09-25 00:00:00,DOT/EUR,26.54,27.7,25.26,25.62,190478.77,5010392.3927
1632614400000,2021-09-26 00:00:00,DOT/EUR,25.64,25.85,22.98,24.76,336418.15,8307159.0168
1632700800000,2021-09-27 00:00:00,DOT/EUR,24.73,25.92,23.65,23.79,181068.84,4472726.9106
1632787200000,2021-09-28 00:00:00,DOT/EUR,23.75,24.38,22.55,22.71,203044.35,4780501.843
1632873600000,2021-09-29 00:00:00,DOT/EUR,22.67,24.57,22.5,23.58,146910.99,3475671.3735
1632960000000,2021-09-30 00:00:00,DOT/EUR,23.59,25.06,23.48,24.74,138057.95,3359242.1132
1633046400000,2021-10-01 00:00:00,DOT/EUR,24.77,27.87,24.65,27.54,276336.94,7281959.3761
1633132800000,2021-10-02 00:00:00,DOT/EUR,27.55,28.74,27.2,27.55,173568.18,4866211.9491
1633219200000,2021-10-03 00:00:00,DOT/EUR,27.56,28.2,26.89,27.59,151979.77,4180869.6753
1633305600000,2021-10-04 00:00:00,DOT/EUR,27.54,27.56,25.87,26.78,169286.46,4525597.3283
1633392000000,2021-10-05 00:00:00,DOT/EUR,26.77,27.7,26.35,26.91,151489.89,4095459.7262
1633478400000,2021-10-06 00:00:00,DOT/EUR,26.94,28.36,25.09,27.62,249733.83,6726206.4894
1633564800000,2021-10-07 00:00:00,DOT/EUR,27.64,30.3,26.54,29.12,367237.53,10602814.4847
1633651200000,2021-10-08 00:00:00,DOT/EUR,29.12,29.5,28.36,28.59,167356.58,4847643.4911
1633737600000,2021-10-09 00:00:00,DOT/EUR,28.65,31.74,28.35,31.26,177997.07,5408344.4268
1633824000000,2021-10-10 00:00:00,DOT/EUR,31.26,32.24,29.56,29.79,158177.26,4914343.7472
1633910400000,2021-10-11 00:00:00,DOT/EUR,29.77,31.21,28.82,29.62,167859.04,5069277.6428
1633996800000,2021-10-12 00:00:00,DOT/EUR,29.61,30.79,27.85,30.54,182314.52,5303489.4881
1634083200000,2021-10-13 00:00:00,DOT/EUR,30.57,37.4,29.2,35.92,527227.973,17902516.868443
1634169600000,2021-10-14 00:00:00,DOT/EUR,35.91,36.63,33.84,35.12,268304.27,9466231.4518
1634256000000,2021-10-15 00:00:00,DOT/EUR,35.1,38.03,33.91,37.24,315035.812,11284800.797614
1634342400000,2021-10-16 00:00:00,DOT/EUR,37.28,38.48,35.53,35.91,182759.426,6741425.403139
1634428800000,2021-10-17 00:00:00,DOT/EUR,35.91,36.87,34.1,36.27,121904.12,4368758.3026
1634515200000,2021-10-18 00:00:00,DOT/EUR,36.31,37.25,34.76,35.57,130610.88,4694206.1976
1634601600000,2021-10-19 00:00:00,DOT/EUR,35.52,35.78,34.39,35.57,147911.17,5201726.4942
1634688000000,2021-10-20 00:00:00,DOT/EUR,35.57,38.72,35.3,37.9,223021.203,8266176.694809
1634774400000,2021-10-21 00:00:00,DOT/EUR,37.92,38.744,35.89,36.82,216037.9,8078829.77828
1634860800000,2021-10-22 00:00:00,DOT/EUR,36.81,39.87,36.71,37.47,234555.555,8994561.086015
1634947200000,2021-10-23 00:00:00,DOT/EUR,37.48,38.59,37.1,37.87,109071.23,4125013.7397
1635033600000,2021-10-24 00:00:00,DOT/EUR,37.86,38.06,35.6,36.52,115978.04,4264953.8484
1635120000000,2021-10-25 00:00:00,DOT/EUR,36.45,38.62,36.28,38.42,125870.46,4748145.8084
1635206400000,2021-10-26 00:00:00,DOT/EUR,38.42,39.69,37.35,38.85,160190.66,6129143.0093
1635292800000,2021-10-27 00:00:00,DOT/EUR,38.88,39.54,33.64,34.99,289557.75,10499158.3244
1635379200000,2021-10-28 00:00:00,DOT/EUR,35.0,37.32,34.47,35.9,182669.79,6607568.9732
1635465600000,2021-10-29 00:00:00,DOT/EUR,35.88,38.3,35.67,38.2,168361.19,6267818.9193
1635552000000,2021-10-30 00:00:00,DOT/EUR,38.17,38.26,36.56,37.05,88692.49,3309633.6151
1635638400000,2021-10-31 00:00:00,DOT/EUR,37.06,37.62,35.61,37.08,95498.57,3485615.0105
1635724800000,2021-11-01 00:00:00,DOT/EUR,37.16,44.63,36.28,43.33,394960.718,16235967.076467
1635811200000,2021-11-02 00:00:00,DOT/EUR,43.26,46.08,41.6,44.62,302845.042,13371546.78247
1635897600000,2021-11-03 00:00:00,DOT/EUR,44.66,47.09,42.44,46.01,267523.98,11997396.238878
1635984000000,2021-11-04 00:00:00,DOT/EUR,46.02,47.62,45.01,46.65,242951.721,11246036.6215
1636070400000,2021-11-05 00:00:00,DOT/EUR,46.69,46.75,43.98,45.1,153799.43,6946309.6183
1636156800000,2021-11-06 00:00:00,DOT/EUR,45.07,45.61,42.71,45.21,149423.37,6601790.7145
1636243200000,2021-11-07 00:00:00,DOT/EUR,45.22,46.51,44.6,45.44,119951.52,5481560.0936
1636329600000,2021-11-08 00:00:00,DOT/EUR,45.44,46.57,44.92,46.04,136202.53,6253013.844
1636416000000,2021-11-09 00:00:00,DOT/EUR,46.05,46.09,43.63,43.88,147890.95,6621950.278
1636502400000,2021-11-10 00:00:00,DOT/EUR,43.95,45.1,37.43,40.88,271801.845,11447625.69275
1636588800000,2021-11-11 00:00:00,DOT/EUR,40.84,43.3,39.82,41.67,156441.36,6579731.3857
1636675200000,2021-11-12 00:00:00,DOT/EUR,41.66,41.89,38.64,40.27,192526.63,7755105.9514
1636761600000,2021-11-13 00:00:00,DOT/EUR,40.25,41.78,39.39,41.38,110342.23,4481994.6265
1636848000000,2021-11-14 00:00:00,DOT/EUR,41.37,42.03,39.57,40.76,98504.9,4007181.1005
1636934400000,2021-11-15 00:00:00,DOT/EUR,40.79,41.5,39.26,39.48,138600.6,5613091.3229
1637020800000,2021-11-16 00:00:00,DOT/EUR,39.46,39.46,33.7,36.18,349311.45,12822364.8724
1637107200000,2021-11-17 00:00:00,DOT/EUR,36.18,37.9,34.32,37.86,226999.22,8149435.3053
1637193600000,2021-11-18 00:00:00,DOT/EUR,37.86,38.31,33.13,34.42,216635.26,7679701.4704
1637280000000,2021-11-19 00:00:00,DOT/EUR,34.4,37.45,33.81,36.6,175838.07,6293588.0721
1637366400000,2021-11-20 00:00:00,DOT/EUR,36.61,37.45,35.47,37.39,115556.7,4245152.4166
1637452800000,2021-11-21 00:00:00,DOT/EUR,37.46,38.7,36.15,37.24,138473.26,5148977.102
1637539200000,2021-11-22 00:00:00,DOT/EUR,37.3,37.44,34.61,35.17,145123.94,5174492.1363
1637625600000,2021-11-23 00:00:00,DOT/EUR,35.16,36.84,34.27,36.28,108022.44,3837802.2463
1637712000000,2021-11-24 00:00:00,DOT/EUR,36.28,36.37,34.03,34.21,110072.22,3850958.152
1637798400000,2021-11-25 00:00:00,DOT/EUR,34.22,36.48,34.01,35.2,109193.75,3853997.0698
1637884800000,2021-11-26 00:00:00,DOT/EUR,35.26,35.35,29.92,30.59,285006.84,9074173.4693
1637971200000,2021-11-27 00:00:00,DOT/EUR,30.67,31.93,30.54,31.24,97138.02,3051839.3026
1638057600000,2021-11-28 00:00:00,DOT/EUR,31.18,31.87,28.59,31.76,206948.01,6212483.2011
1638144000000,2021-11-29 00:00:00,DOT/EUR,31.74,33.29,31.41,32.88,164184.15,5318470.45
1638230400000,2021-11-30 00:00:00,DOT/EUR,32.9,34.85,31.33,33.52,172753.87,5704403.102
1638316800000,2021-12-01 00:00:00,DOT/EUR,33.51,34.24,32.07,32.51,118816.52,3948765.3896
1638403200000,2021-12-02 00:00:00,DOT/EUR,32.49,32.49,30.76,31.68,120044.25,3804393.9551
1638489600000,2021-12-03 00:00:00,DOT/EUR,31.64,32.58,28.88,29.86,169782.05,5266414.6537
1638576000000,2021-12-04 00:00:00,DOT/EUR,29.87,30.0,22.35,26.23,408184.32,10453738.7014
1638662400000,2021-12-05 00:00:00,DOT/EUR,26.25,26.58,23.45,25.04,206688.1,5169986.5773
1638748800000,2021-12-06 00:00:00,DOT/EUR,25.1,25.66,22.03,24.97,286573.01,6786910.7206
1638835200000,2021-12-07 00:00:00,DOT/EUR,24.99,28.04,24.62,27.07,261284.66,6870428.2239
1638921600000,2021-12-08 00:00:00,DOT/EUR,27.1,27.2,24.85,26.3,191817.53,4970850.5051
1639008000000,2021-12-09 00:00:00,DOT/EUR,26.35,26.6,23.78,23.86,183918.57,4574336.8966
1639094400000,2021-12-10 00:00:00,DOT/EUR,23.85,25.21,22.77,23.43,214349.29,5126222.4307
1639180800000,2021-12-11 00:00:00,DOT/EUR,23.4,24.95,22.89,24.65,172990.58,4226165.5376
1639267200000,2021-12-12 00:00:00,DOT/EUR,24.67,26.59,24.23,26.13,162134.32,4115050.6517
1639353600000,2021-12-13 00:00:00,DOT/EUR,26.16,26.42,22.66,23.05,236161.04,5780195.668
1639440000000,2021-12-14 00:00:00,DOT/EUR,23.03,23.6,22.22,23.29,162073.26,3735918.8609
1639526400000,2021-12-15 00:00:00,DOT/EUR,23.25,24.84,21.59,24.04,221789.37,5151844.5936
1639612800000,2021-12-16 00:00:00,DOT/EUR,24.05,24.63,22.69,22.98,180770.45,4303036.6356
1639699200000,2021-12-17 00:00:00,DOT/EUR,22.97,23.14,21.4,21.95,157831.12,3504619.6031
1639785600000,2021-12-18 00:00:00,DOT/EUR,21.97,22.92,21.57,22.73,107662.66,2409924.0487
1639872000000,2021-12-19 00:00:00,DOT/EUR,22.68,23.02,21.94,22.04,97642.79,2188077.2292
1639958400000,2021-12-20 00:00:00,DOT/EUR,22.03,22.24,20.63,21.33,139845.87,2985986.3834
1640044800000,2021-12-21 00:00:00,DOT/EUR,21.35,22.68,21.07,22.29,108047.9,2372528.1175
1640131200000,2021-12-22 00:00:00,DOT/EUR,22.3,24.92,22.14,24.08,194067.88,4615730.1502
1640217600000,2021-12-23 00:00:00,DOT/EUR,24.07,26.31,23.63,25.7,158921.75,3956560.0586
1640304000000,2021-12-24 00:00:00,DOT/EUR,25.7,26.22,24.66,24.91,89885.12,2308063.4607
1640390400000,2021-12-25 00:00:00,DOT/EUR,24.91,25.8,24.76,25.59,56174.13,1418462.7066
1640476800000,2021-12-26 00:00:00,DOT/EUR,25.57,28.09,25.07,27.73,137911.06,3675842.5236
1640563200000,2021-12-27 00:00:00,DOT/EUR,27.71,28.96,27.22,27.33,146464.48,4126611.7599
1640649600000,2021-12-28 00:00:00,DOT/EUR,27.33,27.34,24.3,24.65,221529.24,5687844.1646
1640736000000,2021-12-29 00:00:00,DOT/EUR,24.66,25.63,23.33,23.63,126870.64,3133187.1586
1640822400000,2021-12-30 00:00:00,DOT/EUR,23.64,25.1,23.09,24.37,95432.35,2315388.05
1640908800000,2021-12-31 00:00:00,DOT/EUR,24.3,24.87,23.08,23.45,116350.44,2784951.315
1640995200000,2022-01-01 00:00:00,DOT/EUR,23.46,25.24,23.46,25.2,66760.62,1624719.3035
1641081600000,2022-01-02 00:00:00,DOT/EUR,25.2,26.95,24.53,26.15,107626.01,2790527.1628
1641168000000,2022-01-03 00:00:00,DOT/EUR,26.15,27.24,25.23,26.62,156132.77,4110571.78
1641254400000,2022-01-04 00:00:00,DOT/EUR,26.65,27.07,25.44,25.47,105982.23,2786105.5626
1641340800000,2022-01-05 00:00:00,DOT/EUR,25.46,26.89,22.21,23.64,183420.15,4579122.0239
1641427200000,2022-01-06 00:00:00,DOT/EUR,23.63,24.27,22.57,23.71,119548.41,2784802.8413
1641513600000,2022-01-07 00:00:00,DOT/EUR,23.69,23.79,21.51,21.93,141334.87,3159854.7341
1641600000000,2022-01-08 00:00:00,DOT/EUR,21.98,22.49,20.41,21.14,119532.51,2573844.717
1641686400000,2022-01-09 00:00:00,DOT/EUR,21.16,22.39,20.89,21.73,93209.79,2019934.7905
1641772800000,2022-01-10 00:00:00,DOT/EUR,21.72,22.23,19.89,20.95,133080.79,2779720.3111
1641859200000,2022-01-11 00:00:00,DOT/EUR,20.97,22.91,20.74,22.53,93074.04,2030991.5768
1641945600000,2022-01-12 00:00:00,DOT/EUR,22.53,24.13,22.44,23.93,105677.53,2472511.6516
1642032000000,2022-01-13 00:00:00,DOT/EUR,23.9,24.24,22.47,22.52,91184.66,2123399.5635
1642118400000,2022-01-14 00:00:00,DOT/EUR,22.59,24.45,22.33,24.32,83374.95,1966173.4274
1642204800000,2022-01-15 00:00:00,DOT/EUR,24.34,24.92,23.57,24.24,68479.35,1659178.3772
1642291200000,2022-01-16 00:00:00,DOT/EUR,24.22,24.98,23.92,24.28,61771.0,1512415.3806
1642377600000,2022-01-17 00:00:00,DOT/EUR,24.3,24.35,22.07,22.56,106554.67,2455474.4131
1642464000000,2022-01-18 00:00:00,DOT/EUR,22.57,22.87,21.35,22.21,97556.02,2146551.381
1642550400000,2022-01-19 00:00:00,DOT/EUR,22.23,22.36,20.89,21.23,89570.82,1921811.8104
1642636800000,2022-01-20 00:00:00,DOT/EUR,21.29,22.61,20.24,20.4,118068.68,2550328.8618
1642723200000,2022-01-21 00:00:00,DOT/EUR,20.37,20.76,16.83,17.42,246925.093,4685558.430612
1642809600000,2022-01-22 00:00:00,DOT/EUR,17.37,17.79,14.29,16.19,306660.769,4940883.864648
1642896000000,2022-01-23 00:00:00,DOT/EUR,16.19,17.02,15.7,16.64,176043.09,2876474.9116
1642982400000,2022-01-24 00:00:00,DOT/EUR,16.63,16.63,14.03,15.95,250113.16,3767415.7052
1643068800000,2022-01-25 00:00:00,DOT/EUR,15.93,16.88,15.38,16.21,175115.9,2828736.9604
1643155200000,2022-01-26 00:00:00,DOT/EUR,16.24,17.78,15.63,16.11,244265.8,4073458.5722
1643241600000,2022-01-27 00:00:00,DOT/EUR,16.11,16.52,15.27,16.28,210922.26,3359610.9913
1643328000000,2022-01-28 00:00:00,DOT/EUR,16.26,16.58,15.62,16.48,176769.6,2853384.1839
1643414400000,2022-01-29 00:00:00,DOT/EUR,16.47,17.12,16.25,16.85,126544.57,2117040.4948
1643500800000,2022-01-30 00:00:00,DOT/EUR,16.85,17.09,16.03,16.33,128443.02,2134152.7854
1643587200000,2022-01-31 00:00:00,DOT/EUR,16.31,17.48,15.36,17.26,214946.14,3523366.4246
1643673600000,2022-02-01 00:00:00,DOT/EUR,17.23,17.81,17.04,17.38,212240.67,3694808.68
1643760000000,2022-02-02 00:00:00,DOT/EUR,17.4,18.27,16.45,16.66,221454.76,3860864.9211
1643846400000,2022-02-03 00:00:00,DOT/EUR,16.64,16.73,15.9,16.51,136881.68,2228614.4683
1643932800000,2022-02-04 00:00:00,DOT/EUR,16.54,17.94,16.36,17.92,126402.41,2157687.0238
1644019200000,2022-02-05 00:00:00,DOT/EUR,17.9,19.48,17.76,18.66,147537.7,2781916.722
1644105600000,2022-02-06 00:00:00,DOT/EUR,18.64,19.16,18.17,19.13,90246.46,1687212.9773
1644192000000,2022-02-07 00:00:00,DOT/EUR,19.15,19.89,18.71,19.58,151071.73,2939603.5206
1644278400000,2022-02-08 00:00:00,DOT/EUR,19.6,20.33,18.46,18.98,148075.03,2834367.8286
1644364800000,2022-02-09 00:00:00,DOT/EUR,19.02,19.47,18.44,19.24,87960.38,1678482.6934
1644451200000,2022-02-10 00:00:00,DOT/EUR,19.23,19.65,17.98,17.98,149410.05,2806330.9945
1644537600000,2022-02-11 00:00:00,DOT/EUR,17.98,18.21,16.4,16.74,149917.83,2636811.6891
1644624000000,2022-02-12 00:00:00,DOT/EUR,16.73,17.15,16.13,16.61,110570.9,1840301.1695
1644710400000,2022-02-13 00:00:00,DOT/EUR,16.61,17.01,16.23,16.51,77979.15,1299863.7011
1644796800000,2022-02-14 00:00:00,DOT/EUR,16.54,16.74,15.89,16.54,86790.16,1418280.6792
1644883200000,2022-02-15 00:00:00,DOT/EUR,16.56,17.9,16.51,17.75,100979.85,1747413.8275
1644969600000,2022-02-16 00:00:00,DOT/EUR,17.73,17.74,16.79,17.38,84076.33,1455677.5574
1645056000000,2022-02-17 00:00:00,DOT/EUR,17.38,17.6,15.67,16.01,107631.02,1775090.7881
1645142400000,2022-02-18 00:00:00,DOT/EUR,15.99,16.37,15.56,15.76,80542.57,1287133.7313
1645228800000,2022-02-19 00:00:00,DOT/EUR,15.76,16.11,15.33,15.78,62215.14,978353.5745
1645315200000,2022-02-20 00:00:00,DOT/EUR,15.78,15.8,14.74,14.94,93685.41,1408259.6146
1645401600000,2022-02-21 00:00:00,DOT/EUR,14.94,15.6,14.19,14.35,136837.63,2033926.9473
1645488000000,2022-02-22 00:00:00,DOT/EUR,14.33,14.75,14.0,14.67,115169.2,1649369.6892
1645574400000,2022-02-23 00:00:00,DOT/EUR,14.68,15.43,14.09,14.13,143514.01,2129286.5784
1645660800000,2022-02-24 00:00:00,DOT/EUR,14.1,14.95,12.55,14.46,271260.37,3654992.724607
1645747200000,2022-02-25 00:00:00,DOT/EUR,14.45,15.57,14.11,15.33,131482.18,1932201.3729
1645833600000,2022-02-26 00:00:00,DOT/EUR,15.33,16.67,15.27,15.99,170810.7,2752334.7883
1645920000000,2022-02-27 00:00:00,DOT/EUR,16.0,16.62,15.33,15.67,134047.72,2136883.9044
1646006400000,2022-02-28 00:00:00,DOT/EUR,15.66,17.02,14.91,16.89,165988.07,2630606.2431
1646092800000,2022-03-01 00:00:00,DOT/EUR,16.88,17.54,16.38,16.98,180591.47,3059099.7807
1646179200000,2022-03-02 00:00:00,DOT/EUR,17.0,17.32,16.53,16.74,131806.27,2223413.9151
1646265600000,2022-03-03 00:00:00,DOT/EUR,16.72,16.82,16.08,16.29,79990.71,1314158.1891
1646352000000,2022-03-04 00:00:00,DOT/EUR,16.27,16.3,15.12,15.37,101026.71,1580828.8599
1646438400000,2022-03-05 00:00:00,DOT/EUR,15.38,16.31,14.84,15.86,76275.86,1190899.7908
1646524800000,2022-03-06 00:00:00,DOT/EUR,15.85,16.1,15.14,15.62,74766.36,1172719.2881
1646611200000,2022-03-07 00:00:00,DOT/EUR,15.62,15.72,14.78,15.12,115894.16,1762915.3405
1646697600000,2022-03-08 00:00:00,DOT/EUR,15.12,15.78,15.05,15.55,94236.37,1456594.5992
1646784000000,2022-03-09 00:00:00,DOT/EUR,15.58,16.43,15.5,16.13,98645.58,1589298.5068
1646870400000,2022-03-10 00:00:00,DOT/EUR,16.14,16.2,15.1,15.43,91053.36,1406856.5762
1646956800000,2022-03-11 00:00:00,DOT/EUR,15.41,16.8,15.2,16.25,142669.77,2315846.9331
1647043200000,2022-03-12 00:00:00,DOT/EUR,16.22,17.2,16.22,16.65,110046.11,1851780.3172
1647129600000,2022-03-13 00:00:00,DOT/EUR,16.66,16.89,15.74,15.82,66224.05,1084580.8233
1647216000000,2022-03-14 00:00:00,DOT/EUR,15.82,16.32,15.64,16.19,79486.95,1270733.3128
1647302400000,2022-03-15 00:00:00,DOT/EUR,16.2,16.5,15.53,16.25,70955.16,1135162.4276
1647388800000,2022-03-16 00:00:00,DOT/EUR,16.26,17.41,16.17,17.3,129002.78,2151354.8628
1647475200000,2022-03-17 00:00:00,DOT/EUR,17.31,17.52,16.75,16.91,84138.5,1440183.899
1647561600000,2022-03-18 00:00:00,DOT/EUR,16.93,17.39,16.49,17.21,93250.76,1570643.103
1647648000000,2022-03-19 00:00:00,DOT/EUR,17.19,17.94,17.08,17.57,93266.95,1635954.6241
1647734400000,2022-03-20 00:00:00,DOT/EUR,17.56,17.62,16.6,16.89,79512.31,1355393.2258
1647820800000,2022-03-21 00:00:00,DOT/EUR,16.89,17.28,16.68,17.05,85682.38,1458196.4546
1647907200000,2022-03-22 00:00:00,DOT/EUR,17.02,18.58,16.97,18.34,139774.35,2516197.5661
1647993600000,2022-03-23 00:00:00,DOT/EUR,18.34,19.21,17.98,19.08,107572.75,2000032.2383
1648080000000,2022-03-24 00:00:00,DOT/EUR,19.12,19.53,18.47,19.32,104241.48,1988669.7352
1648166400000,2022-03-25 00:00:00,DOT/EUR,19.31,19.41,18.38,18.71,75965.45,1441227.4498
1648252800000,2022-03-26 00:00:00,DOT/EUR,18.73,19.18,18.47,19.07,51975.29,984623.2878
1648339200000,2022-03-27 00:00:00,DOT/EUR,19.07,20.48,18.9,20.47,64404.08,1256759.2737
1648425600000,2022-03-28 00:00:00,DOT/EUR,20.45,21.28,19.85,19.99,117575.58,2447000.7133
1648512000000,2022-03-29 00:00:00,DOT/EUR,20.01,20.73,19.7,20.24,110612.73,2249664.3291
1648598400000,2022-03-30 00:00:00,DOT/EUR,20.23,20.64,19.51,20.12,88907.45,1784589.5832
1648684800000,2022-03-31 00:00:00,DOT/EUR,20.13,20.79,19.08,19.3,102034.09,2034937.229
1648771200000,2022-04-01 00:00:00,DOT/EUR,19.31,20.08,18.58,20.01,105018.45,2036243.0324
1648857600000,2022-04-02 00:00:00,DOT/EUR,19.98,21.63,19.94,20.45,119125.87,2479236.9742
1648944000000,2022-04-03 00:00:00,DOT/EUR,20.48,21.35,20.42,21.02,72670.02,1520622.6894
1649030400000,2022-04-04 00:00:00,DOT/EUR,21.04,21.06,19.72,20.87,100104.9,2044189.3294
1649116800000,2022-04-05 00:00:00,DOT/EUR,20.88,21.1,19.91,19.96,79571.11,1642284.0787
1649203200000,2022-04-06 00:00:00,DOT/EUR,19.98,19.99,18.08,18.23,131481.82,2496536.5407
1649289600000,2022-04-07 00:00:00,DOT/EUR,18.26,18.99,17.89,18.81,84115.87,1555111.6539
1649376000000,2022-04-08 00:00:00,DOT/EUR,18.78,18.94,17.64,17.91,70488.91,1305252.7207
1649462400000,2022-04-09 00:00:00,DOT/EUR,17.88,18.27,17.77,18.19,39423.24,711628.7995
1649548800000,2022-04-10 00:00:00,DOT/EUR,18.2,18.64,17.63,17.68,67224.85,1219300.9352
1649635200000,2022-04-11 00:00:00,DOT/EUR,17.68,17.71,15.63,15.82,138265.81,2291568.0735
1649721600000,2022-04-12 00:00:00,DOT/EUR,15.85,16.57,15.81,16.42,120131.22,1954059.0226
1649808000000,2022-04-13 00:00:00,DOT/EUR,16.44,16.86,16.08,16.72,89234.81,1477541.2166
1649894400000,2022-04-14 00:00:00,DOT/EUR,16.68,17.01,16.17,16.57,83517.72,1385888.921
1649980800000,2022-04-15 00:00:00,DOT/EUR,16.57,17.07,16.44,17.02,58402.75,982297.544
1650067200000,2022-04-16 00:00:00,DOT/EUR,17.03,17.33,16.85,17.26,51379.35,877726.1818
1650153600000,2022-04-17 00:00:00,DOT/EUR,17.24,17.43,16.36,16.43,61407.64,1044715.4651
1650240000000,2022-04-18 00:00:00,DOT/EUR,16.41,17.06,15.88,16.88,103790.69,1704904.9385
1650326400000,2022-04-19 00:00:00,DOT/EUR,16.91,17.59,16.73,17.53,71416.03,1226020.9745
1650412800000,2022-04-20 00:00:00,DOT/EUR,17.5,18.01,17.16,17.6,152697.75,2688166.7146
1650499200000,2022-04-21 00:00:00,DOT/EUR,17.61,18.07,16.68,16.81,151141.04,2636231.7719
1650585600000,2022-04-22 00:00:00,DOT/EUR,16.77,17.17,16.72,16.95,117196.25,1987672.7987
1650672000000,2022-04-23 00:00:00,DOT/EUR,16.94,17.87,16.68,17.35,118629.42,2060917.5629
1650758400000,2022-04-24 00:00:00,DOT/EUR,17.35,17.77,16.78,16.83,108905.08,1875846.3831
1650844800000,2022-04-25 00:00:00,DOT/EUR,16.82,17.04,15.98,16.91,159809.36,2622160.9193
1650931200000,2022-04-26 00:00:00,DOT/EUR,16.91,17.08,15.45,15.7,136382.89,2217114.5853
1651017600000,2022-04-27 00:00:00,DOT/EUR,15.7,16.34,15.51,16.06,107804.7,1726631.1699
1651104000000,2022-04-28 00:00:00,DOT/EUR,16.05,16.56,15.94,16.2,138979.84,2253222.6165
1651190400000,2022-04-29 00:00:00,DOT/EUR,16.18,16.24,15.18,15.36,124486.63,1945412.6759
1651276800000,2022-04-30 00:00:00,DOT/EUR,15.38,15.6,13.51,13.8,166902.18,2441295.8574
1651363200000,2022-05-01 00:00:00,DOT/EUR,13.79,14.75,13.79,14.57,145465.46,2077085.1827
1651449600000,2022-05-02 00:00:00,DOT/EUR,14.57,14.82,13.88,14.24,165259.05,2359533.888
1651536000000,2022-05-03 00:00:00,DOT/EUR,14.25,14.48,13.81,14.0,112776.8,1599347.9331
1651622400000,2022-05-04 00:00:00,DOT/EUR,14.02,15.41,13.96,15.38,167105.52,2444745.3964
1651708800000,2022-05-05 00:00:00,DOT/EUR,15.4,15.47,13.4,13.85,231475.02,3302454.6265
1651795200000,2022-05-06 00:00:00,DOT/EUR,13.86,13.95,13.09,13.6,224250.18,3042498.3869
1651881600000,2022-05-07 00:00:00,DOT/EUR,13.61,13.64,12.71,13.05,134643.23,1793880.475
1651968000000,2022-05-08 00:00:00,DOT/EUR,13.06,13.16,12.38,12.59,172802.66,2203010.3107
1652054400000,2022-05-09 00:00:00,DOT/EUR,12.61,12.81,10.0,10.08,362336.149,4058707.21574
1652140800000,2022-05-10 00:00:00,DOT/EUR,10.09,11.78,9.79,10.8,398895.771,4377192.9741
1652227200000,2022-05-11 00:00:00,DOT/EUR,10.78,11.07,7.67,8.57,704077.438,6754789.710906
1652313600000,2022-05-12 00:00:00,DOT/EUR,8.59,9.01,6.23,8.38,633744.214,4960678.164313
1652400000000,2022-05-13 00:00:00,DOT/EUR,8.35,11.35,8.24,10.04,536326.78,5537533.3395
1652486400000,2022-05-14 00:00:00,DOT/EUR,10.05,11.12,9.39,10.87,589757.37,5981980.8728
1652572800000,2022-05-15 00:00:00,DOT/EUR,10.85,11.5,10.18,11.34,378919.43,4064634.6682
1652659200000,2022-05-16 00:00:00,DOT/EUR,11.35,11.35,9.97,10.18,425907.67,4442791.1996
1652745600000,2022-05-17 00:00:00,DOT/EUR,10.18,10.76,9.92,10.47,282126.74,2934719.6135
1652832000000,2022-05-18 00:00:00,DOT/EUR,10.47,10.57,9.01,9.05,327411.08,3161277.7139
1652918400000,2022-05-19 00:00:00,DOT/EUR,9.06,9.82,8.79,9.49,272426.73,2544258.9332
1653004800000,2022-05-20 00:00:00,DOT/EUR,9.47,9.68,8.95,9.15,233934.13,2179285.9685
1653091200000,2022-05-21 00:00:00,DOT/EUR,9.17,9.56,8.98,9.46,101794.15,944442.8683
1653177600000,2022-05-22 00:00:00,DOT/EUR,9.47,9.78,9.35,9.61,115227.19,1102986.4549
1653264000000,2022-05-23 00:00:00,DOT/EUR,9.61,10.06,9.19,9.25,237188.39,2293588.506
1653350400000,2022-05-24 00:00:00,DOT/EUR,9.25,9.56,8.92,9.5,92286.67,855793.6088
1653436800000,2022-05-25 00:00:00,DOT/EUR,9.49,9.64,9.16,9.24,105103.78,982778.0996
1653523200000,2022-05-26 00:00:00,DOT/EUR,9.24,9.35,8.26,8.51,185937.64,1630285.3183
1653609600000,2022-05-27 00:00:00,DOT/EUR,8.54,9.3,7.97,8.49,227520.9,1981670.8004
1653696000000,2022-05-28 00:00:00,DOT/EUR,8.49,9.13,8.35,9.0,113556.4,988879.8183
1653782400000,2022-05-29 00:00:00,DOT/EUR,9.01,9.35,8.71,9.31,99716.35,899948.6631
1653868800000,2022-05-30 00:00:00,DOT/EUR,9.31,10.0,9.24,9.72,132544.18,1270901.4711
1653955200000,2022-05-31 00:00:00,DOT/EUR,9.7,9.9,9.31,9.65,134685.85,1298728.3871
1654041600000,2022-06-01 00:00:00,DOT/EUR,9.65,10.01,8.7,8.88,162662.35,1543781.3876
1654128000000,2022-06-02 00:00:00,DOT/EUR,8.86,9.35,8.73,9.19,112470.79,1016005.0185
1654214400000,2022-06-03 00:00:00,DOT/EUR,9.21,9.23,8.59,8.74,80500.85,711395.2594
1654300800000,2022-06-04 00:00:00,DOT/EUR,8.75,8.92,8.54,8.8,52464.98,457924.4209
1654387200000,2022-06-05 00:00:00,DOT/EUR,8.84,8.92,8.65,8.71,46821.44,410950.6962
1654473600000,2022-06-06 00:00:00,DOT/EUR,8.72,9.24,8.69,8.89,102614.63,928026.3847
1654560000000,2022-06-07 00:00:00,DOT/EUR,8.87,8.87,8.29,8.63,119976.82,1025711.5871
1654646400000,2022-06-08 00:00:00,DOT/EUR,8.62,8.78,8.32,8.39,74330.16,632709.0046
1654732800000,2022-06-09 00:00:00,DOT/EUR,8.39,8.88,8.33,8.69,102853.91,888330.138
1654819200000,2022-06-10 00:00:00,DOT/EUR,8.69,8.8,8.12,8.23,126381.87,1066004.3209
1654905600000,2022-06-11 00:00:00,DOT/EUR,8.23,8.41,7.54,7.65,105287.49,837124.7768
1654992000000,2022-06-12 00:00:00,DOT/EUR,7.65,7.72,7.03,7.03,112689.16,829723.4191
1655078400000,2022-06-13 00:00:00,DOT/EUR,7.04,7.12,6.07,6.77,278352.793,1823795.9093
1655164800000,2022-06-14 00:00:00,DOT/EUR,6.75,7.22,6.41,7.08,184553.69,1278620.0175
1655251200000,2022-06-15 00:00:00,DOT/EUR,7.06,8.41,6.52,8.13,398465.04,2860555.0125
1655337600000,2022-06-16 00:00:00,DOT/EUR,8.13,8.17,6.63,6.76,258500.15,1891163.7453
1655424000000,2022-06-17 00:00:00,DOT/EUR,6.76,7.13,6.69,6.95,140137.37,971615.6099
1655510400000,2022-06-18 00:00:00,DOT/EUR,6.94,7.07,6.19,6.75,222959.38,1461842.593
1655596800000,2022-06-19 00:00:00,DOT/EUR,6.75,7.31,6.48,7.19,146800.95,1009247.7221
1655683200000,2022-06-20 00:00:00,DOT/EUR,7.19,7.62,6.84,7.48,147036.18,1073470.2006
1655769600000,2022-06-21 00:00:00,DOT/EUR,7.49,7.85,7.29,7.37,131712.06,1004346.187
1655856000000,2022-06-22 00:00:00,DOT/EUR,7.37,7.4,6.99,6.99,105234.07,754538.2056
1655942400000,2022-06-23 00:00:00,DOT/EUR,6.99,7.43,6.97,7.39,89570.37,647699.8121
1656028800000,2022-06-24 00:00:00,DOT/EUR,7.4,7.89,7.35,7.76,84222.22,643025.0791
1656115200000,2022-06-25 00:00:00,DOT/EUR,7.75,7.94,7.4,7.72,60714.54,463574.9009
1656201600000,2022-06-26 00:00:00,DOT/EUR,7.72,8.05,7.39,7.43,83417.29,645125.8618
1656288000000,2022-06-27 00:00:00,DOT/EUR,7.41,7.76,7.26,7.29,84607.67,636192.0347
1656374400000,2022-06-28 00:00:00,DOT/EUR,7.31,7.59,6.9,6.94,90908.75,657788.7457
1656460800000,2022-06-29 00:00:00,DOT/EUR,6.95,7.05,6.66,6.74,111308.2,762314.7966
1656547200000,2022-06-30 00:00:00,DOT/EUR,6.72,6.78,6.36,6.75,124862.19,813781.3004
1656633600000,2022-07-01 00:00:00,DOT/EUR,6.75,6.92,6.25,6.47,124073.0,809918.0007
1656720000000,2022-07-02 00:00:00,DOT/EUR,6.46,6.63,6.36,6.55,59767.26,387847.9202
1656806400000,2022-07-03 00:00:00,DOT/EUR,6.55,6.7,6.35,6.56,63864.34,414919.9983
1656892800000,2022-07-04 00:00:00,DOT/EUR,6.57,6.9,6.38,6.86,74967.94,498019.7779
1656979200000,2022-07-05 00:00:00,DOT/EUR,6.84,6.91,6.42,6.67,158063.67,1053705.9706
1657065600000,2022-07-06 00:00:00,DOT/EUR,6.67,6.87,6.52,6.79,75108.07,505837.7208
1657152000000,2022-07-07 00:00:00,DOT/EUR,6.79,7.22,6.73,7.18,110460.51,772671.3407
1657238400000,2022-07-08 00:00:00,DOT/EUR,7.19,7.31,6.84,6.9,82511.05,577726.0313
1657324800000,2022-07-09 00:00:00,DOT/EUR,6.9,7.23,6.9,7.12,49382.93,350747.5438
1657411200000,2022-07-10 00:00:00,DOT/EUR,7.13,7.13,6.64,6.74,100298.08,682648.6502
1657497600000,2022-07-11 00:00:00,DOT/EUR,6.73,6.85,6.48,6.51,78029.35,521029.5322
1657584000000,2022-07-12 00:00:00,DOT/EUR,6.49,6.61,6.24,6.25,83896.86,538083.3937
1657670400000,2022-07-13 00:00:00,DOT/EUR,6.28,6.5,6.0,6.44,87018.46,545035.0257
1657756800000,2022-07-14 00:00:00,DOT/EUR,6.48,6.75,6.27,6.7,71421.6,465048.5223
1657843200000,2022-07-15 00:00:00,DOT/EUR,6.72,6.93,6.64,6.74,69314.42,470397.1047
1657929600000,2022-07-16 00:00:00,DOT/EUR,6.74,7.15,6.5,7.11,55109.79,377500.7042
1658016000000,2022-07-17 00:00:00,DOT/EUR,7.13,7.25,6.82,6.85,61699.92,433874.1181
1658102400000,2022-07-18 00:00:00,DOT/EUR,6.84,7.61,6.84,7.55,92306.28,676332.1816
1658188800000,2022-07-19 00:00:00,DOT/EUR,7.54,7.86,7.37,7.64,112231.7,860543.5929
1658275200000,2022-07-20 00:00:00,DOT/EUR,7.63,7.89,7.25,7.32,98899.82,753571.9039
1658361600000,2022-07-21 00:00:00,DOT/EUR,7.34,7.42,7.04,7.37,83713.92,606963.4134
1658448000000,2022-07-22 00:00:00,DOT/EUR,7.37,7.74,7.11,7.17,70713.33,527730.7538
1658534400000,2022-07-23 00:00:00,DOT/EUR,7.16,7.37,6.96,7.19,69832.12,500702.0847
1658620800000,2022-07-24 00:00:00,DOT/EUR,7.19,7.42,7.16,7.26,47489.78,346420.4608
1658707200000,2022-07-25 00:00:00,DOT/EUR,7.25,7.29,6.61,6.61,103092.94,713499.0934
1658793600000,2022-07-26 00:00:00,DOT/EUR,6.62,6.7,6.46,6.7,73282.67,479588.1826
1658880000000,2022-07-27 00:00:00,DOT/EUR,6.7,7.56,6.56,7.53,106451.22,741933.5847
1658966400000,2022-07-28 00:00:00,DOT/EUR,7.53,7.93,7.36,7.71,137900.64,1049376.4398
1659052800000,2022-07-29 00:00:00,DOT/EUR,7.71,8.24,7.62,8.0,138115.37,1095817.2179
1659139200000,2022-07-30 00:00:00,DOT/EUR,8.0,8.66,7.99,8.04,109558.39,913300.4097
1659225600000,2022-07-31 00:00:00,DOT/EUR,8.05,9.02,7.93,8.46,149360.38,1269167.4163
1659312000000,2022-08-01 00:00:00,DOT/EUR,8.47,8.78,7.84,8.0,95765.87,789768.3424
1659398400000,2022-08-02 00:00:00,DOT/EUR,7.98,8.08,7.48,7.82,82965.02,643587.0098
1659484800000,2022-08-03 00:00:00,DOT/EUR,7.83,8.31,7.58,7.88,101056.12,810962.458
1659571200000,2022-08-04 00:00:00,DOT/EUR,7.88,8.14,7.73,7.92,69527.79,551366.7875
1659657600000,2022-08-05 00:00:00,DOT/EUR,7.93,8.69,7.91,8.66,99058.98,823238.534
1659744000000,2022-08-06 00:00:00,DOT/EUR,8.67,8.72,8.34,8.36,45811.59,391105.9559
1659830400000,2022-08-07 00:00:00,DOT/EUR,8.37,8.77,8.21,8.5,82515.65,699780.8992
1659916800000,2022-08-08 00:00:00,DOT/EUR,8.51,9.22,8.5,9.1,67587.55,608348.648
1660003200000,2022-08-09 00:00:00,DOT/EUR,9.11,9.3,8.47,8.71,107290.07,939583.4941
1660089600000,2022-08-10 00:00:00,DOT/EUR,8.74,9.35,8.37,9.25,113774.23,1021071.8896
1660176000000,2022-08-11 00:00:00,DOT/EUR,9.26,9.38,8.87,8.95,85023.83,774451.9759
1660262400000,2022-08-12 00:00:00,DOT/EUR,8.93,9.27,8.78,9.24,52256.42,473087.8775
1660348800000,2022-08-13 00:00:00,DOT/EUR,9.25,9.41,9.03,9.08,57441.54,530001.0011
1660435200000,2022-08-14 00:00:00,DOT/EUR,9.07,9.31,8.63,8.75,61559.51,549603.0457
1660521600000,2022-08-15 00:00:00,DOT/EUR,8.75,9.15,8.49,8.63,83462.54,725888.2834
1660608000000,2022-08-16 00:00:00,DOT/EUR,8.63,8.84,8.49,8.7,42459.55,367476.385
1660694400000,2022-08-17 00:00:00,DOT/EUR,8.71,9.01,8.19,8.22,81407.1,692756.5558
1660780800000,2022-08-18 00:00:00,DOT/EUR,8.24,8.45,7.94,8.02,53004.76,437886.993
1660867200000,2022-08-19 00:00:00,DOT/EUR,8.01,8.03,7.21,7.27,149607.4,1125086.1398
1660953600000,2022-08-20 00:00:00,DOT/EUR,7.32,7.51,7.03,7.21,65212.46,478051.8697
1661040000000,2022-08-21 00:00:00,DOT/EUR,7.21,7.53,7.15,7.42,67861.9,500193.6646
1661126400000,2022-08-22 00:00:00,DOT/EUR,7.44,7.46,7.0,7.45,94995.32,686482.884
1661212800000,2022-08-23 00:00:00,DOT/EUR,7.44,7.77,7.24,7.67,85879.95,650171.9907
1661299200000,2022-08-24 00:00:00,DOT/EUR,7.66,7.81,7.45,7.59,77241.75,591603.7503
1661385600000,2022-08-25 00:00:00,DOT/EUR,7.59,7.75,7.5,7.61,64254.12,490833.4322
1661472000000,2022-08-26 00:00:00,DOT/EUR,7.6,7.66,6.91,6.98,128047.31,931441.4873
1661558400000,2022-08-27 00:00:00,DOT/EUR,6.97,7.13,6.84,7.08,89716.07,629429.0289
1661644800000,2022-08-28 00:00:00,DOT/EUR,7.07,7.19,6.88,6.9,46630.76,330191.8226
1661731200000,2022-08-29 00:00:00,DOT/EUR,6.92,7.31,6.85,7.28,76466.64,542672.9426
1661817600000,2022-08-30 00:00:00,DOT/EUR,7.27,7.36,6.89,6.99,120430.25,864750.7684
1661904000000,2022-08-31 00:00:00,DOT/EUR,7.0,7.27,6.97,7.02,118938.9,848684.968
1661990400000,2022-09-01 00:00:00,DOT/EUR,6.99,7.23,6.75,7.21,102616.13,723754.2572
1662076800000,2022-09-02 00:00:00,DOT/EUR,7.22,7.55,7.15,7.34,80406.27,591671.8286
1662163200000,2022-09-03 00:00:00,DOT/EUR,7.34,7.35,7.22,7.32,37811.63,275284.2704
1662249600000,2022-09-04 00:00:00,DOT/EUR,7.34,7.46,7.2,7.43,35803.4,262067.0035
1662336000000,2022-09-05 00:00:00,DOT/EUR,7.45,7.7,7.33,7.4,79933.2,601727.4271
1662422400000,2022-09-06 00:00:00,DOT/EUR,7.43,7.74,6.91,6.95,122342.73,897101.9634
1662508800000,2022-09-07 00:00:00,DOT/EUR,6.94,7.29,6.85,7.2,68684.92,487545.858
1662595200000,2022-09-08 00:00:00,DOT/EUR,7.21,7.45,7.05,7.4,69169.35,501886.8625
1662681600000,2022-09-09 00:00:00,DOT/EUR,7.39,7.9,7.36,7.73,108797.44,834656.21
1662768000000,2022-09-10 00:00:00,DOT/EUR,7.73,7.93,7.54,7.73,67361.79,518429.9805
1662854400000,2022-09-11 00:00:00,DOT/EUR,7.74,7.86,7.48,7.64,47054.87,361506.7851
1662940800000,2022-09-12 00:00:00,DOT/EUR,7.64,7.95,7.51,7.57,91167.68,701223.7858
1663027200000,2022-09-13 00:00:00,DOT/EUR,7.57,7.82,7.07,7.09,120687.56,894238.8972
1663113600000,2022-09-14 00:00:00,DOT/EUR,7.07,7.31,7.04,7.22,70647.26,507776.2581
1663200000000,2022-09-15 00:00:00,DOT/EUR,7.22,7.25,6.9,6.95,92268.34,650710.1899
1663286400000,2022-09-16 00:00:00,DOT/EUR,6.95,6.97,6.72,6.89,85789.65,588823.2678
1663372800000,2022-09-17 00:00:00,DOT/EUR,6.92,7.17,6.92,7.06,56424.35,396746.7652
1663459200000,2022-09-18 00:00:00,DOT/EUR,7.05,7.05,6.33,6.44,116949.57,785236.2214
1663545600000,2022-09-19 00:00:00,DOT/EUR,6.43,6.55,6.13,6.37,158146.0,996526.9718
1663632000000,2022-09-20 00:00:00,DOT/EUR,6.39,6.4,6.2,6.31,91612.69,577392.7597
1663718400000,2022-09-21 00:00:00,DOT/EUR,6.3,6.64,6.07,6.25,148542.5,943871.7257
1663804800000,2022-09-22 00:00:00,DOT/EUR,6.23,6.64,6.2,6.53,108680.32,701538.9156
1663891200000,2022-09-23 00:00:00,DOT/EUR,6.54,6.74,6.38,6.63,108224.46,708717.1458
1663977600000,2022-09-24 00:00:00,DOT/EUR,6.64,6.7,6.43,6.47,49583.14,327765.6224
1664064000000,2022-09-25 00:00:00,DOT/EUR,6.45,6.57,6.29,6.4,82810.52,534240.3231
1664150400000,2022-09-26 00:00:00,DOT/EUR,6.4,6.84,6.37,6.79,207491.79,1381204.8601
1664236800000,2022-09-27 00:00:00,DOT/EUR,6.8,7.03,6.52,6.64,163747.18,1120003.108
1664323200000,2022-09-28 00:00:00,DOT/EUR,6.63,6.68,6.47,6.58,102872.32,677887.8735
1664409600000,2022-09-29 00:00:00,DOT/EUR,6.58,6.69,6.42,6.55,118324.95,776242.3771
1664496000000,2022-09-30 00:00:00,DOT/EUR,6.55,6.69,6.34,6.46,160264.42,1048614.2082
1664582400000,2022-10-01 00:00:00,DOT/EUR,6.45,6.47,6.35,6.41,52654.25,338183.6467
1664668800000,2022-10-02 00:00:00,DOT/EUR,6.4,6.46,6.26,6.3,68400.39,436018.572
1664755200000,2022-10-03 00:00:00,DOT/EUR,6.29,6.51,6.23,6.49,102982.81,660392.7948
1664841600000,2022-10-04 00:00:00,DOT/EUR,6.48,6.55,6.43,6.51,92869.55,603477.4223
1664928000000,2022-10-05 00:00:00,DOT/EUR,6.51,6.51,6.36,6.5,79663.15,512542.1207
1665014400000,2022-10-06 00:00:00,DOT/EUR,6.5,6.58,6.45,6.47,87915.53,572996.94
1665100800000,2022-10-07 00:00:00,DOT/EUR,6.48,6.53,6.41,6.51,66683.26,432053.2616
1665187200000,2022-10-08 00:00:00,DOT/EUR,6.51,6.57,6.44,6.49,21793.2,142139.204
1665273600000,2022-10-09 00:00:00,DOT/EUR,6.48,6.67,6.46,6.65,39856.38,262834.0052
1665360000000,2022-10-10 00:00:00,DOT/EUR,6.66,6.71,6.44,6.44,37814.07,248281.3986
1665446400000,2022-10-11 00:00:00,DOT/EUR,6.43,6.43,6.33,6.37,44263.07,282592.9229
1665532800000,2022-10-12 00:00:00,DOT/EUR,6.38,6.43,6.33,6.36,53636.26,341995.6355
1665619200000,2022-10-13 00:00:00,DOT/EUR,6.36,6.38,5.89,6.26,165394.372,1009826.39404
1665705600000,2022-10-14 00:00:00,DOT/EUR,6.27,6.41,6.18,6.21,48367.88,306172.3076
1665792000000,2022-10-15 00:00:00,DOT/EUR,6.22,6.28,6.21,6.23,23338.99,145855.4866
1665878400000,2022-10-16 00:00:00,DOT/EUR,6.24,6.43,6.24,6.35,34080.45,216007.9473
1665964800000,2022-10-17 00:00:00,DOT/EUR,6.36,6.41,6.29,6.36,40639.81,258114.7201
1666051200000,2022-10-18 00:00:00,DOT/EUR,6.36,6.4,6.17,6.24,42777.76,268879.7497
1666137600000,2022-10-19 00:00:00,DOT/EUR,6.25,6.4,6.17,6.26,42984.35,270935.9295
1666224000000,2022-10-20 00:00:00,DOT/EUR,6.23,6.29,5.97,6.01,68274.6,419027.4628
1666310400000,2022-10-21 00:00:00,DOT/EUR,6.01,6.03,5.87,5.92,98809.03,587050.959
1666396800000,2022-10-22 00:00:00,DOT/EUR,5.92,5.96,5.85,5.93,49099.59,290466.5944
1666483200000,2022-10-23 00:00:00,DOT/EUR,5.94,6.06,5.84,6.03,46691.9,277846.5369
1666569600000,2022-10-24 00:00:00,DOT/EUR,6.05,6.08,5.89,5.98,60978.24,363340.9847
1666656000000,2022-10-25 00:00:00,DOT/EUR,5.98,6.63,5.97,6.46,115325.12,729974.3574
1666742400000,2022-10-26 00:00:00,DOT/EUR,6.48,6.6,6.38,6.4,63133.55,409791.1579
1666828800000,2022-10-27 00:00:00,DOT/EUR,6.4,6.59,6.31,6.35,58482.23,377264.6755
1666915200000,2022-10-28 00:00:00,DOT/EUR,6.36,6.61,6.29,6.56,57586.66,372234.0936
1667001600000,2022-10-29 00:00:00,DOT/EUR,6.55,6.79,6.52,6.66,60615.87,402923.7253
1667088000000,2022-10-30 00:00:00,DOT/EUR,6.66,6.77,6.55,6.68,46157.21,306045.7434
1667174400000,2022-10-31 00:00:00,DOT/EUR,6.7,6.88,6.61,6.71,69521.22,468478.7201
1667260800000,2022-11-01 00:00:00,DOT/EUR,6.7,6.76,6.54,6.54,47753.6,317649.589
1667347200000,2022-11-02 00:00:00,DOT/EUR,6.54,6.56,6.29,6.37,80971.2,521144.4592
1667433600000,2022-11-03 00:00:00,DOT/EUR,6.38,6.68,6.36,6.58,85104.14,562062.2942
1667520000000,2022-11-04 00:00:00,DOT/EUR,6.59,7.14,6.55,7.1,186865.57,1287111.0341
1667606400000,2022-11-05 00:00:00,DOT/EUR,7.11,7.29,6.97,7.06,116630.03,831491.2185
1667692800000,2022-11-06 00:00:00,DOT/EUR,7.08,7.18,6.85,6.88,59409.64,419929.9105
1667779200000,2022-11-07 00:00:00,DOT/EUR,6.87,7.44,6.71,7.11,94626.48,668725.0502
1667865600000,2022-11-08 00:00:00,DOT/EUR,7.12,7.21,6.03,6.27,194339.44,1260170.4731
1667952000000,2022-11-09 00:00:00,DOT/EUR,6.28,6.34,5.38,5.43,280184.387,1662776.208299
1668038400000,2022-11-10 00:00:00,DOT/EUR,5.43,6.09,5.36,5.87,255759.24,1481314.468
1668124800000,2022-11-11 00:00:00,DOT/EUR,5.86,5.9,5.36,5.58,163829.46,912922.8585
1668211200000,2022-11-12 00:00:00,DOT/EUR,5.59,5.72,5.4,5.62,76436.95,425979.1407
1668297600000,2022-11-13 00:00:00,DOT/EUR,5.62,5.81,5.47,5.59,99978.27,562126.018
1668384000000,2022-11-14 00:00:00,DOT/EUR,5.57,5.71,5.28,5.67,81942.82,452164.9669
1668470400000,2022-11-15 00:00:00,DOT/EUR,5.68,5.83,5.63,5.72,52143.67,298722.0501
1668556800000,2022-11-16 00:00:00,DOT/EUR,5.73,5.79,5.39,5.49,62058.49,343811.3681
1668643200000,2022-11-17 00:00:00,DOT/EUR,5.5,5.53,5.4,5.47,44385.49,242785.6631
1668729600000,2022-11-18 00:00:00,DOT/EUR,5.47,5.56,5.43,5.47,34359.2,188988.1165
1668816000000,2022-11-19 00:00:00,DOT/EUR,5.46,5.47,5.36,5.42,33262.67,179595.294
1668902400000,2022-11-20 00:00:00,DOT/EUR,5.42,5.46,5.08,5.13,49587.79,261491.79462
1668988800000,2022-11-21 00:00:00,DOT/EUR,5.12,5.14,4.95,5.06,79890.17,404468.587981
1669075200000,2022-11-22 00:00:00,DOT/EUR,5.05,5.17,4.87,5.12,124960.29,624393.4997
1669161600000,2022-11-23 00:00:00,DOT/EUR,5.13,5.3,5.09,5.23,42697.67,221896.875
1669248000000,2022-11-24 00:00:00,DOT/EUR,5.22,5.29,5.11,5.18,46248.33,240383.769
1669334400000,2022-11-25 00:00:00,DOT/EUR,5.18,5.18,5.05,5.07,38247.81,194499.9239
1669420800000,2022-11-26 00:00:00,DOT/EUR,5.06,5.25,5.05,5.1,35231.26,181490.2493
1669507200000,2022-11-27 00:00:00,DOT/EUR,5.1,5.23,5.08,5.11,48008.34,247980.3884
1669593600000,2022-11-28 00:00:00,DOT/EUR,5.11,5.13,4.89,4.97,58561.26,290973.798
1669680000000,2022-11-29 00:00:00,DOT/EUR,4.96,5.17,4.92,5.15,54820.82,279245.2244
1669766400000,2022-11-30 00:00:00,DOT/EUR,5.15,5.32,5.15,5.24,58687.67,306588.5773
1669852800000,2022-12-01 00:00:00,DOT/EUR,5.26,5.26,5.07,5.14,29809.18,153635.9689
1669939200000,2022-12-02 00:00:00,DOT/EUR,5.15,5.43,5.12,5.33,63921.9,339064.7452
1670025600000,2022-12-03 00:00:00,DOT/EUR,5.35,5.42,5.2,5.22,59238.01,314335.6101
1670112000000,2022-12-04 00:00:00,DOT/EUR,5.22,5.34,5.22,5.32,57951.11,305067.1859
1670198400000,2022-12-05 00:00:00,DOT/EUR,5.32,5.44,5.2,5.23,31382.11,167337.0614
1670284800000,2022-12-06 00:00:00,DOT/EUR,5.23,5.27,5.18,5.26,17677.56,92323.9927
1670371200000,2022-12-07 00:00:00,DOT/EUR,5.24,5.28,5.0,5.04,41181.99,208745.2577
1670457600000,2022-12-08 00:00:00,DOT/EUR,5.04,5.21,5.01,5.14,44682.66,227340.4734
1670544000000,2022-12-09 00:00:00,DOT/EUR,5.15,5.15,4.99,5.03,27987.12,141652.0517
1670630400000,2022-12-10 00:00:00,DOT/EUR,5.04,5.05,4.99,5.0,26637.04,133803.1282
1670716800000,2022-12-11 00:00:00,DOT/EUR,5.01,5.05,4.85,4.92,39619.78,196489.3394
1670803200000,2022-12-12 00:00:00,DOT/EUR,4.91,4.94,4.78,4.91,69044.78,335950.1389
1670889600000,2022-12-13 00:00:00,DOT/EUR,4.91,5.02,4.73,4.97,89544.65,438093.4885
1670976000000,2022-12-14 00:00:00,DOT/EUR,4.97,5.03,4.854,4.88,50824.0,251860.10186
1671062400000,2022-12-15 00:00:00,DOT/EUR,4.883,4.939,4.801,4.915,111444.73,545149.58754
1671148800000,2022-12-16 00:00:00,DOT/EUR,4.918,4.933,4.278,4.397,234869.32,1090265.36963
1671235200000,2022-12-17 00:00:00,DOT/EUR,4.4,4.466,4.335,4.455,91770.58,405363.72816
1671321600000,2022-12-18 00:00:00,DOT/EUR,4.46,4.46,4.363,4.396,28196.19,124146.30184
1671408000000,2022-12-19 00:00:00,DOT/EUR,4.401,4.44,4.161,4.218,84598.73,362629.37074
1671494400000,2022-12-20 00:00:00,DOT/EUR,4.221,4.37,4.206,4.342,84118.06,363263.18537
1671580800000,2022-12-21 00:00:00,DOT/EUR,4.34,4.345,4.19,4.229,73814.39,312791.03089
1671667200000,2022-12-22 00:00:00,DOT/EUR,4.225,4.273,4.124,4.272,82215.92,344832.97932
1671753600000,2022-12-23 00:00:00,DOT/EUR,4.274,4.282,4.203,4.213,71442.23,303144.477
1671840000000,2022-12-24 00:00:00,DOT/EUR,4.215,4.228,4.173,4.19,17585.18,73800.21492
1671926400000,2022-12-25 00:00:00,DOT/EUR,4.184,4.234,4.141,4.231,26253.36,109494.73192
1672012800000,2022-12-26 00:00:00,DOT/EUR,4.231,4.289,4.205,4.282,28054.89,118764.74969
1672099200000,2022-12-27 00:00:00,DOT/EUR,4.287,4.295,4.193,4.211,68664.68,290316.10234
1672185600000,2022-12-28 00:00:00,DOT/EUR,4.213,4.213,3.994,4.028,112211.0,456910.1309
1672272000000,2022-12-29 00:00:00,DOT/EUR,4.029,4.093,3.974,4.044,55199.08,222815.53348
1672358400000,2022-12-30 00:00:00,DOT/EUR,4.042,4.055,3.971,4.038,50546.3,202841.83027
1672444800000,2022-12-31 00:00:00,DOT/EUR,4.044,4.1,4.011,4.013,34182.5,138870.46382
1672531200000,2023-01-01 00:00:00,DOT/EUR,4.02,4.086,3.986,4.068,33719.51,136172.70458
1672617600000,2023-01-02 00:00:00,DOT/EUR,4.071,4.244,4.023,4.198,68361.32,285668.09031
1672704000000,2023-01-03 00:00:00,DOT/EUR,4.201,4.3,4.17,4.294,56069.87,238498.1691
1672790400000,2023-01-04 00:00:00,DOT/EUR,4.29,4.5,4.29,4.365,72318.4,316423.02343
1672876800000,2023-01-05 00:00:00,DOT/EUR,4.368,4.407,4.282,4.391,68645.68,298306.13099
1672963200000,2023-01-06 00:00:00,DOT/EUR,4.396,4.428,4.329,4.401,66993.16,293545.02855
1673049600000,2023-01-07 00:00:00,DOT/EUR,4.401,4.417,4.358,4.383,39298.32,172204.6867
1673136000000,2023-01-08 00:00:00,DOT/EUR,4.386,4.524,4.321,4.524,68213.02,301524.00299
1673222400000,2023-01-09 00:00:00,DOT/EUR,4.533,4.76,4.503,4.553,161235.87,747010.66792
1673308800000,2023-01-10 00:00:00,DOT/EUR,4.563,4.68,4.5,4.584,50655.67,232163.79366
1673395200000,2023-01-11 00:00:00,DOT/EUR,4.585,4.773,4.496,4.771,54523.57,250872.90877
1673481600000,2023-01-12 00:00:00,DOT/EUR,4.773,4.848,4.6,4.819,119942.13,570713.367
1673568000000,2023-01-13 00:00:00,DOT/EUR,4.832,5.019,4.762,4.99,79565.17,388467.84256
1673654400000,2023-01-14 00:00:00,DOT/EUR,4.992,6.01,4.987,5.559,891437.51,4972501.43521
1673740800000,2023-01-15 00:00:00,DOT/EUR,5.564,5.593,5.324,5.479,208271.8,1137547.49535
1673827200000,2023-01-16 00:00:00,DOT/EUR,5.477,5.8,5.192,5.371,232591.94,1252027.71267
1673913600000,2023-01-17 00:00:00,DOT/EUR,5.359,5.739,5.27,5.52,207547.47,1149267.85377
1674000000000,2023-01-18 00:00:00,DOT/EUR,5.521,5.716,5.187,5.234,369841.59,2007708.55756
1674086400000,2023-01-19 00:00:00,DOT/EUR,5.236,5.39,5.234,5.361,87524.61,466294.5405
1674172800000,2023-01-20 00:00:00,DOT/EUR,5.36,5.799,5.32,5.766,143305.53,797002.75958
1674259200000,2023-01-21 00:00:00,DOT/EUR,5.768,5.95,5.556,5.747,264079.8,1522665.90115
1674345600000,2023-01-22 00:00:00,DOT/EUR,5.747,5.949,5.609,5.717,147140.64,848220.41922
1674432000000,2023-01-23 00:00:00,DOT/EUR,5.714,6.279,5.707,6.034,392323.52,2365867.72978
1674518400000,2023-01-24 00:00:00,DOT/EUR,6.042,6.165,5.628,5.681,195829.48,1166051.59262
1674604800000,2023-01-25 00:00:00,DOT/EUR,5.684,6.013,5.526,5.86,257443.19,1474783.29105
1674691200000,2023-01-26 00:00:00,DOT/EUR,5.864,6.022,5.788,5.941,199134.3,1178913.20867
1674777600000,2023-01-27 00:00:00,DOT/EUR,5.95,6.096,5.757,6.062,154454.88,917508.33612
1674864000000,2023-01-28 00:00:00,DOT/EUR,6.065,6.133,5.825,5.896,113038.58,672644.09469
1674950400000,2023-01-29 00:00:00,DOT/EUR,5.886,6.166,5.827,6.081,154564.1,931576.55011
1675036800000,2023-01-30 00:00:00,DOT/EUR,6.084,6.115,5.561,5.707,150360.83,870718.37502
1675123200000,2023-01-31 00:00:00,DOT/EUR,5.711,5.823,5.665,5.769,83354.94,479531.64935
1675209600000,2023-02-01 00:00:00,DOT/EUR,5.769,5.906,5.531,5.874,165239.42,942697.5751
1675296000000,2023-02-02 00:00:00,DOT/EUR,5.89,6.325,5.863,6.005,232702.03,1418789.1568
1675382400000,2023-02-03 00:00:00,DOT/EUR,6.006,6.578,5.974,6.495,192685.62,1217307.64267
1675468800000,2023-02-04 00:00:00,DOT/EUR,6.494,6.55,6.33,6.364,68328.59,439166.5762
1675555200000,2023-02-05 00:00:00,DOT/EUR,6.365,6.38,6.044,6.162,139690.4,863328.14907
1675641600000,2023-02-06 00:00:00,DOT/EUR,6.162,6.311,5.963,6.054,124654.93,771173.38903
1675728000000,2023-02-07 00:00:00,DOT/EUR,6.043,6.48,6.043,6.473,119546.73,751348.98877
1675814400000,2023-02-08 00:00:00,DOT/EUR,6.482,6.537,6.178,6.302,105523.8,669685.1596
1675900800000,2023-02-09 00:00:00,DOT/EUR,6.31,6.492,5.677,5.814,328923.86,2031494.69691
1675987200000,2023-02-10 00:00:00,DOT/EUR,5.807,5.905,5.734,5.8,122884.43,715213.58851
1676073600000,2023-02-11 00:00:00,DOT/EUR,5.809,5.89,5.772,5.872,34913.24,203585.03499
1676160000000,2023-02-12 00:00:00,DOT/EUR,5.877,5.978,5.688,5.777,66549.7,389818.16479
1676246400000,2023-02-13 00:00:00,DOT/EUR,5.787,5.841,5.491,5.728,151964.29,860405.48375
1676332800000,2023-02-14 00:00:00,DOT/EUR,5.729,5.835,5.621,5.8,128215.62,734567.4366
1676419200000,2023-02-15 00:00:00,DOT/EUR,5.808,6.183,5.749,6.18,104375.05,620328.63043
1676505600000,2023-02-16 00:00:00,DOT/EUR,6.189,6.339,5.928,5.937,162735.28,1001420.52671
1676592000000,2023-02-17 00:00:00,DOT/EUR,5.932,6.939,5.9,6.82,417300.52,2737938.28186
1676678400000,2023-02-18 00:00:00,DOT/EUR,6.835,6.895,6.656,6.779,94175.83,637260.80607
1676764800000,2023-02-19 00:00:00,DOT/EUR,6.767,7.376,6.725,6.967,274071.5,1939023.07306
1676851200000,2023-02-20 00:00:00,DOT/EUR,6.975,7.089,6.8,7.074,133277.5,932584.54993
1676937600000,2023-02-21 00:00:00,DOT/EUR,7.077,7.092,6.707,6.812,69434.71,478079.0854
1677024000000,2023-02-22 00:00:00,DOT/EUR,6.812,6.826,6.475,6.775,106620.79,707941.44849
1677110400000,2023-02-23 00:00:00,DOT/EUR,6.78,6.953,6.625,6.698,60354.05,410599.40295
1677196800000,2023-02-24 00:00:00,DOT/EUR,6.701,6.727,6.152,6.284,88489.96,567965.90799
1677283200000,2023-02-25 00:00:00,DOT/EUR,6.281,6.308,6.027,6.217,53101.87,328607.57026
1677369600000,2023-02-26 00:00:00,DOT/EUR,6.215,6.387,6.18,6.354,60421.3,380641.10247
1677456000000,2023-02-27 00:00:00,DOT/EUR,6.351,6.422,6.159,6.246,57441.22,360559.51102
1677542400000,2023-02-28 00:00:00,DOT/EUR,6.242,6.254,6.005,6.065,62184.21,381252.55809
1677628800000,2023-03-01 00:00:00,DOT/EUR,6.068,6.253,6.039,6.167,44739.49,275695.22566
1677715200000,2023-03-02 00:00:00,DOT/EUR,6.173,6.187,5.914,6.004,56387.32,338507.81071
1677801600000,2023-03-03 00:00:00,DOT/EUR,6.006,6.006,5.544,5.726,98628.55,564812.2487
1677888000000,2023-03-04 00:00:00,DOT/EUR,5.726,5.747,5.446,5.613,57958.05,326191.4283
1677974400000,2023-03-05 00:00:00,DOT/EUR,5.615,5.743,5.59,5.658,39997.85,227331.23364
1678060800000,2023-03-06 00:00:00,DOT/EUR,5.656,5.687,5.547,5.56,62417.73,350157.20401
1678147200000,2023-03-07 00:00:00,DOT/EUR,5.562,5.642,5.44,5.551,60912.96,336522.01539
1678233600000,2023-03-08 00:00:00,DOT/EUR,5.557,5.641,5.236,5.319,101984.93,548274.11792
1678320000000,2023-03-09 00:00:00,DOT/EUR,5.324,5.502,4.986,5.124,177807.25,926475.8629
1678406400000,2023-03-10 00:00:00,DOT/EUR,5.125,5.296,4.898,5.232,131204.95,670720.01517
1678492800000,2023-03-11 00:00:00,DOT/EUR,5.242,5.388,4.884,5.091,159807.18,814341.6592
1678579200000,2023-03-12 00:00:00,DOT/EUR,5.086,5.539,5.015,5.539,115059.79,603958.63486
1678665600000,2023-03-13 00:00:00,DOT/EUR,5.542,5.726,5.331,5.665,193542.45,1074943.17852
1678752000000,2023-03-14 00:00:00,DOT/EUR,5.671,6.097,5.598,5.806,273261.97,1598393.16105
1678838400000,2023-03-15 00:00:00,DOT/EUR,5.811,5.937,5.492,5.564,133495.42,769997.41278
1678924800000,2023-03-16 00:00:00,DOT/EUR,5.569,5.809,5.458,5.761,54958.49,311797.73893
1679011200000,2023-03-17 00:00:00,DOT/EUR,5.77,6.25,5.709,6.234,98162.11,594474.49831
1679097600000,2023-03-18 00:00:00,DOT/EUR,6.232,6.323,5.922,5.947,77910.41,480371.04049
1679184000000,2023-03-19 00:00:00,DOT/EUR,5.96,6.238,5.956,6.1,74701.28,456366.1369
1679270400000,2023-03-20 00:00:00,DOT/EUR,6.113,6.135,5.699,5.732,74594.53,441406.58071
1679356800000,2023-03-21 00:00:00,DOT/EUR,5.722,6.044,5.635,5.963,69855.06,407244.71614
1679443200000,2023-03-22 00:00:00,DOT/EUR,5.958,5.972,5.487,5.618,88809.37,512045.52296
1679529600000,2023-03-23 00:00:00,DOT/EUR,5.631,5.948,5.553,5.863,71327.04,410539.8074
1679616000000,2023-03-24 00:00:00,DOT/EUR,5.876,5.884,5.577,5.643,80717.83,458778.91444
1679702400000,2023-03-25 00:00:00,DOT/EUR,5.643,5.686,5.464,5.534,42917.98,239746.833
1679788800000,2023-03-26 00:00:00,DOT/EUR,5.535,5.706,5.512,5.637,71117.67,400233.09661
1679875200000,2023-03-27 00:00:00,DOT/EUR,5.636,5.691,5.365,5.467,127325.33,703482.32907
1679961600000,2023-03-28 00:00:00,DOT/EUR,5.477,5.65,5.38,5.598,60396.01,332714.59506
1680048000000,2023-03-29 00:00:00,DOT/EUR,5.598,5.812,5.597,5.712,62057.15,355986.0629
1680134400000,2023-03-30 00:00:00,DOT/EUR,5.713,5.81,5.551,5.636,84282.81,477237.85539
1680220800000,2023-03-31 00:00:00,DOT/EUR,5.64,5.893,5.616,5.861,106300.77,612838.30085
1680307200000,2023-04-01 00:00:00,DOT/EUR,5.866,5.906,5.733,5.872,39048.3,226983.96707
1680393600000,2023-04-02 00:00:00,DOT/EUR,5.871,5.966,5.729,5.82,78082.84,457565.26832
1680480000000,2023-04-03 00:00:00,DOT/EUR,5.821,5.986,5.658,5.936,116645.02,680991.50552
1680566400000,2023-04-04 00:00:00,DOT/EUR,5.929,5.995,5.868,5.9,77609.67,459946.09692
1680652800000,2023-04-05 00:00:00,DOT/EUR,5.899,6.02,5.82,5.895,65071.16,385815.51293
1680739200000,2023-04-06 00:00:00,DOT/EUR,5.894,5.914,5.76,5.771,61431.97,358586.10938
1680825600000,2023-04-07 00:00:00,DOT/EUR,5.777,5.813,5.647,5.686,69710.39,396946.31352
1680912000000,2023-04-08 00:00:00,DOT/EUR,5.68,5.727,5.597,5.636,47477.94,269326.76188
1680998400000,2023-04-09 00:00:00,DOT/EUR,5.638,5.756,5.607,5.706,63259.19,358693.92882
1681084800000,2023-04-10 00:00:00,DOT/EUR,5.704,5.81,5.626,5.781,73288.39,418498.55491
1681171200000,2023-04-11 00:00:00,DOT/EUR,5.79,5.974,5.769,5.904,110397.97,650179.50842
1681257600000,2023-04-12 00:00:00,DOT/EUR,5.915,5.952,5.716,5.855,107694.52,625897.31858
1681344000000,2023-04-13 00:00:00,DOT/EUR,5.863,6.044,5.802,6.038,76627.95,455357.07871
1681430400000,2023-04-14 00:00:00,DOT/EUR,6.039,6.211,5.991,6.127,115548.32,707418.3572
1681516800000,2023-04-15 00:00:00,DOT/EUR,6.134,6.273,6.052,6.213,59099.65,364572.71991
1681603200000,2023-04-16 00:00:00,DOT/EUR,6.214,6.269,6.097,6.242,76627.53,475013.01312
1681689600000,2023-04-17 00:00:00,DOT/EUR,6.24,6.24,6.062,6.138,76902.27,471712.03834
1681776000000,2023-04-18 00:00:00,DOT/EUR,6.142,6.392,6.042,6.323,96806.71,607026.68905
1681862400000,2023-04-19 00:00:00,DOT/EUR,6.316,6.316,5.729,5.794,155277.65,925114.45317
1681948800000,2023-04-20 00:00:00,DOT/EUR,5.792,5.889,5.55,5.588,104123.36,597160.10974
1682035200000,2023-04-21 00:00:00,DOT/EUR,5.592,5.644,5.289,5.346,90879.77,498720.41894
1682121600000,2023-04-22 00:00:00,DOT/EUR,5.349,5.455,5.311,5.429,55639.29,300792.07001
1682208000000,2023-04-23 00:00:00,DOT/EUR,5.426,5.448,5.261,5.389,81445.29,438343.55962
1682294400000,2023-04-24 00:00:00,DOT/EUR,5.399,5.499,5.276,5.342,117401.95,633940.91232
1682380800000,2023-04-25 00:00:00,DOT/EUR,5.35,5.494,5.281,5.476,119425.35,639545.47362
1682467200000,2023-04-26 00:00:00,DOT/EUR,5.48,5.7,5.1,5.314,184072.9,1001555.59097
1682553600000,2023-04-27 00:00:00,DOT/EUR,5.31,5.488,5.298,5.422,115251.88,622537.62013
1682640000000,2023-04-28 00:00:00,DOT/EUR,5.432,5.432,5.27,5.408,121207.16,650598.69405
1682726400000,2023-04-29 00:00:00,DOT/EUR,5.406,5.495,5.38,5.481,63068.61,342794.86224
1682812800000,2023-04-30 00:00:00,DOT/EUR,5.474,5.52,5.311,5.352,72696.85,395169.28657
1682899200000,2023-05-01 00:00:00,DOT/EUR,5.353,5.379,5.114,5.189,93662.02,490658.25076
1682985600000,2023-05-02 00:00:00,DOT/EUR,5.181,5.248,5.133,5.208,123452.3,640395.67661
1683072000000,2023-05-03 00:00:00,DOT/EUR,5.21,5.263,5.055,5.231,105927.42,544617.41454
1683158400000,2023-05-04 00:00:00,DOT/EUR,5.231,5.246,5.117,5.16,61134.96,316998.14341
1683244800000,2023-05-05 00:00:00,DOT/EUR,5.159,5.365,5.143,5.303,82402.43,434163.59853
1683331200000,2023-05-06 00:00:00,DOT/EUR,5.308,5.345,5.065,5.104,87365.71,452305.80447
1683417600000,2023-05-07 00:00:00,DOT/EUR,5.111,5.183,5.064,5.124,101570.69,521043.4005
1683504000000,2023-05-08 00:00:00,DOT/EUR,5.123,5.142,4.718,4.906,156749.62,769343.47867
1683590400000,2023-05-09 00:00:00,DOT/EUR,4.904,4.94,4.846,4.873,101995.33,498095.20866
1683676800000,2023-05-10 00:00:00,DOT/EUR,4.874,5.046,4.774,4.998,123757.52,610021.9266
1683763200000,2023-05-11 00:00:00,DOT/EUR,5.003,5.018,4.765,4.855,131008.66,641835.0334
1683849600000,2023-05-12 00:00:00,DOT/EUR,4.851,4.937,4.728,4.93,138038.08,665249.33791
1683936000000,2023-05-13 00:00:00,DOT/EUR,4.937,4.988,4.878,4.953,68720.72,340363.44038
1684022400000,2023-05-14 00:00:00,DOT/EUR,4.952,5.042,4.921,4.945,68489.41,340473.57901
1684108800000,2023-05-15 00:00:00,DOT/EUR,4.946,5.015,4.874,4.904,85748.54,425201.84524
1684195200000,2023-05-16 00:00:00,DOT/EUR,4.905,4.912,4.826,4.887,51898.36,252640.499
1684281600000,2023-05-17 00:00:00,DOT/EUR,4.886,5.025,4.838,5.006,69227.35,340698.39584
1684368000000,2023-05-18 00:00:00,DOT/EUR,5.013,5.051,4.891,4.968,67242.92,335235.68056
1684454400000,2023-05-19 00:00:00,DOT/EUR,4.967,5.009,4.929,4.986,88694.72,440985.63659
1684540800000,2023-05-20 00:00:00,DOT/EUR,4.981,5.051,4.948,5.016,72133.85,360981.35758
1684627200000,2023-05-21 00:00:00,DOT/EUR,5.015,5.037,4.86,4.874,79239.7,391383.70893
1684713600000,2023-05-22 00:00:00,DOT/EUR,4.884,4.942,4.84,4.921,97562.07,478879.09221
1684800000000,2023-05-23 00:00:00,DOT/EUR,4.924,5.048,4.903,5.016,96592.87,482246.25425
1684886400000,2023-05-24 00:00:00,DOT/EUR,5.017,5.018,4.843,4.901,102527.3,503230.11501
1684972800000,2023-05-25 00:00:00,DOT/EUR,4.899,4.941,4.802,4.895,80605.33,395127.97299
1685059200000,2023-05-26 00:00:00,DOT/EUR,4.895,4.934,4.839,4.906,92833.07,454076.82015
1685145600000,2023-05-27 00:00:00,DOT/EUR,4.901,5.023,4.893,4.988,79781.18,395644.52898
1685232000000,2023-05-28 00:00:00,DOT/EUR,4.988,5.184,4.972,5.131,96906.55,490418.23387
1685318400000,2023-05-29 00:00:00,DOT/EUR,5.133,5.162,5.063,5.104,91681.99,468852.68991
1685404800000,2023-05-30 00:00:00,DOT/EUR,5.109,5.158,5.06,5.082,75114.77,384065.39558
1685491200000,2023-05-31 00:00:00,DOT/EUR,5.082,5.109,4.957,4.986,74916.14,374636.61023
1685577600000,2023-06-01 00:00:00,DOT/EUR,4.983,5.001,4.838,4.853,69707.95,340971.81578
1685664000000,2023-06-02 00:00:00,DOT/EUR,4.852,4.957,4.813,4.941,71282.18,349302.3092
1685750400000,2023-06-03 00:00:00,DOT/EUR,4.932,4.996,4.906,4.996,30956.25,152960.06912
1685836800000,2023-06-04 00:00:00,DOT/EUR,4.999,5.037,4.971,4.979,48285.55,241491.72609
1685923200000,2023-06-05 00:00:00,DOT/EUR,4.974,4.99,4.585,4.757,129028.24,621967.76377
1686009600000,2023-06-06 00:00:00,DOT/EUR,4.756,4.944,4.688,4.881,88492.98,424074.99058
1686096000000,2023-06-07 00:00:00,DOT/EUR,4.871,4.885,4.667,4.706,88701.18,423726.01244
1686182400000,2023-06-08 00:00:00,DOT/EUR,4.707,4.738,4.645,4.671,76664.62,358992.03211
1686268800000,2023-06-09 00:00:00,DOT/EUR,4.672,4.72,4.606,4.648,61210.9,285421.14382
1686355200000,2023-06-10 00:00:00,DOT/EUR,4.651,4.651,3.957,4.266,335169.18,1397080.93995
1686441600000,2023-06-11 00:00:00,DOT/EUR,4.263,4.27,4.172,4.245,76553.25,322827.87332
1686528000000,2023-06-12 00:00:00,DOT/EUR,4.243,4.251,4.143,4.23,71258.22,299940.07176
1686614400000,2023-06-13 00:00:00,DOT/EUR,4.231,4.4,4.193,4.31,94810.69,407454.946
1686700800000,2023-06-14 00:00:00,DOT/EUR,4.309,4.446,4.179,4.251,133276.86,575312.57307
1686787200000,2023-06-15 00:00:00,DOT/EUR,4.241,4.293,3.918,4.009,178421.8,721458.28192
1686873600000,2023-06-16 00:00:00,DOT/EUR,4.007,4.096,3.924,4.052,86683.62,347664.04335
1686960000000,2023-06-17 00:00:00,DOT/EUR,4.049,4.185,4.035,4.15,47866.8,198288.06011
1687046400000,2023-06-18 00:00:00,DOT/EUR,4.153,4.279,4.108,4.155,67060.35,281273.2464
1687132800000,2023-06-19 00:00:00,DOT/EUR,4.158,4.206,4.079,4.162,63110.0,261654.4896
1687219200000,2023-06-20 00:00:00,DOT/EUR,4.162,4.29,4.028,4.282,81181.74,337613.13066
1687305600000,2023-06-21 00:00:00,DOT/EUR,4.276,4.442,4.256,4.403,106064.51,460185.95376
1687392000000,2023-06-22 00:00:00,DOT/EUR,4.401,4.536,4.346,4.43,95028.98,422256.45316
1687478400000,2023-06-23 00:00:00,DOT/EUR,4.415,4.734,4.415,4.699,111233.73,511994.85561
1687564800000,2023-06-24 00:00:00,DOT/EUR,4.685,4.736,4.53,4.61,56562.0,261840.41651
1687651200000,2023-06-25 00:00:00,DOT/EUR,4.612,4.826,4.607,4.779,98902.48,469738.16245
1687737600000,2023-06-26 00:00:00,DOT/EUR,4.771,4.807,4.603,4.616,118036.16,558473.21687
1687824000000,2023-06-27 00:00:00,DOT/EUR,4.615,4.714,4.6,4.663,40002.86,186762.08112
1687910400000,2023-06-28 00:00:00,DOT/EUR,4.658,4.661,4.375,4.485,87831.11,401130.15719
1687996800000,2023-06-29 00:00:00,DOT/EUR,4.49,4.808,4.482,4.6,153113.93,711818.28893
1688083200000,2023-06-30 00:00:00,DOT/EUR,4.602,4.787,4.414,4.75,141148.9,656629.59356
1688169600000,2023-07-01 00:00:00,DOT/EUR,4.744,4.93,4.692,4.91,91907.34,443155.71113
1688256000000,2023-07-02 00:00:00,DOT/EUR,4.916,5.073,4.796,5.047,88765.61,437069.56544
1688342400000,2023-07-03 00:00:00,DOT/EUR,5.044,5.168,4.943,4.985,92099.54,463449.96647
1688428800000,2023-07-04 00:00:00,DOT/EUR,4.981,5.074,4.839,4.924,108494.93,541639.15333
1688515200000,2023-07-05 00:00:00,DOT/EUR,4.929,4.955,4.717,4.804,121189.18,585668.22154
1688601600000,2023-07-06 00:00:00,DOT/EUR,4.804,4.937,4.617,4.617,144396.0,693714.90208
1688688000000,2023-07-07 00:00:00,DOT/EUR,4.622,4.754,4.585,4.682,72856.45,341361.36442
1688774400000,2023-07-08 00:00:00,DOT/EUR,4.682,4.754,4.625,4.69,38938.64,183104.92427
1688860800000,2023-07-09 00:00:00,DOT/EUR,4.695,4.722,4.635,4.651,32334.39,151085.06597
1688947200000,2023-07-10 00:00:00,DOT/EUR,4.65,4.76,4.568,4.675,58534.65,272199.90113
1689033600000,2023-07-11 00:00:00,DOT/EUR,4.676,4.75,4.632,4.744,55719.34,260997.92928
1689120000000,2023-07-12 00:00:00,DOT/EUR,4.742,4.823,4.596,4.638,77930.35,368374.16898
1689206400000,2023-07-13 00:00:00,DOT/EUR,4.638,4.96,4.588,4.952,100506.95,481447.95779
1689292800000,2023-07-14 00:00:00,DOT/EUR,4.955,5.125,4.741,4.871,134150.58,667063.42605
1689379200000,2023-07-15 00:00:00,DOT/EUR,4.87,4.975,4.814,4.864,64340.26,314651.82461
1689465600000,2023-07-16 00:00:00,DOT/EUR,4.869,4.878,4.711,4.75,62271.69,299295.92711
1689552000000,2023-07-17 00:00:00,DOT/EUR,4.752,4.84,4.623,4.741,98239.87,464930.1672
1689638400000,2023-07-18 00:00:00,DOT/EUR,4.743,4.815,4.568,4.624,103866.35,485522.7986
1689724800000,2023-07-19 00:00:00,DOT/EUR,4.624,4.697,4.6,4.654,71595.22,333207.97693
1689811200000,2023-07-20 00:00:00,DOT/EUR,4.65,4.915,4.642,4.82,97241.07,465651.47389
1689897600000,2023-07-21 00:00:00,DOT/EUR,4.822,5.139,4.812,4.947,171798.96,855153.24845
1689984000000,2023-07-22 00:00:00,DOT/EUR,4.952,4.974,4.756,4.792,44698.82,217046.63562
1690070400000,2023-07-23 00:00:00,DOT/EUR,4.793,4.957,4.765,4.866,50214.21,245399.5022
1690156800000,2023-07-24 00:00:00,DOT/EUR,4.868,4.881,4.63,4.734,77750.14,367757.83722
1690243200000,2023-07-25 00:00:00,DOT/EUR,4.727,4.76,4.668,4.7,48169.13,226661.0543
1690329600000,2023-07-26 00:00:00,DOT/EUR,4.699,4.795,4.652,4.745,64833.01,306912.71779
1690416000000,2023-07-27 00:00:00,DOT/EUR,4.745,4.815,4.723,4.785,85337.79,407276.28551
1690502400000,2023-07-28 00:00:00,DOT/EUR,4.786,4.798,4.721,4.754,70321.11,334784.35513
1690588800000,2023-07-29 00:00:00,DOT/EUR,4.755,4.794,4.744,4.787,33343.01,159241.03202
1690675200000,2023-07-30 00:00:00,DOT/EUR,4.79,4.811,4.652,4.723,56345.89,267405.61627
1690761600000,2023-07-31 00:00:00,DOT/EUR,4.722,4.791,4.612,4.662,50777.2,238711.39756
1690848000000,2023-08-01 00:00:00,DOT/EUR,4.658,4.74,4.533,4.739,63337.32,294598.94828
1690934400000,2023-08-02 00:00:00,DOT/EUR,4.743,4.758,4.596,4.638,64123.59,300075.42048
1691020800000,2023-08-03 00:00:00,DOT/EUR,4.632,4.646,4.528,4.562,56460.42,259636.36098
1691107200000,2023-08-04 00:00:00,DOT/EUR,4.563,4.626,4.553,4.603,48183.45,221054.20453
1691193600000,2023-08-05 00:00:00,DOT/EUR,4.603,4.603,4.546,4.584,27421.65,125376.70156
1691280000000,2023-08-06 00:00:00,DOT/EUR,4.585,4.645,4.57,4.611,41379.74,190615.99744
1691366400000,2023-08-07 00:00:00,DOT/EUR,4.613,4.648,4.472,4.603,97945.55,449454.94305
1691452800000,2023-08-08 00:00:00,DOT/EUR,4.603,4.747,4.569,4.708,63264.41,295006.30382
1691539200000,2023-08-09 00:00:00,DOT/EUR,4.709,4.728,4.642,4.704,47144.24,220593.77326
1691625600000,2023-08-10 00:00:00,DOT/EUR,4.707,4.708,4.582,4.631,50333.53,232842.52897
1691712000000,2023-08-11 00:00:00,DOT/EUR,4.632,4.652,4.6,4.648,41280.26,190940.98829
1691798400000,2023-08-12 00:00:00,DOT/EUR,4.648,4.659,4.624,4.639,25574.92,118764.5237
1691884800000,2023-08-13 00:00:00,DOT/EUR,4.641,4.648,4.585,4.6,23306.63,107639.97577
1691971200000,2023-08-14 00:00:00,DOT/EUR,4.599,4.691,4.57,4.641,50257.18,232845.20376
1692057600000,2023-08-15 00:00:00,DOT/EUR,4.64,4.644,4.279,4.45,64961.73,292174.38071
1692144000000,2023-08-16 00:00:00,DOT/EUR,4.45,4.468,4.2,4.325,94965.7,414087.3346
1692230400000,2023-08-17 00:00:00,DOT/EUR,4.326,4.47,4.052,4.116,187967.1,812089.30008
1692316800000,2023-08-18 00:00:00,DOT/EUR,4.113,4.335,4.051,4.239,118350.58,497941.92551
1692403200000,2023-08-19 00:00:00,DOT/EUR,4.243,4.284,4.183,4.233,50964.14,215768.7118
1692489600000,2023-08-20 00:00:00,DOT/EUR,4.231,4.247,4.17,4.207,35767.12,150278.69709
1692576000000,2023-08-21 00:00:00,DOT/EUR,4.205,4.217,4.037,4.082,65485.45,270071.3211
1692662400000,2023-08-22 00:00:00,DOT/EUR,4.083,4.098,3.935,4.094,77056.91,311324.33667
1692748800000,2023-08-23 00:00:00,DOT/EUR,4.096,4.183,4.049,4.142,75942.89,312574.04534
1692835200000,2023-08-24 00:00:00,DOT/EUR,4.142,4.162,4.05,4.099,70628.33,290784.65958
1692921600000,2023-08-25 00:00:00,DOT/EUR,4.099,4.173,4.051,4.172,65553.03,269925.84058
1693008000000,2023-08-26 00:00:00,DOT/EUR,4.173,4.19,4.159,4.186,37494.34,156649.18443
1693094400000,2023-08-27 00:00:00,DOT/EUR,4.186,4.213,4.142,4.172,20712.05,86673.31789
1693180800000,2023-08-28 00:00:00,DOT/EUR,4.167,4.266,4.096,4.256,40680.8,169963.86532
1693267200000,2023-08-29 00:00:00,DOT/EUR,4.263,4.44,4.208,4.314,81356.69,349596.87641
1693353600000,2023-08-30 00:00:00,DOT/EUR,4.314,4.314,4.146,4.158,41634.75,175514.08056
1693440000000,2023-08-31 00:00:00,DOT/EUR,4.158,4.165,3.923,3.953,74149.36,299583.94365
1693526400000,2023-09-01 00:00:00,DOT/EUR,3.953,3.976,3.855,3.927,60718.6,238767.9931
1693612800000,2023-09-02 00:00:00,DOT/EUR,3.928,3.976,3.91,3.964,32200.56,127078.81697
1693699200000,2023-09-03 00:00:00,DOT/EUR,3.967,4.001,3.928,3.966,24642.39,97867.37633
1693785600000,2023-09-04 00:00:00,DOT/EUR,3.967,4.021,3.889,3.952,50792.26,200647.41425
1693872000000,2023-09-05 00:00:00,DOT/EUR,3.953,4.018,3.901,3.975,39029.3,154709.82993
1693958400000,2023-09-06 00:00:00,DOT/EUR,3.976,3.992,3.9,3.991,45683.91,180562.94464
1694044800000,2023-09-07 00:00:00,DOT/EUR,3.991,4.028,3.961,4.016,32683.87,130385.76093
1694131200000,2023-09-08 00:00:00,DOT/EUR,4.018,4.045,3.939,3.974,36672.92,146172.62868
1694217600000,2023-09-09 00:00:00,DOT/EUR,3.983,4.003,3.966,3.966,9561.12,38115.68191
1694304000000,2023-09-10 00:00:00,DOT/EUR,3.968,3.968,3.845,3.878,43615.43,169889.16273
1694390400000,2023-09-11 00:00:00,DOT/EUR,3.879,3.881,3.65,3.722,80780.02,303465.97972
1694476800000,2023-09-12 00:00:00,DOT/EUR,3.717,3.823,3.695,3.713,65938.12,246833.95476
1694563200000,2023-09-13 00:00:00,DOT/EUR,3.713,3.816,3.68,3.732,46830.05,175221.30573
1694649600000,2023-09-14 00:00:00,DOT/EUR,3.733,3.845,3.701,3.817,66763.76,251905.80135
1694736000000,2023-09-15 00:00:00,DOT/EUR,3.822,3.921,3.808,3.888,45853.29,176603.89252
1694822400000,2023-09-16 00:00:00,DOT/EUR,3.89,3.968,3.88,3.926,41312.98,162179.12955
1694908800000,2023-09-17 00:00:00,DOT/EUR,3.926,3.93,3.797,3.816,46109.9,177891.51413
1694995200000,2023-09-18 00:00:00,DOT/EUR,3.817,3.962,3.769,3.847,65690.85,254864.0371
1695081600000,2023-09-19 00:00:00,DOT/EUR,3.844,3.912,3.819,3.895,42954.46,166099.25067
1695168000000,2023-09-20 00:00:00,DOT/EUR,3.892,3.907,3.815,3.889,38201.49,147344.28044
1695254400000,2023-09-21 00:00:00,DOT/EUR,3.891,3.92,3.758,3.767,40470.54,154226.24567
1695340800000,2023-09-22 00:00:00,DOT/EUR,3.768,3.794,3.737,3.779,35520.88,134060.17024
1695427200000,2023-09-23 00:00:00,DOT/EUR,3.783,3.798,3.764,3.793,20018.17,75626.02229
1695513600000,2023-09-24 00:00:00,DOT/EUR,3.788,3.817,3.735,3.751,18887.17,71522.54575
1695600000000,2023-09-25 00:00:00,DOT/EUR,3.747,3.86,3.709,3.835,36436.03,138753.11667
1695686400000,2023-09-26 00:00:00,DOT/EUR,3.842,3.866,3.766,3.8,29569.56,112456.87747
1695772800000,2023-09-27 00:00:00,DOT/EUR,3.796,3.862,3.777,3.802,37079.81,141484.70142
1695859200000,2023-09-28 00:00:00,DOT/EUR,3.8,3.879,3.794,3.867,34458.36,132365.15673
1695945600000,2023-09-29 00:00:00,DOT/EUR,3.861,3.885,3.837,3.858,33903.03,130942.17938
1696032000000,2023-09-30 00:00:00,DOT/EUR,3.857,3.898,3.854,3.886,16313.65,63222.07242
1696118400000,2023-10-01 00:00:00,DOT/EUR,3.889,4.063,3.886,4.04,32094.13,127561.96764
1696204800000,2023-10-02 00:00:00,DOT/EUR,4.044,4.071,3.871,3.938,52462.88,210137.00594
1696291200000,2023-10-03 00:00:00,DOT/EUR,3.944,3.978,3.871,3.896,31655.01,124274.89142
1696377600000,2023-10-04 00:00:00,DOT/EUR,3.889,3.891,3.785,3.857,45462.74,174627.69976
1696464000000,2023-10-05 00:00:00,DOT/EUR,3.849,3.887,3.803,3.817,34921.78,134202.44059
1696550400000,2023-10-06 00:00:00,DOT/EUR,3.822,3.868,3.814,3.85,30078.52,115545.53272
1696636800000,2023-10-07 00:00:00,DOT/EUR,3.853,3.893,3.829,3.836,13592.92,52462.69678
1696723200000,2023-10-08 00:00:00,DOT/EUR,3.836,3.854,3.789,3.803,19991.16,76231.53979
1696809600000,2023-10-09 00:00:00,DOT/EUR,3.802,3.821,3.569,3.668,65060.25,239720.66431
1696896000000,2023-10-10 00:00:00,DOT/EUR,3.67,3.684,3.563,3.595,38285.75,138396.16707
1696982400000,2023-10-11 00:00:00,DOT/EUR,3.599,3.606,3.492,3.524,55461.36,196175.73102
1697068800000,2023-10-12 00:00:00,DOT/EUR,3.518,3.52,3.425,3.49,48905.67,169907.98935
1697155200000,2023-10-13 00:00:00,DOT/EUR,3.491,3.594,3.481,3.544,39280.01,138364.57076
1697241600000,2023-10-14 00:00:00,DOT/EUR,3.544,3.584,3.542,3.56,22236.52,79218.35153
1697328000000,2023-10-15 00:00:00,DOT/EUR,3.558,3.601,3.534,3.571,40984.6,146483.0936
1697414400000,2023-10-16 00:00:00,DOT/EUR,3.57,3.718,3.552,3.584,75648.15,272319.78746
1697500800000,2023-10-17 00:00:00,DOT/EUR,3.58,3.585,3.452,3.478,42459.65,149367.35032
1697587200000,2023-10-18 00:00:00,DOT/EUR,3.475,3.522,3.45,3.471,60118.5,209896.55174
1697673600000,2023-10-19 00:00:00,DOT/EUR,3.469,3.474,3.395,3.453,49618.12,170590.23331
1697760000000,2023-10-20 00:00:00,DOT/EUR,3.452,3.596,3.447,3.515,87273.78,308370.32065
1697846400000,2023-10-21 00:00:00,DOT/EUR,3.515,3.762,3.504,3.695,83671.85,305297.91085
1697932800000,2023-10-22 00:00:00,DOT/EUR,3.694,3.754,3.604,3.748,79327.21,291086.99535
1698019200000,2023-10-23 00:00:00,DOT/EUR,3.748,4.092,3.702,4.084,202441.34,778981.21314
1698105600000,2023-10-24 00:00:00,DOT/EUR,4.085,4.138,3.876,3.954,139144.58,559755.53974
1698192000000,2023-10-25 00:00:00,DOT/EUR,3.954,4.12,3.913,4.064,82324.2,331166.98183
1698278400000,2023-10-26 00:00:00,DOT/EUR,4.068,4.225,3.942,4.011,106513.92,435559.54365
1698364800000,2023-10-27 00:00:00,DOT/EUR,4.01,4.01,3.808,3.923,114899.97,450849.51924
1698451200000,2023-10-28 00:00:00,DOT/EUR,3.913,4.0,3.913,3.964,34674.14,137412.57577
1698537600000,2023-10-29 00:00:00,DOT/EUR,3.964,4.132,3.917,4.093,68852.93,276940.67218
1698624000000,2023-10-30 00:00:00,DOT/EUR,4.093,4.277,4.016,4.27,132989.9,547550.17426
1698710400000,2023-10-31 00:00:00,DOT/EUR,4.263,4.343,4.046,4.211,111320.96,469150.46148
1698796800000,2023-11-01 00:00:00,DOT/EUR,4.214,4.551,4.1,4.471,170350.4,736731.98819
1698883200000,2023-11-02 00:00:00,DOT/EUR,4.478,4.532,4.263,4.367,135746.64,598498.00655
1698969600000,2023-11-03 00:00:00,DOT/EUR,4.366,4.369,4.203,4.303,65603.22,280347.26034
1699056000000,2023-11-04 00:00:00,DOT/EUR,4.304,4.465,4.282,4.375,73079.79,319000.67257
1699142400000,2023-11-05 00:00:00,DOT/EUR,4.377,4.584,4.349,4.445,98533.42,439707.08106
1699228800000,2023-11-06 00:00:00,DOT/EUR,4.447,4.663,4.367,4.638,73833.76,334631.92003
1699315200000,2023-11-07 00:00:00,DOT/EUR,4.638,4.679,4.424,4.614,81906.37,376533.29757
1699401600000,2023-11-08 00:00:00,DOT/EUR,4.609,4.775,4.55,4.708,87539.79,408449.96008
1699488000000,2023-11-09 00:00:00,DOT/EUR,4.701,4.916,4.219,4.771,172967.73,809159.05633
1699574400000,2023-11-10 00:00:00,DOT/EUR,4.77,4.982,4.666,4.97,124541.38,601342.83619
1699660800000,2023-11-11 00:00:00,DOT/EUR,4.978,5.33,4.776,5.22,155295.48,787829.49458
1699747200000,2023-11-12 00:00:00,DOT/EUR,5.222,5.495,5.02,5.357,118750.54,633429.16668
1699833600000,2023-11-13 00:00:00,DOT/EUR,5.341,5.513,5.0,5.015,158924.51,827199.07789
1699920000000,2023-11-14 00:00:00,DOT/EUR,5.003,5.164,4.575,4.782,156386.93,771629.17636
1700006400000,2023-11-15 00:00:00,DOT/EUR,4.785,5.206,4.777,5.135,122702.9,614951.40894
1700092800000,2023-11-16 00:00:00,DOT/EUR,5.136,5.363,4.87,4.942,176708.39,910730.7813
1700179200000,2023-11-17 00:00:00,DOT/EUR,4.94,5.058,4.646,4.816,129016.73,627776.86422
1700265600000,2023-11-18 00:00:00,DOT/EUR,4.816,4.866,4.586,4.86,73936.95,350809.21528
1700352000000,2023-11-19 00:00:00,DOT/EUR,4.859,5.036,4.759,4.989,84729.05,416099.47068
1700438400000,2023-11-20 00:00:00,DOT/EUR,4.985,5.104,4.812,4.85,123109.21,611799.0288
1700524800000,2023-11-21 00:00:00,DOT/EUR,4.852,4.875,4.427,4.46,114650.62,536192.87272
1700611200000,2023-11-22 00:00:00,DOT/EUR,4.45,4.86,4.446,4.753,79299.79,373858.32936
1700697600000,2023-11-23 00:00:00,DOT/EUR,4.749,4.792,4.668,4.71,29355.26,138922.94852
1700784000000,2023-11-24 00:00:00,DOT/EUR,4.712,4.841,4.696,4.792,67587.18,323261.84263
1700870400000,2023-11-25 00:00:00,DOT/EUR,4.792,4.911,4.767,4.859,34935.59,169227.47926
1700956800000,2023-11-26 00:00:00,DOT/EUR,4.856,4.935,4.696,4.859,36236.39,174781.48233
1701043200000,2023-11-27 00:00:00,DOT/EUR,4.87,4.905,4.606,4.714,50692.52,240059.74937
1701129600000,2023-11-28 00:00:00,DOT/EUR,4.708,4.839,4.665,4.796,50934.01,241818.67889
1701216000000,2023-11-29 00:00:00,DOT/EUR,4.799,4.912,4.699,4.71,35972.14,172749.97352
1701302400000,2023-11-30 00:00:00,DOT/EUR,4.702,5.12,4.669,5.028,122121.62,605097.23266
1701388800000,2023-12-01 00:00:00,DOT/EUR,5.033,5.069,4.945,5.032,34280.49,171665.17175
1701475200000,2023-12-02 00:00:00,DOT/EUR,5.033,5.154,5.017,5.12,27005.05,137198.42482
1701561600000,2023-12-03 00:00:00,DOT/EUR,5.114,5.165,4.998,5.093,45944.58,233260.04339
1701648000000,2023-12-04 00:00:00,DOT/EUR,5.098,5.269,5.012,5.197,116148.68,598942.03658
1701734400000,2023-12-05 00:00:00,DOT/EUR,5.203,5.512,5.098,5.486,144448.48,761234.51225
1701820800000,2023-12-06 00:00:00,DOT/EUR,5.478,5.752,5.344,5.614,167360.25,933838.63941
1701907200000,2023-12-07 00:00:00,DOT/EUR,5.621,5.83,5.484,5.792,114026.92,648127.01199
1701993600000,2023-12-08 00:00:00,DOT/EUR,5.791,6.435,5.719,6.364,188351.54,1141367.22307
1702080000000,2023-12-09 00:00:00,DOT/EUR,6.368,7.157,6.359,6.619,291928.54,2010196.0174
1702166400000,2023-12-10 00:00:00,DOT/EUR,6.619,6.841,6.474,6.825,67177.63,450618.67332
1702252800000,2023-12-11 00:00:00,DOT/EUR,6.836,6.842,5.875,6.237,153122.6,953591.66598
1702339200000,2023-12-12 00:00:00,DOT/EUR,6.236,6.8,6.231,6.608,141485.26,929335.60496
1702425600000,2023-12-13 00:00:00,DOT/EUR,6.607,7.038,6.142,6.996,91436.11,600833.29226
1702512000000,2023-12-14 00:00:00,DOT/EUR,7.002,7.08,6.313,6.83,152643.92,1032830.92446
1702598400000,2023-12-15 00:00:00,DOT/EUR,6.831,6.888,6.371,6.382,121363.55,799336.56428
1702684800000,2023-12-16 00:00:00,DOT/EUR,6.39,6.739,6.314,6.514,71021.92,466829.85118
1702771200000,2023-12-17 00:00:00,DOT/EUR,6.505,6.567,6.187,6.235,57824.73,369370.78786
1702857600000,2023-12-18 00:00:00,DOT/EUR,6.228,6.302,5.839,6.292,78822.61,479778.70796
1702944000000,2023-12-19 00:00:00,DOT/EUR,6.284,6.438,6.033,6.106,58215.72,363281.97319
1703030400000,2023-12-20 00:00:00,DOT/EUR,6.107,6.503,6.045,6.352,82877.6,526588.52547
1703116800000,2023-12-21 00:00:00,DOT/EUR,6.358,7.67,6.331,7.66,227568.1,1607032.96777
1703203200000,2023-12-22 00:00:00,DOT/EUR,7.647,7.8,7.135,7.247,149085.09,1102233.86672
1703289600000,2023-12-23 00:00:00,DOT/EUR,7.233,7.712,6.915,7.609,105828.74,764923.42589
1703376000000,2023-12-24 00:00:00,DOT/EUR,7.605,8.424,7.605,7.891,258905.66,2078794.3185
1703462400000,2023-12-25 00:00:00,DOT/EUR,7.901,8.591,7.792,8.371,182026.52,1515942.6727
1703548800000,2023-12-26 00:00:00,DOT/EUR,8.371,8.723,7.66,7.993,157883.77,1287901.64276
1703635200000,2023-12-27 00:00:00,DOT/EUR,8.006,8.138,7.631,7.837,86419.69,686148.89105
1703721600000,2023-12-28 00:00:00,DOT/EUR,7.836,8.023,7.456,7.643,110843.57,850674.95035
1703808000000,2023-12-29 00:00:00,DOT/EUR,7.632,7.863,7.326,7.529,95129.03,721825.79172
1703894400000,2023-12-30 00:00:00,DOT/EUR,7.542,7.705,7.371,7.6,51208.35,387264.8022
1703980800000,2023-12-31 00:00:00,DOT/EUR,7.59,7.851,7.281,7.454,56335.2,429799.90306
1704067200000,2024-01-01 00:00:00,DOT/EUR,7.448,7.85,7.343,7.806,57727.13,438807.23319
1704153600000,2024-01-02 00:00:00,DOT/EUR,7.8,8.016,7.632,7.696,85908.62,674118.28018
1704240000000,2024-01-03 00:00:00,DOT/EUR,7.699,7.832,6.106,7.022,170323.74,1200027.23368
1704326400000,2024-01-04 00:00:00,DOT/EUR,7.025,7.321,6.876,7.21,85303.39,606673.25164
1704412800000,2024-01-05 00:00:00,DOT/EUR,7.219,7.271,6.511,6.827,99868.0,686924.38332
1704499200000,2024-01-06 00:00:00,DOT/EUR,6.837,6.837,6.38,6.543,41438.81,273180.89424
1704585600000,2024-01-07 00:00:00,DOT/EUR,6.536,6.721,6.259,6.322,51892.26,340069.35988
1704672000000,2024-01-08 00:00:00,DOT/EUR,6.322,6.863,5.967,6.841,92795.24,600413.34481
1704758400000,2024-01-09 00:00:00,DOT/EUR,6.841,6.878,6.345,6.525,105374.18,693722.81057
1704844800000,2024-01-10 00:00:00,DOT/EUR,6.529,7.4,6.224,7.289,90750.47,610281.20498
1704931200000,2024-01-11 00:00:00,DOT/EUR,7.299,7.815,7.158,7.431,107187.47,800388.66616
1705017600000,2024-01-12 00:00:00,DOT/EUR,7.431,7.497,6.735,6.934,69421.08,499662.62163
1705104000000,2024-01-13 00:00:00,DOT/EUR,6.929,7.107,6.759,6.979,40505.59,283406.33219
1705190400000,2024-01-14 00:00:00,DOT/EUR,6.977,7.061,6.682,6.696,28673.32,198448.92922
1705276800000,2024-01-15 00:00:00,DOT/EUR,6.696,7.031,6.683,6.877,32369.59,224030.4105
1705363200000,2024-01-16 00:00:00,DOT/EUR,6.874,7.048,6.757,6.892,40290.38,278227.37442
1705449600000,2024-01-17 00:00:00,DOT/EUR,6.906,6.982,6.674,6.741,32053.56,218336.72401
1705536000000,2024-01-18 00:00:00,DOT/EUR,6.75,6.792,6.279,6.451,40802.53,266585.12218
1705622400000,2024-01-19 00:00:00,DOT/EUR,6.453,6.48,6.046,6.308,37462.16,235958.12179
1705708800000,2024-01-20 00:00:00,DOT/EUR,6.308,6.374,6.234,6.347,24270.71,152884.9018
1705795200000,2024-01-21 00:00:00,DOT/EUR,6.341,6.405,6.257,6.258,18581.59,117798.30988
1705881600000,2024-01-22 00:00:00,DOT/EUR,6.274,6.277,5.791,5.831,57215.12,344081.76252
1705968000000,2024-01-23 00:00:00,DOT/EUR,5.828,5.925,5.5,5.857,60076.89,343085.79105
1706054400000,2024-01-24 00:00:00,DOT/EUR,5.867,6.009,5.771,5.942,33869.17,199318.21768
1706140800000,2024-01-25 00:00:00,DOT/EUR,5.938,6.027,5.863,5.937,35803.24,213004.77637
1706227200000,2024-01-26 00:00:00,DOT/EUR,5.922,6.197,5.88,6.159,44445.99,269223.53168
1706313600000,2024-01-27 00:00:00,DOT/EUR,6.157,6.231,6.035,6.158,26374.31,162048.25606
1706400000000,2024-01-28 00:00:00,DOT/EUR,6.159,6.339,6.063,6.338,28568.82,176822.11829
1706486400000,2024-01-29 00:00:00,DOT/EUR,6.343,6.735,6.224,6.494,49966.96,321639.5377
1706572800000,2024-01-30 00:00:00,DOT/EUR,6.496,6.541,6.3,6.315,47422.23,306851.64193
1706659200000,2024-01-31 00:00:00,DOT/EUR,6.315,6.369,6.087,6.164,38149.5,238253.08761
1706745600000,2024-02-01 00:00:00,DOT/EUR,6.17,6.277,6.054,6.253,36658.66,226912.5625
1706832000000,2024-02-02 00:00:00,DOT/EUR,6.246,6.509,6.23,6.415,29396.11,185960.43657
1706918400000,2024-02-03 00:00:00,DOT/EUR,6.44,6.49,6.323,6.328,13659.17,87470.86486
1707004800000,2024-02-04 00:00:00,DOT/EUR,6.313,6.328,6.173,6.195,11209.38,70394.25714
1707091200000,2024-02-05 00:00:00,DOT/EUR,6.192,6.482,6.13,6.261,42022.24,265980.48711
1707177600000,2024-02-06 00:00:00,DOT/EUR,6.252,6.477,6.19,6.336,17773.06,111653.02073
1707264000000,2024-02-07 00:00:00,DOT/EUR,6.313,6.458,6.199,6.441,25095.42,158938.73266
1707350400000,2024-02-08 00:00:00,DOT/EUR,6.449,6.596,6.397,6.524,26390.15,171024.05459
1707436800000,2024-02-09 00:00:00,DOT/EUR,6.506,6.798,6.473,6.662,36502.5,242312.46927
1707523200000,2024-02-10 00:00:00,DOT/EUR,6.7,6.743,6.55,6.666,20810.12,138509.45682
1707609600000,2024-02-11 00:00:00,DOT/EUR,6.668,6.786,6.528,6.554,20335.89,135682.1625
1707696000000,2024-02-12 00:00:00,DOT/EUR,6.56,6.842,6.481,6.809,40403.64,269972.51751
1707782400000,2024-02-13 00:00:00,DOT/EUR,6.816,7.0,6.642,6.876,63446.16,430615.04252
1707868800000,2024-02-14 00:00:00,DOT/EUR,6.843,7.213,6.797,7.153,48691.5,345531.86587
1707955200000,2024-02-15 00:00:00,DOT/EUR,7.148,7.41,7.03,7.233,56708.42,411333.11286
1708041600000,2024-02-16 00:00:00,DOT/EUR,7.225,7.307,7.02,7.097,42982.71,308799.20342
1708128000000,2024-02-17 00:00:00,DOT/EUR,7.102,7.158,6.82,7.154,18142.95,127837.35405
1708214400000,2024-02-18 00:00:00,DOT/EUR,7.164,7.35,7.145,7.295,34220.78,247924.53462
1708300800000,2024-02-19 00:00:00,DOT/EUR,7.294,7.561,7.112,7.447,51355.06,375815.56505
1708387200000,2024-02-20 00:00:00,DOT/EUR,7.455,7.532,6.876,7.16,68800.58,491718.13672
1708473600000,2024-02-21 00:00:00,DOT/EUR,7.137,7.153,6.7,6.912,35634.91,244007.42793
1708560000000,2024-02-22 00:00:00,DOT/EUR,6.901,7.106,6.727,6.92,30316.04,210151.76582
1708646400000,2024-02-23 00:00:00,DOT/EUR,6.923,7.078,6.718,6.991,31868.78,219063.78243
1708732800000,2024-02-24 00:00:00,DOT/EUR,6.996,7.291,6.877,7.218,22400.01,160814.51778
1708819200000,2024-02-25 00:00:00,DOT/EUR,7.224,7.338,7.1,7.325,18993.85,137186.28
1708905600000,2024-02-26 00:00:00,DOT/EUR,7.321,7.5,6.994,7.478,38070.98,276763.21895
1708992000000,2024-02-27 00:00:00,DOT/EUR,7.47,7.788,7.372,7.716,69161.08,518875.32001
1709078400000,2024-02-28 00:00:00,DOT/EUR,7.71,8.048,7.2,7.698,84232.81,643716.54162
1709164800000,2024-02-29 00:00:00,DOT/EUR,7.705,8.187,7.4,7.579,48558.16,385055.03604
1709251200000,2024-03-01 00:00:00,DOT/EUR,7.61,8.013,7.602,8.013,22861.51,177749.86216
1709337600000,2024-03-02 00:00:00,DOT/EUR,8.014,8.737,7.945,8.714,49608.49,413500.33975
1709424000000,2024-03-03 00:00:00,DOT/EUR,8.721,9.135,7.954,9.023,49720.78,433413.59018
1709510400000,2024-03-04 00:00:00,DOT/EUR,9.013,9.517,8.85,9.07,81195.91,744789.59173
1709596800000,2024-03-05 00:00:00,DOT/EUR,9.055,10.0,7.42,8.582,121632.81,1088897.06009
1709683200000,2024-03-06 00:00:00,DOT/EUR,8.625,9.709,8.238,9.668,61313.72,562417.61747
1709769600000,2024-03-07 00:00:00,DOT/EUR,9.683,10.3,9.38,9.524,67630.59,655624.97766
1709856000000,2024-03-08 00:00:00,DOT/EUR,9.555,9.84,9.11,9.754,65694.95,621942.29678
1709942400000,2024-03-09 00:00:00,DOT/EUR,9.76,10.063,9.514,9.623,38062.84,372655.75209
1710028800000,2024-03-10 00:00:00,DOT/EUR,9.614,9.686,9.1,9.395,26919.76,254845.84878
1710115200000,2024-03-11 00:00:00,DOT/EUR,9.387,10.285,8.99,9.999,50249.12,494644.14591
1710201600000,2024-03-12 00:00:00,DOT/EUR,10.013,10.101,9.214,9.818,46186.63,448612.45847
1710288000000,2024-03-13 00:00:00,DOT/EUR,9.822,10.444,9.726,10.41,50387.09,508920.09538
1710374400000,2024-03-14 00:00:00,DOT/EUR,10.395,10.864,9.816,10.623,110428.06,1147256.87756
1710460800000,2024-03-15 00:00:00,DOT/EUR,10.649,10.74,9.156,9.946,129647.61,1270866.15715
1710547200000,2024-03-16 00:00:00,DOT/EUR,9.919,10.022,8.57,8.917,63076.39,594027.15721
1710633600000,2024-03-17 00:00:00,DOT/EUR,8.926,9.536,8.477,9.222,48635.18,438917.2989
1710720000000,2024-03-18 00:00:00,DOT/EUR,9.269,9.609,8.838,9.133,42747.27,395296.50801
1710806400000,2024-03-19 00:00:00,DOT/EUR,9.131,9.195,7.924,8.079,74266.99,619989.39758
1710892800000,2024-03-20 00:00:00,DOT/EUR,8.065,8.8,7.83,8.695,70046.97,583314.22093
1710979200000,2024-03-21 00:00:00,DOT/EUR,8.681,8.776,8.356,8.459,51541.32,443198.1418
1711065600000,2024-03-22 00:00:00,DOT/EUR,8.433,8.65,8.058,8.277,39165.29,327378.02666
1711152000000,2024-03-23 00:00:00,DOT/EUR,8.257,8.543,8.212,8.314,19219.18,161727.25163
1711238400000,2024-03-24 00:00:00,DOT/EUR,8.306,8.737,8.306,8.675,17152.15,146720.41354
1711324800000,2024-03-25 00:00:00,DOT/EUR,8.684,9.126,8.609,8.97,33098.48,294064.18892
1711411200000,2024-03-26 00:00:00,DOT/EUR,8.963,9.271,8.806,8.956,36997.28,334115.41227
1711497600000,2024-03-27 00:00:00,DOT/EUR,8.952,9.077,8.623,8.741,30127.69,264989.80966
1711584000000,2024-03-28 00:00:00,DOT/EUR,8.73,8.958,8.593,8.822,23319.4,205441.11372
1711670400000,2024-03-29 00:00:00,DOT/EUR,8.825,9.091,8.688,8.905,31511.27,280455.60271
1711756800000,2024-03-30 00:00:00,DOT/EUR,8.907,9.001,8.719,8.753,9799.92,86843.26601
1711843200000,2024-03-31 00:00:00,DOT/EUR,8.764,8.948,8.764,8.948,8694.45,77045.88321
1711929600000,2024-04-01 00:00:00,DOT/EUR,8.936,9.038,8.326,8.52,32807.79,281402.97922
1712016000000,2024-04-02 00:00:00,DOT/EUR,8.522,8.523,7.78,7.983,44883.33,362358.09092
1712102400000,2024-04-03 00:00:00,DOT/EUR,8.001,8.157,7.662,7.8,29070.49,231912.19177
1712188800000,2024-04-04 00:00:00,DOT/EUR,7.77,8.04,7.635,7.829,22416.26,176050.04088
1712275200000,2024-04-05 00:00:00,DOT/EUR,7.832,7.844,7.47,7.769,26236.78,200129.3936
1712361600000,2024-04-06 00:00:00,DOT/EUR,7.715,7.907,7.681,7.849,7936.89,61830.29686
1712448000000,2024-04-07 00:00:00,DOT/EUR,7.84,8.077,7.823,8.047,11957.98,95526.14014
1712534400000,2024-04-08 00:00:00,DOT/EUR,8.017,8.371,7.92,8.296,22069.03,181762.45997
1712620800000,2024-04-09 00:00:00,DOT/EUR,8.294,8.365,7.963,7.994,28408.75,232367.31231
1712707200000,2024-04-10 00:00:00,DOT/EUR,7.971,8.019,7.496,7.794,27545.47,213640.42154
1712793600000,2024-04-11 00:00:00,DOT/EUR,7.79,7.916,7.565,7.811,25247.06,196172.60138
1712880000000,2024-04-12 00:00:00,DOT/EUR,7.813,7.925,6.145,6.835,122278.0,824475.6734
1712966400000,2024-04-13 00:00:00,DOT/EUR,6.835,6.952,5.521,6.085,131300.1,816286.02393
1713052800000,2024-04-14 00:00:00,DOT/EUR,6.079,6.55,5.88,6.473,115796.72,728276.7754
1713139200000,2024-04-15 00:00:00,DOT/EUR,6.443,6.781,6.072,6.32,74961.29,490427.57739
1713225600000,2024-04-16 00:00:00,DOT/EUR,6.319,6.425,6.01,6.32,39908.14,248543.07417
1713312000000,2024-04-17 00:00:00,DOT/EUR,6.306,6.375,5.925,6.18,34560.92,212615.59092
1713398400000,2024-04-18 00:00:00,DOT/EUR,6.196,6.421,6.057,6.378,26902.2,168001.64902
1713484800000,2024-04-19 00:00:00,DOT/EUR,6.372,6.51,5.92,6.284,50095.35,314300.06112
1713571200000,2024-04-20 00:00:00,DOT/EUR,6.277,6.857,6.23,6.819,23588.94,154404.48601
1713657600000,2024-04-21 00:00:00,DOT/EUR,6.814,6.859,6.526,6.708,15913.24,106736.00966
1713744000000,2024-04-22 00:00:00,DOT/EUR,6.712,7.129,6.659,7.015,35300.48,246545.17163
1713830400000,2024-04-23 00:00:00,DOT/EUR,7.037,7.131,6.75,6.781,38461.68,266593.10912
1713916800000,2024-04-24 00:00:00,DOT/EUR,6.775,7.026,6.418,6.486,53366.66,363524.5225
1714003200000,2024-04-25 00:00:00,DOT/EUR,6.488,6.537,6.279,6.407,18338.86,117783.98068
1714089600000,2024-04-26 00:00:00,DOT/EUR,6.377,6.495,6.289,6.329,18384.54,117619.81901
1714176000000,2024-04-27 00:00:00,DOT/EUR,6.347,6.429,6.1,6.37,15349.14,96231.51392
1714262400000,2024-04-28 00:00:00,DOT/EUR,6.402,6.507,6.265,6.286,12539.57,80514.81236
1714348800000,2024-04-29 00:00:00,DOT/EUR,6.282,6.374,6.046,6.15,22895.94,140832.82928
1714435200000,2024-04-30 00:00:00,DOT/EUR,6.133,6.224,5.659,6.024,40588.98,240224.40011
1714521600000,2024-05-01 00:00:00,DOT/EUR,6.022,6.551,5.748,6.449,52703.66,325288.20283
1714608000000,2024-05-02 00:00:00,DOT/EUR,6.464,6.91,6.264,6.8,34799.79,230679.72524
1714694400000,2024-05-03 00:00:00,DOT/EUR,6.812,6.862,6.532,6.733,30820.8,206405.32692
1714780800000,2024-05-04 00:00:00,DOT/EUR,6.737,6.741,6.613,6.635,21283.81,142096.24578
1714867200000,2024-05-05 00:00:00,DOT/EUR,6.625,6.877,6.53,6.789,24483.7,162869.39335
1714953600000,2024-05-06 00:00:00,DOT/EUR,6.784,6.94,6.557,6.616,30005.38,203198.0255
1715040000000,2024-05-07 00:00:00,DOT/EUR,6.634,6.786,6.501,6.512,22832.68,151860.33422
1715126400000,2024-05-08 00:00:00,DOT/EUR,6.524,6.695,6.423,6.485,38904.43,254846.08927
1715212800000,2024-05-09 00:00:00,DOT/EUR,6.493,6.576,6.332,6.542,27026.11,174039.92138
1715299200000,2024-05-10 00:00:00,DOT/EUR,6.533,6.635,6.236,6.281,27929.21,179956.16533
1715385600000,2024-05-11 00:00:00,DOT/EUR,6.271,6.332,6.17,6.192,13681.4,85487.56602
1715472000000,2024-05-12 00:00:00,DOT/EUR,6.18,6.312,6.129,6.15,10805.26,67405.1772
1715558400000,2024-05-13 00:00:00,DOT/EUR,6.165,6.318,5.975,6.172,23322.05,144095.98951
1715644800000,2024-05-14 00:00:00,DOT/EUR,6.181,6.209,5.994,6.002,27328.69,166977.4531
1715731200000,2024-05-15 00:00:00,DOT/EUR,6.017,6.46,5.98,6.386,27794.99,173592.03526
1715817600000,2024-05-16 00:00:00,DOT/EUR,6.39,6.5,6.278,6.471,31536.44,201139.26319
1715904000000,2024-05-17 00:00:00,DOT/EUR,6.482,6.715,6.447,6.618,24518.89,162121.31254
1715990400000,2024-05-18 00:00:00,DOT/EUR,6.606,6.643,6.507,6.585,13721.24,90238.96293
1716076800000,2024-05-19 00:00:00,DOT/EUR,6.571,6.597,6.341,6.373,18213.55,117968.3154
1716163200000,2024-05-20 00:00:00,DOT/EUR,6.374,6.872,6.3,6.864,56466.47,375156.21002
1716249600000,2024-05-21 00:00:00,DOT/EUR,6.868,7.038,6.738,6.959,55155.39,381003.08812
1716336000000,2024-05-22 00:00:00,DOT/EUR,6.962,7.073,6.813,6.872,37496.76,260431.98138
1716422400000,2024-05-23 00:00:00,DOT/EUR,6.886,7.011,6.394,6.657,60887.7,409451.68492
1716508800000,2024-05-24 00:00:00,DOT/EUR,6.697,6.805,6.493,6.691,33484.33,223166.07914
1716595200000,2024-05-25 00:00:00,DOT/EUR,6.675,6.858,6.675,6.853,18893.21,127525.47377
1716681600000,2024-05-26 00:00:00,DOT/EUR,6.846,7.041,6.804,6.966,39132.59,270715.4939
1716768000000,2024-05-27 00:00:00,DOT/EUR,6.966,7.154,6.8,7.02,38687.51,269470.60084
1716854400000,2024-05-28 00:00:00,DOT/EUR,7.026,7.038,6.698,6.788,37068.8,253131.63646
1716940800000,2024-05-29 00:00:00,DOT/EUR,6.797,6.963,6.616,6.639,56757.56,383629.0779
1717027200000,2024-05-30 00:00:00,DOT/EUR,6.644,6.702,6.41,6.463,31037.68,203121.22137
1717113600000,2024-05-31 00:00:00,DOT/EUR,6.459,6.56,6.281,6.458,27743.41,178268.07647
1717200000000,2024-06-01 00:00:00,DOT/EUR,6.437,6.584,6.417,6.503,11812.43,76836.17736
1717286400000,2024-06-02 00:00:00,DOT/EUR,6.508,6.562,6.375,6.441,19481.04,126278.66334
1717372800000,2024-06-03 00:00:00,DOT/EUR,6.437,6.622,6.392,6.431,32763.98,214196.49351
1717459200000,2024-06-04 00:00:00,DOT/EUR,6.431,6.638,6.386,6.599,36771.09,239492.82925
1717545600000,2024-06-05 00:00:00,DOT/EUR,6.594,6.707,6.575,6.656,25122.68,166821.57189
1717632000000,2024-06-06 00:00:00,DOT/EUR,6.658,6.697,6.491,6.561,18553.24,122694.93527
1717718400000,2024-06-07 00:00:00,DOT/EUR,6.562,6.697,5.63,6.172,84251.35,519175.37092
1717804800000,2024-06-08 00:00:00,DOT/EUR,6.17,6.195,5.882,5.927,29407.01,176402.47676
1717891200000,2024-06-09 00:00:00,DOT/EUR,5.92,6.074,5.917,6.059,28900.87,173458.63892
1717977600000,2024-06-10 00:00:00,DOT/EUR,6.058,6.12,5.907,6.04,39778.45,240142.14134
1718064000000,2024-06-11 00:00:00,DOT/EUR,6.048,6.063,5.807,5.945,57592.08,341428.73473
