https://www.Saxcoin-b6.nl,MATIC,Polygon
unix,date,symbol,open,high,low,close,volume,total
1616112000000,2021-03-19 00:00:00,MATIC/EUR,0.3331,0.3757,0.3331,0.3456,2170091.72,747483.584129
1616198400000,2021-03-20 00:00:00,MATIC/EUR,0.3456,0.3526,0.3217,0.3233,1677640.2,572530.58292
1616284800000,2021-03-21 00:00:00,MATIC/EUR,0.3219,0.338,0.3072,0.3202,1775858.74,572029.303372
1616371200000,2021-03-22 00:00:00,MATIC/EUR,0.3215,0.3246,0.2636,0.2927,2383473.46,725681.78124
1616457600000,2021-03-23 00:00:00,MATIC/EUR,0.2924,0.32,0.275,0.2788,2372089.73,690137.631324
1616544000000,2021-03-24 00:00:00,MATIC/EUR,0.2783,0.3207,0.2566,0.2747,3426804.68,1014727.719045
1616630400000,2021-03-25 00:00:00,MATIC/EUR,0.2722,0.3,0.2524,0.2568,3421191.48,919605.46251
1616716800000,2021-03-26 00:00:00,MATIC/EUR,0.257,0.2912,0.257,0.2851,2151541.85,597976.085562
1616803200000,2021-03-27 00:00:00,MATIC/EUR,0.2866,0.3022,0.2815,0.2827,2504754.74,726353.930092
1616889600000,2021-03-28 00:00:00,MATIC/EUR,0.2816,0.3018,0.2784,0.2943,2308484.34,671477.407798
1616976000000,2021-03-29 00:00:00,MATIC/EUR,0.2943,0.36,0.2864,0.327,4811190.5,1560635.615431
1617062400000,2021-03-30 00:00:00,MATIC/EUR,0.327,0.3296,0.3072,0.3175,3199028.61,1015203.850711
1617148800000,2021-03-31 00:00:00,MATIC/EUR,0.3173,0.3257,0.285,0.3068,4102994.98,1256432.290396
1617235200000,2021-04-01 00:00:00,MATIC/EUR,0.3071,0.322,0.3,0.3095,2906601.35,905764.23563
1617321600000,2021-04-02 00:00:00,MATIC/EUR,0.3101,0.3366,0.3036,0.326,3078698.34,988132.569785
1617408000000,2021-04-03 00:00:00,MATIC/EUR,0.3266,0.3382,0.2991,0.3005,2606212.06,825245.918302
1617494400000,2021-04-04 00:00:00,MATIC/EUR,0.3,0.3187,0.2948,0.3078,1758998.1,544004.205459
1617580800000,2021-04-05 00:00:00,MATIC/EUR,0.309,0.3135,0.2974,0.3132,2137590.3,653085.181518
1617667200000,2021-04-06 00:00:00,MATIC/EUR,0.3132,0.3311,0.3051,0.3167,4092093.32,1302940.208891
1617753600000,2021-04-07 00:00:00,MATIC/EUR,0.3169,0.3177,0.252,0.2848,4262578.33,1236772.480451
1617840000000,2021-04-08 00:00:00,MATIC/EUR,0.286,0.3035,0.2844,0.2996,2582892.18,762709.792982
1617926400000,2021-04-09 00:00:00,MATIC/EUR,0.2995,0.3234,0.2946,0.3093,3035602.65,930182.856743
1618012800000,2021-04-10 00:00:00,MATIC/EUR,0.3093,0.3134,0.292,0.3,2153977.39,654896.726816
1618099200000,2021-04-11 00:00:00,MATIC/EUR,0.3,0.3106,0.2924,0.3105,1783951.16,540500.011793
1618185600000,2021-04-12 00:00:00,MATIC/EUR,0.3108,0.3129,0.2942,0.3,2117069.18,636496.050853
1618272000000,2021-04-13 00:00:00,MATIC/EUR,0.3014,0.3574,0.299,0.3539,7904598.84,2625831.519676
1618358400000,2021-04-14 00:00:00,MATIC/EUR,0.354,0.3763,0.3105,0.3467,5374999.2,1837555.41758
1618444800000,2021-04-15 00:00:00,MATIC/EUR,0.3468,0.3848,0.3358,0.3682,5712492.7,2061410.336846
1618531200000,2021-04-16 00:00:00,MATIC/EUR,0.371,0.3916,0.3406,0.3643,4169312.88,1496014.105092
1618617600000,2021-04-17 00:00:00,MATIC/EUR,0.365,0.3673,0.3371,0.3403,2361796.26,832741.299513
1618704000000,2021-04-18 00:00:00,MATIC/EUR,0.3397,0.3421,0.27,0.3058,4836318.37,1438693.072098
1618790400000,2021-04-19 00:00:00,MATIC/EUR,0.3065,0.3244,0.2706,0.2725,3210453.8,959349.62819
1618876800000,2021-04-20 00:00:00,MATIC/EUR,0.2734,0.2925,0.2472,0.2855,3870490.35,1056063.538571
1618963200000,2021-04-21 00:00:00,MATIC/EUR,0.2857,0.319,0.274,0.2971,4599421.62,1361531.325043
1619049600000,2021-04-22 00:00:00,MATIC/EUR,0.2989,0.3509,0.287,0.2917,13108756.81,4314300.470689
1619136000000,2021-04-23 00:00:00,MATIC/EUR,0.291,0.3214,0.248,0.3171,7935457.98,2232579.15805
1619222400000,2021-04-24 00:00:00,MATIC/EUR,0.3173,0.3237,0.2816,0.2957,3423716.7,1032525.532576
1619308800000,2021-04-25 00:00:00,MATIC/EUR,0.2958,0.3368,0.2863,0.318,4461501.25,1411810.48249
1619395200000,2021-04-26 00:00:00,MATIC/EUR,0.3193,0.4894,0.3146,0.445,23941574.91,9994811.268745
1619481600000,2021-04-27 00:00:00,MATIC/EUR,0.4455,0.7178,0.3911,0.685,25976493.36,14193166.021086
1619568000000,2021-04-28 00:00:00,MATIC/EUR,0.685,0.7446,0.5581,0.6413,53478482.86,34583011.997993
1619654400000,2021-04-29 00:00:00,MATIC/EUR,0.6414,0.7667,0.6131,0.7375,40359318.97,28299553.376354
1619740800000,2021-04-30 00:00:00,MATIC/EUR,0.7368,0.7829,0.65,0.6829,23820132.7,16993989.966488
1619827200000,2021-05-01 00:00:00,MATIC/EUR,0.6829,0.7,0.6391,0.653,11676590.55,7814988.341731
1619913600000,2021-05-02 00:00:00,MATIC/EUR,0.6529,0.6897,0.6175,0.6862,7951551.28,5238257.803003
1620000000000,2021-05-03 00:00:00,MATIC/EUR,0.684,0.7245,0.6452,0.6608,9982708.13,6840330.634571
1620086400000,2021-05-04 00:00:00,MATIC/EUR,0.6604,0.6656,0.5723,0.5865,9825714.15,6112070.668462
1620172800000,2021-05-05 00:00:00,MATIC/EUR,0.5868,0.6952,0.5847,0.6742,10384940.37,6765188.252725
1620259200000,2021-05-06 00:00:00,MATIC/EUR,0.6741,0.677,0.6041,0.6344,6836668.74,4405530.31499
1620345600000,2021-05-07 00:00:00,MATIC/EUR,0.6334,0.6722,0.6036,0.6196,5602713.19,3558084.958859
1620432000000,2021-05-08 00:00:00,MATIC/EUR,0.6189,0.7011,0.6035,0.7003,8165629.01,5362901.231044
1620518400000,2021-05-09 00:00:00,MATIC/EUR,0.7004,0.8745,0.654,0.7994,25746730.04,20405729.579335
1620604800000,2021-05-10 00:00:00,MATIC/EUR,0.7981,0.8276,0.65,0.728,12210530.08,9212651.919381
1620691200000,2021-05-11 00:00:00,MATIC/EUR,0.7242,0.9013,0.6619,0.8795,12993313.98,10188746.894751
1620777600000,2021-05-12 00:00:00,MATIC/EUR,0.8793,1.0547,0.8372,0.875,22958700.64,21856658.720353
1620864000000,2021-05-13 00:00:00,MATIC/EUR,0.8725,0.9848,0.8,0.8744,15937168.7,14328185.085938
1620950400000,2021-05-14 00:00:00,MATIC/EUR,0.8734,1.2485,0.8674,1.2111,21181839.5,23468115.28193
1621036800000,2021-05-15 00:00:00,MATIC/EUR,1.2193,1.56,1.212,1.3219,36755324.94,52496056.233885
1621123200000,2021-05-16 00:00:00,MATIC/EUR,1.3214,1.51,1.2,1.4221,19488054.4,26504403.253157
1621209600000,2021-05-17 00:00:00,MATIC/EUR,1.4205,1.4794,1.2204,1.4215,19214148.97,26557900.580486
1621296000000,2021-05-18 00:00:00,MATIC/EUR,1.4282,2.233,1.404,2.0089,49059214.81,91754892.869323
1621382400000,2021-05-19 00:00:00,MATIC/EUR,2.0111,2.1625,0.85,1.3384,72612789.43,122721746.183259
1621468800000,2021-05-20 00:00:00,MATIC/EUR,1.3505,1.824,1.103,1.5054,43505334.4,67659218.253188
1621555200000,2021-05-21 00:00:00,MATIC/EUR,1.5054,1.6064,0.9882,1.2265,30870082.28,40478074.160893
1621641600000,2021-05-22 00:00:00,MATIC/EUR,1.2183,1.3363,0.9276,0.9822,27026483.36,29262399.264636
1621728000000,2021-05-23 00:00:00,MATIC/EUR,0.9819,1.04,0.6149,0.883,46876465.17,37196531.903662
1621814400000,2021-05-24 00:00:00,MATIC/EUR,0.8826,1.6311,0.8779,1.4343,74536372.05,95744453.180286
1621900800000,2021-05-25 00:00:00,MATIC/EUR,1.4345,1.5937,1.2359,1.5807,45907157.59,64417535.728858
1621987200000,2021-05-26 00:00:00,MATIC/EUR,1.5831,1.9981,1.5,1.817,55039342.11,100220486.907961
1622073600000,2021-05-27 00:00:00,MATIC/EUR,1.8116,1.86,1.53,1.6733,32865331.98,56774195.103845
1622160000000,2021-05-28 00:00:00,MATIC/EUR,1.6733,1.6905,1.37,1.4984,40954370.36,62926800.951108
1622246400000,2021-05-29 00:00:00,MATIC/EUR,1.4982,1.5697,1.2479,1.3964,23467881.34,32765740.687087
1622332800000,2021-05-30 00:00:00,MATIC/EUR,1.3997,1.6289,1.2743,1.5331,24878226.29,37939351.906325
1622419200000,2021-05-31 00:00:00,MATIC/EUR,1.532,1.59,1.4347,1.5303,16340159.48,24791817.015878
1622505600000,2021-06-01 00:00:00,MATIC/EUR,1.5301,1.6232,1.445,1.4919,12576667.87,19220871.270553
1622592000000,2021-06-02 00:00:00,MATIC/EUR,1.4944,1.55,1.4317,1.4761,10639592.89,15876440.734258
1622678400000,2021-06-03 00:00:00,MATIC/EUR,1.4744,1.5485,1.4455,1.5057,10388865.78,15577135.974182
1622764800000,2021-06-04 00:00:00,MATIC/EUR,1.5059,1.5063,1.28,1.342,24155410.23,32842197.718323
1622851200000,2021-06-05 00:00:00,MATIC/EUR,1.3448,1.4019,1.1941,1.2605,11257079.46,14778614.701055
1622937600000,2021-06-06 00:00:00,MATIC/EUR,1.2606,1.3122,1.2475,1.303,7456706.68,9562465.670463
1623024000000,2021-06-07 00:00:00,MATIC/EUR,1.3033,1.4239,1.2008,1.2216,15948482.78,21373809.852198
1623110400000,2021-06-08 00:00:00,MATIC/EUR,1.2199,1.269,1.0488,1.2168,22792143.17,26542184.195148
1623196800000,2021-06-09 00:00:00,MATIC/EUR,1.217,1.2613,1.1127,1.225,16468137.97,19650354.614611
1623283200000,2021-06-10 00:00:00,MATIC/EUR,1.2247,1.2318,1.1126,1.1212,12404545.51,14474978.442837
1623369600000,2021-06-11 00:00:00,MATIC/EUR,1.1217,1.1415,1.0174,1.0337,10045769.28,10916554.459456
1623456000000,2021-06-12 00:00:00,MATIC/EUR,1.0344,1.16,0.9606,1.107,15876383.14,16806149.692684
1623542400000,2021-06-13 00:00:00,MATIC/EUR,1.1082,1.2341,1.0857,1.2087,13525445.46,15605135.624559
1623628800000,2021-06-14 00:00:00,MATIC/EUR,1.2109,1.3222,1.1676,1.2791,14535164.99,18166317.945034
1623715200000,2021-06-15 00:00:00,MATIC/EUR,1.2794,1.4119,1.2665,1.3447,17311136.69,23636116.080227
1623801600000,2021-06-16 00:00:00,MATIC/EUR,1.3441,1.3522,1.208,1.2339,10314489.55,13242751.334145
1623888000000,2021-06-17 00:00:00,MATIC/EUR,1.2321,1.3068,1.2135,1.2627,7921527.61,10015801.356108
1623974400000,2021-06-18 00:00:00,MATIC/EUR,1.2617,1.2728,1.1,1.1668,9386547.63,11002065.55283
1624060800000,2021-06-19 00:00:00,MATIC/EUR,1.1667,1.2112,1.1409,1.1495,5853089.33,6883569.48982
1624147200000,2021-06-20 00:00:00,MATIC/EUR,1.1495,1.2176,1.0848,1.1776,8146836.12,9347277.922084
1624233600000,2021-06-21 00:00:00,MATIC/EUR,1.1776,1.1875,0.9113,0.9229,15842991.11,16605149.769685
1624320000000,2021-06-22 00:00:00,MATIC/EUR,0.9216,1.0398,0.78,0.9001,36183033.21,33074450.314198
1624406400000,2021-06-23 00:00:00,MATIC/EUR,0.9008,1.0467,0.8618,0.9883,14972290.55,14758520.149763
1624492800000,2021-06-24 00:00:00,MATIC/EUR,0.9883,1.04,0.9518,1.0085,8880714.49,8914175.645729
1624579200000,2021-06-25 00:00:00,MATIC/EUR,1.0097,1.0346,0.8718,0.8747,10595045.98,9895850.89286
1624665600000,2021-06-26 00:00:00,MATIC/EUR,0.8724,0.927,0.8463,0.9041,8241612.45,7240073.607845
1624752000000,2021-06-27 00:00:00,MATIC/EUR,0.9048,0.9336,0.8676,0.9324,5601886.34,5026288.30573
1624838400000,2021-06-28 00:00:00,MATIC/EUR,0.9337,0.9768,0.9093,0.9401,7824391.88,7367492.977813
1624924800000,2021-06-29 00:00:00,MATIC/EUR,0.9388,1.0519,0.936,0.985,10652934.91,10711751.391846
1625011200000,2021-06-30 00:00:00,MATIC/EUR,0.9848,0.9923,0.9113,0.9852,9302549.5,8857566.827499
1625097600000,2021-07-01 00:00:00,MATIC/EUR,0.9844,0.9844,0.8962,0.9063,5825316.38,5395702.894787
1625184000000,2021-07-02 00:00:00,MATIC/EUR,0.9055,0.9354,0.881,0.9292,4393907.82,3979604.145313
1625270400000,2021-07-03 00:00:00,MATIC/EUR,0.9287,0.9667,0.9107,0.9419,3621286.97,3432096.461434
1625356800000,2021-07-04 00:00:00,MATIC/EUR,0.9417,0.9931,0.922,0.9666,4551933.55,4407260.954155
1625443200000,2021-07-05 00:00:00,MATIC/EUR,0.965,0.9686,0.9122,0.9278,3839635.44,3619848.875429
1625529600000,2021-07-06 00:00:00,MATIC/EUR,0.9282,0.9836,0.9278,0.9567,4251068.86,4058221.336251
1625616000000,2021-07-07 00:00:00,MATIC/EUR,0.9558,0.9957,0.9528,0.9566,3786620.29,3684683.370292
1625702400000,2021-07-08 00:00:00,MATIC/EUR,0.9567,0.9617,0.859,0.8817,5011313.14,4543206.277747
1625788800000,2021-07-09 00:00:00,MATIC/EUR,0.8776,0.9011,0.8477,0.8871,2672510.5,2350408.303772
1625875200000,2021-07-10 00:00:00,MATIC/EUR,0.8863,0.9028,0.8603,0.8689,2019678.88,1766361.863649
1625961600000,2021-07-11 00:00:00,MATIC/EUR,0.8694,0.892,0.8614,0.8783,1133123.93,993567.789787
1626048000000,2021-07-12 00:00:00,MATIC/EUR,0.8781,0.8845,0.8132,0.8401,2987699.26,2534678.429125
1626134400000,2021-07-13 00:00:00,MATIC/EUR,0.84,0.8404,0.7984,0.8089,3074330.87,2510216.996843
1626220800000,2021-07-14 00:00:00,MATIC/EUR,0.8091,0.8273,0.7426,0.7969,4487036.88,3523038.548287
1626307200000,2021-07-15 00:00:00,MATIC/EUR,0.7979,0.8116,0.738,0.7548,4032403.87,3079284.196787
1626393600000,2021-07-16 00:00:00,MATIC/EUR,0.7546,0.769,0.689,0.6907,3778553.61,2712759.788717
1626480000000,2021-07-17 00:00:00,MATIC/EUR,0.69,0.7041,0.6678,0.6856,2363848.47,1618324.152715
1626566400000,2021-07-18 00:00:00,MATIC/EUR,0.6856,0.7337,0.6754,0.6799,2065850.69,1460091.200763
1626652800000,2021-07-19 00:00:00,MATIC/EUR,0.6786,0.686,0.625,0.6269,3469241.81,2243610.751074
1626739200000,2021-07-20 00:00:00,MATIC/EUR,0.6288,0.633,0.5343,0.593,11835974.25,6955571.726282
1626825600000,2021-07-21 00:00:00,MATIC/EUR,0.5935,0.812,0.5757,0.7632,19970633.42,14406852.269258
1626912000000,2021-07-22 00:00:00,MATIC/EUR,0.7632,0.8012,0.7248,0.7566,15933310.02,12194983.929037
1626998400000,2021-07-23 00:00:00,MATIC/EUR,0.7567,0.8241,0.7381,0.8138,9295578.57,7260516.418689
1627084800000,2021-07-24 00:00:00,MATIC/EUR,0.8143,0.8465,0.7808,0.8136,6915212.28,5586235.27092
1627171200000,2021-07-25 00:00:00,MATIC/EUR,0.8133,0.8273,0.7616,0.8032,6556411.92,5200780.950069
1627257600000,2021-07-26 00:00:00,MATIC/EUR,0.8041,0.9689,0.7974,0.864,16951159.62,15294500.885699
1627344000000,2021-07-27 00:00:00,MATIC/EUR,0.864,0.9116,0.7986,0.8885,9800211.92,8405411.830911
1627430400000,2021-07-28 00:00:00,MATIC/EUR,0.887,0.9018,0.8484,0.8693,5458884.9,4765041.231751
1627516800000,2021-07-29 00:00:00,MATIC/EUR,0.8678,0.8858,0.8457,0.8728,2810433.32,2426676.379955
1627603200000,2021-07-30 00:00:00,MATIC/EUR,0.8738,0.9077,0.8465,0.9024,4972736.36,4362334.75967
1627689600000,2021-07-31 00:00:00,MATIC/EUR,0.9031,0.9355,0.8667,0.9215,4080437.32,3659054.203892
1627776000000,2021-08-01 00:00:00,MATIC/EUR,0.9195,0.9633,0.8901,0.8965,7718447.88,7155538.624866
1627862400000,2021-08-02 00:00:00,MATIC/EUR,0.8965,0.9201,0.8708,0.8911,4372761.14,3928178.107976
1627948800000,2021-08-03 00:00:00,MATIC/EUR,0.8919,0.9028,0.8567,0.8697,2452736.8,2137544.261622
1628035200000,2021-08-04 00:00:00,MATIC/EUR,0.8706,0.9147,0.8611,0.9002,3222733.54,2878825.870687
1628121600000,2021-08-05 00:00:00,MATIC/EUR,0.9003,0.9167,0.8682,0.9092,3948876.04,3528668.612886
1628208000000,2021-08-06 00:00:00,MATIC/EUR,0.9106,0.942,0.886,0.9266,3467783.49,3187318.645165
1628294400000,2021-08-07 00:00:00,MATIC/EUR,0.9246,1.0335,0.9172,1.0063,7033085.44,6952414.670754
1628380800000,2021-08-08 00:00:00,MATIC/EUR,1.0033,1.0165,0.9206,0.9355,4514471.66,4375140.048907
1628467200000,2021-08-09 00:00:00,MATIC/EUR,0.9352,0.9979,0.8962,0.9725,4682238.15,4497557.600602
1628553600000,2021-08-10 00:00:00,MATIC/EUR,0.9723,1.0186,0.9582,0.9991,4400710.64,4358384.99847
1628640000000,2021-08-11 00:00:00,MATIC/EUR,0.9979,1.2366,0.9967,1.1906,11650089.13,13421277.680677
1628726400000,2021-08-12 00:00:00,MATIC/EUR,1.1902,1.2813,1.0874,1.1443,8819704.6,10280104.752691
1628812800000,2021-08-13 00:00:00,MATIC/EUR,1.1466,1.2979,1.14,1.2942,7894786.54,9747465.791086
1628899200000,2021-08-14 00:00:00,MATIC/EUR,1.2961,1.2961,1.2096,1.2366,4959128.34,6190457.725716
1628985600000,2021-08-15 00:00:00,MATIC/EUR,1.2382,1.271,1.1773,1.2569,3809223.51,4679969.517831
1629072000000,2021-08-16 00:00:00,MATIC/EUR,1.2577,1.3362,1.22,1.2247,5840160.44,7503696.203756
1629158400000,2021-08-17 00:00:00,MATIC/EUR,1.2269,1.3148,1.154,1.1695,5011236.85,6196859.967078
1629244800000,2021-08-18 00:00:00,MATIC/EUR,1.1666,1.2191,1.1,1.1547,4104668.58,4776035.247642
1629331200000,2021-08-19 00:00:00,MATIC/EUR,1.1545,1.2631,1.1298,1.2631,4431607.23,5248466.65532
1629417600000,2021-08-20 00:00:00,MATIC/EUR,1.2632,1.342,1.2463,1.3259,5950687.24,7729347.588507
1629504000000,2021-08-21 00:00:00,MATIC/EUR,1.3257,1.4593,1.2943,1.3611,6955098.94,9772698.502624
1629590400000,2021-08-22 00:00:00,MATIC/EUR,1.3632,1.4365,1.3427,1.3979,3114308.41,4332923.267056
1629676800000,2021-08-23 00:00:00,MATIC/EUR,1.3979,1.4405,1.3677,1.396,3200164.18,4480188.97658
1629763200000,2021-08-24 00:00:00,MATIC/EUR,1.396,1.4,1.2324,1.2717,4281896.39,5639561.225953
1629849600000,2021-08-25 00:00:00,MATIC/EUR,1.2723,1.3398,1.2262,1.3171,3208308.82,4120350.438798
1629936000000,2021-08-26 00:00:00,MATIC/EUR,1.3172,1.3323,1.1775,1.1826,2900789.16,3548131.835821
1630022400000,2021-08-27 00:00:00,MATIC/EUR,1.1839,1.3025,1.1667,1.2988,3626807.18,4528706.888226
1630108800000,2021-08-28 00:00:00,MATIC/EUR,1.2988,1.3063,1.2329,1.2454,5015273.94,6281624.915968
1630195200000,2021-08-29 00:00:00,MATIC/EUR,1.2459,1.2662,1.192,1.217,2571543.7,3149718.91521
1630281600000,2021-08-30 00:00:00,MATIC/EUR,1.2148,1.2178,1.1215,1.1315,2772421.57,3261914.81735
1630368000000,2021-08-31 00:00:00,MATIC/EUR,1.1331,1.2062,1.1185,1.1439,3885185.0,4501315.562883
1630454400000,2021-09-01 00:00:00,MATIC/EUR,1.1437,1.2718,1.1234,1.251,4972727.5,6062447.31113
1630540800000,2021-09-02 00:00:00,MATIC/EUR,1.251,1.2848,1.2092,1.2216,3580067.7,4461687.16482
1630627200000,2021-09-03 00:00:00,MATIC/EUR,1.2216,1.267,1.1894,1.2365,2975308.8,3678182.69457
1630713600000,2021-09-04 00:00:00,MATIC/EUR,1.2333,1.4805,1.2255,1.4738,8219283.58,11223814.098849
1630800000000,2021-09-05 00:00:00,MATIC/EUR,1.4747,1.527,1.3862,1.4227,6011664.77,8745971.24984
1630886400000,2021-09-06 00:00:00,MATIC/EUR,1.4212,1.454,1.3321,1.3962,5051226.5,7074565.10307
1630972800000,2021-09-07 00:00:00,MATIC/EUR,1.3966,1.441,0.9601,1.1739,10221541.58,12536124.778778
1631059200000,2021-09-08 00:00:00,MATIC/EUR,1.1739,1.1894,1.015,1.1419,5079795.9,5657385.3149
1631145600000,2021-09-09 00:00:00,MATIC/EUR,1.1425,1.2457,1.0969,1.1683,3920764.4,4634270.91243
1631232000000,2021-09-10 00:00:00,MATIC/EUR,1.1691,1.2524,1.0829,1.1135,4051997.6,4723262.74691
1631318400000,2021-09-11 00:00:00,MATIC/EUR,1.1139,1.172,1.09,1.1231,2402208.2,2714293.68217
1631404800000,2021-09-12 00:00:00,MATIC/EUR,1.1223,1.1721,1.1,1.1322,2398610.5,2726145.93987
1631491200000,2021-09-13 00:00:00,MATIC/EUR,1.1322,1.1506,1.0244,1.0638,2751864.7,2945535.55506
1631577600000,2021-09-14 00:00:00,MATIC/EUR,1.0652,1.148,1.0531,1.1249,2908435.6,3225427.91244
1631664000000,2021-09-15 00:00:00,MATIC/EUR,1.1254,1.208,1.1237,1.2031,2465038.9,2860114.8454
1631750400000,2021-09-16 00:00:00,MATIC/EUR,1.2049,1.2734,1.149,1.1793,3325758.7,4077935.88004
1631836800000,2021-09-17 00:00:00,MATIC/EUR,1.1793,1.2308,1.1089,1.2129,2275644.8,2663986.94572
1631923200000,2021-09-18 00:00:00,MATIC/EUR,1.2175,1.2296,1.142,1.1657,2005221.0,2368132.02242
1632009600000,2021-09-19 00:00:00,MATIC/EUR,1.1661,1.1711,1.1142,1.1257,1159798.8,1330313.79134
1632096000000,2021-09-20 00:00:00,MATIC/EUR,1.1257,1.1257,0.9409,0.9743,4635173.12,4736604.770637
1632182400000,2021-09-21 00:00:00,MATIC/EUR,0.975,1.0256,0.871,0.8998,3917804.93,3757266.413335
1632268800000,2021-09-22 00:00:00,MATIC/EUR,0.9006,1.064,0.8854,1.0592,2705992.9,2668268.11774
1632355200000,2021-09-23 00:00:00,MATIC/EUR,1.0604,1.0725,1.0117,1.0493,1509429.6,1575318.76991
1632441600000,2021-09-24 00:00:00,MATIC/EUR,1.052,1.055,0.9027,0.97,3184735.3,3098474.22566
1632528000000,2021-09-25 00:00:00,MATIC/EUR,0.9695,0.9835,0.9309,0.9629,1135384.9,1091263.45614
1632614400000,2021-09-26 00:00:00,MATIC/EUR,0.9609,1.002,0.886,0.9654,3756351.4,3606892.1774
1632700800000,2021-09-27 00:00:00,MATIC/EUR,0.9639,1.0028,0.9297,0.9305,1104841.1,1063523.91968
1632787200000,2021-09-28 00:00:00,MATIC/EUR,0.9353,0.9551,0.902,0.902,1355094.6,1251203.80393
1632873600000,2021-09-29 00:00:00,MATIC/EUR,0.9055,0.9563,0.8995,0.9518,1288414.9,1204753.42757
1632960000000,2021-09-30 00:00:00,MATIC/EUR,0.9519,0.9936,0.9503,0.9746,1216517.2,1179802.8323
1633046400000,2021-10-01 00:00:00,MATIC/EUR,0.9752,1.093,0.9751,1.0901,2464325.7,2590911.84324
1633132800000,2021-10-02 00:00:00,MATIC/EUR,1.0912,1.1639,1.0534,1.1122,1899718.3,2104388.8604
1633219200000,2021-10-03 00:00:00,MATIC/EUR,1.1163,1.1583,1.0955,1.1368,1739857.9,1972421.31823
1633305600000,2021-10-04 00:00:00,MATIC/EUR,1.1391,1.1391,1.0645,1.0953,1746287.0,1911296.76852
1633392000000,2021-10-05 00:00:00,MATIC/EUR,1.0957,1.1539,1.0885,1.128,1618810.4,1823271.47479
1633478400000,2021-10-06 00:00:00,MATIC/EUR,1.1287,1.1335,1.0364,1.081,2635207.9,2878168.2301
1633564800000,2021-10-07 00:00:00,MATIC/EUR,1.0795,1.1231,1.0529,1.0933,2637548.2,2889541.27937
1633651200000,2021-10-08 00:00:00,MATIC/EUR,1.0951,1.232,1.0897,1.1515,4444401.3,5226227.58395
1633737600000,2021-10-09 00:00:00,MATIC/EUR,1.1532,1.1877,1.1398,1.1618,1656571.7,1924417.85668
1633824000000,2021-10-10 00:00:00,MATIC/EUR,1.1615,1.1693,1.071,1.0777,1811575.3,2033952.86363
1633910400000,2021-10-11 00:00:00,MATIC/EUR,1.0764,1.1328,1.0517,1.0777,2262412.1,2466025.89921
1633996800000,2021-10-12 00:00:00,MATIC/EUR,1.076,1.076,1.0,1.0627,2707541.9,2813805.13689
1634083200000,2021-10-13 00:00:00,MATIC/EUR,1.0627,1.0966,1.0333,1.0691,1643800.1,1742998.62713
1634169600000,2021-10-14 00:00:00,MATIC/EUR,1.0703,1.11,1.0591,1.0874,2234641.0,2431740.63369
1634256000000,2021-10-15 00:00:00,MATIC/EUR,1.0902,1.4,1.0638,1.3726,15251973.8,19674833.11577
1634342400000,2021-10-16 00:00:00,MATIC/EUR,1.373,1.38,1.2803,1.2961,3691077.8,4877125.45916
1634428800000,2021-10-17 00:00:00,MATIC/EUR,1.2928,1.3309,1.2085,1.2542,2700871.1,3436811.78104
1634515200000,2021-10-18 00:00:00,MATIC/EUR,1.256,1.3949,1.2429,1.2747,4421970.9,5793051.37801
1634601600000,2021-10-19 00:00:00,MATIC/EUR,1.2778,1.3105,1.2331,1.2662,2087626.0,2662919.79063
1634688000000,2021-10-20 00:00:00,MATIC/EUR,1.2637,1.3269,1.2423,1.31,2922376.3,3775367.23229
1634774400000,2021-10-21 00:00:00,MATIC/EUR,1.3103,1.3982,1.27,1.2928,3528786.6,4682340.10118
1634860800000,2021-10-22 00:00:00,MATIC/EUR,1.2948,1.3556,1.2836,1.3063,2459858.5,3247590.5508
1634947200000,2021-10-23 00:00:00,MATIC/EUR,1.3063,1.45,1.2903,1.4131,4045307.0,5626833.76546
1635033600000,2021-10-24 00:00:00,MATIC/EUR,1.413,1.4156,1.3142,1.3552,2758120.8,3757796.36503
1635120000000,2021-10-25 00:00:00,MATIC/EUR,1.3563,1.45,1.3461,1.4435,3056355.7,4315173.93529
1635206400000,2021-10-26 00:00:00,MATIC/EUR,1.4432,1.65,1.4288,1.5016,6989421.88,10768085.096125
1635292800000,2021-10-27 00:00:00,MATIC/EUR,1.5014,1.6747,1.3882,1.5196,8786219.24,13598823.964417
1635379200000,2021-10-28 00:00:00,MATIC/EUR,1.5219,1.8686,1.5215,1.8293,10889404.22,18357533.46718
1635465600000,2021-10-29 00:00:00,MATIC/EUR,1.8317,1.9038,1.65,1.7427,6594527.24,11518662.547765
1635552000000,2021-10-30 00:00:00,MATIC/EUR,1.7479,1.751,1.5832,1.6232,2632158.2,4376337.56542
1635638400000,2021-10-31 00:00:00,MATIC/EUR,1.6216,1.7199,1.5574,1.6857,3134631.5,5160401.45324
1635724800000,2021-11-01 00:00:00,MATIC/EUR,1.6824,1.712,1.5965,1.6482,1761148.5,2911583.12966
1635811200000,2021-11-02 00:00:00,MATIC/EUR,1.6494,1.7016,1.6157,1.6756,2216762.3,3676922.76305
1635897600000,2021-11-03 00:00:00,MATIC/EUR,1.677,1.8568,1.6751,1.7574,3970878.3,6985891.49371
1635984000000,2021-11-04 00:00:00,MATIC/EUR,1.7564,1.7587,1.6157,1.6625,2338568.0,3927069.9264
1636070400000,2021-11-05 00:00:00,MATIC/EUR,1.6619,1.6893,1.6254,1.6518,1321263.9,2184978.71174
1636156800000,2021-11-06 00:00:00,MATIC/EUR,1.6485,1.675,1.5782,1.637,1248598.2,2029135.54288
1636243200000,2021-11-07 00:00:00,MATIC/EUR,1.6386,1.6684,1.61,1.6408,890247.9,1461132.9048
1636329600000,2021-11-08 00:00:00,MATIC/EUR,1.6416,1.6866,1.616,1.6358,1875517.6,3079331.04203
1636416000000,2021-11-09 00:00:00,MATIC/EUR,1.6343,1.6356,1.519,1.5361,1973187.5,3131393.53688
1636502400000,2021-11-10 00:00:00,MATIC/EUR,1.536,1.6423,1.3446,1.483,3866840.9,5876550.76113
1636588800000,2021-11-11 00:00:00,MATIC/EUR,1.4829,1.5711,1.4531,1.5405,1893824.1,2871364.62796
1636675200000,2021-11-12 00:00:00,MATIC/EUR,1.54,1.5594,1.435,1.5044,1634954.4,2441155.52602
1636761600000,2021-11-13 00:00:00,MATIC/EUR,1.5077,1.555,1.4901,1.54,749495.4,1143804.11175
1636848000000,2021-11-14 00:00:00,MATIC/EUR,1.5391,1.5588,1.4831,1.5189,917133.6,1389774.19714
1636934400000,2021-11-15 00:00:00,MATIC/EUR,1.5206,1.5442,1.488,1.49,967086.4,1465248.59707
1637020800000,2021-11-16 00:00:00,MATIC/EUR,1.4919,1.4919,1.2954,1.3818,2394858.0,3318808.29885
1637107200000,2021-11-17 00:00:00,MATIC/EUR,1.3835,1.4804,1.3182,1.4466,1388528.2,1943712.58735
1637193600000,2021-11-18 00:00:00,MATIC/EUR,1.4521,1.4862,1.269,1.3196,1603699.7,2176137.97142
1637280000000,2021-11-19 00:00:00,MATIC/EUR,1.317,1.44,1.3028,1.44,1288914.9,1792824.52934
1637366400000,2021-11-20 00:00:00,MATIC/EUR,1.44,1.4933,1.3889,1.4805,1123627.6,1624303.79485
1637452800000,2021-11-21 00:00:00,MATIC/EUR,1.4806,1.4809,1.4173,1.4173,670434.4,967912.94799
1637539200000,2021-11-22 00:00:00,MATIC/EUR,1.4181,1.442,1.3559,1.3887,1016198.3,1412366.04024
1637625600000,2021-11-23 00:00:00,MATIC/EUR,1.3896,1.5675,1.3701,1.5574,2323878.5,3451186.35417
1637712000000,2021-11-24 00:00:00,MATIC/EUR,1.5575,1.6292,1.4737,1.5072,2148616.2,3322098.51927
1637798400000,2021-11-25 00:00:00,MATIC/EUR,1.5052,1.7268,1.4937,1.7166,2964491.6,4861700.9306
1637884800000,2021-11-26 00:00:00,MATIC/EUR,1.721,1.7541,1.4106,1.4546,4248639.9,6501589.46963
1637971200000,2021-11-27 00:00:00,MATIC/EUR,1.4574,1.5294,1.41,1.4312,1149181.9,1703129.63558
1638057600000,2021-11-28 00:00:00,MATIC/EUR,1.4278,1.4791,1.3284,1.4674,1279768.2,1793658.84731
1638144000000,2021-11-29 00:00:00,MATIC/EUR,1.4676,1.6247,1.4467,1.6124,1902035.7,2915445.8472
1638230400000,2021-11-30 00:00:00,MATIC/EUR,1.6104,1.6645,1.498,1.5752,2885361.5,4557440.25403
1638316800000,2021-12-01 00:00:00,MATIC/EUR,1.5731,1.8458,1.5659,1.7756,5959325.7,10385593.89271
1638403200000,2021-12-02 00:00:00,MATIC/EUR,1.7731,1.9648,1.7206,1.8861,7005133.59,12937607.327809
1638489600000,2021-12-03 00:00:00,MATIC/EUR,1.8833,2.1224,1.8429,2.0177,7771119.13,15431000.737953
1638576000000,2021-12-04 00:00:00,MATIC/EUR,2.0142,2.0517,1.4144,1.7674,7332930.4,12628961.38344
1638662400000,2021-12-05 00:00:00,MATIC/EUR,1.7685,1.9576,1.6826,1.8172,3813807.1,6971738.01203
1638748800000,2021-12-06 00:00:00,MATIC/EUR,1.8151,2.0558,1.5169,2.024,5253177.8,9455317.56629
1638835200000,2021-12-07 00:00:00,MATIC/EUR,2.0231,2.2434,1.984,2.0835,6783254.77,14287409.186913
1638921600000,2021-12-08 00:00:00,MATIC/EUR,2.0854,2.2817,1.9737,2.1351,5679333.29,12166057.860902
1639008000000,2021-12-09 00:00:00,MATIC/EUR,2.138,2.1526,1.8272,1.8493,4364008.7,8586022.52965
1639094400000,2021-12-10 00:00:00,MATIC/EUR,1.8485,2.0319,1.8077,1.8581,4484551.1,8646538.77461
1639180800000,2021-12-11 00:00:00,MATIC/EUR,1.85,1.9196,1.7801,1.8935,2314551.3,4286951.13349
1639267200000,2021-12-12 00:00:00,MATIC/EUR,1.8987,1.8997,1.7984,1.8448,1791215.4,3305062.1421
1639353600000,2021-12-13 00:00:00,MATIC/EUR,1.8441,1.8529,1.5522,1.6128,3086371.2,5131725.18844
1639440000000,2021-12-14 00:00:00,MATIC/EUR,1.6144,1.7312,1.5429,1.7239,2350683.1,3826069.24363
1639526400000,2021-12-15 00:00:00,MATIC/EUR,1.7266,1.9718,1.6244,1.8817,3650671.7,6571159.70179
1639612800000,2021-12-16 00:00:00,MATIC/EUR,1.8865,1.9539,1.8223,1.8279,2533273.9,4798055.57198
1639699200000,2021-12-17 00:00:00,MATIC/EUR,1.8263,1.9176,1.7151,1.8941,1771482.0,3230424.49452
1639785600000,2021-12-18 00:00:00,MATIC/EUR,1.8919,2.0124,1.8299,1.987,1570812.7,3067251.54065
1639872000000,2021-12-19 00:00:00,MATIC/EUR,1.988,2.0387,1.9276,1.9755,1487409.5,2958028.23129
1639958400000,2021-12-20 00:00:00,MATIC/EUR,1.9756,2.0,1.8138,1.8867,2131333.2,4016458.2681
1640044800000,2021-12-21 00:00:00,MATIC/EUR,1.889,2.1359,1.8703,2.103,2772029.3,5656110.82751
1640131200000,2021-12-22 00:00:00,MATIC/EUR,2.1023,2.345,2.0998,2.2109,4116277.84,9248967.765291
1640217600000,2021-12-23 00:00:00,MATIC/EUR,2.2109,2.413,2.1813,2.3722,3699369.4,8554879.866961
1640304000000,2021-12-24 00:00:00,MATIC/EUR,2.3714,2.3714,2.1452,2.1839,2202647.6,4985241.87351
1640390400000,2021-12-25 00:00:00,MATIC/EUR,2.1835,2.3789,2.1514,2.3367,1519202.5,3480357.07657
1640476800000,2021-12-26 00:00:00,MATIC/EUR,2.3372,2.5537,2.3143,2.5431,2686630.99,6627245.508236
1640563200000,2021-12-27 00:00:00,MATIC/EUR,2.5453,2.5854,2.3963,2.4099,2241197.23,5568652.233128
1640649600000,2021-12-28 00:00:00,MATIC/EUR,2.4059,2.4115,2.1633,2.2047,3151405.6,7231353.53724
1640736000000,2021-12-29 00:00:00,MATIC/EUR,2.2054,2.3177,2.1292,2.1783,1734833.6,3866978.12296
1640822400000,2021-12-30 00:00:00,MATIC/EUR,2.1784,2.295,2.1291,2.2594,1391588.6,3093582.9526
1640908800000,2021-12-31 00:00:00,MATIC/EUR,2.2528,2.3542,2.1458,2.2216,1632017.0,3675686.17601
1640995200000,2022-01-01 00:00:00,MATIC/EUR,2.2188,2.2897,2.2082,2.2658,772314.8,1736825.52657
1641081600000,2022-01-02 00:00:00,MATIC/EUR,2.2687,2.2752,2.205,2.2465,814476.5,1821952.73425
1641168000000,2022-01-03 00:00:00,MATIC/EUR,2.2462,2.2465,2.094,2.1517,1175429.5,2560723.70183
1641254400000,2022-01-04 00:00:00,MATIC/EUR,2.1537,2.22,2.0874,2.1,984385.3,2126685.49126
1641340800000,2022-01-05 00:00:00,MATIC/EUR,2.1055,2.1695,1.7925,1.9293,1742475.4,3497807.00694
1641427200000,2022-01-06 00:00:00,MATIC/EUR,1.935,2.0313,1.8291,1.9954,1673570.0,3221102.87501
1641513600000,2022-01-07 00:00:00,MATIC/EUR,1.9935,2.0072,1.8001,1.8096,1277783.4,2395481.16997
1641600000000,2022-01-08 00:00:00,MATIC/EUR,1.8125,1.891,1.6755,1.7489,1578536.3,2803581.55957
1641686400000,2022-01-09 00:00:00,MATIC/EUR,1.7501,1.9144,1.7297,1.8685,1060087.6,1932598.89851
1641772800000,2022-01-10 00:00:00,MATIC/EUR,1.87,1.8949,1.7039,1.8348,2067343.5,3693220.75941
1641859200000,2022-01-11 00:00:00,MATIC/EUR,1.835,2.09,1.8073,2.08,1882045.2,3736593.90702
1641945600000,2022-01-12 00:00:00,MATIC/EUR,2.0815,2.15,2.0261,2.1009,1931289.6,4027853.18291
1642032000000,2022-01-13 00:00:00,MATIC/EUR,2.0982,2.1366,1.9572,1.9783,1305862.5,2682594.68956
1642118400000,2022-01-14 00:00:00,MATIC/EUR,1.9804,2.0622,1.907,2.0499,868057.9,1724957.20092
1642204800000,2022-01-15 00:00:00,MATIC/EUR,2.0502,2.106,2.0166,2.0563,777476.2,1606565.35019
1642291200000,2022-01-16 00:00:00,MATIC/EUR,2.0578,2.0826,2.0045,2.046,536089.9,1094687.51936
1642377600000,2022-01-17 00:00:00,MATIC/EUR,2.046,2.15,1.9014,1.9484,1426513.8,2913150.02993
1642464000000,2022-01-18 00:00:00,MATIC/EUR,1.948,1.9712,1.829,1.8732,1584128.0,2977734.79331
1642550400000,2022-01-19 00:00:00,MATIC/EUR,1.8819,1.8941,1.7769,1.7926,1214212.5,2227830.3264
1642636800000,2022-01-20 00:00:00,MATIC/EUR,1.7924,1.9347,1.7265,1.7379,1235534.7,2275376.92394
1642723200000,2022-01-21 00:00:00,MATIC/EUR,1.736,1.7924,1.45,1.5067,2519542.9,4093934.33913
1642809600000,2022-01-22 00:00:00,MATIC/EUR,1.5013,1.552,1.2339,1.3621,2435511.7,3342882.93762
1642896000000,2022-01-23 00:00:00,MATIC/EUR,1.3565,1.4809,1.3356,1.4266,1686053.6,2382295.90426
1642982400000,2022-01-24 00:00:00,MATIC/EUR,1.4278,1.4288,1.1585,1.3343,2726341.2,3416178.4468
1643068800000,2022-01-25 00:00:00,MATIC/EUR,1.332,1.427,1.2483,1.381,1391411.9,1847868.71953
1643155200000,2022-01-26 00:00:00,MATIC/EUR,1.3751,1.6154,1.3583,1.4164,2781878.8,4089981.00133
1643241600000,2022-01-27 00:00:00,MATIC/EUR,1.4179,1.4966,1.3353,1.4259,1305471.6,1850054.74216
1643328000000,2022-01-28 00:00:00,MATIC/EUR,1.4282,1.5291,1.4059,1.504,1188487.3,1752663.10292
1643414400000,2022-01-29 00:00:00,MATIC/EUR,1.5024,1.565,1.4848,1.5272,829638.0,1271595.21853
1643500800000,2022-01-30 00:00:00,MATIC/EUR,1.5219,1.537,1.4183,1.4426,1000060.5,1465187.12655
1643587200000,2022-01-31 00:00:00,MATIC/EUR,1.4401,1.4714,1.3671,1.4641,816761.7,1161216.28825
1643673600000,2022-02-01 00:00:00,MATIC/EUR,1.4564,1.492,1.4341,1.4645,843431.8,1235483.97157
1643760000000,2022-02-02 00:00:00,MATIC/EUR,1.4664,1.4725,1.3518,1.3672,849750.0,1202632.82656
1643846400000,2022-02-03 00:00:00,MATIC/EUR,1.365,1.3742,1.3051,1.36,952661.1,1271923.88526
1643932800000,2022-02-04 00:00:00,MATIC/EUR,1.3574,1.4815,1.3447,1.4806,921322.8,1304438.82195
1644019200000,2022-02-05 00:00:00,MATIC/EUR,1.4826,1.5369,1.4634,1.5008,882178.2,1325203.3908
1644105600000,2022-02-06 00:00:00,MATIC/EUR,1.5008,1.5335,1.4585,1.5177,682126.0,1018523.13129
1644192000000,2022-02-07 00:00:00,MATIC/EUR,1.519,1.828,1.4825,1.7704,3389970.8,5695916.84805
1644278400000,2022-02-08 00:00:00,MATIC/EUR,1.7704,1.7943,1.6302,1.7032,1366117.0,2322860.67556
1644364800000,2022-02-09 00:00:00,MATIC/EUR,1.7069,1.8056,1.6554,1.7837,1428287.0,2483789.89957
1644451200000,2022-02-10 00:00:00,MATIC/EUR,1.7869,1.7884,1.6448,1.6634,2008067.6,3466199.88661
1644537600000,2022-02-11 00:00:00,MATIC/EUR,1.6612,1.6673,1.4782,1.5117,1460708.4,2331576.15253
1644624000000,2022-02-12 00:00:00,MATIC/EUR,1.512,1.5566,1.4506,1.501,741989.7,1114987.19428
1644710400000,2022-02-13 00:00:00,MATIC/EUR,1.495,1.5209,1.4509,1.4623,501899.1,749064.0989
1644796800000,2022-02-14 00:00:00,MATIC/EUR,1.4622,1.4859,1.4124,1.4676,772461.0,1118213.45107
1644883200000,2022-02-15 00:00:00,MATIC/EUR,1.4652,1.6562,1.4639,1.6466,1452330.5,2280642.70663
1644969600000,2022-02-16 00:00:00,MATIC/EUR,1.6495,1.6503,1.5364,1.6145,1195023.1,1906979.54366
1645056000000,2022-02-17 00:00:00,MATIC/EUR,1.6179,1.6395,1.4493,1.4638,1266006.0,1940701.60046
1645142400000,2022-02-18 00:00:00,MATIC/EUR,1.4623,1.5081,1.3995,1.4096,1113511.4,1615090.25516
1645228800000,2022-02-19 00:00:00,MATIC/EUR,1.409,1.4534,1.3778,1.4431,612814.0,872671.05755
1645315200000,2022-02-20 00:00:00,MATIC/EUR,1.444,1.4461,1.3188,1.3347,1211091.5,1644127.18017
1645401600000,2022-02-21 00:00:00,MATIC/EUR,1.3359,1.4202,1.239,1.2436,1397102.4,1867329.07193
1645488000000,2022-02-22 00:00:00,MATIC/EUR,1.2428,1.301,1.195,1.2908,1370300.5,1714087.72301
1645574400000,2022-02-23 00:00:00,MATIC/EUR,1.2918,1.4072,1.2678,1.2697,1515480.0,2038659.67059
1645660800000,2022-02-24 00:00:00,MATIC/EUR,1.2697,1.3527,1.1076,1.2873,3196488.8,3844433.30371
1645747200000,2022-02-25 00:00:00,MATIC/EUR,1.2867,1.398,1.2568,1.3768,1129572.2,1501663.02291
1645833600000,2022-02-26 00:00:00,MATIC/EUR,1.3772,1.416,1.3348,1.345,855698.0,1171983.04492
1645920000000,2022-02-27 00:00:00,MATIC/EUR,1.3466,1.3719,1.2694,1.3002,1062931.8,1399760.98067
1646006400000,2022-02-28 00:00:00,MATIC/EUR,1.2995,1.442,1.2758,1.4414,1358543.9,1853697.08127
1646092800000,2022-03-01 00:00:00,MATIC/EUR,1.4392,1.4917,1.3921,1.4571,1436731.1,2071036.86116
1646179200000,2022-03-02 00:00:00,MATIC/EUR,1.4552,1.5308,1.4233,1.4706,1176735.9,1745754.82241
1646265600000,2022-03-03 00:00:00,MATIC/EUR,1.4695,1.4867,1.3994,1.4313,677319.7,974440.69096
1646352000000,2022-03-04 00:00:00,MATIC/EUR,1.4319,1.433,1.3312,1.3525,727712.9,1011654.07745
1646438400000,2022-03-05 00:00:00,MATIC/EUR,1.3526,1.3893,1.3273,1.3811,402280.1,548065.36008
1646524800000,2022-03-06 00:00:00,MATIC/EUR,1.3836,1.3917,1.317,1.3204,444643.8,600641.37125
1646611200000,2022-03-07 00:00:00,MATIC/EUR,1.3158,1.37,1.2641,1.3038,1006012.1,1320333.71685
1646697600000,2022-03-08 00:00:00,MATIC/EUR,1.2997,1.35,1.2949,1.3274,576533.2,766354.05698
1646784000000,2022-03-09 00:00:00,MATIC/EUR,1.3277,1.4106,1.3258,1.3592,1207365.9,1661250.39842
1646870400000,2022-03-10 00:00:00,MATIC/EUR,1.3612,1.3673,1.268,1.3064,1486533.1,1932433.19716
1646956800000,2022-03-11 00:00:00,MATIC/EUR,1.3067,1.3375,1.2804,1.2887,1009768.4,1316555.71322
1647043200000,2022-03-12 00:00:00,MATIC/EUR,1.2881,1.3159,1.28,1.2834,401366.9,520751.13936
1647129600000,2022-03-13 00:00:00,MATIC/EUR,1.2827,1.3042,1.244,1.2496,495685.7,635528.46992
1647216000000,2022-03-14 00:00:00,MATIC/EUR,1.2486,1.2724,1.2157,1.2608,755042.1,941926.6953
1647302400000,2022-03-15 00:00:00,MATIC/EUR,1.2627,1.2888,1.2135,1.2593,604894.7,755851.99938
1647388800000,2022-03-16 00:00:00,MATIC/EUR,1.2587,1.3352,1.2373,1.3327,1030675.3,1319203.68752
1647475200000,2022-03-17 00:00:00,MATIC/EUR,1.3338,1.3543,1.3027,1.3037,594596.8,785723.99755
1647561600000,2022-03-18 00:00:00,MATIC/EUR,1.306,1.3676,1.2817,1.3583,655119.6,862829.92583
1647648000000,2022-03-19 00:00:00,MATIC/EUR,1.3594,1.3974,1.3594,1.386,717977.8,990165.61239
1647734400000,2022-03-20 00:00:00,MATIC/EUR,1.3845,1.39,1.3221,1.3302,410185.3,554913.02857
1647820800000,2022-03-21 00:00:00,MATIC/EUR,1.326,1.3589,1.3078,1.3307,897334.6,1191279.7088
1647907200000,2022-03-22 00:00:00,MATIC/EUR,1.3313,1.3909,1.3252,1.365,486883.3,668633.57722
1647993600000,2022-03-23 00:00:00,MATIC/EUR,1.3674,1.4175,1.3553,1.4134,504209.3,701186.26709
1648080000000,2022-03-24 00:00:00,MATIC/EUR,1.4154,1.4906,1.4037,1.4807,772818.1,1122469.84145
1648166400000,2022-03-25 00:00:00,MATIC/EUR,1.4814,1.5132,1.4252,1.4382,682662.0,1002772.65358
1648252800000,2022-03-26 00:00:00,MATIC/EUR,1.4379,1.4722,1.4291,1.4693,257380.3,374227.93995
1648339200000,2022-03-27 00:00:00,MATIC/EUR,1.4702,1.5441,1.4621,1.5441,457180.2,689072.19021
1648425600000,2022-03-28 00:00:00,MATIC/EUR,1.5441,1.59,1.5033,1.5097,1377255.5,2142585.49655
1648512000000,2022-03-29 00:00:00,MATIC/EUR,1.5054,1.582,1.4755,1.5131,916441.9,1409292.1612
1648598400000,2022-03-30 00:00:00,MATIC/EUR,1.5094,1.5488,1.4666,1.5076,560852.1,849527.68114
1648684800000,2022-03-31 00:00:00,MATIC/EUR,1.5084,1.5759,1.4543,1.4647,875037.7,1326446.00395
1648771200000,2022-04-01 00:00:00,MATIC/EUR,1.4657,1.5526,1.4104,1.5377,646107.9,965030.36566
1648857600000,2022-04-02 00:00:00,MATIC/EUR,1.5295,1.5659,1.4922,1.4983,532116.5,817580.40699
1648944000000,2022-04-03 00:00:00,MATIC/EUR,1.4992,1.5519,1.48,1.5293,419099.8,638158.46204
1649030400000,2022-04-04 00:00:00,MATIC/EUR,1.5256,1.5327,1.4669,1.5017,571170.9,857297.45082
1649116800000,2022-04-05 00:00:00,MATIC/EUR,1.5064,1.5285,1.4572,1.4631,578307.3,861662.46074
1649203200000,2022-04-06 00:00:00,MATIC/EUR,1.4594,1.4626,1.3357,1.3389,936941.2,1305667.47674
1649289600000,2022-04-07 00:00:00,MATIC/EUR,1.3389,1.3968,1.3215,1.3911,608368.0,828520.40093
1649376000000,2022-04-08 00:00:00,MATIC/EUR,1.3945,1.4076,1.311,1.324,376018.0,517721.4607
1649462400000,2022-04-09 00:00:00,MATIC/EUR,1.326,1.3509,1.314,1.3481,200311.0,267826.41967
1649548800000,2022-04-10 00:00:00,MATIC/EUR,1.3487,1.3682,1.3056,1.3116,296506.0,399552.40628
1649635200000,2022-04-11 00:00:00,MATIC/EUR,1.3093,1.3212,1.2084,1.2234,695623.6,877351.02988
1649721600000,2022-04-12 00:00:00,MATIC/EUR,1.2289,1.3571,1.2208,1.2884,951578.7,1226828.25998
1649808000000,2022-04-13 00:00:00,MATIC/EUR,1.289,1.3274,1.2633,1.3025,614639.4,801806.50006
1649894400000,2022-04-14 00:00:00,MATIC/EUR,1.3022,1.3257,1.2512,1.2696,624019.2,804328.0419
1649980800000,2022-04-15 00:00:00,MATIC/EUR,1.2701,1.2965,1.2671,1.2965,323501.7,415986.29807
1650067200000,2022-04-16 00:00:00,MATIC/EUR,1.297,1.3002,1.2665,1.2923,271992.5,349034.91019
1650153600000,2022-04-17 00:00:00,MATIC/EUR,1.2882,1.289,1.2348,1.241,260130.2,330909.10002
1650240000000,2022-04-18 00:00:00,MATIC/EUR,1.2383,1.3262,1.2007,1.3202,784399.8,986857.92141
1650326400000,2022-04-19 00:00:00,MATIC/EUR,1.3209,1.3458,1.2933,1.3259,570525.3,750592.54571
1650412800000,2022-04-20 00:00:00,MATIC/EUR,1.3231,1.3549,1.2893,1.3074,616985.7,816003.39155
1650499200000,2022-04-21 00:00:00,MATIC/EUR,1.3059,1.3485,1.2568,1.2749,528702.5,696163.69601
1650585600000,2022-04-22 00:00:00,MATIC/EUR,1.2734,1.3921,1.2688,1.2976,1383253.3,1850368.07501
1650672000000,2022-04-23 00:00:00,MATIC/EUR,1.2965,1.311,1.2467,1.2644,440577.8,563329.74459
1650758400000,2022-04-24 00:00:00,MATIC/EUR,1.2695,1.2751,1.2358,1.2419,345974.4,433227.06046
1650844800000,2022-04-25 00:00:00,MATIC/EUR,1.2445,1.2659,1.18,1.2628,862125.9,1052403.17221
1650931200000,2022-04-26 00:00:00,MATIC/EUR,1.2638,1.27,1.1521,1.1713,748151.0,906936.07004
1651017600000,2022-04-27 00:00:00,MATIC/EUR,1.1715,1.2246,1.1616,1.1918,774084.2,925819.48169
1651104000000,2022-04-28 00:00:00,MATIC/EUR,1.1905,1.2163,1.1685,1.1791,626263.5,745764.27245
1651190400000,2022-04-29 00:00:00,MATIC/EUR,1.1786,1.1858,1.0701,1.0829,1110575.8,1245360.93299
1651276800000,2022-04-30 00:00:00,MATIC/EUR,1.0837,1.1073,0.9628,0.9849,1150240.4,1195433.57546
1651363200000,2022-05-01 00:00:00,MATIC/EUR,0.9844,1.0661,0.9656,1.0429,1309854.5,1344348.54468
1651449600000,2022-05-02 00:00:00,MATIC/EUR,1.0421,1.0661,0.9858,1.0261,1310710.5,1352099.69067
1651536000000,2022-05-03 00:00:00,MATIC/EUR,1.0248,1.0615,1.0028,1.0243,910065.3,939581.44736
1651622400000,2022-05-04 00:00:00,MATIC/EUR,1.024,1.1061,1.0179,1.1046,886545.9,942738.88709
1651708800000,2022-05-05 00:00:00,MATIC/EUR,1.1049,1.1166,0.981,1.0116,1103257.8,1139171.61138
1651795200000,2022-05-06 00:00:00,MATIC/EUR,1.0113,1.0223,0.9577,0.99,1138196.0,1127787.25921
1651881600000,2022-05-07 00:00:00,MATIC/EUR,0.9905,1.012,0.9417,0.9675,789840.6,777994.33491
1651968000000,2022-05-08 00:00:00,MATIC/EUR,0.9684,0.9769,0.9124,0.9282,676441.8,634756.4779
1652054400000,2022-05-09 00:00:00,MATIC/EUR,0.9322,0.9412,0.7472,0.7649,1735780.1,1434981.00098
1652140800000,2022-05-10 00:00:00,MATIC/EUR,0.7692,0.9388,0.7501,0.8486,2487182.2,2133455.90023
1652227200000,2022-05-11 00:00:00,MATIC/EUR,0.8468,0.867,0.5715,0.64,5363053.95,3858427.67341
1652313600000,2022-05-12 00:00:00,MATIC/EUR,0.6392,0.68,0.4274,0.5768,6787124.78,3678369.758027
1652400000000,2022-05-13 00:00:00,MATIC/EUR,0.5762,0.7246,0.5679,0.6415,2305294.9,1545223.57081
1652486400000,2022-05-14 00:00:00,MATIC/EUR,0.6435,0.6835,0.5915,0.6578,872537.6,548610.25252
1652572800000,2022-05-15 00:00:00,MATIC/EUR,0.6597,0.7144,0.6318,0.7144,685026.4,457348.067
1652659200000,2022-05-16 00:00:00,MATIC/EUR,0.7113,0.7113,0.633,0.6463,964203.9,632186.49237
1652745600000,2022-05-17 00:00:00,MATIC/EUR,0.6518,0.6968,0.6468,0.6889,938697.0,633116.06608
1652832000000,2022-05-18 00:00:00,MATIC/EUR,0.6887,0.6958,0.5955,0.5968,925945.6,591552.39445
1652918400000,2022-05-19 00:00:00,MATIC/EUR,0.5996,0.6353,0.5811,0.623,978071.9,594579.62186
1653004800000,2022-05-20 00:00:00,MATIC/EUR,0.6227,0.642,0.5846,0.6006,994809.1,608607.20931
1653091200000,2022-05-21 00:00:00,MATIC/EUR,0.6008,0.625,0.589,0.6148,543308.6,331503.96866
1653177600000,2022-05-22 00:00:00,MATIC/EUR,0.6151,0.6447,0.6068,0.6401,537696.3,336791.27844
1653264000000,2022-05-23 00:00:00,MATIC/EUR,0.6384,0.6567,0.5952,0.5999,1217447.6,773519.29948
1653350400000,2022-05-24 00:00:00,MATIC/EUR,0.6007,0.6215,0.57,0.6185,758584.7,452218.14261
1653436800000,2022-05-25 00:00:00,MATIC/EUR,0.6181,0.6273,0.5896,0.6032,365914.9,221763.76128
1653523200000,2022-05-26 00:00:00,MATIC/EUR,0.6034,0.6152,0.5399,0.5578,812748.9,463632.35543
1653609600000,2022-05-27 00:00:00,MATIC/EUR,0.5602,0.5692,0.5254,0.5339,533437.5,290113.56585
1653696000000,2022-05-28 00:00:00,MATIC/EUR,0.5346,0.5552,0.5308,0.5479,278355.2,151963.81795
1653782400000,2022-05-29 00:00:00,MATIC/EUR,0.5482,0.5602,0.536,0.5582,629534.4,346966.74939
1653868800000,2022-05-30 00:00:00,MATIC/EUR,0.5592,0.6129,0.5561,0.6107,619870.5,365996.06235
1653955200000,2022-05-31 00:00:00,MATIC/EUR,0.6092,0.6387,0.6016,0.616,448800.4,277751.41442
1654041600000,2022-06-01 00:00:00,MATIC/EUR,0.6187,0.6245,0.5515,0.5634,732020.3,423341.38951
1654128000000,2022-06-02 00:00:00,MATIC/EUR,0.5634,0.5796,0.5534,0.577,407373.3,230346.96009
1654214400000,2022-06-03 00:00:00,MATIC/EUR,0.5768,0.577,0.5375,0.5502,285824.2,156952.95362
1654300800000,2022-06-04 00:00:00,MATIC/EUR,0.5507,0.5609,0.538,0.5559,527410.1,291495.22288
1654387200000,2022-06-05 00:00:00,MATIC/EUR,0.5578,0.567,0.5455,0.5578,355681.7,197167.51517
1654473600000,2022-06-06 00:00:00,MATIC/EUR,0.5574,0.6103,0.557,0.5918,456006.7,271486.66002
1654560000000,2022-06-07 00:00:00,MATIC/EUR,0.5923,0.5923,0.5478,0.5765,578334.7,327842.86156
1654646400000,2022-06-08 00:00:00,MATIC/EUR,0.5754,0.5912,0.5623,0.5659,331874.9,189623.33803
1654732800000,2022-06-09 00:00:00,MATIC/EUR,0.5667,0.6136,0.5619,0.5963,586158.5,343742.94577
1654819200000,2022-06-10 00:00:00,MATIC/EUR,0.5969,0.6224,0.562,0.5647,805596.3,481198.43935
1654905600000,2022-06-11 00:00:00,MATIC/EUR,0.5644,0.5763,0.506,0.5136,652328.2,346908.60245
1654992000000,2022-06-12 00:00:00,MATIC/EUR,0.5151,0.5202,0.473,0.4735,624136.8,309020.94532
1655078400000,2022-06-13 00:00:00,MATIC/EUR,0.4753,0.4815,0.388,0.4139,2287198.51,962505.678495
1655164800000,2022-06-14 00:00:00,MATIC/EUR,0.4119,0.4337,0.3805,0.3974,1945837.0,786946.14164
1655251200000,2022-06-15 00:00:00,MATIC/EUR,0.3976,0.4205,0.3471,0.4205,3021716.7,1134793.8918
1655337600000,2022-06-16 00:00:00,MATIC/EUR,0.421,0.425,0.3566,0.3635,2044805.4,780929.74426
1655424000000,2022-06-17 00:00:00,MATIC/EUR,0.3639,0.3882,0.3598,0.3818,1738070.8,658370.36992
1655510400000,2022-06-18 00:00:00,MATIC/EUR,0.3806,0.3883,0.3029,0.3309,2474693.35,842782.72319
1655596800000,2022-06-19 00:00:00,MATIC/EUR,0.3312,0.3672,0.3128,0.3667,2973394.0,1011055.69042
1655683200000,2022-06-20 00:00:00,MATIC/EUR,0.3668,0.3907,0.3434,0.3801,1982471.7,736100.61859
1655769600000,2022-06-21 00:00:00,MATIC/EUR,0.3812,0.4301,0.3734,0.3979,2511991.7,1021314.77564
1655856000000,2022-06-22 00:00:00,MATIC/EUR,0.399,0.446,0.3763,0.4303,3541128.9,1460346.16538
1655942400000,2022-06-23 00:00:00,MATIC/EUR,0.4313,0.5444,0.4313,0.5336,3756807.3,1851293.1392
1656028800000,2022-06-24 00:00:00,MATIC/EUR,0.5351,0.5943,0.5351,0.5756,2835692.1,1608698.7963
1656115200000,2022-06-25 00:00:00,MATIC/EUR,0.5773,0.5943,0.5384,0.5705,1955413.0,1107786.57282
1656201600000,2022-06-26 00:00:00,MATIC/EUR,0.5711,0.5943,0.5262,0.5283,1479977.2,843451.52543
1656288000000,2022-06-27 00:00:00,MATIC/EUR,0.5282,0.5643,0.4931,0.5015,1728195.6,909692.2625
1656374400000,2022-06-28 00:00:00,MATIC/EUR,0.5031,0.5453,0.4786,0.486,1943688.8,983471.38546
1656460800000,2022-06-29 00:00:00,MATIC/EUR,0.4847,0.5189,0.4639,0.4748,3396680.9,1666825.01079
1656547200000,2022-06-30 00:00:00,MATIC/EUR,0.475,0.4751,0.4019,0.4595,3828704.6,1653554.88258
1656633600000,2022-07-01 00:00:00,MATIC/EUR,0.4596,0.4752,0.4322,0.4423,3327436.6,1507962.06404
1656720000000,2022-07-02 00:00:00,MATIC/EUR,0.4419,0.476,0.4302,0.4731,1120925.9,508005.49252
1656806400000,2022-07-03 00:00:00,MATIC/EUR,0.4726,0.4734,0.4312,0.4411,1438417.3,647156.61348
1656892800000,2022-07-04 00:00:00,MATIC/EUR,0.4433,0.474,0.4327,0.4706,1357297.0,615253.9845
1656979200000,2022-07-05 00:00:00,MATIC/EUR,0.4718,0.5206,0.4681,0.5,4530477.6,2245705.6439
1657065600000,2022-07-06 00:00:00,MATIC/EUR,0.499,0.5204,0.48,0.5155,2105284.2,1062607.35938
1657152000000,2022-07-07 00:00:00,MATIC/EUR,0.5161,0.5655,0.5021,0.5533,2464545.5,1321874.2197
1657238400000,2022-07-08 00:00:00,MATIC/EUR,0.5549,0.6082,0.5482,0.5957,3032222.7,1739482.09748
1657324800000,2022-07-09 00:00:00,MATIC/EUR,0.5953,0.5999,0.5726,0.5795,836813.5,488231.98767
1657411200000,2022-07-10 00:00:00,MATIC/EUR,0.5789,0.5792,0.5424,0.5612,1361819.4,765741.90018
1657497600000,2022-07-11 00:00:00,MATIC/EUR,0.5617,0.5945,0.5297,0.561,2050044.7,1158276.07934
1657584000000,2022-07-12 00:00:00,MATIC/EUR,0.5594,0.5905,0.5331,0.5347,2444669.7,1394808.8989
1657670400000,2022-07-13 00:00:00,MATIC/EUR,0.5342,0.6421,0.5217,0.637,3334564.1,1891017.91632
1657756800000,2022-07-14 00:00:00,MATIC/EUR,0.6363,0.7154,0.612,0.7072,4393216.6,2890104.33808
1657843200000,2022-07-15 00:00:00,MATIC/EUR,0.7068,0.731,0.6723,0.6974,2454099.8,1711416.67725
1657929600000,2022-07-16 00:00:00,MATIC/EUR,0.6978,0.7377,0.6778,0.7228,1499436.6,1062454.49499
1658016000000,2022-07-17 00:00:00,MATIC/EUR,0.723,0.7831,0.7125,0.7443,2507989.5,1886125.38075
1658102400000,2022-07-18 00:00:00,MATIC/EUR,0.7463,1.02,0.7378,0.9475,6817530.8,6099895.90889
1658188800000,2022-07-19 00:00:00,MATIC/EUR,0.9452,0.9647,0.8639,0.9065,4824502.1,4367860.84146
1658275200000,2022-07-20 00:00:00,MATIC/EUR,0.9053,0.9303,0.7983,0.8167,4695639.5,4071912.87316
1658361600000,2022-07-21 00:00:00,MATIC/EUR,0.8166,0.9124,0.7817,0.8854,5198725.3,4456187.21623
1658448000000,2022-07-22 00:00:00,MATIC/EUR,0.888,0.9158,0.8284,0.8336,2856835.9,2507466.49344
1658534400000,2022-07-23 00:00:00,MATIC/EUR,0.8343,0.8708,0.799,0.8543,1862563.4,1553337.76052
1658620800000,2022-07-24 00:00:00,MATIC/EUR,0.8543,0.8903,0.8296,0.8621,1649144.1,1420851.93938
1658707200000,2022-07-25 00:00:00,MATIC/EUR,0.8629,0.8669,0.7524,0.7535,2276235.3,1847032.75767
1658793600000,2022-07-26 00:00:00,MATIC/EUR,0.7539,0.775,0.714,0.7735,1932018.6,1433622.44727
1658880000000,2022-07-27 00:00:00,MATIC/EUR,0.7733,0.8801,0.752,0.879,3359961.1,2746451.88194
1658966400000,2022-07-28 00:00:00,MATIC/EUR,0.8785,0.9592,0.831,0.9164,4100125.6,3652023.11406
1659052800000,2022-07-29 00:00:00,MATIC/EUR,0.9187,0.9725,0.8895,0.9186,3205532.1,2987179.5214
1659139200000,2022-07-30 00:00:00,MATIC/EUR,0.9196,0.9629,0.8955,0.9105,1960466.1,1826373.07905
1659225600000,2022-07-31 00:00:00,MATIC/EUR,0.9115,0.9957,0.8936,0.9115,2253683.5,2122784.80069
1659312000000,2022-08-01 00:00:00,MATIC/EUR,0.9076,0.9254,0.8571,0.8725,1096018.9,974661.07075
1659398400000,2022-08-02 00:00:00,MATIC/EUR,0.8689,0.8892,0.8267,0.8646,1730031.4,1482249.92102
1659484800000,2022-08-03 00:00:00,MATIC/EUR,0.8668,0.9134,0.8445,0.8755,1311084.6,1166760.85322
1659571200000,2022-08-04 00:00:00,MATIC/EUR,0.8755,0.8976,0.86,0.8719,988996.1,866522.36363
1659657600000,2022-08-05 00:00:00,MATIC/EUR,0.8719,0.917,0.8711,0.9118,1132954.4,1020107.56499
1659744000000,2022-08-06 00:00:00,MATIC/EUR,0.9104,0.9245,0.8863,0.8924,716821.8,651154.17877
1659830400000,2022-08-07 00:00:00,MATIC/EUR,0.891,0.91,0.8773,0.8923,374229.2,335796.14149
1659916800000,2022-08-08 00:00:00,MATIC/EUR,0.8926,0.9365,0.8917,0.9058,1157907.4,1061380.50011
1660003200000,2022-08-09 00:00:00,MATIC/EUR,0.9063,0.9146,0.8526,0.8741,749335.6,658654.98186
1660089600000,2022-08-10 00:00:00,MATIC/EUR,0.8745,0.9135,0.8548,0.9121,1120437.6,1000346.8906
1660176000000,2022-08-11 00:00:00,MATIC/EUR,0.912,0.926,0.889,0.8945,1036222.7,940207.18147
1660262400000,2022-08-12 00:00:00,MATIC/EUR,0.8951,0.9115,0.8807,0.9106,491021.7,440219.27241
1660348800000,2022-08-13 00:00:00,MATIC/EUR,0.9113,1.0084,0.9067,1.0014,2081609.9,2020214.48193
1660435200000,2022-08-14 00:00:00,MATIC/EUR,0.9991,1.0274,0.9635,0.9765,1156275.1,1152135.67659
1660521600000,2022-08-15 00:00:00,MATIC/EUR,0.9777,1.0086,0.9171,0.9349,1437702.0,1376030.49495
1660608000000,2022-08-16 00:00:00,MATIC/EUR,0.9363,0.9554,0.91,0.9204,695545.2,648245.38742
1660694400000,2022-08-17 00:00:00,MATIC/EUR,0.9191,0.9479,0.8632,0.8699,1174894.4,1056008.18263
1660780800000,2022-08-18 00:00:00,MATIC/EUR,0.8695,0.8947,0.8488,0.8498,1086778.5,954344.08097
1660867200000,2022-08-19 00:00:00,MATIC/EUR,0.8497,0.8504,0.7606,0.7669,2413175.1,1915901.10976
1660953600000,2022-08-20 00:00:00,MATIC/EUR,0.7671,0.815,0.7569,0.7842,1719694.8,1353256.06556
1661040000000,2022-08-21 00:00:00,MATIC/EUR,0.7845,0.8297,0.7773,0.8191,1126800.1,904939.05967
1661126400000,2022-08-22 00:00:00,MATIC/EUR,0.8199,0.8215,0.7699,0.8154,1110892.7,884158.50813
1661212800000,2022-08-23 00:00:00,MATIC/EUR,0.8149,0.8399,0.7979,0.8354,1182536.1,971520.88441
1661299200000,2022-08-24 00:00:00,MATIC/EUR,0.8342,0.8435,0.8064,0.8163,1019356.9,841363.11106
1661385600000,2022-08-25 00:00:00,MATIC/EUR,0.8167,0.833,0.8092,0.8207,1098530.3,901569.0755
1661472000000,2022-08-26 00:00:00,MATIC/EUR,0.8198,0.8402,0.759,0.7698,2351984.9,1886910.76527
1661558400000,2022-08-27 00:00:00,MATIC/EUR,0.7685,0.8184,0.7602,0.8089,1875839.7,1487062.25994
1661644800000,2022-08-28 00:00:00,MATIC/EUR,0.8097,0.8378,0.7846,0.7888,1371764.3,1121576.42893
1661731200000,2022-08-29 00:00:00,MATIC/EUR,0.7895,0.8213,0.768,0.8169,1355663.0,1077494.28243
1661817600000,2022-08-30 00:00:00,MATIC/EUR,0.8166,0.8403,0.7824,0.8139,1659452.8,1352905.17785
1661904000000,2022-08-31 00:00:00,MATIC/EUR,0.8142,0.8581,0.8139,0.83,1446004.8,1202700.60489
1661990400000,2022-09-01 00:00:00,MATIC/EUR,0.8306,0.8999,0.8208,0.8882,1704084.2,1455528.258
1662076800000,2022-09-02 00:00:00,MATIC/EUR,0.888,0.9121,0.85,0.8764,1385734.2,1231761.86792
1662163200000,2022-09-03 00:00:00,MATIC/EUR,0.8767,0.9243,0.8711,0.8943,743713.9,658799.303
1662249600000,2022-09-04 00:00:00,MATIC/EUR,0.8953,0.9031,0.8768,0.9018,407255.3,363097.30948
1662336000000,2022-09-05 00:00:00,MATIC/EUR,0.9027,0.91,0.8683,0.887,604950.5,535810.1259
1662422400000,2022-09-06 00:00:00,MATIC/EUR,0.8876,0.9263,0.8213,0.8244,1798980.2,1579247.22223
1662508800000,2022-09-07 00:00:00,MATIC/EUR,0.8244,0.8555,0.8013,0.8417,1638243.3,1354676.35187
1662595200000,2022-09-08 00:00:00,MATIC/EUR,0.8419,0.85,0.82,0.8444,1136204.4,950340.93374
1662681600000,2022-09-09 00:00:00,MATIC/EUR,0.846,0.8964,0.8386,0.8872,1307184.1,1143113.87463
1662768000000,2022-09-10 00:00:00,MATIC/EUR,0.8849,0.9061,0.8719,0.9006,685228.3,608520.21782
1662854400000,2022-09-11 00:00:00,MATIC/EUR,0.9003,0.912,0.8679,0.8859,674152.7,600227.39757
1662940800000,2022-09-12 00:00:00,MATIC/EUR,0.8861,0.9296,0.8646,0.9189,1639149.0,1477284.72599
1663027200000,2022-09-13 00:00:00,MATIC/EUR,0.92,0.9322,0.8422,0.8482,2195421.9,1947199.9321
1663113600000,2022-09-14 00:00:00,MATIC/EUR,0.8483,0.8697,0.8324,0.8666,1176178.3,1005401.01867
1663200000000,2022-09-15 00:00:00,MATIC/EUR,0.8663,0.879,0.8187,0.8266,1766394.8,1499175.50492
1663286400000,2022-09-16 00:00:00,MATIC/EUR,0.8275,0.8311,0.7877,0.8069,1213520.9,983362.05582
1663372800000,2022-09-17 00:00:00,MATIC/EUR,0.806,0.8306,0.805,0.8278,477064.2,390128.55493
1663459200000,2022-09-18 00:00:00,MATIC/EUR,0.827,0.8361,0.7493,0.7528,1408843.0,1123352.14508
1663545600000,2022-09-19 00:00:00,MATIC/EUR,0.751,0.7759,0.7274,0.7636,1556685.1,1166003.35498
1663632000000,2022-09-20 00:00:00,MATIC/EUR,0.7643,0.7649,0.7328,0.7362,1105269.1,827332.20277
1663718400000,2022-09-21 00:00:00,MATIC/EUR,0.7332,0.7853,0.7022,0.7142,2160280.3,1601526.32884
1663804800000,2022-09-22 00:00:00,MATIC/EUR,0.7147,0.7743,0.7133,0.7659,1630273.2,1222316.30067
1663891200000,2022-09-23 00:00:00,MATIC/EUR,0.765,0.8091,0.7436,0.8022,1952513.6,1500559.58169
1663977600000,2022-09-24 00:00:00,MATIC/EUR,0.8028,0.8064,0.7733,0.7788,908557.2,720472.34474
1664064000000,2022-09-25 00:00:00,MATIC/EUR,0.7758,0.7909,0.7554,0.7636,718348.1,557125.83825
1664150400000,2022-09-26 00:00:00,MATIC/EUR,0.7638,0.7883,0.7534,0.7854,1648005.1,1271180.28315
1664236800000,2022-09-27 00:00:00,MATIC/EUR,0.7855,0.823,0.758,0.7718,1877691.9,1494743.66509
1664323200000,2022-09-28 00:00:00,MATIC/EUR,0.7707,0.7764,0.7458,0.7685,1551092.8,1184747.55008
1664409600000,2022-09-29 00:00:00,MATIC/EUR,0.7706,0.7778,0.7518,0.7764,1226615.5,941091.80358
1664496000000,2022-09-30 00:00:00,MATIC/EUR,0.7772,0.8063,0.7762,0.7941,1454671.4,1151444.78036
1664582400000,2022-10-01 00:00:00,MATIC/EUR,0.7938,0.7968,0.7753,0.7826,436800.3,343495.82462
1664668800000,2022-10-02 00:00:00,MATIC/EUR,0.7829,0.8001,0.7763,0.7801,517123.9,407579.54263
1664755200000,2022-10-03 00:00:00,MATIC/EUR,0.7794,0.8221,0.7718,0.814,1167871.7,935412.78129
1664841600000,2022-10-04 00:00:00,MATIC/EUR,0.8148,0.8485,0.8137,0.837,1403134.7,1171888.08891
1664928000000,2022-10-05 00:00:00,MATIC/EUR,0.837,0.873,0.83,0.8588,1078148.6,914147.13392
1665014400000,2022-10-06 00:00:00,MATIC/EUR,0.8597,0.8667,0.8465,0.8514,856766.1,733029.44942
1665100800000,2022-10-07 00:00:00,MATIC/EUR,0.851,0.8656,0.8413,0.8546,681030.6,583494.50223
1665187200000,2022-10-08 00:00:00,MATIC/EUR,0.8533,0.857,0.831,0.8354,171999.7,144667.77421
1665273600000,2022-10-09 00:00:00,MATIC/EUR,0.837,0.8524,0.8304,0.8485,200314.2,169196.0343
1665360000000,2022-10-10 00:00:00,MATIC/EUR,0.8484,0.8679,0.838,0.838,593780.9,508070.80837
1665446400000,2022-10-11 00:00:00,MATIC/EUR,0.8373,0.8373,0.8096,0.8144,492913.5,406100.69656
1665532800000,2022-10-12 00:00:00,MATIC/EUR,0.8153,0.8261,0.8063,0.8063,436864.5,356734.84398
1665619200000,2022-10-13 00:00:00,MATIC/EUR,0.8066,0.8107,0.7319,0.7937,1639789.1,1256243.81019
1665705600000,2022-10-14 00:00:00,MATIC/EUR,0.7941,0.8415,0.7941,0.8159,640581.1,528701.62967
1665792000000,2022-10-15 00:00:00,MATIC/EUR,0.8177,0.8336,0.81,0.8129,252644.0,207518.94876
1665878400000,2022-10-16 00:00:00,MATIC/EUR,0.8126,0.833,0.8124,0.8203,313390.6,257702.16243
1665964800000,2022-10-17 00:00:00,MATIC/EUR,0.8207,0.8641,0.8181,0.8608,739153.2,627351.69149
1666051200000,2022-10-18 00:00:00,MATIC/EUR,0.8641,0.8908,0.85,0.8774,1019659.7,890457.81806
1666137600000,2022-10-19 00:00:00,MATIC/EUR,0.8761,0.9,0.8608,0.866,612291.8,542029.96066
1666224000000,2022-10-20 00:00:00,MATIC/EUR,0.8642,0.8679,0.8237,0.8281,803171.7,680985.39917
1666310400000,2022-10-21 00:00:00,MATIC/EUR,0.8281,0.8455,0.7967,0.8442,633974.9,519184.86595
1666396800000,2022-10-22 00:00:00,MATIC/EUR,0.8457,0.8523,0.8249,0.8436,238384.9,200105.87964
1666483200000,2022-10-23 00:00:00,MATIC/EUR,0.8457,0.9144,0.8328,0.9118,872203.2,766639.09668
1666569600000,2022-10-24 00:00:00,MATIC/EUR,0.9117,0.9221,0.886,0.9044,880069.5,795277.56898
1666656000000,2022-10-25 00:00:00,MATIC/EUR,0.9037,0.9504,0.8881,0.9201,1741213.0,1600992.151
1666742400000,2022-10-26 00:00:00,MATIC/EUR,0.9222,0.9653,0.9191,0.9294,1437209.3,1354773.96043
1666828800000,2022-10-27 00:00:00,MATIC/EUR,0.9285,0.947,0.8979,0.9065,1448388.4,1338142.25732
1666915200000,2022-10-28 00:00:00,MATIC/EUR,0.906,0.9508,0.897,0.9498,780006.9,718519.43759
1667001600000,2022-10-29 00:00:00,MATIC/EUR,0.9491,0.9621,0.9305,0.9377,729809.0,689195.00798
1667088000000,2022-10-30 00:00:00,MATIC/EUR,0.9364,0.9519,0.9038,0.9127,606825.1,560361.49743
1667174400000,2022-10-31 00:00:00,MATIC/EUR,0.9127,0.9364,0.9012,0.9137,798591.2,732409.11993
1667260800000,2022-11-01 00:00:00,MATIC/EUR,0.9135,0.9175,0.8846,0.8858,646160.6,581874.41942
1667347200000,2022-11-02 00:00:00,MATIC/EUR,0.8861,0.8965,0.8525,0.8908,2005437.9,1754712.12576
1667433600000,2022-11-03 00:00:00,MATIC/EUR,0.8898,1.0006,0.8855,0.9765,2471110.8,2387574.94327
1667520000000,2022-11-04 00:00:00,MATIC/EUR,0.978,1.2053,0.978,1.1754,5968086.6,6786892.12926
1667606400000,2022-11-05 00:00:00,MATIC/EUR,1.1759,1.3107,1.1603,1.1918,4553444.1,5569918.85127
1667692800000,2022-11-06 00:00:00,MATIC/EUR,1.1909,1.2241,1.1397,1.1463,2430446.9,2861089.56137
1667779200000,2022-11-07 00:00:00,MATIC/EUR,1.1449,1.2873,1.1404,1.2568,3943819.6,4822282.81624
1667865600000,2022-11-08 00:00:00,MATIC/EUR,1.2542,1.274,0.9328,1.0361,6176903.6,6887250.67183
1667952000000,2022-11-09 00:00:00,MATIC/EUR,1.0403,1.0658,0.7672,0.8195,4693068.8,4288139.16334
1668038400000,2022-11-10 00:00:00,MATIC/EUR,0.8115,1.1447,0.8041,1.1051,6566968.6,6591223.327
1668124800000,2022-11-11 00:00:00,MATIC/EUR,1.1072,1.145,0.9387,1.0322,4518161.3,4626977.84705
1668211200000,2022-11-12 00:00:00,MATIC/EUR,1.0327,1.0327,0.9007,0.9135,2293583.8,2152355.62684
1668297600000,2022-11-13 00:00:00,MATIC/EUR,0.9154,0.9417,0.84,0.86,2262370.9,1998824.26069
1668384000000,2022-11-14 00:00:00,MATIC/EUR,0.8597,0.9424,0.8066,0.8903,3462637.8,3076290.75506
1668470400000,2022-11-15 00:00:00,MATIC/EUR,0.8877,0.9377,0.8797,0.9081,2023718.4,1837256.80732
1668556800000,2022-11-16 00:00:00,MATIC/EUR,0.9093,0.9216,0.8453,0.8638,1244112.6,1091639.71541
1668643200000,2022-11-17 00:00:00,MATIC/EUR,0.8649,0.8776,0.8359,0.8436,1149101.7,978420.20146
1668729600000,2022-11-18 00:00:00,MATIC/EUR,0.8425,0.8667,0.84,0.8513,761439.0,652137.74477
1668816000000,2022-11-19 00:00:00,MATIC/EUR,0.8512,0.8539,0.8228,0.8465,531771.7,445647.31497
1668902400000,2022-11-20 00:00:00,MATIC/EUR,0.8459,0.8526,0.7736,0.7812,941376.5,759568.78123
1668988800000,2022-11-21 00:00:00,MATIC/EUR,0.7795,0.799,0.7449,0.7769,1391162.5,1076253.52164
1669075200000,2022-11-22 00:00:00,MATIC/EUR,0.7765,0.8418,0.7595,0.8259,2388524.0,1938408.83861
1669161600000,2022-11-23 00:00:00,MATIC/EUR,0.8257,0.8453,0.8067,0.827,1387324.6,1147517.41977
1669248000000,2022-11-24 00:00:00,MATIC/EUR,0.8269,0.8538,0.81,0.8163,997260.9,822321.08168
1669334400000,2022-11-25 00:00:00,MATIC/EUR,0.8142,0.8156,0.7863,0.8109,780005.1,627959.33764
1669420800000,2022-11-26 00:00:00,MATIC/EUR,0.8109,0.838,0.8064,0.8137,508152.6,418794.05129
1669507200000,2022-11-27 00:00:00,MATIC/EUR,0.8136,0.8328,0.8088,0.8127,359421.0,296099.9019
1669593600000,2022-11-28 00:00:00,MATIC/EUR,0.814,0.817,0.7743,0.7938,513377.4,405477.02883
1669680000000,2022-11-29 00:00:00,MATIC/EUR,0.7927,0.8206,0.7863,0.8121,413731.7,334501.98392
1669766400000,2022-11-30 00:00:00,MATIC/EUR,0.8128,0.9064,0.8106,0.8964,1038361.5,890149.45205
1669852800000,2022-12-01 00:00:00,MATIC/EUR,0.895,0.9045,0.8603,0.8631,634229.3,558879.60542
1669939200000,2022-12-02 00:00:00,MATIC/EUR,0.8655,0.9008,0.8525,0.9008,597184.3,522461.07913
1670025600000,2022-12-03 00:00:00,MATIC/EUR,0.9005,0.9022,0.8558,0.8571,256516.7,224856.4775
1670112000000,2022-12-04 00:00:00,MATIC/EUR,0.857,0.877,0.857,0.8737,238658.5,207552.45741
1670198400000,2022-12-05 00:00:00,MATIC/EUR,0.875,0.8968,0.8581,0.8699,478756.3,418976.35443
1670284800000,2022-12-06 00:00:00,MATIC/EUR,0.8689,0.878,0.8561,0.8769,285270.4,247513.09398
1670371200000,2022-12-07 00:00:00,MATIC/EUR,0.8771,0.8794,0.8341,0.8527,341743.8,290078.61047
1670457600000,2022-12-08 00:00:00,MATIC/EUR,0.8547,0.8812,0.8451,0.8798,328658.7,283404.94577
1670544000000,2022-12-09 00:00:00,MATIC/EUR,0.88,0.8857,0.8628,0.8641,386016.5,336595.87703
1670630400000,2022-12-10 00:00:00,MATIC/EUR,0.8642,0.8693,0.8558,0.8619,190043.2,163776.17691
1670716800000,2022-12-11 00:00:00,MATIC/EUR,0.8625,0.8681,0.845,0.8497,232960.8,199962.50064
1670803200000,2022-12-12 00:00:00,MATIC/EUR,0.8484,0.8665,0.828,0.8639,405054.6,342787.75894
1670889600000,2022-12-13 00:00:00,MATIC/EUR,0.8643,0.8838,0.8331,0.8697,795517.9,688192.89743
1670976000000,2022-12-14 00:00:00,MATIC/EUR,0.8699,0.8786,0.8416,0.8461,617207.1,532342.93927
1671062400000,2022-12-15 00:00:00,MATIC/EUR,0.8461,0.8492,0.82,0.8255,371163.6,309687.15101
1671148800000,2022-12-16 00:00:00,MATIC/EUR,0.8251,0.8357,0.7383,0.7521,1302943.4,1021284.32305
1671235200000,2022-12-17 00:00:00,MATIC/EUR,0.7512,0.7744,0.7395,0.772,387696.5,294358.43607
1671321600000,2022-12-18 00:00:00,MATIC/EUR,0.7723,0.7807,0.7591,0.7672,161494.5,124238.75526
1671408000000,2022-12-19 00:00:00,MATIC/EUR,0.768,0.7749,0.7142,0.7291,517185.2,383229.10551
1671494400000,2022-12-20 00:00:00,MATIC/EUR,0.7289,0.7603,0.7258,0.7555,712079.2,535035.56259
1671580800000,2022-12-21 00:00:00,MATIC/EUR,0.7545,0.7567,0.7409,0.749,245194.0,183352.65274
1671667200000,2022-12-22 00:00:00,MATIC/EUR,0.7484,0.7525,0.7276,0.7513,314477.9,232872.85147
1671753600000,2022-12-23 00:00:00,MATIC/EUR,0.7513,0.7605,0.7461,0.7529,324924.1,244791.97339
1671840000000,2022-12-24 00:00:00,MATIC/EUR,0.7535,0.7544,0.7468,0.7489,132202.7,99200.70262
1671926400000,2022-12-25 00:00:00,MATIC/EUR,0.7488,0.7514,0.7388,0.749,138252.3,102962.75767
1672012800000,2022-12-26 00:00:00,MATIC/EUR,0.7489,0.7649,0.747,0.7618,297283.7,224611.00606
1672099200000,2022-12-27 00:00:00,MATIC/EUR,0.7643,0.7683,0.7501,0.7583,376694.8,286509.07284
1672185600000,2022-12-28 00:00:00,MATIC/EUR,0.7585,0.76,0.7293,0.7363,480495.3,355214.01489
1672272000000,2022-12-29 00:00:00,MATIC/EUR,0.7361,0.7393,0.721,0.7291,389944.5,285336.41939
1672358400000,2022-12-30 00:00:00,MATIC/EUR,0.7291,0.7321,0.7007,0.7107,462577.6,328479.60326
1672444800000,2022-12-31 00:00:00,MATIC/EUR,0.7117,0.7198,0.7033,0.7072,295989.1,210780.71202
1672531200000,2023-01-01 00:00:00,MATIC/EUR,0.7067,0.711,0.6972,0.7084,223477.8,157407.16875
1672617600000,2023-01-02 00:00:00,MATIC/EUR,0.7081,0.7388,0.6986,0.7306,435074.4,313503.29207
1672704000000,2023-01-03 00:00:00,MATIC/EUR,0.7291,0.7431,0.7261,0.7397,295886.0,218181.93333
1672790400000,2023-01-04 00:00:00,MATIC/EUR,0.7393,0.7687,0.7362,0.7609,508731.2,385548.86946
1672876800000,2023-01-05 00:00:00,MATIC/EUR,0.7611,0.7636,0.7461,0.7494,334346.8,251580.29297
1672963200000,2023-01-06 00:00:00,MATIC/EUR,0.7488,0.7536,0.734,0.7509,362141.6,268692.51423
1673049600000,2023-01-07 00:00:00,MATIC/EUR,0.7516,0.7619,0.7505,0.7576,352313.8,266463.00146
1673136000000,2023-01-08 00:00:00,MATIC/EUR,0.7582,0.7932,0.7486,0.7879,670721.5,514763.86725
1673222400000,2023-01-09 00:00:00,MATIC/EUR,0.7885,0.815,0.78,0.7859,1255929.1,1005555.68474
1673308800000,2023-01-10 00:00:00,MATIC/EUR,0.7863,0.8029,0.7765,0.8001,888947.3,704508.13811
1673395200000,2023-01-11 00:00:00,MATIC/EUR,0.8002,0.8367,0.7858,0.8282,950908.2,763913.16081
1673481600000,2023-01-12 00:00:00,MATIC/EUR,0.8281,0.8522,0.795,0.8437,2159303.2,1787484.44026
1673568000000,2023-01-13 00:00:00,MATIC/EUR,0.8428,0.8677,0.8289,0.8597,1358170.4,1149056.5504
1673654400000,2023-01-14 00:00:00,MATIC/EUR,0.86,0.9744,0.8595,0.9216,4162275.4,3788091.1987
1673740800000,2023-01-15 00:00:00,MATIC/EUR,0.9213,0.925,0.8798,0.9078,1307897.4,1179091.47359
1673827200000,2023-01-16 00:00:00,MATIC/EUR,0.9084,0.9636,0.8944,0.9424,1839064.6,1707543.98176
1673913600000,2023-01-17 00:00:00,MATIC/EUR,0.943,0.9588,0.9193,0.922,910846.2,854037.26505
1674000000000,2023-01-18 00:00:00,MATIC/EUR,0.9219,0.9389,0.856,0.8703,1402427.2,1266989.26578
1674086400000,2023-01-19 00:00:00,MATIC/EUR,0.8709,0.8834,0.8486,0.8792,485291.3,421320.40817
1674172800000,2023-01-20 00:00:00,MATIC/EUR,0.8781,0.9469,0.8655,0.9456,801581.5,722188.30051
1674259200000,2023-01-21 00:00:00,MATIC/EUR,0.946,0.9586,0.9092,0.9125,714906.5,669093.09077
1674345600000,2023-01-22 00:00:00,MATIC/EUR,0.9125,0.95,0.8984,0.9152,722198.2,664971.88682
1674432000000,2023-01-23 00:00:00,MATIC/EUR,0.9159,0.9308,0.8957,0.9148,951388.4,871862.5474
1674518400000,2023-01-24 00:00:00,MATIC/EUR,0.9141,0.9575,0.8684,0.8782,1377099.4,1266444.66939
1674604800000,2023-01-25 00:00:00,MATIC/EUR,0.8779,0.9336,0.8567,0.9091,1950074.3,1729024.50448
1674691200000,2023-01-26 00:00:00,MATIC/EUR,0.9102,1.0399,0.9038,1.0351,4817967.5,4659415.48887
1674777600000,2023-01-27 00:00:00,MATIC/EUR,1.03,1.0945,0.9766,1.0677,2901513.0,2966822.61802
1674864000000,2023-01-28 00:00:00,MATIC/EUR,1.0662,1.0775,1.0055,1.0538,1163749.4,1217404.70759
1674950400000,2023-01-29 00:00:00,MATIC/EUR,1.0538,1.105,1.0389,1.0848,1502607.4,1615845.83689
1675036800000,2023-01-30 00:00:00,MATIC/EUR,1.0817,1.0852,0.9855,1.0034,1359387.2,1394552.05939
1675123200000,2023-01-31 00:00:00,MATIC/EUR,1.0037,1.0344,0.995,1.0228,747069.4,758147.48785
1675209600000,2023-02-01 00:00:00,MATIC/EUR,1.0221,1.0946,0.98,1.0848,1999863.9,2061771.58644
1675296000000,2023-02-02 00:00:00,MATIC/EUR,1.0862,1.1517,1.0779,1.0837,1732400.6,1941950.01293
1675382400000,2023-02-03 00:00:00,MATIC/EUR,1.0844,1.161,1.071,1.1537,1407468.1,1569814.82242
1675468800000,2023-02-04 00:00:00,MATIC/EUR,1.153,1.1878,1.127,1.1608,931132.7,1079952.266
1675555200000,2023-02-05 00:00:00,MATIC/EUR,1.1618,1.1664,1.0982,1.1159,1030671.2,1157744.83269
1675641600000,2023-02-06 00:00:00,MATIC/EUR,1.116,1.1542,1.0876,1.1104,1229214.0,1383084.08885
1675728000000,2023-02-07 00:00:00,MATIC/EUR,1.1104,1.1857,1.1082,1.1848,1539174.6,1777868.63949
1675814400000,2023-02-08 00:00:00,MATIC/EUR,1.1838,1.2581,1.1714,1.2192,2753139.3,3344829.91799
1675900800000,2023-02-09 00:00:00,MATIC/EUR,1.2193,1.2532,1.1209,1.1455,4240922.3,5088850.56034
1675987200000,2023-02-10 00:00:00,MATIC/EUR,1.1456,1.2285,1.1312,1.1519,1859322.6,2209149.24162
1676073600000,2023-02-11 00:00:00,MATIC/EUR,1.1523,1.177,1.1372,1.1701,545257.6,632845.13756
1676160000000,2023-02-12 00:00:00,MATIC/EUR,1.1699,1.2192,1.1457,1.1592,868864.6,1035372.31759
1676246400000,2023-02-13 00:00:00,MATIC/EUR,1.1578,1.1645,1.0615,1.1055,1848391.5,2033649.74404
1676332800000,2023-02-14 00:00:00,MATIC/EUR,1.1048,1.1764,1.0824,1.1723,2757134.0,3124416.24275
1676419200000,2023-02-15 00:00:00,MATIC/EUR,1.173,1.2454,1.1494,1.2416,1754412.7,2102741.27819
1676505600000,2023-02-16 00:00:00,MATIC/EUR,1.2419,1.3727,1.2324,1.285,3976082.6,5192890.71371
1676592000000,2023-02-17 00:00:00,MATIC/EUR,1.2857,1.45,1.2846,1.428,3933276.4,5381511.02297
1676678400000,2023-02-18 00:00:00,MATIC/EUR,1.4271,1.4674,1.3789,1.3893,1556681.5,2213943.081
1676764800000,2023-02-19 00:00:00,MATIC/EUR,1.3887,1.4366,1.3706,1.3862,1499491.6,2112437.21649
1676851200000,2023-02-20 00:00:00,MATIC/EUR,1.3854,1.4111,1.3436,1.3815,1210057.4,1675575.33422
1676937600000,2023-02-21 00:00:00,MATIC/EUR,1.3811,1.4079,1.284,1.3024,1566384.3,2085254.12735
1677024000000,2023-02-22 00:00:00,MATIC/EUR,1.3025,1.3216,1.2401,1.3154,1980430.1,2525574.25432
1677110400000,2023-02-23 00:00:00,MATIC/EUR,1.3166,1.3351,1.262,1.2781,1341433.0,1739041.85424
1677196800000,2023-02-24 00:00:00,MATIC/EUR,1.2779,1.2858,1.1815,1.2015,1702315.5,2097997.75736
1677283200000,2023-02-25 00:00:00,MATIC/EUR,1.2013,1.2133,1.135,1.1845,1321452.1,1556916.80547
1677369600000,2023-02-26 00:00:00,MATIC/EUR,1.1839,1.2344,1.1753,1.2165,1267240.7,1533263.83239
1677456000000,2023-02-27 00:00:00,MATIC/EUR,1.2164,1.2194,1.1513,1.1699,1719360.2,2039891.34509
1677542400000,2023-02-28 00:00:00,MATIC/EUR,1.1703,1.1819,1.129,1.1433,1265379.6,1470157.89953
1677628800000,2023-03-01 00:00:00,MATIC/EUR,1.144,1.1951,1.1378,1.1784,1328013.7,1561784.04096
1677715200000,2023-03-02 00:00:00,MATIC/EUR,1.1781,1.1819,1.1326,1.1634,868488.0,999215.39207
1677801600000,2023-03-03 00:00:00,MATIC/EUR,1.1637,1.1637,1.0753,1.109,1320188.7,1462874.58198
1677888000000,2023-03-04 00:00:00,MATIC/EUR,1.1096,1.1173,1.0371,1.0707,1146586.9,1230574.21603
1677974400000,2023-03-05 00:00:00,MATIC/EUR,1.0707,1.0997,1.0614,1.0756,887713.4,962276.11261
1678060800000,2023-03-06 00:00:00,MATIC/EUR,1.0756,1.0791,1.0538,1.062,1067622.6,1137270.57893
1678147200000,2023-03-07 00:00:00,MATIC/EUR,1.063,1.0994,1.0532,1.0926,1631608.6,1760921.22436
1678233600000,2023-03-08 00:00:00,MATIC/EUR,1.0932,1.0994,0.9881,0.9986,1629840.4,1684263.36501
1678320000000,2023-03-09 00:00:00,MATIC/EUR,0.9985,1.0371,0.9225,0.9666,3016353.4,2969065.61525
1678406400000,2023-03-10 00:00:00,MATIC/EUR,0.9679,1.0107,0.8964,0.9985,3842442.0,3699794.32806
1678492800000,2023-03-11 00:00:00,MATIC/EUR,0.9977,1.0309,0.9287,0.9843,3673546.5,3569020.85668
1678579200000,2023-03-12 00:00:00,MATIC/EUR,0.9846,1.0825,0.9691,1.0797,3196191.6,3239178.26265
1678665600000,2023-03-13 00:00:00,MATIC/EUR,1.0802,1.1232,1.0226,1.1086,4065346.4,4383492.6276
1678752000000,2023-03-14 00:00:00,MATIC/EUR,1.1099,1.1597,1.0663,1.115,4616494.4,5137772.30793
1678838400000,2023-03-15 00:00:00,MATIC/EUR,1.1149,1.1453,1.0208,1.0544,2644402.7,2871481.78967
1678924800000,2023-03-16 00:00:00,MATIC/EUR,1.0543,1.0947,1.0384,1.0865,1519852.0,1625097.48907
1679011200000,2023-03-17 00:00:00,MATIC/EUR,1.0869,1.1555,1.0747,1.1518,1731515.8,1948098.03453
1679097600000,2023-03-18 00:00:00,MATIC/EUR,1.1512,1.1778,1.0975,1.1035,1364561.8,1564708.82012
1679184000000,2023-03-19 00:00:00,MATIC/EUR,1.1029,1.1489,1.0933,1.1033,1101384.1,1237971.98461
1679270400000,2023-03-20 00:00:00,MATIC/EUR,1.1033,1.1085,1.033,1.0369,1658186.7,1777523.29086
1679356800000,2023-03-21 00:00:00,MATIC/EUR,1.036,1.0905,1.0153,1.0786,1465035.5,1552331.37707
1679443200000,2023-03-22 00:00:00,MATIC/EUR,1.0798,1.0846,1.0076,1.0303,1324769.7,1396068.72987
1679529600000,2023-03-23 00:00:00,MATIC/EUR,1.0303,1.0703,1.0186,1.0545,1152413.1,1202188.97152
1679616000000,2023-03-24 00:00:00,MATIC/EUR,1.0548,1.0656,0.9966,1.028,1401708.8,1438191.62986
1679702400000,2023-03-25 00:00:00,MATIC/EUR,1.0291,1.0416,0.9949,1.0115,745347.3,762667.73581
1679788800000,2023-03-26 00:00:00,MATIC/EUR,1.0099,1.0465,1.0047,1.0289,646894.9,663917.07591
1679875200000,2023-03-27 00:00:00,MATIC/EUR,1.0296,1.0334,0.9573,0.9741,1187721.2,1177965.86589
1679961600000,2023-03-28 00:00:00,MATIC/EUR,0.9739,1.0214,0.9591,1.0053,740657.3,730569.35884
1680048000000,2023-03-29 00:00:00,MATIC/EUR,1.0039,1.0658,1.0025,1.0369,1003412.0,1043330.00172
1680134400000,2023-03-30 00:00:00,MATIC/EUR,1.0369,1.0548,0.9946,1.006,773860.2,787444.14041
1680220800000,2023-03-31 00:00:00,MATIC/EUR,1.0061,1.0394,0.99,1.0345,1026037.6,1040717.57639
1680307200000,2023-04-01 00:00:00,MATIC/EUR,1.0341,1.0424,1.0153,1.0286,342684.8,352080.32081
1680393600000,2023-04-02 00:00:00,MATIC/EUR,1.0285,1.0386,1.0022,1.0184,373369.1,381466.57686
1680480000000,2023-04-03 00:00:00,MATIC/EUR,1.0186,1.0349,0.9922,1.0118,644302.8,653646.82068
1680566400000,2023-04-04 00:00:00,MATIC/EUR,1.012,1.0565,1.0064,1.0426,734733.6,759958.70103
1680652800000,2023-04-05 00:00:00,MATIC/EUR,1.044,1.0686,1.032,1.0493,734813.7,772127.944
1680739200000,2023-04-06 00:00:00,MATIC/EUR,1.0501,1.0505,1.0185,1.0259,447932.8,461422.9729
1680825600000,2023-04-07 00:00:00,MATIC/EUR,1.0254,1.0306,1.0083,1.019,392163.4,399404.49282
1680912000000,2023-04-08 00:00:00,MATIC/EUR,1.0187,1.0268,1.0116,1.0144,194128.9,198151.65391
1680998400000,2023-04-09 00:00:00,MATIC/EUR,1.0128,1.0201,0.9969,1.0118,391607.8,394314.72954
1681084800000,2023-04-10 00:00:00,MATIC/EUR,1.0106,1.0344,1.0007,1.032,571763.3,583170.0338
1681171200000,2023-04-11 00:00:00,MATIC/EUR,1.031,1.0417,1.021,1.0238,717272.4,740887.19402
1681257600000,2023-04-12 00:00:00,MATIC/EUR,1.0239,1.0275,0.9943,1.009,1181053.0,1189229.18127
1681344000000,2023-04-13 00:00:00,MATIC/EUR,1.0089,1.0369,1.0028,1.0309,695315.4,714681.36275
1681430400000,2023-04-14 00:00:00,MATIC/EUR,1.0306,1.0806,1.0306,1.0582,1423482.0,1512780.77238
1681516800000,2023-04-15 00:00:00,MATIC/EUR,1.0582,1.08,1.044,1.0709,612961.6,653063.15144
1681603200000,2023-04-16 00:00:00,MATIC/EUR,1.0703,1.085,1.0511,1.0819,519678.8,553824.47494
1681689600000,2023-04-17 00:00:00,MATIC/EUR,1.0829,1.0829,1.053,1.0563,900806.7,959899.89171
1681776000000,2023-04-18 00:00:00,MATIC/EUR,1.058,1.0824,1.0477,1.0707,635778.7,680774.8769
1681862400000,2023-04-19 00:00:00,MATIC/EUR,1.0708,1.0762,0.9712,0.9946,1476543.1,1501102.45112
1681948800000,2023-04-20 00:00:00,MATIC/EUR,0.9944,1.0056,0.9501,0.9569,1139996.4,1113212.69661
1682035200000,2023-04-21 00:00:00,MATIC/EUR,0.9569,0.9671,0.9142,0.9247,1119048.7,1057307.45511
1682121600000,2023-04-22 00:00:00,MATIC/EUR,0.9245,0.9393,0.9174,0.935,567364.8,527174.65366
1682208000000,2023-04-23 00:00:00,MATIC/EUR,0.9341,0.9418,0.8932,0.9158,808538.1,740789.83135
1682294400000,2023-04-24 00:00:00,MATIC/EUR,0.9162,0.9338,0.8847,0.898,961632.5,872571.50571
1682380800000,2023-04-25 00:00:00,MATIC/EUR,0.8981,0.929,0.8677,0.9174,1033179.2,917684.62927
1682467200000,2023-04-26 00:00:00,MATIC/EUR,0.918,0.9611,0.8588,0.8956,1595451.2,1462428.75278
1682553600000,2023-04-27 00:00:00,MATIC/EUR,0.8958,0.9364,0.89,0.9199,1030897.7,941640.88338
1682640000000,2023-04-28 00:00:00,MATIC/EUR,0.9198,0.9255,0.8941,0.9082,789543.0,718067.73496
1682726400000,2023-04-29 00:00:00,MATIC/EUR,0.9081,0.9293,0.9019,0.9106,480130.4,439960.35861
1682812800000,2023-04-30 00:00:00,MATIC/EUR,0.9098,0.9215,0.8853,0.8924,713957.4,646141.59955
1682899200000,2023-05-01 00:00:00,MATIC/EUR,0.893,0.8998,0.8658,0.8783,747436.2,660645.10785
1682985600000,2023-05-02 00:00:00,MATIC/EUR,0.8776,0.8943,0.87,0.8905,651350.0,573592.43242
1683072000000,2023-05-03 00:00:00,MATIC/EUR,0.891,0.9218,0.8761,0.911,1079863.7,969212.9452
1683158400000,2023-05-04 00:00:00,MATIC/EUR,0.9114,0.9119,0.8913,0.8939,600021.9,540508.44901
1683244800000,2023-05-05 00:00:00,MATIC/EUR,0.8943,0.9181,0.8901,0.9051,689680.8,623792.33507
1683331200000,2023-05-06 00:00:00,MATIC/EUR,0.9058,0.9115,0.8613,0.8838,911523.5,804350.88244
1683417600000,2023-05-07 00:00:00,MATIC/EUR,0.8847,0.894,0.875,0.8772,557931.3,493489.00337
1683504000000,2023-05-08 00:00:00,MATIC/EUR,0.8766,0.8808,0.8,0.8225,1162582.5,970551.93362
1683590400000,2023-05-09 00:00:00,MATIC/EUR,0.8226,0.829,0.7942,0.8022,1289232.9,1042272.07774
1683676800000,2023-05-10 00:00:00,MATIC/EUR,0.8026,0.8247,0.7604,0.8016,1830887.8,1463598.14862
1683763200000,2023-05-11 00:00:00,MATIC/EUR,0.8019,0.8019,0.7624,0.7735,1029426.2,802803.14575
1683849600000,2023-05-12 00:00:00,MATIC/EUR,0.7733,0.8017,0.753,0.7976,1758678.4,1366340.42554
1683936000000,2023-05-13 00:00:00,MATIC/EUR,0.7992,0.8006,0.7852,0.786,602602.7,477347.09503
1684022400000,2023-05-14 00:00:00,MATIC/EUR,0.7856,0.804,0.777,0.7948,472818.7,373806.85421
1684108800000,2023-05-15 00:00:00,MATIC/EUR,0.795,0.8101,0.7833,0.7928,514107.7,410994.12853
1684195200000,2023-05-16 00:00:00,MATIC/EUR,0.7922,0.7964,0.7708,0.7795,583093.7,455508.83865
1684281600000,2023-05-17 00:00:00,MATIC/EUR,0.7798,0.8333,0.7747,0.8195,910240.9,731854.7731
1684368000000,2023-05-18 00:00:00,MATIC/EUR,0.8204,0.83,0.7848,0.8113,797770.4,644483.11763
1684454400000,2023-05-19 00:00:00,MATIC/EUR,0.8115,0.8153,0.8002,0.8088,530458.1,429033.29527
1684540800000,2023-05-20 00:00:00,MATIC/EUR,0.8085,0.8159,0.8019,0.8131,287733.0,232528.08395
1684627200000,2023-05-21 00:00:00,MATIC/EUR,0.8135,0.8157,0.7903,0.7929,279674.9,224810.4964
1684713600000,2023-05-22 00:00:00,MATIC/EUR,0.7934,0.8116,0.7816,0.8081,553305.0,442642.79562
1684800000000,2023-05-23 00:00:00,MATIC/EUR,0.8088,0.8296,0.8054,0.826,703671.0,577456.76352
1684886400000,2023-05-24 00:00:00,MATIC/EUR,0.8265,0.8267,0.7962,0.8142,775445.2,627696.00078
1684972800000,2023-05-25 00:00:00,MATIC/EUR,0.8148,0.8421,0.7979,0.8303,878788.5,724365.13163
1685059200000,2023-05-26 00:00:00,MATIC/EUR,0.8301,0.9049,0.8281,0.8519,1557461.2,1340753.64928
1685145600000,2023-05-27 00:00:00,MATIC/EUR,0.8517,0.8634,0.8481,0.8603,626710.6,538096.88624
1685232000000,2023-05-28 00:00:00,MATIC/EUR,0.8604,0.8908,0.8579,0.8775,700588.5,608882.27386
1685318400000,2023-05-29 00:00:00,MATIC/EUR,0.8788,0.8865,0.8455,0.8497,517503.3,448603.285
1685404800000,2023-05-30 00:00:00,MATIC/EUR,0.8497,0.8561,0.8268,0.8426,602883.7,509546.74416
1685491200000,2023-05-31 00:00:00,MATIC/EUR,0.8411,0.8463,0.8237,0.8365,409598.6,341548.83965
1685577600000,2023-06-01 00:00:00,MATIC/EUR,0.8365,0.8429,0.8227,0.8277,322194.0,268677.09956
1685664000000,2023-06-02 00:00:00,MATIC/EUR,0.8282,0.8464,0.8221,0.8428,424255.4,356042.85744
1685750400000,2023-06-03 00:00:00,MATIC/EUR,0.8427,0.8487,0.8364,0.8421,161040.7,135741.789
1685836800000,2023-06-04 00:00:00,MATIC/EUR,0.8424,0.8494,0.8341,0.8366,191692.7,161849.45471
1685923200000,2023-06-05 00:00:00,MATIC/EUR,0.8352,0.8366,0.7711,0.7847,755537.2,606514.7037
1686009600000,2023-06-06 00:00:00,MATIC/EUR,0.7842,0.7855,0.7431,0.7714,1403605.5,1074933.86634
1686096000000,2023-06-07 00:00:00,MATIC/EUR,0.7714,0.7721,0.7127,0.7169,1080042.4,792996.54196
1686182400000,2023-06-08 00:00:00,MATIC/EUR,0.7169,0.7318,0.7078,0.7264,682443.0,493203.60052
1686268800000,2023-06-09 00:00:00,MATIC/EUR,0.727,0.734,0.6721,0.6776,1320173.5,928251.55693
1686355200000,2023-06-10 00:00:00,MATIC/EUR,0.6776,0.6776,0.4792,0.5762,6985114.0,3928149.4176
1686441600000,2023-06-11 00:00:00,MATIC/EUR,0.5749,0.6207,0.5587,0.596,1875557.5,1108979.49233
1686528000000,2023-06-12 00:00:00,MATIC/EUR,0.596,0.613,0.5779,0.6002,1114494.2,663742.97838
1686614400000,2023-06-13 00:00:00,MATIC/EUR,0.6009,0.6296,0.5815,0.6001,1376730.3,833070.39162
1686700800000,2023-06-14 00:00:00,MATIC/EUR,0.6005,0.6125,0.564,0.5763,833215.9,495651.33508
1686787200000,2023-06-15 00:00:00,MATIC/EUR,0.5758,0.5823,0.5129,0.5417,1546698.7,843134.35668
1686873600000,2023-06-16 00:00:00,MATIC/EUR,0.5411,0.5495,0.5096,0.5417,1421597.5,757362.74386
1686960000000,2023-06-17 00:00:00,MATIC/EUR,0.5417,0.5802,0.5364,0.5619,798926.6,452017.81482
1687046400000,2023-06-18 00:00:00,MATIC/EUR,0.5621,0.5678,0.5447,0.5468,454820.5,253775.29206
1687132800000,2023-06-19 00:00:00,MATIC/EUR,0.5475,0.5716,0.5415,0.5645,402336.0,223422.46647
1687219200000,2023-06-20 00:00:00,MATIC/EUR,0.5646,0.5811,0.5446,0.5795,561790.8,316071.98132
1687305600000,2023-06-21 00:00:00,MATIC/EUR,0.5795,0.6191,0.5765,0.6097,1189535.0,713203.79918
1687392000000,2023-06-22 00:00:00,MATIC/EUR,0.6093,0.6479,0.5975,0.6009,1383405.9,857461.02769
1687478400000,2023-06-23 00:00:00,MATIC/EUR,0.5996,0.6381,0.5996,0.6215,834935.3,518758.78618
1687564800000,2023-06-24 00:00:00,MATIC/EUR,0.6229,0.6339,0.5934,0.603,791808.3,487144.12329
1687651200000,2023-06-25 00:00:00,MATIC/EUR,0.6022,0.6257,0.5971,0.6129,674215.8,414891.89601
1687737600000,2023-06-26 00:00:00,MATIC/EUR,0.6125,0.6164,0.586,0.5932,675435.3,405960.39076
1687824000000,2023-06-27 00:00:00,MATIC/EUR,0.5932,0.6147,0.5914,0.6053,670142.2,407696.1496
1687910400000,2023-06-28 00:00:00,MATIC/EUR,0.606,0.6064,0.5516,0.5635,953113.6,551566.45571
1687996800000,2023-06-29 00:00:00,MATIC/EUR,0.5636,0.5893,0.5622,0.5758,555645.4,319988.48133
1688083200000,2023-06-30 00:00:00,MATIC/EUR,0.5762,0.6171,0.5614,0.606,1357054.0,808690.22025
1688169600000,2023-07-01 00:00:00,MATIC/EUR,0.6073,0.622,0.595,0.6214,490691.5,300740.42016
1688256000000,2023-07-02 00:00:00,MATIC/EUR,0.6222,0.6317,0.6072,0.6256,931457.8,572171.01575
1688342400000,2023-07-03 00:00:00,MATIC/EUR,0.626,0.662,0.6236,0.6566,749883.2,481892.27616
1688428800000,2023-07-04 00:00:00,MATIC/EUR,0.6565,0.6601,0.6363,0.6409,550438.0,356725.20297
1688515200000,2023-07-05 00:00:00,MATIC/EUR,0.6413,0.65,0.609,0.619,899004.2,559688.49092
1688601600000,2023-07-06 00:00:00,MATIC/EUR,0.6185,0.6432,0.6,0.6086,676336.2,420716.25663
1688688000000,2023-07-07 00:00:00,MATIC/EUR,0.6081,0.6241,0.6021,0.6192,480112.0,295734.39898
1688774400000,2023-07-08 00:00:00,MATIC/EUR,0.6194,0.6281,0.6136,0.6228,205844.8,127906.28176
1688860800000,2023-07-09 00:00:00,MATIC/EUR,0.6227,0.6418,0.6217,0.6306,341429.9,216349.96811
1688947200000,2023-07-10 00:00:00,MATIC/EUR,0.6306,0.6816,0.6141,0.6703,1140223.7,748234.21721
1689033600000,2023-07-11 00:00:00,MATIC/EUR,0.6699,0.6826,0.6668,0.6761,566627.4,381860.33471
1689120000000,2023-07-12 00:00:00,MATIC/EUR,0.676,0.6899,0.645,0.6522,568847.8,379400.76076
1689206400000,2023-07-13 00:00:00,MATIC/EUR,0.6516,0.7951,0.6416,0.7603,3110020.2,2251951.11096
1689292800000,2023-07-14 00:00:00,MATIC/EUR,0.76,0.7855,0.6948,0.7229,1330708.9,991350.04115
1689379200000,2023-07-15 00:00:00,MATIC/EUR,0.7215,0.7387,0.7118,0.7156,306579.2,221908.52532
1689465600000,2023-07-16 00:00:00,MATIC/EUR,0.7162,0.719,0.6838,0.6866,431574.9,302322.85774
1689552000000,2023-07-17 00:00:00,MATIC/EUR,0.6869,0.7066,0.6708,0.6952,703296.6,487741.8433
1689638400000,2023-07-18 00:00:00,MATIC/EUR,0.6951,0.6991,0.6529,0.6607,452078.6,302541.14839
1689724800000,2023-07-19 00:00:00,MATIC/EUR,0.6599,0.6782,0.6536,0.666,426421.1,284218.02352
1689811200000,2023-07-20 00:00:00,MATIC/EUR,0.6663,0.7173,0.6648,0.6909,787600.5,547797.05312
1689897600000,2023-07-21 00:00:00,MATIC/EUR,0.6916,0.7051,0.6825,0.694,417222.7,289010.10712
1689984000000,2023-07-22 00:00:00,MATIC/EUR,0.694,0.6996,0.6681,0.6735,347000.2,238335.9136
1690070400000,2023-07-23 00:00:00,MATIC/EUR,0.6742,0.6929,0.6676,0.6838,633219.7,430622.11891
1690156800000,2023-07-24 00:00:00,MATIC/EUR,0.6841,0.6871,0.644,0.6611,610466.6,404562.57109
1690243200000,2023-07-25 00:00:00,MATIC/EUR,0.6601,0.6607,0.6377,0.6432,394919.8,257502.23018
1690329600000,2023-07-26 00:00:00,MATIC/EUR,0.6422,0.6621,0.6334,0.6541,739699.6,479590.78456
1690416000000,2023-07-27 00:00:00,MATIC/EUR,0.6546,0.6659,0.6492,0.6548,398132.7,262138.85031
1690502400000,2023-07-28 00:00:00,MATIC/EUR,0.6549,0.659,0.64,0.6463,345910.6,224665.27911
1690588800000,2023-07-29 00:00:00,MATIC/EUR,0.6464,0.6608,0.6451,0.6556,194320.1,126727.17623
1690675200000,2023-07-30 00:00:00,MATIC/EUR,0.6558,0.6564,0.6221,0.6356,422984.5,270792.72753
1690761600000,2023-07-31 00:00:00,MATIC/EUR,0.6352,0.6449,0.6217,0.6276,435803.6,275931.65714
1690848000000,2023-08-01 00:00:00,MATIC/EUR,0.6276,0.6406,0.605,0.6395,599688.6,373245.22273
1690934400000,2023-08-02 00:00:00,MATIC/EUR,0.6396,0.641,0.6192,0.6236,356903.7,224892.59975
1691020800000,2023-08-03 00:00:00,MATIC/EUR,0.6231,0.6281,0.6073,0.6123,364845.6,225755.03239
1691107200000,2023-08-04 00:00:00,MATIC/EUR,0.6121,0.6219,0.6067,0.612,392295.4,240763.57928
1691193600000,2023-08-05 00:00:00,MATIC/EUR,0.6121,0.6165,0.6073,0.6148,178273.8,109181.21501
1691280000000,2023-08-06 00:00:00,MATIC/EUR,0.6146,0.6222,0.6113,0.615,197865.6,122044.03625
1691366400000,2023-08-07 00:00:00,MATIC/EUR,0.6152,0.6308,0.5993,0.6172,667185.3,410165.16608
1691452800000,2023-08-08 00:00:00,MATIC/EUR,0.6165,0.6492,0.6133,0.6381,558928.8,354029.49485
1691539200000,2023-08-09 00:00:00,MATIC/EUR,0.6376,0.6476,0.6325,0.6419,388425.8,248409.17479
1691625600000,2023-08-10 00:00:00,MATIC/EUR,0.6421,0.6451,0.6315,0.634,483615.1,307971.26405
1691712000000,2023-08-11 00:00:00,MATIC/EUR,0.6343,0.6392,0.626,0.6322,293402.9,185641.50015
1691798400000,2023-08-12 00:00:00,MATIC/EUR,0.632,0.6339,0.6254,0.6277,156394.1,98419.46453
1691884800000,2023-08-13 00:00:00,MATIC/EUR,0.6283,0.6348,0.6215,0.6252,168823.2,105726.72557
1691971200000,2023-08-14 00:00:00,MATIC/EUR,0.6245,0.6365,0.6198,0.6322,346256.6,218306.30863
1692057600000,2023-08-15 00:00:00,MATIC/EUR,0.632,0.6322,0.5749,0.5902,791151.5,477659.82829
1692144000000,2023-08-16 00:00:00,MATIC/EUR,0.5894,0.59,0.5596,0.5772,833415.5,479075.77058
1692230400000,2023-08-17 00:00:00,MATIC/EUR,0.5776,0.5816,0.5,0.5319,1312666.1,716968.25906
1692316800000,2023-08-18 00:00:00,MATIC/EUR,0.531,0.5539,0.5243,0.5431,965653.1,522545.78504
1692403200000,2023-08-19 00:00:00,MATIC/EUR,0.5427,0.5532,0.5368,0.5401,485258.0,264183.5312
1692489600000,2023-08-20 00:00:00,MATIC/EUR,0.5402,0.5443,0.5328,0.5399,338886.5,182191.64962
1692576000000,2023-08-21 00:00:00,MATIC/EUR,0.5399,0.54,0.5086,0.514,499884.8,261136.11901
1692662400000,2023-08-22 00:00:00,MATIC/EUR,0.5141,0.5149,0.4886,0.5081,732110.0,365626.83482
1692748800000,2023-08-23 00:00:00,MATIC/EUR,0.508,0.5265,0.5053,0.5143,668835.2,343936.36874
1692835200000,2023-08-24 00:00:00,MATIC/EUR,0.514,0.5159,0.498,0.5073,440768.8,223882.05949
1692921600000,2023-08-25 00:00:00,MATIC/EUR,0.5069,0.516,0.4976,0.5075,747995.2,377640.33522
1693008000000,2023-08-26 00:00:00,MATIC/EUR,0.5076,0.51,0.5051,0.5092,178622.8,90681.59359
1693094400000,2023-08-27 00:00:00,MATIC/EUR,0.5094,0.5273,0.5063,0.5158,361610.1,186391.61321
1693180800000,2023-08-28 00:00:00,MATIC/EUR,0.5161,0.5255,0.5054,0.5194,362814.6,187323.77483
1693267200000,2023-08-29 00:00:00,MATIC/EUR,0.5198,0.5883,0.5113,0.5474,1308267.7,715505.64102
1693353600000,2023-08-30 00:00:00,MATIC/EUR,0.5471,0.5481,0.5201,0.5268,460905.9,244782.21692
1693440000000,2023-08-31 00:00:00,MATIC/EUR,0.5271,0.5426,0.5028,0.5084,508818.6,264456.57965
1693526400000,2023-09-01 00:00:00,MATIC/EUR,0.5084,0.5128,0.4957,0.5032,449409.5,226837.35892
1693612800000,2023-09-02 00:00:00,MATIC/EUR,0.503,0.5087,0.4989,0.5028,250842.9,126482.98064
1693699200000,2023-09-03 00:00:00,MATIC/EUR,0.5032,0.508,0.4993,0.5047,256160.0,129119.48741
1693785600000,2023-09-04 00:00:00,MATIC/EUR,0.5045,0.5145,0.501,0.5142,381495.0,193854.20796
1693872000000,2023-09-05 00:00:00,MATIC/EUR,0.5144,0.5297,0.5111,0.5212,513270.4,267238.80014
1693958400000,2023-09-06 00:00:00,MATIC/EUR,0.5214,0.5313,0.507,0.5221,411739.2,213539.61169
1694044800000,2023-09-07 00:00:00,MATIC/EUR,0.522,0.5271,0.5151,0.5187,327635.2,170628.81923
1694131200000,2023-09-08 00:00:00,MATIC/EUR,0.5201,0.5222,0.4998,0.5093,367640.7,187296.01412
1694217600000,2023-09-09 00:00:00,MATIC/EUR,0.5089,0.5089,0.505,0.5056,118969.1,60303.12269
1694304000000,2023-09-10 00:00:00,MATIC/EUR,0.5051,0.5051,0.4809,0.4894,426163.6,209363.97778
1694390400000,2023-09-11 00:00:00,MATIC/EUR,0.4892,0.49,0.4596,0.4697,582459.4,275239.82874
1694476800000,2023-09-12 00:00:00,MATIC/EUR,0.4695,0.4844,0.4674,0.4716,459851.5,218497.47569
1694563200000,2023-09-13 00:00:00,MATIC/EUR,0.4714,0.4873,0.4702,0.4792,332837.0,159153.43712
1694649600000,2023-09-14 00:00:00,MATIC/EUR,0.4794,0.4961,0.4789,0.4915,282585.2,137943.90163
1694736000000,2023-09-15 00:00:00,MATIC/EUR,0.4915,0.5021,0.4833,0.4978,246631.3,121080.97345
1694822400000,2023-09-16 00:00:00,MATIC/EUR,0.4979,0.5035,0.4921,0.4958,262156.4,130052.24093
1694908800000,2023-09-17 00:00:00,MATIC/EUR,0.4944,0.4944,0.4813,0.485,146188.0,71428.25622
1694995200000,2023-09-18 00:00:00,MATIC/EUR,0.4848,0.5024,0.48,0.493,321014.7,158366.92661
1695081600000,2023-09-19 00:00:00,MATIC/EUR,0.4927,0.5112,0.4913,0.5101,453856.6,228796.73388
1695168000000,2023-09-20 00:00:00,MATIC/EUR,0.5111,0.5144,0.501,0.5088,349055.6,176948.92661
1695254400000,2023-09-21 00:00:00,MATIC/EUR,0.5087,0.5116,0.4868,0.488,357127.6,177220.80464
1695340800000,2023-09-22 00:00:00,MATIC/EUR,0.4874,0.4928,0.4839,0.49,264511.1,129436.82251
1695427200000,2023-09-23 00:00:00,MATIC/EUR,0.4903,0.4924,0.4882,0.4899,173097.5,84872.28091
1695513600000,2023-09-24 00:00:00,MATIC/EUR,0.4898,0.4951,0.4806,0.4826,222736.3,108990.36035
1695600000000,2023-09-25 00:00:00,MATIC/EUR,0.4827,0.4913,0.4768,0.4907,334047.2,162075.35453
1695686400000,2023-09-26 00:00:00,MATIC/EUR,0.4908,0.4966,0.479,0.4828,193711.0,94703.27245
1695772800000,2023-09-27 00:00:00,MATIC/EUR,0.4825,0.4897,0.476,0.4794,333849.5,160799.42988
1695859200000,2023-09-28 00:00:00,MATIC/EUR,0.4791,0.4962,0.4791,0.4924,281033.6,137109.46177
1695945600000,2023-09-29 00:00:00,MATIC/EUR,0.4929,0.4991,0.4894,0.4975,204611.4,101060.62301
1696032000000,2023-09-30 00:00:00,MATIC/EUR,0.4975,0.5087,0.4966,0.5046,256432.8,128799.81032
1696118400000,2023-10-01 00:00:00,MATIC/EUR,0.5047,0.5467,0.5045,0.5388,534171.8,280569.81535
1696204800000,2023-10-02 00:00:00,MATIC/EUR,0.5392,0.5408,0.519,0.5224,352319.5,187133.00885
1696291200000,2023-10-03 00:00:00,MATIC/EUR,0.5232,0.553,0.5229,0.5413,535297.1,290062.83796
1696377600000,2023-10-04 00:00:00,MATIC/EUR,0.5412,0.5719,0.5255,0.5356,932991.2,509327.5502
1696464000000,2023-10-05 00:00:00,MATIC/EUR,0.5354,0.5391,0.518,0.5184,278246.4,147510.76348
1696550400000,2023-10-06 00:00:00,MATIC/EUR,0.5178,0.54,0.5176,0.5333,270969.9,143588.39142
1696636800000,2023-10-07 00:00:00,MATIC/EUR,0.5338,0.5501,0.5327,0.5332,169342.9,91531.87104
1696723200000,2023-10-08 00:00:00,MATIC/EUR,0.5328,0.5381,0.5268,0.5318,174437.8,92770.1278
1696809600000,2023-10-09 00:00:00,MATIC/EUR,0.5314,0.5314,0.4938,0.5008,314337.7,159666.24189
1696896000000,2023-10-10 00:00:00,MATIC/EUR,0.5003,0.5064,0.4827,0.4885,230277.0,113793.91438
1696982400000,2023-10-11 00:00:00,MATIC/EUR,0.4885,0.4932,0.4784,0.485,195152.8,94619.64212
1697068800000,2023-10-12 00:00:00,MATIC/EUR,0.4843,0.4867,0.4751,0.4822,188449.7,90637.86969
1697155200000,2023-10-13 00:00:00,MATIC/EUR,0.4824,0.4993,0.4822,0.4903,146812.5,71749.28308
1697241600000,2023-10-14 00:00:00,MATIC/EUR,0.4902,0.4972,0.4899,0.4931,105136.4,51907.33659
1697328000000,2023-10-15 00:00:00,MATIC/EUR,0.4933,0.4959,0.4892,0.4898,108833.7,53537.19275
1697414400000,2023-10-16 00:00:00,MATIC/EUR,0.4902,0.5152,0.4893,0.5064,209831.8,104923.40334
1697500800000,2023-10-17 00:00:00,MATIC/EUR,0.5069,0.5072,0.4886,0.4914,127311.6,63148.52795
1697587200000,2023-10-18 00:00:00,MATIC/EUR,0.4915,0.4963,0.4848,0.485,133604.2,65423.77604
1697673600000,2023-10-19 00:00:00,MATIC/EUR,0.4849,0.4917,0.478,0.4894,195665.3,95035.46195
1697760000000,2023-10-20 00:00:00,MATIC/EUR,0.4891,0.5167,0.4875,0.5067,271588.4,137264.61501
1697846400000,2023-10-21 00:00:00,MATIC/EUR,0.5064,0.5458,0.5042,0.5411,320507.3,169267.33268
1697932800000,2023-10-22 00:00:00,MATIC/EUR,0.5414,0.578,0.5275,0.5759,356600.5,195759.49252
1698019200000,2023-10-23 00:00:00,MATIC/EUR,0.5758,0.6072,0.5651,0.5968,767351.3,447098.75663
1698105600000,2023-10-24 00:00:00,MATIC/EUR,0.5967,0.6267,0.5835,0.5898,567790.0,342210.08291
1698192000000,2023-10-25 00:00:00,MATIC/EUR,0.5893,0.613,0.581,0.5973,453751.7,272222.89164
1698278400000,2023-10-26 00:00:00,MATIC/EUR,0.5959,0.6236,0.5863,0.5991,374865.5,226408.75671
1698364800000,2023-10-27 00:00:00,MATIC/EUR,0.5988,0.5988,0.5695,0.5771,269898.2,157689.12361
1698451200000,2023-10-28 00:00:00,MATIC/EUR,0.5766,0.594,0.5764,0.5886,239403.9,140589.04094
1698537600000,2023-10-29 00:00:00,MATIC/EUR,0.5878,0.6096,0.581,0.6061,260265.3,156400.87384
1698624000000,2023-10-30 00:00:00,MATIC/EUR,0.6068,0.6156,0.595,0.6135,378805.1,229592.63938
1698710400000,2023-10-31 00:00:00,MATIC/EUR,0.6128,0.6175,0.5859,0.6022,523340.9,316162.19041
1698796800000,2023-11-01 00:00:00,MATIC/EUR,0.6026,0.6326,0.5868,0.6326,485696.5,295105.63647
1698883200000,2023-11-02 00:00:00,MATIC/EUR,0.6343,0.6503,0.6071,0.6236,745300.3,468555.52457
1698969600000,2023-11-03 00:00:00,MATIC/EUR,0.6225,0.6338,0.6064,0.6273,519743.7,321097.5141
1699056000000,2023-11-04 00:00:00,MATIC/EUR,0.6272,0.6367,0.6183,0.6326,300682.2,188112.98798
1699142400000,2023-11-05 00:00:00,MATIC/EUR,0.6323,0.6529,0.6294,0.6464,407717.0,261773.02746
1699228800000,2023-11-06 00:00:00,MATIC/EUR,0.6459,0.6875,0.6437,0.6875,441755.0,294022.91516
1699315200000,2023-11-07 00:00:00,MATIC/EUR,0.6868,0.698,0.651,0.6933,572024.2,387083.57413
1699401600000,2023-11-08 00:00:00,MATIC/EUR,0.6928,0.7569,0.688,0.7366,1305782.7,948211.30831
1699488000000,2023-11-09 00:00:00,MATIC/EUR,0.7361,0.808,0.7182,0.8011,1846003.2,1411551.55
1699574400000,2023-11-10 00:00:00,MATIC/EUR,0.8024,0.8171,0.7638,0.7909,918182.9,721991.71622
1699660800000,2023-11-11 00:00:00,MATIC/EUR,0.7902,0.7924,0.7467,0.7542,565677.0,433729.50708
1699747200000,2023-11-12 00:00:00,MATIC/EUR,0.7537,0.87,0.7249,0.8416,1397264.5,1120497.62486
1699833600000,2023-11-13 00:00:00,MATIC/EUR,0.8412,0.8922,0.801,0.8254,2204476.2,1849233.03715
1699920000000,2023-11-14 00:00:00,MATIC/EUR,0.8253,0.9192,0.7791,0.8448,2914467.9,2492170.35055
1700006400000,2023-11-15 00:00:00,MATIC/EUR,0.8456,0.8858,0.8171,0.8482,1454602.2,1241663.80814
1700092800000,2023-11-16 00:00:00,MATIC/EUR,0.8484,0.8716,0.7686,0.7795,1378111.9,1137495.6757
1700179200000,2023-11-17 00:00:00,MATIC/EUR,0.7799,0.8054,0.7261,0.7629,1021857.9,782288.58579
1700265600000,2023-11-18 00:00:00,MATIC/EUR,0.7606,0.7646,0.714,0.7644,423318.5,314069.47308
1700352000000,2023-11-19 00:00:00,MATIC/EUR,0.764,0.786,0.7463,0.7821,550118.7,422478.94082
1700438400000,2023-11-20 00:00:00,MATIC/EUR,0.7833,0.7945,0.7378,0.7417,540107.9,414665.02893
1700524800000,2023-11-21 00:00:00,MATIC/EUR,0.7405,0.7494,0.6607,0.6684,847542.2,594686.73113
1700611200000,2023-11-22 00:00:00,MATIC/EUR,0.6673,0.7218,0.6663,0.7098,680553.3,474922.62858
1700697600000,2023-11-23 00:00:00,MATIC/EUR,0.7094,0.7205,0.7021,0.7083,263872.1,187704.46609
1700784000000,2023-11-24 00:00:00,MATIC/EUR,0.7088,0.7285,0.6896,0.6947,390111.7,277488.67392
1700870400000,2023-11-25 00:00:00,MATIC/EUR,0.693,0.7107,0.693,0.7107,182419.7,128289.5594
1700956800000,2023-11-26 00:00:00,MATIC/EUR,0.7108,0.7169,0.6761,0.6957,336697.1,235703.80399
1701043200000,2023-11-27 00:00:00,MATIC/EUR,0.696,0.7016,0.666,0.6784,303953.7,206739.61716
1701129600000,2023-11-28 00:00:00,MATIC/EUR,0.6785,0.6907,0.665,0.6807,290583.7,197306.24182
1701216000000,2023-11-29 00:00:00,MATIC/EUR,0.6811,0.7029,0.6767,0.6909,253835.3,175286.64535
1701302400000,2023-11-30 00:00:00,MATIC/EUR,0.6909,0.7155,0.6857,0.7004,377488.0,265579.06095
1701388800000,2023-12-01 00:00:00,MATIC/EUR,0.7011,0.7359,0.6931,0.7359,343198.2,247332.57793
1701475200000,2023-12-02 00:00:00,MATIC/EUR,0.7357,0.7594,0.733,0.75,425388.7,317100.31356
1701561600000,2023-12-03 00:00:00,MATIC/EUR,0.7504,0.7577,0.7346,0.7478,300923.8,224392.49561
1701648000000,2023-12-04 00:00:00,MATIC/EUR,0.7479,0.7722,0.7179,0.7484,448345.5,335924.07662
1701734400000,2023-12-05 00:00:00,MATIC/EUR,0.7487,0.7605,0.725,0.754,432587.4,321609.59378
1701820800000,2023-12-06 00:00:00,MATIC/EUR,0.7548,0.7856,0.7427,0.7607,537958.4,413378.97917
1701907200000,2023-12-07 00:00:00,MATIC/EUR,0.762,0.7952,0.753,0.7819,700555.2,541243.6812
1701993600000,2023-12-08 00:00:00,MATIC/EUR,0.7817,0.8471,0.755,0.8434,899629.8,725913.3861
1702080000000,2023-12-09 00:00:00,MATIC/EUR,0.8431,0.8798,0.8152,0.8233,655629.9,557477.40936
1702166400000,2023-12-10 00:00:00,MATIC/EUR,0.8236,0.8669,0.8175,0.8583,288821.6,243212.02784
1702252800000,2023-12-11 00:00:00,MATIC/EUR,0.8587,0.8736,0.755,0.7819,684117.7,545273.94092
1702339200000,2023-12-12 00:00:00,MATIC/EUR,0.7831,0.8372,0.7812,0.8198,527585.0,424898.0794
1702425600000,2023-12-13 00:00:00,MATIC/EUR,0.8208,0.8301,0.7678,0.8173,490006.3,392713.46784
1702512000000,2023-12-14 00:00:00,MATIC/EUR,0.8179,0.8265,0.7869,0.805,424711.6,341671.73325
1702598400000,2023-12-15 00:00:00,MATIC/EUR,0.8039,0.804,0.769,0.7697,253061.7,199279.92988
1702684800000,2023-12-16 00:00:00,MATIC/EUR,0.77,0.7944,0.7643,0.7802,202207.5,158125.94678
1702771200000,2023-12-17 00:00:00,MATIC/EUR,0.7814,0.7825,0.7469,0.7502,216272.5,164870.80868
1702857600000,2023-12-18 00:00:00,MATIC/EUR,0.7517,0.758,0.6929,0.7327,430118.1,309280.05565
1702944000000,2023-12-19 00:00:00,MATIC/EUR,0.7301,0.7524,0.685,0.6971,441606.8,316086.9087
1703030400000,2023-12-20 00:00:00,MATIC/EUR,0.6977,0.7289,0.6889,0.7086,423517.2,301194.20211
1703116800000,2023-12-21 00:00:00,MATIC/EUR,0.7094,0.7451,0.7043,0.7423,595021.6,428362.9822
1703203200000,2023-12-22 00:00:00,MATIC/EUR,0.7411,0.7985,0.7397,0.7985,600400.2,461957.7229
1703289600000,2023-12-23 00:00:00,MATIC/EUR,0.7997,0.802,0.7549,0.7842,358234.9,277114.2862
1703376000000,2023-12-24 00:00:00,MATIC/EUR,0.7815,0.8079,0.76,0.7758,577619.4,451168.12881
1703462400000,2023-12-25 00:00:00,MATIC/EUR,0.7771,0.8406,0.766,0.8304,513170.9,416368.88648
1703548800000,2023-12-26 00:00:00,MATIC/EUR,0.8309,0.9341,0.7808,0.9234,1820199.3,1554768.86664
1703635200000,2023-12-27 00:00:00,MATIC/EUR,0.924,0.9893,0.8945,0.9337,1599228.7,1517914.90335
1703721600000,2023-12-28 00:00:00,MATIC/EUR,0.9344,0.9623,0.8921,0.9078,792999.6,734149.57911
1703808000000,2023-12-29 00:00:00,MATIC/EUR,0.9078,0.9229,0.8569,0.8846,507607.3,452061.95827
1703894400000,2023-12-30 00:00:00,MATIC/EUR,0.8845,0.8974,0.856,0.8651,251304.8,220758.71251
1703980800000,2023-12-31 00:00:00,MATIC/EUR,0.8647,0.9177,0.8593,0.8825,370999.9,332954.65478
1704067200000,2024-01-01 00:00:00,MATIC/EUR,0.8823,0.926,0.8698,0.922,397840.5,359332.24603
1704153600000,2024-01-02 00:00:00,MATIC/EUR,0.922,0.9374,0.882,0.8868,636087.3,579284.17569
1704240000000,2024-01-03 00:00:00,MATIC/EUR,0.8866,0.92,0.7,0.7847,1448419.8,1164591.79921
1704326400000,2024-01-04 00:00:00,MATIC/EUR,0.785,0.8174,0.7699,0.8087,664614.9,528202.35961
1704412800000,2024-01-05 00:00:00,MATIC/EUR,0.8094,0.8119,0.7503,0.7815,609930.4,474444.49106
1704499200000,2024-01-06 00:00:00,MATIC/EUR,0.7823,0.7823,0.731,0.7598,303687.0,229406.64097
1704585600000,2024-01-07 00:00:00,MATIC/EUR,0.758,0.7751,0.7282,0.7339,246865.3,186906.21812
1704672000000,2024-01-08 00:00:00,MATIC/EUR,0.7331,0.7713,0.6759,0.77,728844.1,527461.36232
1704758400000,2024-01-09 00:00:00,MATIC/EUR,0.7685,0.7717,0.7167,0.7388,573807.5,422549.16539
1704844800000,2024-01-10 00:00:00,MATIC/EUR,0.7386,0.8328,0.7368,0.82,760040.7,588866.40819
1704931200000,2024-01-11 00:00:00,MATIC/EUR,0.8163,0.8756,0.8049,0.8461,839929.3,705825.45992
1705017600000,2024-01-12 00:00:00,MATIC/EUR,0.8446,0.8629,0.7672,0.7917,515402.7,424461.98143
1705104000000,2024-01-13 00:00:00,MATIC/EUR,0.7908,0.814,0.771,0.8082,305338.3,244126.62449
1705190400000,2024-01-14 00:00:00,MATIC/EUR,0.8081,0.8094,0.7657,0.7667,255730.4,203262.43584
1705276800000,2024-01-15 00:00:00,MATIC/EUR,0.7664,0.7935,0.7643,0.772,294699.2,229721.32357
1705363200000,2024-01-16 00:00:00,MATIC/EUR,0.7733,0.7866,0.7622,0.7777,372705.7,290472.46429
1705449600000,2024-01-17 00:00:00,MATIC/EUR,0.7777,0.7852,0.7378,0.7455,420697.8,319955.87819
1705536000000,2024-01-18 00:00:00,MATIC/EUR,0.745,0.7535,0.7116,0.722,425412.4,313222.48356
1705622400000,2024-01-19 00:00:00,MATIC/EUR,0.7227,0.733,0.6836,0.6997,519785.5,366233.12812
1705708800000,2024-01-20 00:00:00,MATIC/EUR,0.6999,0.7239,0.6903,0.7239,306778.0,217356.27315
1705795200000,2024-01-21 00:00:00,MATIC/EUR,0.7219,0.742,0.7168,0.7188,212890.8,154915.11633
1705881600000,2024-01-22 00:00:00,MATIC/EUR,0.7199,0.7269,0.6724,0.6867,404970.5,282498.47284
1705968000000,2024-01-23 00:00:00,MATIC/EUR,0.6867,0.7008,0.6372,0.6689,592465.8,390661.59432
1706054400000,2024-01-24 00:00:00,MATIC/EUR,0.6687,0.685,0.6598,0.6791,303779.6,203957.28695
1706140800000,2024-01-25 00:00:00,MATIC/EUR,0.6785,0.6786,0.6622,0.676,194227.3,130057.9176
1706227200000,2024-01-26 00:00:00,MATIC/EUR,0.6745,0.7029,0.6709,0.7005,249078.4,171614.65306
1706313600000,2024-01-27 00:00:00,MATIC/EUR,0.7011,0.7279,0.6972,0.7279,128906.1,91724.93518
1706400000000,2024-01-28 00:00:00,MATIC/EUR,0.7278,0.7485,0.7216,0.7287,279670.5,205450.46081
1706486400000,2024-01-29 00:00:00,MATIC/EUR,0.7281,0.7544,0.7164,0.7508,418041.7,307990.04458
1706572800000,2024-01-30 00:00:00,MATIC/EUR,0.7505,0.7581,0.7345,0.7384,246222.0,183648.2889
1706659200000,2024-01-31 00:00:00,MATIC/EUR,0.7405,0.7702,0.7208,0.7283,438400.1,327572.87712
1706745600000,2024-02-01 00:00:00,MATIC/EUR,0.7293,0.7516,0.7089,0.7465,276024.5,201651.55147
1706832000000,2024-02-02 00:00:00,MATIC/EUR,0.7469,0.7557,0.736,0.74,162959.1,121444.02505
1706918400000,2024-02-03 00:00:00,MATIC/EUR,0.7405,0.7448,0.7249,0.7279,90476.2,66371.88228
1707004800000,2024-02-04 00:00:00,MATIC/EUR,0.7272,0.731,0.7149,0.7184,144996.7,104934.86421
1707091200000,2024-02-05 00:00:00,MATIC/EUR,0.7194,0.7397,0.7092,0.7261,313430.1,228302.77793
1707177600000,2024-02-06 00:00:00,MATIC/EUR,0.7259,0.7595,0.7235,0.7488,305710.3,226473.61826
1707264000000,2024-02-07 00:00:00,MATIC/EUR,0.7494,0.778,0.731,0.7736,306469.1,231512.3998
1707350400000,2024-02-08 00:00:00,MATIC/EUR,0.7743,0.7867,0.764,0.7742,255382.9,198503.14842
1707436800000,2024-02-09 00:00:00,MATIC/EUR,0.7755,0.7959,0.7724,0.7915,311084.4,243993.06176
1707523200000,2024-02-10 00:00:00,MATIC/EUR,0.791,0.8048,0.7749,0.7854,281618.2,221766.57041
1707609600000,2024-02-11 00:00:00,MATIC/EUR,0.7859,0.8002,0.7672,0.7719,264067.9,206998.94262
1707696000000,2024-02-12 00:00:00,MATIC/EUR,0.7716,0.8212,0.7599,0.8158,710814.9,565526.04702
1707782400000,2024-02-13 00:00:00,MATIC/EUR,0.8158,0.82,0.7874,0.7989,591744.7,477169.99692
1707868800000,2024-02-14 00:00:00,MATIC/EUR,0.7946,0.8343,0.7887,0.8312,469679.2,385568.84595
1707955200000,2024-02-15 00:00:00,MATIC/EUR,0.8312,0.8448,0.8137,0.8267,394956.7,327807.18445
1708041600000,2024-02-16 00:00:00,MATIC/EUR,0.8267,0.8882,0.8246,0.8834,762276.8,657420.84827
1708128000000,2024-02-17 00:00:00,MATIC/EUR,0.8834,0.8906,0.8396,0.8611,431038.4,372253.63625
1708214400000,2024-02-18 00:00:00,MATIC/EUR,0.8617,0.9284,0.8537,0.9275,438487.8,393181.36674
1708300800000,2024-02-19 00:00:00,MATIC/EUR,0.9273,0.9393,0.9061,0.926,607836.0,560936.98165
1708387200000,2024-02-20 00:00:00,MATIC/EUR,0.9307,0.957,0.872,0.9469,784079.0,718976.84526
1708473600000,2024-02-21 00:00:00,MATIC/EUR,0.9516,0.9585,0.8407,0.88,865626.8,761381.80558
1708560000000,2024-02-22 00:00:00,MATIC/EUR,0.8804,0.9811,0.851,0.9177,1285168.6,1171184.73974
1708646400000,2024-02-23 00:00:00,MATIC/EUR,0.9176,0.93,0.8724,0.9122,774262.6,701466.38399
1708732800000,2024-02-24 00:00:00,MATIC/EUR,0.9124,0.9521,0.901,0.9184,402063.6,373324.91112
1708819200000,2024-02-25 00:00:00,MATIC/EUR,0.916,0.9273,0.8909,0.922,528814.4,478655.61259
1708905600000,2024-02-26 00:00:00,MATIC/EUR,0.9224,0.9874,0.8974,0.9754,1045962.5,995186.29902
1708992000000,2024-02-27 00:00:00,MATIC/EUR,0.9757,0.9926,0.9371,0.9482,513347.0,492653.73368
1709078400000,2024-02-28 00:00:00,MATIC/EUR,0.9473,0.9862,0.8843,0.931,1258286.7,1187291.22209
1709164800000,2024-02-29 00:00:00,MATIC/EUR,0.9302,0.978,0.9028,0.9209,933791.4,886551.37498
1709251200000,2024-03-01 00:00:00,MATIC/EUR,0.922,0.954,0.922,0.9461,418986.6,393844.91983
1709337600000,2024-03-02 00:00:00,MATIC/EUR,0.9461,1.0154,0.9452,1.0105,862105.7,854441.29417
1709424000000,2024-03-03 00:00:00,MATIC/EUR,1.0113,1.032,0.95,1.0051,591378.5,587597.72366
1709510400000,2024-03-04 00:00:00,MATIC/EUR,1.0045,1.0596,0.994,1.0544,878338.7,901979.9047
1709596800000,2024-03-05 00:00:00,MATIC/EUR,1.0492,1.06,0.8379,0.9524,1356256.4,1329832.63291
1709683200000,2024-03-06 00:00:00,MATIC/EUR,0.9535,1.0272,0.9176,1.0269,1026156.3,1005570.2614
1709769600000,2024-03-07 00:00:00,MATIC/EUR,1.0274,1.0765,1.0102,1.0617,875757.5,918011.12483
1709856000000,2024-03-08 00:00:00,MATIC/EUR,1.0634,1.0761,1.0,1.0309,671938.8,698794.90865
1709942400000,2024-03-09 00:00:00,MATIC/EUR,1.0318,1.0598,1.0247,1.0598,395654.4,411584.96624
1710028800000,2024-03-10 00:00:00,MATIC/EUR,1.0598,1.1422,1.0495,1.124,1024161.7,1131997.63014
1710115200000,2024-03-11 00:00:00,MATIC/EUR,1.1243,1.1313,1.0681,1.1248,691874.2,765076.94969
1710201600000,2024-03-12 00:00:00,MATIC/EUR,1.1244,1.1284,1.0285,1.0823,735388.3,792517.40521
1710288000000,2024-03-13 00:00:00,MATIC/EUR,1.0827,1.1779,1.0772,1.1614,773628.2,885759.43339
1710374400000,2024-03-14 00:00:00,MATIC/EUR,1.1632,1.1721,1.0689,1.1238,710976.9,794548.40467
1710460800000,2024-03-15 00:00:00,MATIC/EUR,1.1245,1.131,0.9791,1.0487,830805.9,865238.36342
1710547200000,2024-03-16 00:00:00,MATIC/EUR,1.0503,1.0738,0.9419,0.9609,509262.2,514719.2882
1710633600000,2024-03-17 00:00:00,MATIC/EUR,0.9601,1.0116,0.9255,0.9994,400013.6,391317.25519
1710720000000,2024-03-18 00:00:00,MATIC/EUR,0.9968,1.0011,0.93,0.9502,388072.1,371655.52572
1710806400000,2024-03-19 00:00:00,MATIC/EUR,0.9478,0.9501,0.8349,0.8597,801417.3,704416.67028
1710892800000,2024-03-20 00:00:00,MATIC/EUR,0.8577,0.932,0.839,0.9238,632239.5,561347.52042
1710979200000,2024-03-21 00:00:00,MATIC/EUR,0.922,0.9335,0.8939,0.9175,311963.8,285242.91799
1711065600000,2024-03-22 00:00:00,MATIC/EUR,0.9161,0.9419,0.8805,0.8991,301862.8,273958.56995
1711152000000,2024-03-23 00:00:00,MATIC/EUR,0.9007,0.9293,0.884,0.9067,273567.6,249449.98692
1711238400000,2024-03-24 00:00:00,MATIC/EUR,0.9063,0.9399,0.9037,0.9365,212233.9,196579.09257
1711324800000,2024-03-25 00:00:00,MATIC/EUR,0.9376,0.9795,0.9297,0.9629,347155.8,332342.30104
1711411200000,2024-03-26 00:00:00,MATIC/EUR,0.9624,0.9937,0.9482,0.9666,357589.5,347431.22033
1711497600000,2024-03-27 00:00:00,MATIC/EUR,0.9664,1.0061,0.9252,0.9338,649729.9,624312.02649
1711584000000,2024-03-28 00:00:00,MATIC/EUR,0.9325,0.9529,0.9214,0.9292,508052.0,475347.46565
1711670400000,2024-03-29 00:00:00,MATIC/EUR,0.9293,0.9325,0.9071,0.921,275879.3,254061.19868
1711756800000,2024-03-30 00:00:00,MATIC/EUR,0.9198,0.9311,0.9053,0.9101,300478.5,276477.37216
1711843200000,2024-03-31 00:00:00,MATIC/EUR,0.9096,0.931,0.9083,0.9307,155543.3,143531.43331
1711929600000,2024-04-01 00:00:00,MATIC/EUR,0.9301,0.9341,0.8637,0.8865,384646.4,342552.39115
1712016000000,2024-04-02 00:00:00,MATIC/EUR,0.8858,0.886,0.8239,0.8369,526633.4,445205.64205
1712102400000,2024-04-03 00:00:00,MATIC/EUR,0.8389,0.8588,0.8107,0.8271,346295.2,289410.25716
1712188800000,2024-04-04 00:00:00,MATIC/EUR,0.8271,0.8705,0.8057,0.8358,301189.5,250259.12669
1712275200000,2024-04-05 00:00:00,MATIC/EUR,0.8366,0.8391,0.7949,0.817,273929.9,223272.5975
1712361600000,2024-04-06 00:00:00,MATIC/EUR,0.8161,0.838,0.8147,0.8289,203389.6,168369.48529
1712448000000,2024-04-07 00:00:00,MATIC/EUR,0.8278,0.8534,0.8273,0.8428,245821.2,206790.12533
1712534400000,2024-04-08 00:00:00,MATIC/EUR,0.84,0.8724,0.8227,0.8677,359013.2,307078.46231
1712620800000,2024-04-09 00:00:00,MATIC/EUR,0.8698,0.8748,0.8242,0.8275,357966.9,304651.49078
1712707200000,2024-04-10 00:00:00,MATIC/EUR,0.8267,0.8323,0.7869,0.8218,420297.4,341154.7712
1712793600000,2024-04-11 00:00:00,MATIC/EUR,0.8221,0.8317,0.8041,0.8189,284463.9,232812.986
1712880000000,2024-04-12 00:00:00,MATIC/EUR,0.8191,0.8333,0.6875,0.7235,807671.3,605477.25984
1712966400000,2024-04-13 00:00:00,MATIC/EUR,0.7228,0.7376,0.5668,0.6236,1246989.9,805612.2134
1713052800000,2024-04-14 00:00:00,MATIC/EUR,0.6224,0.6781,0.5991,0.6711,1051998.2,682598.34993
1713139200000,2024-04-15 00:00:00,MATIC/EUR,0.6709,0.7078,0.6452,0.6664,602913.0,410522.66177
1713225600000,2024-04-16 00:00:00,MATIC/EUR,0.6671,0.6894,0.6344,0.6626,528023.4,348837.39702
1713312000000,2024-04-17 00:00:00,MATIC/EUR,0.6615,0.669,0.6173,0.6268,428843.1,275624.00153
1713398400000,2024-04-18 00:00:00,MATIC/EUR,0.6269,0.6495,0.61,0.6361,460277.3,289825.53017
1713484800000,2024-04-19 00:00:00,MATIC/EUR,0.6356,0.6483,0.585,0.6324,643491.4,403241.39755
1713571200000,2024-04-20 00:00:00,MATIC/EUR,0.6316,0.6975,0.6246,0.6953,321862.3,213375.60592
1713657600000,2024-04-21 00:00:00,MATIC/EUR,0.695,0.7012,0.6597,0.6712,310698.6,210644.6957
1713744000000,2024-04-22 00:00:00,MATIC/EUR,0.6711,0.704,0.6657,0.6978,331112.8,229157.51092
1713830400000,2024-04-23 00:00:00,MATIC/EUR,0.6955,0.703,0.677,0.6815,196091.9,134721.31359
1713916800000,2024-04-24 00:00:00,MATIC/EUR,0.6818,0.7142,0.6528,0.6596,457251.0,313824.28087
1714003200000,2024-04-25 00:00:00,MATIC/EUR,0.6598,0.6787,0.6456,0.6723,368350.7,243538.62158
1714089600000,2024-04-26 00:00:00,MATIC/EUR,0.6729,0.6823,0.6543,0.6576,219013.5,145735.50052
1714176000000,2024-04-27 00:00:00,MATIC/EUR,0.6581,0.6886,0.6379,0.6855,313224.2,206822.21658
1714262400000,2024-04-28 00:00:00,MATIC/EUR,0.6866,0.702,0.6719,0.6739,269869.5,186265.48525
1714348800000,2024-04-29 00:00:00,MATIC/EUR,0.6739,0.6849,0.6439,0.6577,388623.7,255836.19233
1714435200000,2024-04-30 00:00:00,MATIC/EUR,0.6568,0.6652,0.6082,0.6256,436458.2,274138.30174
1714521600000,2024-05-01 00:00:00,MATIC/EUR,0.6255,0.6534,0.5933,0.6472,521868.7,324278.20156
1714608000000,2024-05-02 00:00:00,MATIC/EUR,0.6473,0.6776,0.6297,0.6727,345498.7,228131.05205
1714694400000,2024-05-03 00:00:00,MATIC/EUR,0.675,0.6896,0.667,0.681,203030.5,137368.02888
1714780800000,2024-05-04 00:00:00,MATIC/EUR,0.6806,0.6886,0.6734,0.6785,200171.6,136429.60166
1714867200000,2024-05-05 00:00:00,MATIC/EUR,0.6786,0.6886,0.6685,0.6817,173312.3,117771.16534
1714953600000,2024-05-06 00:00:00,MATIC/EUR,0.6819,0.7293,0.66,0.6602,352764.1,243326.35011
1715040000000,2024-05-07 00:00:00,MATIC/EUR,0.6612,0.6685,0.6418,0.6453,212923.6,139917.59874
1715126400000,2024-05-08 00:00:00,MATIC/EUR,0.6453,0.6472,0.6257,0.6332,210279.4,133680.74436
1715212800000,2024-05-09 00:00:00,MATIC/EUR,0.6334,0.6473,0.626,0.6438,219129.3,139622.42561
1715299200000,2024-05-10 00:00:00,MATIC/EUR,0.6439,0.651,0.6172,0.625,229922.4,145169.97611
1715385600000,2024-05-11 00:00:00,MATIC/EUR,0.6244,0.6385,0.6244,0.6282,77865.1,49387.85656
1715472000000,2024-05-12 00:00:00,MATIC/EUR,0.6278,0.636,0.6214,0.6232,112525.2,70694.43012
1715558400000,2024-05-13 00:00:00,MATIC/EUR,0.6235,0.6309,0.6013,0.6149,311259.0,191803.44507
1715644800000,2024-05-14 00:00:00,MATIC/EUR,0.6148,0.6177,0.5996,0.6009,264896.8,161108.28406
1715731200000,2024-05-15 00:00:00,MATIC/EUR,0.6012,0.6326,0.5954,0.6296,230651.2,141667.77974
1715817600000,2024-05-16 00:00:00,MATIC/EUR,0.6299,0.6433,0.6136,0.6386,240296.8,151288.4975
1715904000000,2024-05-17 00:00:00,MATIC/EUR,0.6391,0.6627,0.6354,0.6563,269760.4,175668.11477
1715990400000,2024-05-18 00:00:00,MATIC/EUR,0.6562,0.664,0.651,0.6526,116128.7,76280.16675
1716076800000,2024-05-19 00:00:00,MATIC/EUR,0.6526,0.6554,0.6259,0.6276,187526.5,119554.72491
1716163200000,2024-05-20 00:00:00,MATIC/EUR,0.6295,0.685,0.6204,0.6803,283784.0,184068.37994
1716249600000,2024-05-21 00:00:00,MATIC/EUR,0.6799,0.6941,0.6537,0.668,233208.9,157407.17723
1716336000000,2024-05-22 00:00:00,MATIC/EUR,0.6677,0.6738,0.6488,0.667,188647.9,125442.89416
1716422400000,2024-05-23 00:00:00,MATIC/EUR,0.668,0.6998,0.644,0.6868,469715.5,316398.28833
1716508800000,2024-05-24 00:00:00,MATIC/EUR,0.6862,0.6993,0.6513,0.6675,271224.9,182347.46056
1716595200000,2024-05-25 00:00:00,MATIC/EUR,0.6661,0.6762,0.6648,0.6726,128927.2,86502.50662
1716681600000,2024-05-26 00:00:00,MATIC/EUR,0.6731,0.6758,0.6565,0.6601,63033.8,41900.90021
1716768000000,2024-05-27 00:00:00,MATIC/EUR,0.6597,0.6908,0.6578,0.6842,198075.9,134608.93951
1716854400000,2024-05-28 00:00:00,MATIC/EUR,0.6852,0.6895,0.6635,0.6743,167171.2,112588.81582
1716940800000,2024-05-29 00:00:00,MATIC/EUR,0.6743,0.6884,0.6609,0.6617,496096.6,334186.34473
1717027200000,2024-05-30 00:00:00,MATIC/EUR,0.6614,0.669,0.6342,0.643,264425.0,171904.59196
1717113600000,2024-05-31 00:00:00,MATIC/EUR,0.6424,0.6527,0.631,0.6411,165468.4,106312.69485
1717200000000,2024-06-01 00:00:00,MATIC/EUR,0.6406,0.6482,0.6364,0.6436,87424.6,56242.06272
1717286400000,2024-06-02 00:00:00,MATIC/EUR,0.6441,0.6498,0.6323,0.6353,117844.8,75598.3425
1717372800000,2024-06-03 00:00:00,MATIC/EUR,0.6357,0.6573,0.6291,0.6464,198401.9,128632.20666
1717459200000,2024-06-04 00:00:00,MATIC/EUR,0.6465,0.6602,0.6414,0.6562,187708.8,122380.23172
1717545600000,2024-06-05 00:00:00,MATIC/EUR,0.6567,0.667,0.6508,0.6653,142428.8,93901.27513
1717632000000,2024-06-06 00:00:00,MATIC/EUR,0.6656,0.6807,0.6566,0.6674,261587.2,175148.53402
1717718400000,2024-06-07 00:00:00,MATIC/EUR,0.6674,0.6681,0.5718,0.6185,541743.4,337411.92928
1717804800000,2024-06-08 00:00:00,MATIC/EUR,0.6169,0.6206,0.5947,0.6025,199077.1,120817.33603
1717891200000,2024-06-09 00:00:00,MATIC/EUR,0.6022,0.6097,0.5974,0.608,157227.1,95070.5738
1717977600000,2024-06-10 00:00:00,MATIC/EUR,0.6077,0.62,0.5904,0.6038,373716.0,226691.77306
1718064000000,2024-06-11 00:00:00,MATIC/EUR,0.6036,0.6044,0.5688,0.5756,696384.7,410492.99739

