https://www.Saxcoin-b6.nl,SHIB,Shiba Inu
unix,date,symbol,open,high,low,close,volume,total
1621468800000,2021-05-20 00:00:00,SHIB/EUR,7.54e-06,1.01e-05,6.62e-06,8.02e-06,2833075774685.0,24377587.74776622
1621555200000,2021-05-21 00:00:00,SHIB/EUR,7.95e-06,8.49e-06,5.41e-06,6.78e-06,1963420027816.0,13533771.03697337
1621641600000,2021-05-22 00:00:00,SHIB/EUR,6.76e-06,8.1e-06,5.56e-06,6.97e-06,1318294206746.0,8654015.12539475
1621728000000,2021-05-23 00:00:00,SHIB/EUR,6.93e-06,7.95e-06,5.74e-06,6.66e-06,1298635744784.0,8573656.01274547
1621814400000,2021-05-24 00:00:00,SHIB/EUR,6.69e-06,9.9e-06,6.37e-06,8.75e-06,1862491074854.0,15154379.14960254
1621900800000,2021-05-25 00:00:00,SHIB/EUR,8.75e-06,9.17e-06,7.16e-06,7.68e-06,969340762206.0,7592833.91190265
1621987200000,2021-05-26 00:00:00,SHIB/EUR,7.68e-06,8.6e-06,7.51e-06,7.8e-06,872903411047.0,6945751.7357444
1622073600000,2021-05-27 00:00:00,SHIB/EUR,7.82e-06,7.82e-06,7e-06,7.21e-06,606589903512.0,4454773.8806932
1622160000000,2021-05-28 00:00:00,SHIB/EUR,7.22e-06,7.26e-06,6.17e-06,6.52e-06,683939185387.0,4507485.0501349
1622246400000,2021-05-29 00:00:00,SHIB/EUR,6.5e-06,6.76e-06,6.01e-06,6.52e-06,475850547427.0,3026373.38078611
1622332800000,2021-05-30 00:00:00,SHIB/EUR,6.53e-06,6.7e-06,6.2e-06,6.47e-06,379475935656.0,2457854.7062002
1622419200000,2021-05-31 00:00:00,SHIB/EUR,6.45e-06,8.17e-06,6.32e-06,7.59e-06,1034027149607.0,7381147.4157878
1622505600000,2021-06-01 00:00:00,SHIB/EUR,7.57e-06,7.73e-06,6.8e-06,7.24e-06,776369045439.0,5576515.97451717
1622592000000,2021-06-02 00:00:00,SHIB/EUR,7.24e-06,8.64e-06,7.02e-06,7.74e-06,1056905204497.0,8224178.77271608
1622678400000,2021-06-03 00:00:00,SHIB/EUR,7.74e-06,8.53e-06,7.62e-06,8.1e-06,830945179128.0,6726849.37365898
1622764800000,2021-06-04 00:00:00,SHIB/EUR,8.1e-06,8.13e-06,6.85e-06,7.26e-06,877032121328.0,6369639.87621351
1622851200000,2021-06-05 00:00:00,SHIB/EUR,7.25e-06,7.53e-06,6.69e-06,6.97e-06,526243986880.0,3750607.973456
1622937600000,2021-06-06 00:00:00,SHIB/EUR,6.95e-06,7.13e-06,6.88e-06,7.04e-06,290184033893.0,2024675.2714926
1623024000000,2021-06-07 00:00:00,SHIB/EUR,7.04e-06,7.17e-06,6.14e-06,6.37e-06,513416671873.0,3456673.46499901
1623110400000,2021-06-08 00:00:00,SHIB/EUR,6.36e-06,6.48e-06,5.17e-06,5.9e-06,1191636950314.0,7017667.60336518
1623196800000,2021-06-09 00:00:00,SHIB/EUR,5.89e-06,6.25e-06,5.63e-06,6.08e-06,627028070754.0,3733350.30636556
1623283200000,2021-06-10 00:00:00,SHIB/EUR,6.07e-06,6.1e-06,5.58e-06,5.63e-06,462370575779.0,2680046.00712891
1623369600000,2021-06-11 00:00:00,SHIB/EUR,5.63e-06,5.67e-06,4.97e-06,5.14e-06,569871343786.0,3084245.83025599
1623456000000,2021-06-12 00:00:00,SHIB/EUR,5.14e-06,5.42e-06,4.57e-06,5.2e-06,1157877348013.0,5765106.82375462
1623542400000,2021-06-13 00:00:00,SHIB/EUR,5.2e-06,5.9e-06,5.02e-06,5.66e-06,1052590779067.0,5683590.34381506
1623628800000,2021-06-14 00:00:00,SHIB/EUR,5.66e-06,5.95e-06,5.5e-06,5.86e-06,905547505855.0,5179179.91122396
1623715200000,2021-06-15 00:00:00,SHIB/EUR,5.86e-06,8.15e-06,5.73e-06,7.46e-06,2375322174565.0,16941538.33507481
1623801600000,2021-06-16 00:00:00,SHIB/EUR,7.46e-06,7.7e-06,6.79e-06,6.94e-06,3161417602978.0,22838847.40838831
1623888000000,2021-06-17 00:00:00,SHIB/EUR,6.94e-06,7.08e-06,6.46e-06,6.69e-06,1950826770564.0,13229579.16224334
1623974400000,2021-06-18 00:00:00,SHIB/EUR,6.68e-06,6.7e-06,5.9e-06,6.14e-06,1132858634206.0,7094401.02260775
1624060800000,2021-06-19 00:00:00,SHIB/EUR,6.13e-06,7.16e-06,6.08e-06,6.44e-06,1865867546941.0,12314132.20908226
1624147200000,2021-06-20 00:00:00,SHIB/EUR,6.44e-06,6.82e-06,6.01e-06,6.57e-06,1295360273503.0,8381582.09762551
1624233600000,2021-06-21 00:00:00,SHIB/EUR,6.56e-06,6.6e-06,5.11e-06,5.2e-06,1511835011221.0,8878471.06760863
1624320000000,2021-06-22 00:00:00,SHIB/EUR,5.2e-06,5.88e-06,4.68e-06,5.31e-06,1774927453014.0,9406993.55996805
1624406400000,2021-06-23 00:00:00,SHIB/EUR,5.3e-06,5.97e-06,5.12e-06,5.73e-06,887931738745.0,5043336.43639842
1624492800000,2021-06-24 00:00:00,SHIB/EUR,5.73e-06,6.24e-06,5.51e-06,6.04e-06,872147685143.0,5143723.80022435
1624579200000,2021-06-25 00:00:00,SHIB/EUR,6.05e-06,7.25e-06,5.63e-06,5.94e-06,1511599530805.0,9309307.14557173
1624665600000,2021-06-26 00:00:00,SHIB/EUR,5.94e-06,6.39e-06,5.81e-06,6.29e-06,1017666488494.0,6202927.97478227
1624752000000,2021-06-27 00:00:00,SHIB/EUR,6.28e-06,6.6e-06,6.11e-06,6.57e-06,533820180909.0,3347021.97126874
1624838400000,2021-06-28 00:00:00,SHIB/EUR,6.59e-06,6.88e-06,6.36e-06,6.78e-06,1284195742608.0,8562767.25002615
1624924800000,2021-06-29 00:00:00,SHIB/EUR,6.78e-06,8.09e-06,6.74e-06,7.46e-06,2250597976333.0,17047517.53209585
1625011200000,2021-06-30 00:00:00,SHIB/EUR,7.45e-06,7.74e-06,6.76e-06,7.45e-06,1400765634015.0,10164032.38753482
1625097600000,2021-07-01 00:00:00,SHIB/EUR,7.45e-06,7.45e-06,6.88e-06,7.04e-06,733411231561.0,5185805.60364806
1625184000000,2021-07-02 00:00:00,SHIB/EUR,7.04e-06,7.13e-06,6.81e-06,7.05e-06,819367352266.0,5697597.2644922
1625270400000,2021-07-03 00:00:00,SHIB/EUR,7.04e-06,7.42e-06,6.89e-06,7.29e-06,1005083550792.0,7270923.01406286
1625356800000,2021-07-04 00:00:00,SHIB/EUR,7.29e-06,7.55e-06,7.11e-06,7.36e-06,731200906692.0,5381637.05282736
1625443200000,2021-07-05 00:00:00,SHIB/EUR,7.34e-06,7.34e-06,6.89e-06,7.03e-06,654438104311.0,4659747.0144991
1625529600000,2021-07-06 00:00:00,SHIB/EUR,7.01e-06,7.87e-06,7.01e-06,7.39e-06,1853321958750.0,13675834.50889908
1625616000000,2021-07-07 00:00:00,SHIB/EUR,7.39e-06,7.57e-06,7.24e-06,7.26e-06,345552281066.0,2547238.23094245
1625702400000,2021-07-08 00:00:00,SHIB/EUR,7.26e-06,7.28e-06,6.6e-06,6.77e-06,579011507203.0,3958539.60529701
1625788800000,2021-07-09 00:00:00,SHIB/EUR,6.78e-06,6.84e-06,6.51e-06,6.67e-06,379474231342.0,2546462.810984
1625875200000,2021-07-10 00:00:00,SHIB/EUR,6.68e-06,6.82e-06,6.34e-06,6.47e-06,873056219321.0,5764452.1079386
1625961600000,2021-07-11 00:00:00,SHIB/EUR,6.47e-06,6.72e-06,6.39e-06,6.62e-06,910169353949.0,5938262.99909646
1626048000000,2021-07-12 00:00:00,SHIB/EUR,6.62e-06,6.73e-06,6.17e-06,6.4e-06,2369808333577.0,15236296.41601463
1626134400000,2021-07-13 00:00:00,SHIB/EUR,6.39e-06,6.41e-06,6e-06,6.08e-06,875539043133.0,5451873.0631328
1626220800000,2021-07-14 00:00:00,SHIB/EUR,6.09e-06,6.48e-06,5.75e-06,6.21e-06,724148913296.0,4361417.20219086
1626307200000,2021-07-15 00:00:00,SHIB/EUR,6.22e-06,6.32e-06,5.83e-06,5.93e-06,451482756593.0,2723971.42295769
1626393600000,2021-07-16 00:00:00,SHIB/EUR,5.93e-06,6e-06,5.58e-06,5.65e-06,288215435207.0,1659409.12491697
1626480000000,2021-07-17 00:00:00,SHIB/EUR,5.64e-06,6.03e-06,5.6e-06,5.82e-06,365514181013.0,2115562.36892737
1626566400000,2021-07-18 00:00:00,SHIB/EUR,5.83e-06,6e-06,5.66e-06,5.7e-06,500133994735.0,2898214.81741421
1626652800000,2021-07-19 00:00:00,SHIB/EUR,5.69e-06,5.71e-06,5.19e-06,5.3e-06,472715018144.0,2554931.72283334
1626739200000,2021-07-20 00:00:00,SHIB/EUR,5.31e-06,5.34e-06,4.9e-06,5.07e-06,490118680217.0,2486059.81343258
1626825600000,2021-07-21 00:00:00,SHIB/EUR,5.07e-06,5.99e-06,4.98e-06,5.61e-06,569216384740.0,3110217.7377201
1626912000000,2021-07-22 00:00:00,SHIB/EUR,5.61e-06,5.71e-06,5.45e-06,5.54e-06,348894311172.0,1938940.95847791
1626998400000,2021-07-23 00:00:00,SHIB/EUR,5.56e-06,5.75e-06,5.26e-06,5.56e-06,228838375278.0,1259144.28660434
1627084800000,2021-07-24 00:00:00,SHIB/EUR,5.54e-06,5.72e-06,5.41e-06,5.52e-06,195634211589.0,1088807.70613093
1627171200000,2021-07-25 00:00:00,SHIB/EUR,5.52e-06,5.6e-06,5.29e-06,5.44e-06,132940724537.0,721737.70041506
1627257600000,2021-07-26 00:00:00,SHIB/EUR,5.45e-06,5.89e-06,5.32e-06,5.37e-06,526709431313.0,2971090.46376435
1627344000000,2021-07-27 00:00:00,SHIB/EUR,5.37e-06,5.51e-06,5.15e-06,5.4e-06,186622790037.0,995979.63395543
1627430400000,2021-07-28 00:00:00,SHIB/EUR,5.39e-06,5.41e-06,5.23e-06,5.28e-06,188718807917.0,1004542.69277298
1627516800000,2021-07-29 00:00:00,SHIB/EUR,5.28e-06,5.52e-06,5.2e-06,5.36e-06,250080514411.0,1340365.80131356
1627603200000,2021-07-30 00:00:00,SHIB/EUR,5.36e-06,5.44e-06,5.18e-06,5.29e-06,126523211551.0,669716.57223492
1627689600000,2021-07-31 00:00:00,SHIB/EUR,5.31e-06,5.35e-06,5.23e-06,5.31e-06,140066563711.0,742370.58403448
1627776000000,2021-08-01 00:00:00,SHIB/EUR,5.31e-06,5.7e-06,5.29e-06,5.38e-06,284438936112.0,1555483.34720309
1627862400000,2021-08-02 00:00:00,SHIB/EUR,5.38e-06,5.48e-06,5.3e-06,5.41e-06,178239346638.0,957337.71467552
1627948800000,2021-08-03 00:00:00,SHIB/EUR,5.41e-06,5.45e-06,5.23e-06,5.25e-06,141450489338.0,749824.25241164
1628035200000,2021-08-04 00:00:00,SHIB/EUR,5.26e-06,5.39e-06,5.21e-06,5.33e-06,143577761585.0,764785.04423913
1628121600000,2021-08-05 00:00:00,SHIB/EUR,5.32e-06,5.34e-06,5.23e-06,5.3e-06,171525272852.0,905288.33871501
1628208000000,2021-08-06 00:00:00,SHIB/EUR,5.31e-06,5.52e-06,5.24e-06,5.4e-06,184091529520.0,988432.093666
1628294400000,2021-08-07 00:00:00,SHIB/EUR,5.41e-06,6.8e-06,5.39e-06,6.72e-06,927819436509.0,5605812.9847903
1628380800000,2021-08-08 00:00:00,SHIB/EUR,6.73e-06,7.64e-06,6.22e-06,6.3e-06,1608885834099.0,11106166.03657472
1628467200000,2021-08-09 00:00:00,SHIB/EUR,6.31e-06,6.8e-06,6.12e-06,6.59e-06,590735015365.0,3859411.15465374
1628553600000,2021-08-10 00:00:00,SHIB/EUR,6.58e-06,6.87e-06,6.33e-06,6.54e-06,476190579289.0,3136636.46816576
1628640000000,2021-08-11 00:00:00,SHIB/EUR,6.54e-06,7.19e-06,6.51e-06,6.77e-06,855091666588.0,5891617.10230149
1628726400000,2021-08-12 00:00:00,SHIB/EUR,6.75e-06,7.12e-06,6.43e-06,6.62e-06,623849594130.0,4216333.83940048
1628812800000,2021-08-13 00:00:00,SHIB/EUR,6.62e-06,7.01e-06,6.59e-06,6.96e-06,436206301522.0,2988980.73538764
1628899200000,2021-08-14 00:00:00,SHIB/EUR,6.96e-06,7.35e-06,6.74e-06,6.97e-06,777513659456.0,5427787.04441883
1628985600000,2021-08-15 00:00:00,SHIB/EUR,6.98e-06,7.5e-06,6.75e-06,7.32e-06,929121118190.0,6543086.52450843
1629072000000,2021-08-16 00:00:00,SHIB/EUR,7.33e-06,8.15e-06,7.15e-06,7.78e-06,1837168563122.0,14175768.65992111
1629158400000,2021-08-17 00:00:00,SHIB/EUR,7.79e-06,8.08e-06,6.93e-06,6.98e-06,1036237417123.0,7853123.98144473
1629244800000,2021-08-18 00:00:00,SHIB/EUR,6.97e-06,7.21e-06,6.73e-06,6.93e-06,656911554981.0,4589910.5690127
1629331200000,2021-08-19 00:00:00,SHIB/EUR,6.95e-06,7.16e-06,6.8e-06,7.16e-06,439541963955.0,3064930.21296767
1629417600000,2021-08-20 00:00:00,SHIB/EUR,7.17e-06,7.36e-06,7.05e-06,7.24e-06,437763843943.0,3151229.21565064
1629504000000,2021-08-21 00:00:00,SHIB/EUR,7.26e-06,7.31e-06,6.97e-06,7.01e-06,373995338230.0,2668638.2248588
1629590400000,2021-08-22 00:00:00,SHIB/EUR,7e-06,7.25e-06,6.96e-06,7.07e-06,289145218711.0,2046953.01844681
1629676800000,2021-08-23 00:00:00,SHIB/EUR,7.07e-06,7.2e-06,6.99e-06,7.04e-06,282963592833.0,2002203.10350612
1629763200000,2021-08-24 00:00:00,SHIB/EUR,7.04e-06,7.06e-06,6.3e-06,6.46e-06,461164709221.0,3073851.05190898
1629849600000,2021-08-25 00:00:00,SHIB/EUR,6.45e-06,6.66e-06,6.19e-06,6.48e-06,348112384387.0,2242821.98269242
1629936000000,2021-08-26 00:00:00,SHIB/EUR,6.49e-06,6.57e-06,5.9e-06,6.02e-06,241354004458.0,1487938.09323285
1630022400000,2021-08-27 00:00:00,SHIB/EUR,6.02e-06,6.49e-06,5.9e-06,6.39e-06,292256156930.0,1819467.12767692
1630108800000,2021-08-28 00:00:00,SHIB/EUR,6.37e-06,6.4e-06,6.14e-06,6.16e-06,188584353619.0,1174045.02119033
1630195200000,2021-08-29 00:00:00,SHIB/EUR,6.18e-06,6.32e-06,6.01e-06,6.1e-06,169378632576.0,1038026.50649974
1630281600000,2021-08-30 00:00:00,SHIB/EUR,6.1e-06,6.12e-06,5.58e-06,5.74e-06,244842569385.0,1461853.38810362
1630368000000,2021-08-31 00:00:00,SHIB/EUR,5.74e-06,6.05e-06,5.7e-06,5.86e-06,299309804493.0,1751112.79382248
1630454400000,2021-09-01 00:00:00,SHIB/EUR,5.86e-06,6.14e-06,5.71e-06,6.12e-06,301010579322.0,1786375.10909402
1630540800000,2021-09-02 00:00:00,SHIB/EUR,6.12e-06,6.25e-06,5.93e-06,5.99e-06,254283488663.0,1542658.36678388
1630627200000,2021-09-03 00:00:00,SHIB/EUR,6e-06,6.13e-06,5.84e-06,6e-06,258312617708.0,1549872.25655574
1630713600000,2021-09-04 00:00:00,SHIB/EUR,5.98e-06,6.51e-06,5.97e-06,6.33e-06,360499910596.0,2245061.10024103
1630800000000,2021-09-05 00:00:00,SHIB/EUR,6.33e-06,6.43e-06,6.16e-06,6.36e-06,237555029748.0,1491426.37826513
1630886400000,2021-09-06 00:00:00,SHIB/EUR,6.36e-06,6.46e-06,5.95e-06,6.14e-06,289580090950.0,1802701.46717707
1630972800000,2021-09-07 00:00:00,SHIB/EUR,6.14e-06,6.15e-06,4.4e-06,5.21e-06,702110672542.0,3756873.97594576
1631059200000,2021-09-08 00:00:00,SHIB/EUR,5.23e-06,7.03e-06,4.63e-06,5.72e-06,1018070931693.0,6029531.07962736
1631145600000,2021-09-09 00:00:00,SHIB/EUR,5.71e-06,6.65e-06,5.58e-06,6.25e-06,745721735678.0,4566204.23432072
1631232000000,2021-09-10 00:00:00,SHIB/EUR,6.25e-06,6.4e-06,5.57e-06,5.97e-06,379901658794.0,2273243.48166386
1631318400000,2021-09-11 00:00:00,SHIB/EUR,5.97e-06,6.04e-06,5.76e-06,5.8e-06,215757712017.0,1266340.8308738
1631404800000,2021-09-12 00:00:00,SHIB/EUR,5.79e-06,5.96e-06,5.67e-06,5.88e-06,257663019339.0,1501180.84945753
1631491200000,2021-09-13 00:00:00,SHIB/EUR,5.88e-06,5.95e-06,5.3e-06,5.54e-06,267928900274.0,1496586.68508928
1631577600000,2021-09-14 00:00:00,SHIB/EUR,5.54e-06,5.72e-06,5.48e-06,5.67e-06,178051944125.0,997388.5488547
1631664000000,2021-09-15 00:00:00,SHIB/EUR,5.68e-06,5.88e-06,5.62e-06,5.75e-06,198069983036.0,1139030.60941315
1631750400000,2021-09-16 00:00:00,SHIB/EUR,5.78e-06,7.58e-06,5.55e-06,7.27e-06,1513796069662.0,10106581.66289417
1631836800000,2021-09-17 00:00:00,SHIB/EUR,7.27e-06,8.09e-06,6.9e-06,7.21e-06,1784349437388.0,13324032.23118502
1631923200000,2021-09-18 00:00:00,SHIB/EUR,7.2e-06,7.36e-06,6.49e-06,6.69e-06,506583131283.0,3478922.72433474
1632009600000,2021-09-19 00:00:00,SHIB/EUR,6.69e-06,7.18e-06,6.28e-06,6.91e-06,608602716685.0,4138284.06156066
1632096000000,2021-09-20 00:00:00,SHIB/EUR,6.92e-06,6.95e-06,5.83e-06,6.03e-06,650630098735.0,4067769.18974744
1632182400000,2021-09-21 00:00:00,SHIB/EUR,6.03e-06,6.3e-06,5.65e-06,5.9e-06,357699541990.0,2145817.8118256
1632268800000,2021-09-22 00:00:00,SHIB/EUR,5.91e-06,6.31e-06,5.9e-06,6.23e-06,268527594463.0,1641215.40754125
1632355200000,2021-09-23 00:00:00,SHIB/EUR,6.23e-06,6.66e-06,6.13e-06,6.56e-06,421785081771.0,2721160.08446351
1632441600000,2021-09-24 00:00:00,SHIB/EUR,6.56e-06,6.75e-06,5.78e-06,6.33e-06,530205940995.0,3309694.23844438
1632528000000,2021-09-25 00:00:00,SHIB/EUR,6.34e-06,6.53e-06,6.11e-06,6.3e-06,219393499621.0,1383099.05356754
1632614400000,2021-09-26 00:00:00,SHIB/EUR,6.27e-06,6.29e-06,5.87e-06,6.09e-06,260927072160.0,1584393.58677023
1632700800000,2021-09-27 00:00:00,SHIB/EUR,6.1e-06,6.22e-06,5.92e-06,5.98e-06,168991999964.0,1031241.85890305
1632787200000,2021-09-28 00:00:00,SHIB/EUR,5.99e-06,6.19e-06,5.87e-06,6.03e-06,231985616675.0,1393353.0216581
1632873600000,2021-09-29 00:00:00,SHIB/EUR,6.01e-06,6.17e-06,5.97e-06,6.06e-06,223506448378.0,1360251.87982606
1632960000000,2021-09-30 00:00:00,SHIB/EUR,6.06e-06,6.43e-06,6.04e-06,6.24e-06,278421785018.0,1725439.93525556
1633046400000,2021-10-01 00:00:00,SHIB/EUR,6.24e-06,6.71e-06,6.2e-06,6.64e-06,328429175775.0,2115783.24380975
1633132800000,2021-10-02 00:00:00,SHIB/EUR,6.64e-06,7.09e-06,6.41e-06,6.76e-06,302427897086.0,2032062.95233643
1633219200000,2021-10-03 00:00:00,SHIB/EUR,6.78e-06,7.78e-06,6.59e-06,7.34e-06,669699536819.0,4842939.63858429
1633305600000,2021-10-04 00:00:00,SHIB/EUR,7.33e-06,1.299e-05,7.05e-06,1.16e-05,5297167647933.0,54393014.57822821
1633392000000,2021-10-05 00:00:00,SHIB/EUR,1.161e-05,1.736e-05,1.038e-05,1.486e-05,7094161585636.0,99930128.89184631
1633478400000,2021-10-06 00:00:00,SHIB/EUR,1.484e-05,2.48e-05,1.426e-05,2.395e-05,8575102529364.0,171117027.09371883
1633564800000,2021-10-07 00:00:00,SHIB/EUR,2.392e-05,3.003e-05,1.761e-05,1.963e-05,12395882083633.0,301005178.44470286
1633651200000,2021-10-08 00:00:00,SHIB/EUR,1.965e-05,2.544e-05,1.767e-05,2.341e-05,8188214255401.0,180041994.79049957
1633737600000,2021-10-09 00:00:00,SHIB/EUR,2.343e-05,2.592e-05,2.094e-05,2.293e-05,4625167828524.0,108511904.58948012
1633824000000,2021-10-10 00:00:00,SHIB/EUR,2.296e-05,2.394e-05,2.158e-05,2.264e-05,2307581794810.0,52541955.19868235
1633910400000,2021-10-11 00:00:00,SHIB/EUR,2.263e-05,2.773e-05,2.234e-05,2.657e-05,4554289920705.0,116245544.44343646
1633996800000,2021-10-12 00:00:00,SHIB/EUR,2.657e-05,2.74e-05,2.371e-05,2.524e-05,3246351103424.0,82813260.7368229
1634083200000,2021-10-13 00:00:00,SHIB/EUR,2.524e-05,2.667e-05,2.403e-05,2.507e-05,2290011999867.0,57422790.0888736
1634169600000,2021-10-14 00:00:00,SHIB/EUR,2.507e-05,2.569e-05,2.21e-05,2.363e-05,1422393812927.0,34455725.71310267
1634256000000,2021-10-15 00:00:00,SHIB/EUR,2.361e-05,2.37e-05,2e-05,2.172e-05,2754523017893.0,60171554.92332942
1634342400000,2021-10-16 00:00:00,SHIB/EUR,2.174e-05,2.294e-05,2.126e-05,2.211e-05,967019352764.0,21387908.26147773
1634428800000,2021-10-17 00:00:00,SHIB/EUR,2.211e-05,2.501e-05,2.04e-05,2.389e-05,1281672273784.0,29040402.15752917
1634515200000,2021-10-18 00:00:00,SHIB/EUR,2.392e-05,2.552e-05,2.275e-05,2.474e-05,2285911201576.0,55579298.26963069
1634601600000,2021-10-19 00:00:00,SHIB/EUR,2.473e-05,2.517e-05,2.365e-05,2.409e-05,864013634351.0,20948135.2451399
1634688000000,2021-10-20 00:00:00,SHIB/EUR,2.409e-05,2.52e-05,2.334e-05,2.495e-05,997389552270.0,24032021.50101632
1634774400000,2021-10-21 00:00:00,SHIB/EUR,2.494e-05,2.494e-05,2.315e-05,2.365e-05,986224490577.0,23755785.64781253
1634860800000,2021-10-22 00:00:00,SHIB/EUR,2.363e-05,2.45e-05,2.325e-05,2.406e-05,736429523728.0,17580091.8410058
1634947200000,2021-10-23 00:00:00,SHIB/EUR,2.407e-05,2.99e-05,2.382e-05,2.919e-05,2762744445676.0,76178190.57578564
1635033600000,2021-10-24 00:00:00,SHIB/EUR,2.917e-05,3.851e-05,2.836e-05,3.106e-05,6858072603169.0,232365460.54785523
1635120000000,2021-10-25 00:00:00,SHIB/EUR,3.104e-05,3.764e-05,3.016e-05,3.65e-05,3261870897504.0,112905824.72757836
1635206400000,2021-10-26 00:00:00,SHIB/EUR,3.648e-05,4.276e-05,3.483e-05,4.149e-05,4654513738794.0,185711878.60484537
1635292800000,2021-10-27 00:00:00,SHIB/EUR,4.153e-05,7.672e-05,4e-05,6.841e-05,9188687687285.0,517139821.8832434
1635379200000,2021-10-28 00:00:00,SHIB/EUR,6.853e-05,7.666e-05,4.8e-05,5.912e-05,6652005062781.0,411377347.4858457
1635465600000,2021-10-29 00:00:00,SHIB/EUR,5.908e-05,6.7e-05,5.217e-05,6.47e-05,2839194973184.0,173939572.66365397
1635552000000,2021-10-30 00:00:00,SHIB/EUR,6.474e-05,6.738e-05,5.333e-05,5.665e-05,1737476324028.0,106444893.15996028
1635638400000,2021-10-31 00:00:00,SHIB/EUR,5.661e-05,6.054e-05,5.039e-05,5.825e-05,1748955868182.0,98774568.49275091
1635724800000,2021-11-01 00:00:00,SHIB/EUR,5.821e-05,6.5e-05,5.708e-05,6.198e-05,1388385287680.0,86154657.29590192
1635811200000,2021-11-02 00:00:00,SHIB/EUR,6.195e-05,6.304e-05,5.74e-05,5.979e-05,994874993371.0,59864004.35129357
1635897600000,2021-11-03 00:00:00,SHIB/EUR,5.981e-05,5.981e-05,4.5e-05,4.784e-05,1951021749619.0,103791242.89374496
1635984000000,2021-11-04 00:00:00,SHIB/EUR,4.784e-05,5.3e-05,3.725e-05,4.281e-05,3981898994026.0,178062999.82680237
1636070400000,2021-11-05 00:00:00,SHIB/EUR,4.278e-05,5.7e-05,3.94e-05,5.447e-05,3368814873115.0,161353143.981108
1636156800000,2021-11-06 00:00:00,SHIB/EUR,5.446e-05,5.497e-05,4.785e-05,5.099e-05,1723485537388.0,87954077.05432022
1636243200000,2021-11-07 00:00:00,SHIB/EUR,5.093e-05,5.184e-05,4.855e-05,4.954e-05,800492049382.0,40068924.65570957
1636329600000,2021-11-08 00:00:00,SHIB/EUR,4.949e-05,5.117e-05,4.58e-05,4.766e-05,1354195533555.0,65199303.26522663
1636416000000,2021-11-09 00:00:00,SHIB/EUR,4.764e-05,5.044e-05,4.609e-05,4.748e-05,813999040275.0,39307880.27683147
1636502400000,2021-11-10 00:00:00,SHIB/EUR,4.747e-05,4.779e-05,4.014e-05,4.394e-05,1166010287320.0,51642426.52475538
1636588800000,2021-11-11 00:00:00,SHIB/EUR,4.391e-05,5.08e-05,4.221e-05,4.967e-05,1551019467010.0,73332382.16223294
1636675200000,2021-11-12 00:00:00,SHIB/EUR,4.967e-05,5.002e-05,4.499e-05,4.593e-05,639059940203.0,29717889.66714025
1636761600000,2021-11-13 00:00:00,SHIB/EUR,4.593e-05,4.633e-05,4.428e-05,4.54e-05,368915554560.0,16743058.85653423
1636848000000,2021-11-14 00:00:00,SHIB/EUR,4.542e-05,4.949e-05,4.531e-05,4.669e-05,516302325875.0,24173929.50458798
1636934400000,2021-11-15 00:00:00,SHIB/EUR,4.674e-05,4.908e-05,4.579e-05,4.707e-05,601579777843.0,28510332.25907854
1637020800000,2021-11-16 00:00:00,SHIB/EUR,4.711e-05,4.716e-05,3.965e-05,4.284e-05,967980780153.0,42440601.39072169
1637107200000,2021-11-17 00:00:00,SHIB/EUR,4.281e-05,4.42e-05,4.131e-05,4.262e-05,498187339006.0,21337473.82904995
1637193600000,2021-11-18 00:00:00,SHIB/EUR,4.268e-05,4.341e-05,3.574e-05,3.742e-05,1139958620913.0,44384088.7249625
1637280000000,2021-11-19 00:00:00,SHIB/EUR,3.746e-05,4.622e-05,3.681e-05,4.307e-05,1070995405038.0,44648869.45054043
1637366400000,2021-11-20 00:00:00,SHIB/EUR,4.305e-05,4.439e-05,4.056e-05,4.24e-05,535112298527.0,22685144.49494148
1637452800000,2021-11-21 00:00:00,SHIB/EUR,4.238e-05,4.244e-05,3.868e-05,3.922e-05,381813817541.0,15430863.52791392
1637539200000,2021-11-22 00:00:00,SHIB/EUR,3.92e-05,4.108e-05,3.809e-05,3.85e-05,421161993626.0,16588687.61358201
1637625600000,2021-11-23 00:00:00,SHIB/EUR,3.851e-05,3.966e-05,3.644e-05,3.728e-05,389239552207.0,14648519.1395024
1637712000000,2021-11-24 00:00:00,SHIB/EUR,3.727e-05,3.809e-05,3.218e-05,3.384e-05,1074097147133.0,37099825.31684936
1637798400000,2021-11-25 00:00:00,SHIB/EUR,3.384e-05,4.286e-05,3.367e-05,3.806e-05,1573214124481.0,59394506.81530956
1637884800000,2021-11-26 00:00:00,SHIB/EUR,3.809e-05,3.824e-05,3.162e-05,3.43e-05,1106079007333.0,38318979.49650481
1637971200000,2021-11-27 00:00:00,SHIB/EUR,3.428e-05,3.699e-05,3.388e-05,3.484e-05,529290283876.0,18597168.55294587
1638057600000,2021-11-28 00:00:00,SHIB/EUR,3.482e-05,3.509e-05,3.211e-05,3.471e-05,520131352846.0,17477352.43445395
1638144000000,2021-11-29 00:00:00,SHIB/EUR,3.474e-05,4.061e-05,3.4e-05,4.009e-05,885822775202.0,32782810.57165971
1638230400000,2021-11-30 00:00:00,SHIB/EUR,4.006e-05,4.789e-05,3.844e-05,4.188e-05,2071229959101.0,89834365.20788318
1638316800000,2021-12-01 00:00:00,SHIB/EUR,4.188e-05,4.305e-05,3.852e-05,3.9e-05,759974071983.0,30746971.02125461
1638403200000,2021-12-02 00:00:00,SHIB/EUR,3.904e-05,3.907e-05,3.627e-05,3.741e-05,473035415255.0,17824037.91410188
1638489600000,2021-12-03 00:00:00,SHIB/EUR,3.74e-05,3.977e-05,3.459e-05,3.589e-05,610152686718.0,22670675.27203916
1638576000000,2021-12-04 00:00:00,SHIB/EUR,3.583e-05,3.588e-05,2.687e-05,3.257e-05,799188802027.0,25815498.24411475
1638662400000,2021-12-05 00:00:00,SHIB/EUR,3.256e-05,3.4e-05,3.042e-05,3.2e-05,674274852642.0,21697848.59311627
1638748800000,2021-12-06 00:00:00,SHIB/EUR,3.21e-05,3.337e-05,2.902e-05,3.267e-05,637616338764.0,19747624.24071087
1638835200000,2021-12-07 00:00:00,SHIB/EUR,3.263e-05,3.443e-05,3.16e-05,3.219e-05,516467152290.0,17194699.20502285
1638921600000,2021-12-08 00:00:00,SHIB/EUR,3.222e-05,3.328e-05,3.152e-05,3.263e-05,233554480449.0,7604188.58531636
1639008000000,2021-12-09 00:00:00,SHIB/EUR,3.264e-05,3.289e-05,3.024e-05,3.074e-05,239527558575.0,7613517.09829985
1639094400000,2021-12-10 00:00:00,SHIB/EUR,3.071e-05,3.212e-05,2.956e-05,2.964e-05,231704775043.0,7150152.36680824
1639180800000,2021-12-11 00:00:00,SHIB/EUR,2.964e-05,3.103e-05,2.934e-05,3.051e-05,208632165508.0,6288828.94646142
1639267200000,2021-12-12 00:00:00,SHIB/EUR,3.054e-05,3.352e-05,2.997e-05,3.24e-05,370463126713.0,11847564.10597888
1639353600000,2021-12-13 00:00:00,SHIB/EUR,3.24e-05,3.26e-05,2.804e-05,2.923e-05,440989836755.0,13281116.63220029
1639440000000,2021-12-14 00:00:00,SHIB/EUR,2.923e-05,3.151e-05,2.878e-05,3.021e-05,477143788057.0,14282256.93440399
1639526400000,2021-12-15 00:00:00,SHIB/EUR,3.022e-05,3.044e-05,2.841e-05,2.996e-05,265960311075.0,7895167.63305381
1639612800000,2021-12-16 00:00:00,SHIB/EUR,2.999e-05,3.066e-05,2.885e-05,2.888e-05,213269575998.0,6366861.0684646
1639699200000,2021-12-17 00:00:00,SHIB/EUR,2.889e-05,2.929e-05,2.675e-05,2.773e-05,308492468882.0,8640398.38620312
1639785600000,2021-12-18 00:00:00,SHIB/EUR,2.773e-05,2.866e-05,2.74e-05,2.798e-05,144314751025.0,4052884.68567028
1639872000000,2021-12-19 00:00:00,SHIB/EUR,2.798e-05,2.838e-05,2.727e-05,2.735e-05,103052212384.0,2871007.20777343
1639958400000,2021-12-20 00:00:00,SHIB/EUR,2.735e-05,2.991e-05,2.5e-05,2.771e-05,575485773282.0,15627245.01149168
1640044800000,2021-12-21 00:00:00,SHIB/EUR,2.772e-05,2.972e-05,2.745e-05,2.911e-05,287100476004.0,8256890.93985606
1640131200000,2021-12-22 00:00:00,SHIB/EUR,2.911e-05,3.343e-05,2.88e-05,3.096e-05,627290475369.0,19757481.76344855
1640217600000,2021-12-23 00:00:00,SHIB/EUR,3.096e-05,3.439e-05,3.041e-05,3.41e-05,471011727016.0,15179662.63602398
1640304000000,2021-12-24 00:00:00,SHIB/EUR,3.417e-05,3.52e-05,3.164e-05,3.203e-05,355580255769.0,11955604.1484675
1640390400000,2021-12-25 00:00:00,SHIB/EUR,3.205e-05,3.395e-05,3.178e-05,3.338e-05,199786362025.0,6585442.03474223
1640476800000,2021-12-26 00:00:00,SHIB/EUR,3.341e-05,3.445e-05,3.244e-05,3.383e-05,202160599449.0,6785918.6832725
1640563200000,2021-12-27 00:00:00,SHIB/EUR,3.386e-05,3.489e-05,3.339e-05,3.449e-05,229410948671.0,7841404.43740471
1640649600000,2021-12-28 00:00:00,SHIB/EUR,3.451e-05,3.451e-05,3.024e-05,3.091e-05,387362828511.0,12393054.68486859
1640736000000,2021-12-29 00:00:00,SHIB/EUR,3.094e-05,3.211e-05,2.919e-05,2.966e-05,280957778290.0,8589384.13148784
1640822400000,2021-12-30 00:00:00,SHIB/EUR,2.967e-05,3.036e-05,2.904e-05,2.983e-05,205235366931.0,6126183.14626976
1640908800000,2021-12-31 00:00:00,SHIB/EUR,2.981e-05,3.06e-05,2.87e-05,2.933e-05,154269075435.0,4601580.7706824
1640995200000,2022-01-01 00:00:00,SHIB/EUR,2.935e-05,3.011e-05,2.934e-05,3.01e-05,76742214278.0,2287490.86968948
1641081600000,2022-01-02 00:00:00,SHIB/EUR,3.01e-05,3.032e-05,2.948e-05,2.996e-05,74523772323.0,2226746.64972103
1641168000000,2022-01-03 00:00:00,SHIB/EUR,2.995e-05,3.009e-05,2.848e-05,2.924e-05,113477326643.0,3343499.62785675
1641254400000,2022-01-04 00:00:00,SHIB/EUR,2.926e-05,2.966e-05,2.863e-05,2.878e-05,129504098063.0,3768423.37353915
1641340800000,2022-01-05 00:00:00,SHIB/EUR,2.876e-05,2.922e-05,2.536e-05,2.687e-05,210570337793.0,5807669.37093832
1641427200000,2022-01-06 00:00:00,SHIB/EUR,2.69e-05,2.823e-05,2.58e-05,2.725e-05,233846986154.0,6257978.52974381
1641513600000,2022-01-07 00:00:00,SHIB/EUR,2.726e-05,2.734e-05,2.514e-05,2.556e-05,262985934099.0,6812723.50006876
1641600000000,2022-01-08 00:00:00,SHIB/EUR,2.558e-05,2.639e-05,2.331e-05,2.444e-05,290200892925.0,7187781.43441827
1641686400000,2022-01-09 00:00:00,SHIB/EUR,2.445e-05,2.568e-05,2.425e-05,2.494e-05,170670735967.0,4279863.26996094
1641772800000,2022-01-10 00:00:00,SHIB/EUR,2.494e-05,2.533e-05,2.251e-05,2.361e-05,319075135813.0,7570883.03851705
1641859200000,2022-01-11 00:00:00,SHIB/EUR,2.358e-05,2.491e-05,2.324e-05,2.436e-05,231704992811.0,5579946.69324733
1641945600000,2022-01-12 00:00:00,SHIB/EUR,2.434e-05,2.858e-05,2.428e-05,2.756e-05,395687816190.0,10667025.73485692
1642032000000,2022-01-13 00:00:00,SHIB/EUR,2.755e-05,2.877e-05,2.55e-05,2.591e-05,320655813980.0,8688276.07500949
1642118400000,2022-01-14 00:00:00,SHIB/EUR,2.594e-05,2.842e-05,2.559e-05,2.7e-05,303847841331.0,8258563.82430839
1642204800000,2022-01-15 00:00:00,SHIB/EUR,2.702e-05,2.768e-05,2.681e-05,2.707e-05,121676870461.0,3314883.58601057
1642291200000,2022-01-16 00:00:00,SHIB/EUR,2.704e-05,2.72e-05,2.641e-05,2.676e-05,96652127793.0,2584093.24539129
1642377600000,2022-01-17 00:00:00,SHIB/EUR,2.675e-05,2.683e-05,2.477e-05,2.532e-05,175085458576.0,4462785.99425171
1642464000000,2022-01-18 00:00:00,SHIB/EUR,2.533e-05,2.593e-05,2.41e-05,2.481e-05,222795234128.0,5520009.54076974
1642550400000,2022-01-19 00:00:00,SHIB/EUR,2.481e-05,2.498e-05,2.392e-05,2.407e-05,132939865419.0,3245332.15625015
1642636800000,2022-01-20 00:00:00,SHIB/EUR,2.408e-05,2.541e-05,2.324e-05,2.346e-05,148633859742.0,3645223.71316825
1642723200000,2022-01-21 00:00:00,SHIB/EUR,2.339e-05,2.374e-05,1.908e-05,1.968e-05,448427688981.0,9664229.72027014
1642809600000,2022-01-22 00:00:00,SHIB/EUR,1.967e-05,1.99e-05,1.505e-05,1.816e-05,1034591917863.0,17987596.13656712
1642896000000,2022-01-23 00:00:00,SHIB/EUR,1.82e-05,2.097e-05,1.81e-05,1.985e-05,878726661657.0,17293259.23832165
1642982400000,2022-01-24 00:00:00,SHIB/EUR,1.985e-05,2.048e-05,1.652e-05,1.875e-05,820266768194.0,14883566.22968764
1643068800000,2022-01-25 00:00:00,SHIB/EUR,1.875e-05,1.919e-05,1.778e-05,1.861e-05,511150233310.0,9524576.88490242
1643155200000,2022-01-26 00:00:00,SHIB/EUR,1.863e-05,2.084e-05,1.826e-05,1.881e-05,393376811667.0,7629871.70303796
1643241600000,2022-01-27 00:00:00,SHIB/EUR,1.879e-05,1.958e-05,1.781e-05,1.91e-05,297298091394.0,5560369.39391347
1643328000000,2022-01-28 00:00:00,SHIB/EUR,1.909e-05,1.923e-05,1.828e-05,1.909e-05,141269676918.0,2653775.66911998
1643414400000,2022-01-29 00:00:00,SHIB/EUR,1.906e-05,2.015e-05,1.901e-05,1.951e-05,146523574496.0,2852911.72299865
1643500800000,2022-01-30 00:00:00,SHIB/EUR,1.95e-05,1.995e-05,1.875e-05,1.893e-05,148635479441.0,2873875.4689361
1643587200000,2022-01-31 00:00:00,SHIB/EUR,1.896e-05,1.926e-05,1.802e-05,1.909e-05,155569423515.0,2919821.31290489
1643673600000,2022-02-01 00:00:00,SHIB/EUR,1.908e-05,1.956e-05,1.884e-05,1.928e-05,155849094196.0,3003055.71768012
1643760000000,2022-02-02 00:00:00,SHIB/EUR,1.928e-05,1.943e-05,1.8e-05,1.829e-05,136306555405.0,2549567.87294316
1643846400000,2022-02-03 00:00:00,SHIB/EUR,1.826e-05,1.844e-05,1.761e-05,1.816e-05,102837625094.0,1857815.24759556
1643932800000,2022-02-04 00:00:00,SHIB/EUR,1.816e-05,1.95e-05,1.795e-05,1.94e-05,147643785369.0,2771140.87471104
1644019200000,2022-02-05 00:00:00,SHIB/EUR,1.94e-05,2.088e-05,1.928e-05,1.968e-05,217498883456.0,4368665.85310197
1644105600000,2022-02-06 00:00:00,SHIB/EUR,1.968e-05,2.517e-05,1.944e-05,2.484e-05,535793639888.0,12287597.77492875
1644192000000,2022-02-07 00:00:00,SHIB/EUR,2.489e-05,3.088e-05,2.374e-05,2.847e-05,1221577859697.0,33849890.41035047
1644278400000,2022-02-08 00:00:00,SHIB/EUR,2.85e-05,3.073e-05,2.579e-05,2.718e-05,927382934348.0,26044221.78049953
1644364800000,2022-02-09 00:00:00,SHIB/EUR,2.72e-05,2.983e-05,2.669e-05,2.89e-05,525088756736.0,14986509.53649521
1644451200000,2022-02-10 00:00:00,SHIB/EUR,2.887e-05,2.95e-05,2.681e-05,2.702e-05,376812446166.0,10580153.80326864
1644537600000,2022-02-11 00:00:00,SHIB/EUR,2.702e-05,2.839e-05,2.462e-05,2.532e-05,417300527407.0,11146879.52203619
1644624000000,2022-02-12 00:00:00,SHIB/EUR,2.532e-05,2.63e-05,2.425e-05,2.57e-05,382645692654.0,9715350.55460286
1644710400000,2022-02-13 00:00:00,SHIB/EUR,2.572e-05,2.843e-05,2.504e-05,2.654e-05,429152287821.0,11520126.22660649
1644796800000,2022-02-14 00:00:00,SHIB/EUR,2.657e-05,2.727e-05,2.525e-05,2.617e-05,346223446575.0,9102948.5956552
1644883200000,2022-02-15 00:00:00,SHIB/EUR,2.62e-05,2.809e-05,2.616e-05,2.752e-05,326853104731.0,8918745.07929896
1644969600000,2022-02-16 00:00:00,SHIB/EUR,2.753e-05,2.779e-05,2.637e-05,2.72e-05,261246446196.0,7058244.61531868
1645056000000,2022-02-17 00:00:00,SHIB/EUR,2.723e-05,2.866e-05,2.44e-05,2.483e-05,440183149035.0,11693089.76074473
1645142400000,2022-02-18 00:00:00,SHIB/EUR,2.481e-05,2.637e-05,2.453e-05,2.487e-05,321077171601.0,8137580.00900032
1645228800000,2022-02-19 00:00:00,SHIB/EUR,2.486e-05,2.56e-05,2.38e-05,2.431e-05,196376553075.0,4842950.37125459
1645315200000,2022-02-20 00:00:00,SHIB/EUR,2.43e-05,2.442e-05,2.195e-05,2.251e-05,316747699420.0,7154580.17240548
1645401600000,2022-02-21 00:00:00,SHIB/EUR,2.252e-05,2.426e-05,2.118e-05,2.128e-05,535731961052.0,12378209.49074178
1645488000000,2022-02-22 00:00:00,SHIB/EUR,2.131e-05,2.232e-05,2.046e-05,2.205e-05,411630376930.0,8823953.80017484
1645574400000,2022-02-23 00:00:00,SHIB/EUR,2.205e-05,2.414e-05,2.17e-05,2.2e-05,435025723464.0,9975002.62628452
1645660800000,2022-02-24 00:00:00,SHIB/EUR,2.2e-05,2.27e-05,1.841e-05,2.126e-05,839729661766.0,17027952.71441824
1645747200000,2022-02-25 00:00:00,SHIB/EUR,2.131e-05,2.228e-05,2.062e-05,2.208e-05,387804982923.0,8358858.21501477
1645833600000,2022-02-26 00:00:00,SHIB/EUR,2.209e-05,2.299e-05,2.15e-05,2.171e-05,209693447313.0,4620689.18629542
1645920000000,2022-02-27 00:00:00,SHIB/EUR,2.172e-05,2.223e-05,2.054e-05,2.098e-05,280403718035.0,5993611.30774551
1646006400000,2022-02-28 00:00:00,SHIB/EUR,2.097e-05,2.319e-05,2.041e-05,2.3e-05,356705546748.0,7824991.21909541
1646092800000,2022-03-01 00:00:00,SHIB/EUR,2.3e-05,2.563e-05,2.264e-05,2.439e-05,483979779226.0,11577478.46643705
1646179200000,2022-03-02 00:00:00,SHIB/EUR,2.439e-05,2.45e-05,2.297e-05,2.329e-05,321450954413.0,7623166.4988539
1646265600000,2022-03-03 00:00:00,SHIB/EUR,2.329e-05,2.36e-05,2.215e-05,2.264e-05,202340401095.0,4631520.97124301
1646352000000,2022-03-04 00:00:00,SHIB/EUR,2.264e-05,2.301e-05,2.116e-05,2.16e-05,213023328013.0,4730431.30801915
1646438400000,2022-03-05 00:00:00,SHIB/EUR,2.158e-05,2.288e-05,2.12e-05,2.255e-05,130446438777.0,2900899.51604443
1646524800000,2022-03-06 00:00:00,SHIB/EUR,2.255e-05,2.273e-05,2.146e-05,2.163e-05,107072011160.0,2345671.62089554
1646611200000,2022-03-07 00:00:00,SHIB/EUR,2.164e-05,2.188e-05,2.047e-05,2.105e-05,213145723573.0,4529816.59851209
1646697600000,2022-03-08 00:00:00,SHIB/EUR,2.099e-05,2.158e-05,2.066e-05,2.101e-05,164023858611.0,3475705.46744738
1646784000000,2022-03-09 00:00:00,SHIB/EUR,2.104e-05,2.247e-05,2.101e-05,2.154e-05,204466587793.0,4470914.00932663
1646870400000,2022-03-10 00:00:00,SHIB/EUR,2.155e-05,2.161e-05,2.022e-05,2.057e-05,182048983548.0,3771836.61756257
1646956800000,2022-03-11 00:00:00,SHIB/EUR,2.055e-05,2.098e-05,1.991e-05,2.022e-05,187313531743.0,3831432.52853884
1647043200000,2022-03-12 00:00:00,SHIB/EUR,2.024e-05,2.084e-05,2.021e-05,2.033e-05,66768713328.0,1370469.86165435
1647129600000,2022-03-13 00:00:00,SHIB/EUR,2.034e-05,2.135e-05,1.951e-05,1.975e-05,143453488532.0,2925452.8721697
1647216000000,2022-03-14 00:00:00,SHIB/EUR,1.974e-05,2.058e-05,1.953e-05,2.016e-05,165393885252.0,3310280.51678824
1647302400000,2022-03-15 00:00:00,SHIB/EUR,2.014e-05,2.022e-05,1.932e-05,1.973e-05,131821112782.0,2598349.91528451
1647388800000,2022-03-16 00:00:00,SHIB/EUR,1.975e-05,2.063e-05,1.964e-05,2.06e-05,199340305709.0,4001176.56785712
1647475200000,2022-03-17 00:00:00,SHIB/EUR,2.063e-05,2.072e-05,1.992e-05,2.001e-05,119483153552.0,2425119.46192191
1647561600000,2022-03-18 00:00:00,SHIB/EUR,2.001e-05,2.053e-05,1.958e-05,2.023e-05,149852071672.0,2994755.98439282
1647648000000,2022-03-19 00:00:00,SHIB/EUR,2.027e-05,2.315e-05,2.01e-05,2.189e-05,344524025109.0,7509575.7870638
1647734400000,2022-03-20 00:00:00,SHIB/EUR,2.186e-05,2.216e-05,2.042e-05,2.099e-05,176421672867.0,3743590.0211921
1647820800000,2022-03-21 00:00:00,SHIB/EUR,2.099e-05,2.128e-05,2.022e-05,2.084e-05,144158140423.0,3000211.8916792
1647907200000,2022-03-22 00:00:00,SHIB/EUR,2.081e-05,2.183e-05,2.081e-05,2.129e-05,182132466064.0,3912588.51122394
1647993600000,2022-03-23 00:00:00,SHIB/EUR,2.127e-05,2.283e-05,2.094e-05,2.221e-05,198361113977.0,4326822.31108788
1648080000000,2022-03-24 00:00:00,SHIB/EUR,2.221e-05,2.308e-05,2.185e-05,2.239e-05,220985107780.0,4970265.90709585
1648166400000,2022-03-25 00:00:00,SHIB/EUR,2.245e-05,2.31e-05,2.146e-05,2.199e-05,184444102474.0,4126645.50360175
1648252800000,2022-03-26 00:00:00,SHIB/EUR,2.2e-05,2.256e-05,2.179e-05,2.226e-05,81793261853.0,1819329.69510758
1648339200000,2022-03-27 00:00:00,SHIB/EUR,2.228e-05,2.337e-05,2.203e-05,2.329e-05,144044898539.0,3260205.60256767
1648425600000,2022-03-28 00:00:00,SHIB/EUR,2.329e-05,2.701e-05,2.301e-05,2.414e-05,548652690383.0,13889217.71763273
1648512000000,2022-03-29 00:00:00,SHIB/EUR,2.415e-05,2.566e-05,2.381e-05,2.467e-05,288892629046.0,7155322.7611743
1648598400000,2022-03-30 00:00:00,SHIB/EUR,2.464e-05,2.57e-05,2.359e-05,2.461e-05,247826492035.0,6103674.17779054
1648684800000,2022-03-31 00:00:00,SHIB/EUR,2.455e-05,2.529e-05,2.3e-05,2.335e-05,204730104006.0,4925570.7170941
1648771200000,2022-04-01 00:00:00,SHIB/EUR,2.337e-05,2.399e-05,2.227e-05,2.37e-05,177907463503.0,4134099.85529989
1648857600000,2022-04-02 00:00:00,SHIB/EUR,2.363e-05,2.493e-05,2.331e-05,2.339e-05,199720401461.0,4831062.40439734
1648944000000,2022-04-03 00:00:00,SHIB/EUR,2.343e-05,2.478e-05,2.311e-05,2.43e-05,131576964122.0,3177737.23438624
1649030400000,2022-04-04 00:00:00,SHIB/EUR,2.431e-05,2.498e-05,2.337e-05,2.412e-05,165912085066.0,4007921.08072857
1649116800000,2022-04-05 00:00:00,SHIB/EUR,2.411e-05,2.614e-05,2.391e-05,2.454e-05,224918842531.0,5588103.74053051
1649203200000,2022-04-06 00:00:00,SHIB/EUR,2.455e-05,2.462e-05,2.219e-05,2.236e-05,278509610515.0,6459627.12739356
1649289600000,2022-04-07 00:00:00,SHIB/EUR,2.236e-05,2.316e-05,2.199e-05,2.284e-05,122263052620.0,2769086.09198279
1649376000000,2022-04-08 00:00:00,SHIB/EUR,2.28e-05,2.318e-05,2.166e-05,2.194e-05,166145526615.0,3751590.85108479
1649462400000,2022-04-09 00:00:00,SHIB/EUR,2.192e-05,2.269e-05,2.183e-05,2.266e-05,88233134305.0,1951311.73169968
1649548800000,2022-04-10 00:00:00,SHIB/EUR,2.266e-05,2.341e-05,2.241e-05,2.248e-05,153985862060.0,3523250.58733668
1649635200000,2022-04-11 00:00:00,SHIB/EUR,2.248e-05,2.263e-05,2.009e-05,2.038e-05,290775285309.0,6217105.4325833
1649721600000,2022-04-12 00:00:00,SHIB/EUR,2.038e-05,2.76e-05,2.02e-05,2.487e-05,1142768364465.0,27740966.32351236
1649808000000,2022-04-13 00:00:00,SHIB/EUR,2.489e-05,2.605e-05,2.371e-05,2.474e-05,618060354085.0,15264191.74123446
1649894400000,2022-04-14 00:00:00,SHIB/EUR,2.475e-05,2.523e-05,2.339e-05,2.385e-05,331612391027.0,8012659.31023397
1649980800000,2022-04-15 00:00:00,SHIB/EUR,2.385e-05,2.431e-05,2.359e-05,2.403e-05,107654927623.0,2580709.17258033
1650067200000,2022-04-16 00:00:00,SHIB/EUR,2.404e-05,2.419e-05,2.343e-05,2.373e-05,64221491754.0,1529586.82320849
1650153600000,2022-04-17 00:00:00,SHIB/EUR,2.374e-05,2.416e-05,2.266e-05,2.283e-05,114777364624.0,2722199.95263546
1650240000000,2022-04-18 00:00:00,SHIB/EUR,2.283e-05,2.357e-05,2.193e-05,2.348e-05,249637741589.0,5672173.50640211
1650326400000,2022-04-19 00:00:00,SHIB/EUR,2.349e-05,2.376e-05,2.308e-05,2.361e-05,155547173771.0,3645310.80226312
1650412800000,2022-04-20 00:00:00,SHIB/EUR,2.359e-05,2.393e-05,2.272e-05,2.291e-05,173592534474.0,4048195.50664143
1650499200000,2022-04-21 00:00:00,SHIB/EUR,2.292e-05,2.333e-05,2.207e-05,2.248e-05,166568825467.0,3804671.9380424
1650585600000,2022-04-22 00:00:00,SHIB/EUR,2.247e-05,2.28e-05,2.223e-05,2.255e-05,137963681345.0,3103755.94081961
1650672000000,2022-04-23 00:00:00,SHIB/EUR,2.253e-05,2.286e-05,2.208e-05,2.238e-05,84732215430.0,1908154.37656227
1650758400000,2022-04-24 00:00:00,SHIB/EUR,2.238e-05,2.261e-05,2.185e-05,2.217e-05,82007833718.0,1820778.89803856
1650844800000,2022-04-25 00:00:00,SHIB/EUR,2.22e-05,2.37e-05,2.082e-05,2.273e-05,390998742503.0,8650294.84831518
1650931200000,2022-04-26 00:00:00,SHIB/EUR,2.27e-05,2.308e-05,2.126e-05,2.163e-05,243185792807.0,5391733.2099657
1651017600000,2022-04-27 00:00:00,SHIB/EUR,2.161e-05,2.262e-05,2.144e-05,2.219e-05,184208897358.0,4058294.26893136
1651104000000,2022-04-28 00:00:00,SHIB/EUR,2.218e-05,2.229e-05,2.161e-05,2.186e-05,187904770472.0,4137852.92350472
1651190400000,2022-04-29 00:00:00,SHIB/EUR,2.185e-05,2.196e-05,2.051e-05,2.108e-05,223279761823.0,4758405.6659001
1651276800000,2022-04-30 00:00:00,SHIB/EUR,2.108e-05,2.132e-05,1.752e-05,1.918e-05,252990181540.0,5050089.94437915
1651363200000,2022-05-01 00:00:00,SHIB/EUR,1.919e-05,2.104e-05,1.879e-05,2.045e-05,369370648321.0,7366463.83608019
1651449600000,2022-05-02 00:00:00,SHIB/EUR,2.043e-05,2.062e-05,1.923e-05,1.968e-05,272162115586.0,5406191.00985931
1651536000000,2022-05-03 00:00:00,SHIB/EUR,1.968e-05,2.001e-05,1.896e-05,1.933e-05,183595677502.0,3588100.24944969
1651622400000,2022-05-04 00:00:00,SHIB/EUR,1.933e-05,2.062e-05,1.929e-05,2.053e-05,279181294199.0,5534071.10061116
1651708800000,2022-05-05 00:00:00,SHIB/EUR,2.053e-05,2.071e-05,1.857e-05,1.925e-05,277023713522.0,5444298.20553288
1651795200000,2022-05-06 00:00:00,SHIB/EUR,1.924e-05,1.934e-05,1.848e-05,1.899e-05,291980616296.0,5529228.19240925
1651881600000,2022-05-07 00:00:00,SHIB/EUR,1.901e-05,1.904e-05,1.774e-05,1.832e-05,154468201673.0,2879970.93721779
1651968000000,2022-05-08 00:00:00,SHIB/EUR,1.83e-05,1.837e-05,1.732e-05,1.751e-05,257568483951.0,4577911.38790668
1652054400000,2022-05-09 00:00:00,SHIB/EUR,1.754e-05,1.778e-05,1.304e-05,1.327e-05,734318575484.0,11321739.77246328
1652140800000,2022-05-10 00:00:00,SHIB/EUR,1.325e-05,1.703e-05,1.283e-05,1.539e-05,1099900173803.0,17060392.44839079
1652227200000,2022-05-11 00:00:00,SHIB/EUR,1.537e-05,1.595e-05,1.042e-05,1.141e-05,970992734828.0,13191118.05267881
1652313600000,2022-05-12 00:00:00,SHIB/EUR,1.143e-05,1.228e-05,7.71e-06,1.042e-05,726192997948.0,7552400.65719128
1652400000000,2022-05-13 00:00:00,SHIB/EUR,1.041e-05,1.384e-05,1.008e-05,1.233e-05,947280045453.0,11862276.26120925
1652486400000,2022-05-14 00:00:00,SHIB/EUR,1.23e-05,1.316e-05,1.096e-05,1.208e-05,567326181471.0,6702363.70243871
1652572800000,2022-05-15 00:00:00,SHIB/EUR,1.209e-05,1.256e-05,1.147e-05,1.255e-05,257186903894.0,3067505.09078588
1652659200000,2022-05-16 00:00:00,SHIB/EUR,1.256e-05,1.258e-05,1.127e-05,1.147e-05,264919535841.0,3095922.49556701
1652745600000,2022-05-17 00:00:00,SHIB/EUR,1.151e-05,1.223e-05,1.139e-05,1.189e-05,190789058918.0,2256057.76516814
1652832000000,2022-05-18 00:00:00,SHIB/EUR,1.188e-05,1.199e-05,1.091e-05,1.102e-05,134082448801.0,1531195.42495988
1652918400000,2022-05-19 00:00:00,SHIB/EUR,1.106e-05,1.144e-05,1.066e-05,1.117e-05,164430173752.0,1823661.989881
1653004800000,2022-05-20 00:00:00,SHIB/EUR,1.116e-05,1.138e-05,1.071e-05,1.1e-05,118519607558.0,1313609.56649934
1653091200000,2022-05-21 00:00:00,SHIB/EUR,1.1e-05,1.14e-05,1.074e-05,1.113e-05,87006328381.0,963200.74878021
1653177600000,2022-05-22 00:00:00,SHIB/EUR,1.113e-05,1.142e-05,1.102e-05,1.126e-05,76199701107.0,856822.923276
1653264000000,2022-05-23 00:00:00,SHIB/EUR,1.125e-05,1.223e-05,1.076e-05,1.091e-05,176851579300.0,2030898.48853789
1653350400000,2022-05-24 00:00:00,SHIB/EUR,1.091e-05,1.12e-05,1.051e-05,1.095e-05,60405336399.0,657884.38926409
1653436800000,2022-05-25 00:00:00,SHIB/EUR,1.095e-05,1.113e-05,1.075e-05,1.084e-05,41647278028.0,454197.52838411
1653523200000,2022-05-26 00:00:00,SHIB/EUR,1.085e-05,1.094e-05,9.61e-06,9.84e-06,81350356637.0,829172.55124267
1653609600000,2022-05-27 00:00:00,SHIB/EUR,9.87e-06,1.014e-05,9.4e-06,9.75e-06,127186754758.0,1241700.56346047
1653696000000,2022-05-28 00:00:00,SHIB/EUR,9.77e-06,1.015e-05,9.71e-06,1.006e-05,79000255409.0,787692.81120506
1653782400000,2022-05-29 00:00:00,SHIB/EUR,1.004e-05,1.104e-05,9.85e-06,1.073e-05,130714523082.0,1374681.99339759
1653868800000,2022-05-30 00:00:00,SHIB/EUR,1.071e-05,1.157e-05,1.053e-05,1.131e-05,180072471864.0,1995030.39847185
1653955200000,2022-05-31 00:00:00,SHIB/EUR,1.132e-05,1.144e-05,1.075e-05,1.094e-05,86117295504.0,951697.24003427
1654041600000,2022-06-01 00:00:00,SHIB/EUR,1.094e-05,1.112e-05,9.89e-06,1.024e-05,106417696874.0,1131373.97008134
1654128000000,2022-06-02 00:00:00,SHIB/EUR,1.023e-05,1.052e-05,1.007e-05,1.045e-05,51992788624.0,534873.48992898
1654214400000,2022-06-03 00:00:00,SHIB/EUR,1.045e-05,1.045e-05,9.82e-06,1.007e-05,47495455520.0,478260.88249941
1654300800000,2022-06-04 00:00:00,SHIB/EUR,1.008e-05,1.021e-05,9.87e-06,1.017e-05,27689377997.0,279459.77177805
1654387200000,2022-06-05 00:00:00,SHIB/EUR,1.018e-05,1.026e-05,9.99e-06,1.008e-05,31665241811.0,319967.9104922
1654473600000,2022-06-06 00:00:00,SHIB/EUR,1.007e-05,1.061e-05,1.006e-05,1.034e-05,92395013478.0,958158.78531517
1654560000000,2022-06-07 00:00:00,SHIB/EUR,1.035e-05,1.045e-05,9.57e-06,1.003e-05,97744848873.0,980245.53726632
1654646400000,2022-06-08 00:00:00,SHIB/EUR,1.003e-05,1.019e-05,9.84e-06,9.87e-06,56347871499.0,562218.32087307
1654732800000,2022-06-09 00:00:00,SHIB/EUR,9.88e-06,1.007e-05,9.78e-06,9.95e-06,40354810703.0,401194.32722712
1654819200000,2022-06-10 00:00:00,SHIB/EUR,9.94e-06,1.002e-05,9.52e-06,9.63e-06,67913310687.0,662588.17913626
1654905600000,2022-06-11 00:00:00,SHIB/EUR,9.61e-06,9.85e-06,8.69e-06,8.85e-06,117557327013.0,1077519.35975343
1654992000000,2022-06-12 00:00:00,SHIB/EUR,8.9e-06,9.03e-06,7.97e-06,8.18e-06,205276714211.0,1735381.79205658
1655078400000,2022-06-13 00:00:00,SHIB/EUR,8.2e-06,8.37e-06,7.07e-06,7.74e-06,361722076475.0,2768053.5374121
1655164800000,2022-06-14 00:00:00,SHIB/EUR,7.73e-06,8.17e-06,7.22e-06,7.84e-06,246434364403.0,1912025.85163043
1655251200000,2022-06-15 00:00:00,SHIB/EUR,7.84e-06,8.5e-06,7.26e-06,8.44e-06,219127686380.0,1697460.39474039
1655337600000,2022-06-16 00:00:00,SHIB/EUR,8.43e-06,8.55e-06,7.46e-06,7.57e-06,122629555170.0,971246.63724236
1655424000000,2022-06-17 00:00:00,SHIB/EUR,7.55e-06,7.9e-06,7.55e-06,7.8e-06,57586369799.0,447898.99130577
1655510400000,2022-06-18 00:00:00,SHIB/EUR,7.8e-06,7.88e-06,6.82e-06,7.38e-06,141218652846.0,1044970.89698145
1655596800000,2022-06-19 00:00:00,SHIB/EUR,7.39e-06,7.99e-06,7.08e-06,7.85e-06,103716123758.0,784863.03548939
1655683200000,2022-06-20 00:00:00,SHIB/EUR,7.85e-06,7.92e-06,7.49e-06,7.72e-06,94058745101.0,726185.57301378
1655769600000,2022-06-21 00:00:00,SHIB/EUR,7.71e-06,1.136e-05,7.62e-06,1.012e-05,826158968256.0,7988089.73050807
1655856000000,2022-06-22 00:00:00,SHIB/EUR,1.011e-05,1.029e-05,8.83e-06,9.14e-06,580193715981.0,5527845.99482116
1655942400000,2022-06-23 00:00:00,SHIB/EUR,9.16e-06,9.9e-06,9.1e-06,9.78e-06,306167860312.0,2943994.41163756
1656028800000,2022-06-24 00:00:00,SHIB/EUR,9.78e-06,1.067e-05,9.52e-06,1.026e-05,323843653445.0,3288057.78211092
1656115200000,2022-06-25 00:00:00,SHIB/EUR,1.027e-05,1.137e-05,1.016e-05,1.119e-05,379231296132.0,4122191.39527514
1656201600000,2022-06-26 00:00:00,SHIB/EUR,1.121e-05,1.148e-05,1.036e-05,1.039e-05,222682426345.0,2463302.76382855
1656288000000,2022-06-27 00:00:00,SHIB/EUR,1.038e-05,1.108e-05,1.017e-05,1.044e-05,168490578091.0,1784903.28004112
1656374400000,2022-06-28 00:00:00,SHIB/EUR,1.044e-05,1.057e-05,9.37e-06,9.47e-06,187358555796.0,1891184.09381052
1656460800000,2022-06-29 00:00:00,SHIB/EUR,9.48e-06,1.028e-05,9.09e-06,9.72e-06,212711839971.0,2044702.02282867
1656547200000,2022-06-30 00:00:00,SHIB/EUR,9.76e-06,1.005e-05,9.25e-06,9.92e-06,265237017833.0,2548421.20515444
1656633600000,2022-07-01 00:00:00,SHIB/EUR,9.83e-06,1.011e-05,9.48e-06,9.61e-06,114625800093.0,1116277.01354799
1656720000000,2022-07-02 00:00:00,SHIB/EUR,9.62e-06,9.78e-06,9.46e-06,9.66e-06,59275936072.0,571522.9400639
1656806400000,2022-07-03 00:00:00,SHIB/EUR,9.66e-06,9.73e-06,9.38e-06,9.61e-06,57239735946.0,549065.01099235
1656892800000,2022-07-04 00:00:00,SHIB/EUR,9.62e-06,1.011e-05,9.52e-06,1.002e-05,91208923047.0,894237.17628602
1656979200000,2022-07-05 00:00:00,SHIB/EUR,1.004e-05,1.05e-05,9.72e-06,1.006e-05,193942252161.0,1958715.9421569
1657065600000,2022-07-06 00:00:00,SHIB/EUR,1.006e-05,1.034e-05,9.88e-06,1.026e-05,88793525461.0,900515.10365224
1657152000000,2022-07-07 00:00:00,SHIB/EUR,1.027e-05,1.131e-05,1.022e-05,1.108e-05,158465703662.0,1706684.61404031
1657238400000,2022-07-08 00:00:00,SHIB/EUR,1.109e-05,1.141e-05,1.059e-05,1.099e-05,235866044754.0,2583811.07890713
1657324800000,2022-07-09 00:00:00,SHIB/EUR,1.099e-05,1.168e-05,1.08e-05,1.141e-05,129002570535.0,1452347.88811045
1657411200000,2022-07-10 00:00:00,SHIB/EUR,1.141e-05,1.145e-05,1.074e-05,1.102e-05,90502672171.0,1000408.27286195
1657497600000,2022-07-11 00:00:00,SHIB/EUR,1.1e-05,1.101e-05,1.017e-05,1.025e-05,107822878820.0,1157165.5929605
1657584000000,2022-07-12 00:00:00,SHIB/EUR,1.025e-05,1.053e-05,9.83e-06,9.86e-06,72590901873.0,742289.48339317
1657670400000,2022-07-13 00:00:00,SHIB/EUR,9.89e-06,1.089e-05,9.77e-06,1.05e-05,148429348174.0,1503338.8585639
1657756800000,2022-07-14 00:00:00,SHIB/EUR,1.05e-05,1.068e-05,1.011e-05,1.056e-05,108095464283.0,1125803.06027063
1657843200000,2022-07-15 00:00:00,SHIB/EUR,1.056e-05,1.108e-05,1.046e-05,1.074e-05,128930552992.0,1395806.64857885
1657929600000,2022-07-16 00:00:00,SHIB/EUR,1.074e-05,1.11e-05,1.043e-05,1.094e-05,90569884204.0,978001.23082168
1658016000000,2022-07-17 00:00:00,SHIB/EUR,1.095e-05,1.106e-05,1.059e-05,1.061e-05,67375350816.0,728978.19820963
1658102400000,2022-07-18 00:00:00,SHIB/EUR,1.062e-05,1.242e-05,1.061e-05,1.182e-05,308372214811.0,3554106.25445438
1658188800000,2022-07-19 00:00:00,SHIB/EUR,1.18e-05,1.22e-05,1.123e-05,1.189e-05,293488692744.0,3447353.13780764
1658275200000,2022-07-20 00:00:00,SHIB/EUR,1.191e-05,1.283e-05,1.147e-05,1.17e-05,387457292978.0,4751880.35794154
1658361600000,2022-07-21 00:00:00,SHIB/EUR,1.169e-05,1.191e-05,1.125e-05,1.174e-05,187329107440.0,2170785.90203068
1658448000000,2022-07-22 00:00:00,SHIB/EUR,1.173e-05,1.222e-05,1.136e-05,1.148e-05,137743816004.0,1632934.90542914
1658534400000,2022-07-23 00:00:00,SHIB/EUR,1.149e-05,1.184e-05,1.11e-05,1.137e-05,100398835048.0,1145754.15792417
1658620800000,2022-07-24 00:00:00,SHIB/EUR,1.137e-05,1.166e-05,1.131e-05,1.136e-05,64606942715.0,741753.40238988
1658707200000,2022-07-25 00:00:00,SHIB/EUR,1.137e-05,1.142e-05,1.046e-05,1.047e-05,113309926971.0,1240842.28443497
1658793600000,2022-07-26 00:00:00,SHIB/EUR,1.048e-05,1.076e-05,1.007e-05,1.072e-05,86993548445.0,898692.11598212
1658880000000,2022-07-27 00:00:00,SHIB/EUR,1.073e-05,1.132e-05,1.039e-05,1.129e-05,139608767972.0,1520928.65421681
1658966400000,2022-07-28 00:00:00,SHIB/EUR,1.127e-05,1.202e-05,1.083e-05,1.163e-05,216540409069.0,2473798.72702965
1659052800000,2022-07-29 00:00:00,SHIB/EUR,1.165e-05,1.208e-05,1.125e-05,1.148e-05,195473500385.0,2268962.7789056
1659139200000,2022-07-30 00:00:00,SHIB/EUR,1.149e-05,1.238e-05,1.134e-05,1.167e-05,302356738298.0,3608434.54570292
1659225600000,2022-07-31 00:00:00,SHIB/EUR,1.168e-05,1.204e-05,1.145e-05,1.147e-05,137166863921.0,1612075.15050191
1659312000000,2022-08-01 00:00:00,SHIB/EUR,1.147e-05,1.246e-05,1.145e-05,1.166e-05,265991244303.0,3144080.06558394
1659398400000,2022-08-02 00:00:00,SHIB/EUR,1.165e-05,1.182e-05,1.117e-05,1.157e-05,153689469364.0,1771416.80398098
1659484800000,2022-08-03 00:00:00,SHIB/EUR,1.157e-05,1.192e-05,1.142e-05,1.166e-05,78074069803.0,916444.05840135
1659571200000,2022-08-04 00:00:00,SHIB/EUR,1.167e-05,1.182e-05,1.143e-05,1.158e-05,95583719012.0,1110972.81906488
1659657600000,2022-08-05 00:00:00,SHIB/EUR,1.158e-05,1.193e-05,1.155e-05,1.193e-05,79586018502.0,939283.73690168
1659744000000,2022-08-06 00:00:00,SHIB/EUR,1.193e-05,1.208e-05,1.17e-05,1.175e-05,59542028138.0,708776.43395495
1659830400000,2022-08-07 00:00:00,SHIB/EUR,1.176e-05,1.194e-05,1.163e-05,1.186e-05,27873260914.0,328983.80489326
1659916800000,2022-08-08 00:00:00,SHIB/EUR,1.185e-05,1.246e-05,1.185e-05,1.21e-05,128146980461.0,1564453.1529797
1660003200000,2022-08-09 00:00:00,SHIB/EUR,1.209e-05,1.259e-05,1.147e-05,1.181e-05,173069478300.0,2087609.27427027
1660089600000,2022-08-10 00:00:00,SHIB/EUR,1.18e-05,1.214e-05,1.154e-05,1.203e-05,99729371895.0,1187899.02613885
1660176000000,2022-08-11 00:00:00,SHIB/EUR,1.203e-05,1.248e-05,1.187e-05,1.196e-05,144784123460.0,1756764.0101833
1660262400000,2022-08-12 00:00:00,SHIB/EUR,1.197e-05,1.238e-05,1.184e-05,1.238e-05,96505671026.0,1172396.12448731
1660348800000,2022-08-13 00:00:00,SHIB/EUR,1.237e-05,1.262e-05,1.221e-05,1.233e-05,83965290799.0,1039592.60260158
1660435200000,2022-08-14 00:00:00,SHIB/EUR,1.232e-05,1.749e-05,1.23e-05,1.65e-05,1321784192453.0,20383414.58325527
1660521600000,2022-08-15 00:00:00,SHIB/EUR,1.651e-05,1.725e-05,1.487e-05,1.503e-05,654354648327.0,10320404.37683345
1660608000000,2022-08-16 00:00:00,SHIB/EUR,1.503e-05,1.633e-05,1.486e-05,1.557e-05,442738397242.0,6926734.45284536
1660694400000,2022-08-17 00:00:00,SHIB/EUR,1.556e-05,1.613e-05,1.429e-05,1.452e-05,347986911091.0,5386726.9714853
1660780800000,2022-08-18 00:00:00,SHIB/EUR,1.454e-05,1.478e-05,1.31e-05,1.337e-05,189909068801.0,2697903.16913278
1660867200000,2022-08-19 00:00:00,SHIB/EUR,1.338e-05,1.404e-05,1.26e-05,1.312e-05,338392047582.0,4462081.59392097
1660953600000,2022-08-20 00:00:00,SHIB/EUR,1.311e-05,1.382e-05,1.248e-05,1.286e-05,219523837992.0,2894677.49302684
1661040000000,2022-08-21 00:00:00,SHIB/EUR,1.285e-05,1.377e-05,1.279e-05,1.346e-05,150835522207.0,2000830.50555126
1661126400000,2022-08-22 00:00:00,SHIB/EUR,1.346e-05,1.35e-05,1.276e-05,1.326e-05,118948192228.0,1554570.00524946
1661212800000,2022-08-23 00:00:00,SHIB/EUR,1.324e-05,1.342e-05,1.292e-05,1.336e-05,86647154092.0,1145645.77876272
1661299200000,2022-08-24 00:00:00,SHIB/EUR,1.339e-05,1.361e-05,1.304e-05,1.31e-05,81082253161.0,1076428.92271598
1661385600000,2022-08-25 00:00:00,SHIB/EUR,1.31e-05,1.487e-05,1.308e-05,1.397e-05,319973860543.0,4509924.89507575
1661472000000,2022-08-26 00:00:00,SHIB/EUR,1.396e-05,1.408e-05,1.237e-05,1.25e-05,282226998683.0,3739835.45071249
1661558400000,2022-08-27 00:00:00,SHIB/EUR,1.25e-05,1.266e-05,1.193e-05,1.223e-05,136759268085.0,1680074.50207767
1661644800000,2022-08-28 00:00:00,SHIB/EUR,1.225e-05,1.253e-05,1.181e-05,1.189e-05,106785212931.0,1311089.41373395
1661731200000,2022-08-29 00:00:00,SHIB/EUR,1.19e-05,1.255e-05,1.178e-05,1.248e-05,157806669132.0,1932262.25984312
1661817600000,2022-08-30 00:00:00,SHIB/EUR,1.249e-05,1.278e-05,1.192e-05,1.217e-05,133174548187.0,1641566.16315001
1661904000000,2022-08-31 00:00:00,SHIB/EUR,1.219e-05,1.254e-05,1.198e-05,1.206e-05,85602287834.0,1049649.20310696
1661990400000,2022-09-01 00:00:00,SHIB/EUR,1.206e-05,1.251e-05,1.197e-05,1.232e-05,87291942925.0,1060401.47265526
1662076800000,2022-09-02 00:00:00,SHIB/EUR,1.232e-05,1.247e-05,1.209e-05,1.223e-05,91055366813.0,1120147.29717738
1662163200000,2022-09-03 00:00:00,SHIB/EUR,1.223e-05,1.253e-05,1.217e-05,1.238e-05,60722345256.0,748608.86563528
1662249600000,2022-09-04 00:00:00,SHIB/EUR,1.238e-05,1.347e-05,1.233e-05,1.294e-05,169136867935.0,2188117.24118056
1662336000000,2022-09-05 00:00:00,SHIB/EUR,1.295e-05,1.306e-05,1.231e-05,1.271e-05,100808622532.0,1266213.76092728
1662422400000,2022-09-06 00:00:00,SHIB/EUR,1.271e-05,1.296e-05,1.186e-05,1.215e-05,164673573516.0,2048858.94248645
1662508800000,2022-09-07 00:00:00,SHIB/EUR,1.215e-05,1.241e-05,1.19e-05,1.227e-05,92199373354.0,1123531.82220149
1662595200000,2022-09-08 00:00:00,SHIB/EUR,1.228e-05,1.25e-05,1.205e-05,1.221e-05,93307698011.0,1137615.24843773
1662681600000,2022-09-09 00:00:00,SHIB/EUR,1.221e-05,1.38e-05,1.219e-05,1.283e-05,310280646569.0,4022862.50837416
1662768000000,2022-09-10 00:00:00,SHIB/EUR,1.283e-05,1.346e-05,1.262e-05,1.318e-05,229753998408.0,2995446.64987504
1662854400000,2022-09-11 00:00:00,SHIB/EUR,1.319e-05,1.341e-05,1.245e-05,1.29e-05,177119592278.0,2290689.46136676
1662940800000,2022-09-12 00:00:00,SHIB/EUR,1.29e-05,1.308e-05,1.235e-05,1.271e-05,134819839938.0,1722435.0085671
1663027200000,2022-09-13 00:00:00,SHIB/EUR,1.271e-05,1.284e-05,1.194e-05,1.211e-05,150164463455.0,1856820.96297
1663113600000,2022-09-14 00:00:00,SHIB/EUR,1.214e-05,1.245e-05,1.197e-05,1.221e-05,90499605780.0,1105353.57405243
1663200000000,2022-09-15 00:00:00,SHIB/EUR,1.222e-05,1.228e-05,1.151e-05,1.172e-05,82679491852.0,987432.24223223
1663286400000,2022-09-16 00:00:00,SHIB/EUR,1.173e-05,1.183e-05,1.128e-05,1.155e-05,61385770374.0,708438.62713125
1663372800000,2022-09-17 00:00:00,SHIB/EUR,1.157e-05,1.201e-05,1.157e-05,1.195e-05,65144473227.0,766519.47438875
1663459200000,2022-09-18 00:00:00,SHIB/EUR,1.194e-05,1.196e-05,1e-05,1.06e-05,85518721255.0,950602.81565361
1663545600000,2022-09-19 00:00:00,SHIB/EUR,1.06e-05,1.112e-05,1.054e-05,1.096e-05,98419057440.0,1064557.50590425
1663632000000,2022-09-20 00:00:00,SHIB/EUR,1.096e-05,1.1e-05,1.049e-05,1.055e-05,78767895137.0,849854.57700057
1663718400000,2022-09-21 00:00:00,SHIB/EUR,1.055e-05,1.123e-05,1.03e-05,1.059e-05,127386419869.0,1369543.2731466
1663804800000,2022-09-22 00:00:00,SHIB/EUR,1.058e-05,1.111e-05,1.055e-05,1.102e-05,63592250588.0,693342.50125327
1663891200000,2022-09-23 00:00:00,SHIB/EUR,1.105e-05,1.172e-05,1.079e-05,1.141e-05,104170606143.0,1165401.73225624
1663977600000,2022-09-24 00:00:00,SHIB/EUR,1.142e-05,1.255e-05,1.13e-05,1.161e-05,242397671273.0,2919543.84906103
1664064000000,2022-09-25 00:00:00,SHIB/EUR,1.16e-05,1.192e-05,1.122e-05,1.135e-05,69925719810.0,812704.42213578
1664150400000,2022-09-26 00:00:00,SHIB/EUR,1.136e-05,1.169e-05,1.119e-05,1.155e-05,76375752396.0,872641.46087305
1664236800000,2022-09-27 00:00:00,SHIB/EUR,1.156e-05,1.199e-05,1.132e-05,1.159e-05,89503546075.0,1046271.9797304
1664323200000,2022-09-28 00:00:00,SHIB/EUR,1.16e-05,1.192e-05,1.122e-05,1.143e-05,77755042612.0,893624.32069135
1664409600000,2022-09-29 00:00:00,SHIB/EUR,1.143e-05,1.158e-05,1.119e-05,1.131e-05,47185323372.0,535134.03858388
1664496000000,2022-09-30 00:00:00,SHIB/EUR,1.133e-05,1.174e-05,1.125e-05,1.156e-05,68405596633.0,782682.43509222
1664582400000,2022-10-01 00:00:00,SHIB/EUR,1.156e-05,1.172e-05,1.132e-05,1.139e-05,54963401340.0,631591.82059675
1664668800000,2022-10-02 00:00:00,SHIB/EUR,1.141e-05,1.145e-05,1.101e-05,1.119e-05,55147010351.0,621062.33000029
1664755200000,2022-10-03 00:00:00,SHIB/EUR,1.119e-05,1.145e-05,1.108e-05,1.135e-05,60052436151.0,680165.78117794
1664841600000,2022-10-04 00:00:00,SHIB/EUR,1.137e-05,1.174e-05,1.125e-05,1.163e-05,101922873608.0,1165645.60716606
1664928000000,2022-10-05 00:00:00,SHIB/EUR,1.163e-05,1.181e-05,1.132e-05,1.155e-05,89510309176.0,1031547.97542536
1665014400000,2022-10-06 00:00:00,SHIB/EUR,1.155e-05,1.172e-05,1.134e-05,1.142e-05,66817112092.0,771840.86334247
1665100800000,2022-10-07 00:00:00,SHIB/EUR,1.142e-05,1.147e-05,1.114e-05,1.138e-05,50561506598.0,573453.01321143
1665187200000,2022-10-08 00:00:00,SHIB/EUR,1.138e-05,1.144e-05,1.114e-05,1.13e-05,12124117524.0,137324.89488282
1665273600000,2022-10-09 00:00:00,SHIB/EUR,1.129e-05,1.14e-05,1.126e-05,1.134e-05,6541781553.0,74165.45576653
1665360000000,2022-10-10 00:00:00,SHIB/EUR,1.133e-05,1.141e-05,1.024e-05,1.053e-05,38707370987.0,426563.65852651
1665446400000,2022-10-11 00:00:00,SHIB/EUR,1.052e-05,1.071e-05,1.004e-05,1.055e-05,38776424863.0,405619.91802537
1665532800000,2022-10-12 00:00:00,SHIB/EUR,1.056e-05,1.071e-05,1.038e-05,1.048e-05,21045665337.0,221678.69597049
1665619200000,2022-10-13 00:00:00,SHIB/EUR,1.047e-05,1.106e-05,9.52e-06,1.066e-05,84155343057.0,858344.5232137
1665705600000,2022-10-14 00:00:00,SHIB/EUR,1.067e-05,1.096e-05,1.031e-05,1.048e-05,29350556897.0,311244.95923009
1665792000000,2022-10-15 00:00:00,SHIB/EUR,1.046e-05,1.083e-05,1.032e-05,1.052e-05,21494063877.0,226325.08995355
1665878400000,2022-10-16 00:00:00,SHIB/EUR,1.051e-05,1.068e-05,1.048e-05,1.055e-05,16481645549.0,174188.24386664
1665964800000,2022-10-17 00:00:00,SHIB/EUR,1.057e-05,1.07e-05,1.044e-05,1.056e-05,27039759915.0,285575.2332786
1666051200000,2022-10-18 00:00:00,SHIB/EUR,1.057e-05,1.066e-05,1.016e-05,1.033e-05,24540728591.0,254585.86864456
1666137600000,2022-10-19 00:00:00,SHIB/EUR,1.033e-05,1.194e-05,9.71e-06,1.008e-05,51286294001.0,531642.92468701
1666224000000,2022-10-20 00:00:00,SHIB/EUR,1.008e-05,1.03e-05,1.003e-05,1.013e-05,35190647929.0,358985.92212268
1666310400000,2022-10-21 00:00:00,SHIB/EUR,1.013e-05,1.027e-05,9.87e-06,1.016e-05,41243605579.0,415232.49663782
1666396800000,2022-10-22 00:00:00,SHIB/EUR,1.016e-05,1.022e-05,1.005e-05,1.013e-05,22355473512.0,226394.56495539
1666483200000,2022-10-23 00:00:00,SHIB/EUR,1.014e-05,1.031e-05,1.001e-05,1.029e-05,30922479397.0,314203.51196757
1666569600000,2022-10-24 00:00:00,SHIB/EUR,1.029e-05,1.033e-05,9.99e-06,1.003e-05,19653375308.0,198989.07254823
1666656000000,2022-10-25 00:00:00,SHIB/EUR,1.003e-05,1.044e-05,9.98e-06,1.025e-05,66913541371.0,685460.70591602
1666742400000,2022-10-26 00:00:00,SHIB/EUR,1.028e-05,1.079e-05,1.021e-05,1.068e-05,73749848078.0,775287.12136195
1666828800000,2022-10-27 00:00:00,SHIB/EUR,1.067e-05,1.174e-05,1.061e-05,1.065e-05,124974644669.0,1388792.57038093
1666915200000,2022-10-28 00:00:00,SHIB/EUR,1.067e-05,1.226e-05,1.038e-05,1.176e-05,153034353162.0,1749582.49761479
1667001600000,2022-10-29 00:00:00,SHIB/EUR,1.178e-05,1.524e-05,1.159e-05,1.296e-05,431999105763.0,5823275.41970477
1667088000000,2022-10-30 00:00:00,SHIB/EUR,1.295e-05,1.397e-05,1.166e-05,1.199e-05,141770806834.0,1796601.33702889
1667174400000,2022-10-31 00:00:00,SHIB/EUR,1.2e-05,1.33e-05,1.177e-05,1.261e-05,150599374526.0,1890085.87781602
1667260800000,2022-11-01 00:00:00,SHIB/EUR,1.258e-05,1.363e-05,1.241e-05,1.303e-05,187085439105.0,2433252.12376554
1667347200000,2022-11-02 00:00:00,SHIB/EUR,1.3e-05,1.312e-05,1.173e-05,1.2e-05,141096457091.0,1739821.28032972
1667433600000,2022-11-03 00:00:00,SHIB/EUR,1.199e-05,1.262e-05,1.192e-05,1.205e-05,61150650151.0,754229.38631386
1667520000000,2022-11-04 00:00:00,SHIB/EUR,1.205e-05,1.395e-05,1.187e-05,1.256e-05,117665058376.0,1513386.76582642
1667606400000,2022-11-05 00:00:00,SHIB/EUR,1.262e-05,1.323e-05,1.221e-05,1.253e-05,75519569907.0,961322.05780221
1667692800000,2022-11-06 00:00:00,SHIB/EUR,1.254e-05,1.297e-05,1.185e-05,1.197e-05,64543669803.0,811427.352595
1667779200000,2022-11-07 00:00:00,SHIB/EUR,1.196e-05,1.219e-05,1.151e-05,1.18e-05,64843453412.0,773296.47606233
1667865600000,2022-11-08 00:00:00,SHIB/EUR,1.18e-05,1.189e-05,9.69e-06,1.009e-05,177119208152.0,1882068.48285499
1667952000000,2022-11-09 00:00:00,SHIB/EUR,1.014e-05,1.025e-05,8.36e-06,8.74e-06,178027210191.0,1681575.37532207
1668038400000,2022-11-10 00:00:00,SHIB/EUR,8.75e-06,1.15e-05,8.65e-06,1.004e-05,127847787707.0,1257953.12151366
1668124800000,2022-11-11 00:00:00,SHIB/EUR,1.004e-05,1.03e-05,9.11e-06,9.6e-06,68703197227.0,661445.95460328
1668211200000,2022-11-12 00:00:00,SHIB/EUR,9.62e-06,9.64e-06,9.02e-06,9.31e-06,62893540632.0,586532.52577541
1668297600000,2022-11-13 00:00:00,SHIB/EUR,9.31e-06,9.48e-06,8.63e-06,8.78e-06,59841922775.0,536386.19802143
1668384000000,2022-11-14 00:00:00,SHIB/EUR,8.74e-06,9.1e-06,8.3e-06,8.81e-06,125523113033.0,1102379.58021015
1668470400000,2022-11-15 00:00:00,SHIB/EUR,8.81e-06,9.18e-06,8.72e-06,8.95e-06,44956163212.0,401305.83351976
1668556800000,2022-11-16 00:00:00,SHIB/EUR,8.96e-06,9.3e-06,8.62e-06,8.8e-06,80829975966.0,726642.19138163
1668643200000,2022-11-17 00:00:00,SHIB/EUR,8.8e-06,8.89e-06,8.65e-06,8.73e-06,35189269885.0,308413.1809377
1668729600000,2022-11-18 00:00:00,SHIB/EUR,8.76e-06,8.91e-06,8.68e-06,8.8e-06,33630482785.0,295911.45362549
1668816000000,2022-11-19 00:00:00,SHIB/EUR,8.81e-06,8.94e-06,8.68e-06,8.85e-06,14593521034.0,128476.46494086
1668902400000,2022-11-20 00:00:00,SHIB/EUR,8.86e-06,8.92e-06,8.39e-06,8.49e-06,41276361243.0,358113.63320457
1668988800000,2022-11-21 00:00:00,SHIB/EUR,8.5e-06,8.5e-06,8.04e-06,8.23e-06,67705433420.0,562696.20104549
1669075200000,2022-11-22 00:00:00,SHIB/EUR,8.22e-06,8.57e-06,7.97e-06,8.55e-06,61850795356.0,511254.73272362
1669161600000,2022-11-23 00:00:00,SHIB/EUR,8.54e-06,8.82e-06,8.5e-06,8.69e-06,53244152548.0,461004.19281052
1669248000000,2022-11-24 00:00:00,SHIB/EUR,8.71e-06,8.81e-06,8.56e-06,8.65e-06,28742271021.0,248812.59869801
1669334400000,2022-11-25 00:00:00,SHIB/EUR,8.67e-06,9.09e-06,8.49e-06,8.82e-06,51946036265.0,456458.16610956
1669420800000,2022-11-26 00:00:00,SHIB/EUR,8.83e-06,9e-06,8.58e-06,8.67e-06,29099121113.0,257857.64094027
1669507200000,2022-11-27 00:00:00,SHIB/EUR,8.68e-06,9.24e-06,8.66e-06,8.93e-06,61908501550.0,559093.36570888
1669593600000,2022-11-28 00:00:00,SHIB/EUR,8.93e-06,9.02e-06,8.48e-06,8.77e-06,92401342430.0,804284.80421772
1669680000000,2022-11-29 00:00:00,SHIB/EUR,8.78e-06,8.95e-06,8.7e-06,8.78e-06,28731156215.0,253403.21963537
1669766400000,2022-11-30 00:00:00,SHIB/EUR,8.81e-06,9.07e-06,8.76e-06,8.97e-06,51065027078.0,455791.76290535
1669852800000,2022-12-01 00:00:00,SHIB/EUR,8.98e-06,9.01e-06,8.66e-06,8.75e-06,27445782903.0,242129.7869344
1669939200000,2022-12-02 00:00:00,SHIB/EUR,8.75e-06,8.88e-06,8.63e-06,8.86e-06,16452799896.0,144549.35903876
1670025600000,2022-12-03 00:00:00,SHIB/EUR,8.87e-06,9e-06,8.71e-06,8.74e-06,30054692851.0,266242.78187592
1670112000000,2022-12-04 00:00:00,SHIB/EUR,8.74e-06,8.92e-06,8.73e-06,8.89e-06,16519781546.0,146001.81911469
1670198400000,2022-12-05 00:00:00,SHIB/EUR,8.89e-06,9.59e-06,8.84e-06,8.98e-06,82276547917.0,755601.61852174
1670284800000,2022-12-06 00:00:00,SHIB/EUR,8.99e-06,9.01e-06,8.8e-06,8.9e-06,25469064905.0,226535.78588431
1670371200000,2022-12-07 00:00:00,SHIB/EUR,8.9e-06,8.94e-06,8.56e-06,8.65e-06,26457898489.0,229791.92495689
1670457600000,2022-12-08 00:00:00,SHIB/EUR,8.67e-06,8.84e-06,8.63e-06,8.79e-06,18110223763.0,158453.60307829
1670544000000,2022-12-09 00:00:00,SHIB/EUR,8.8e-06,8.86e-06,8.7e-06,8.75e-06,19941263912.0,174876.56165508
1670630400000,2022-12-10 00:00:00,SHIB/EUR,8.74e-06,8.82e-06,8.69e-06,8.71e-06,9495633031.0,83180.25309561
1670716800000,2022-12-11 00:00:00,SHIB/EUR,8.73e-06,8.82e-06,8.63e-06,8.65e-06,10757153461.0,94096.18672667
1670803200000,2022-12-12 00:00:00,SHIB/EUR,8.65e-06,8.66e-06,8.01e-06,8.5e-06,58960060723.0,492964.86085599
1670889600000,2022-12-13 00:00:00,SHIB/EUR,8.53e-06,8.8e-06,8.17e-06,8.64e-06,43073133464.0,368760.25501717
1670976000000,2022-12-14 00:00:00,SHIB/EUR,8.64e-06,8.72e-06,8.35e-06,8.4e-06,36210492317.0,308490.25003104
1671062400000,2022-12-15 00:00:00,SHIB/EUR,8.39e-06,8.43e-06,8.21e-06,8.33e-06,22323629492.0,185950.05019811
1671148800000,2022-12-16 00:00:00,SHIB/EUR,8.32e-06,8.45e-06,7.61e-06,7.75e-06,62000579406.0,498513.97473147
1671235200000,2022-12-17 00:00:00,SHIB/EUR,7.74e-06,7.89e-06,7.58e-06,7.85e-06,42758196233.0,330548.5382877
1671321600000,2022-12-18 00:00:00,SHIB/EUR,7.85e-06,8.52e-06,7.77e-06,8.07e-06,99131199706.0,810573.40165438
1671408000000,2022-12-19 00:00:00,SHIB/EUR,8.1e-06,8.28e-06,7.5e-06,7.69e-06,77329990251.0,616098.53119736
1671494400000,2022-12-20 00:00:00,SHIB/EUR,7.69e-06,8.1e-06,7.69e-06,7.97e-06,41689359742.0,328743.09192669
1671580800000,2022-12-21 00:00:00,SHIB/EUR,7.98e-06,7.99e-06,7.7e-06,7.77e-06,21850822341.0,170294.35321121
1671667200000,2022-12-22 00:00:00,SHIB/EUR,7.76e-06,7.94e-06,7.72e-06,7.88e-06,15753708573.0,122977.6918805
1671753600000,2022-12-23 00:00:00,SHIB/EUR,7.88e-06,7.93e-06,7.74e-06,7.8e-06,19614635109.0,153492.45808287
1671840000000,2022-12-24 00:00:00,SHIB/EUR,7.79e-06,7.85e-06,7.75e-06,7.84e-06,7618984467.0,59394.60726312
1671926400000,2022-12-25 00:00:00,SHIB/EUR,7.84e-06,7.88e-06,7.72e-06,7.81e-06,7689821150.0,59797.57248372
1672012800000,2022-12-26 00:00:00,SHIB/EUR,7.8e-06,7.86e-06,7.74e-06,7.78e-06,7565973561.0,58973.55807483
1672099200000,2022-12-27 00:00:00,SHIB/EUR,7.8e-06,7.82e-06,7.57e-06,7.7e-06,17917756074.0,138316.66321506
1672185600000,2022-12-28 00:00:00,SHIB/EUR,7.7e-06,7.7e-06,7.32e-06,7.44e-06,25230020135.0,188845.19021905
1672272000000,2022-12-29 00:00:00,SHIB/EUR,7.45e-06,7.78e-06,7.4e-06,7.68e-06,37217721250.0,282804.89433607
1672358400000,2022-12-30 00:00:00,SHIB/EUR,7.68e-06,7.72e-06,7.43e-06,7.53e-06,28879763381.0,217668.73310264
1672444800000,2022-12-31 00:00:00,SHIB/EUR,7.53e-06,7.64e-06,7.49e-06,7.54e-06,12058061305.0,91238.82937052
1672531200000,2023-01-01 00:00:00,SHIB/EUR,7.55e-06,7.59e-06,7.46e-06,7.57e-06,8259899713.0,62202.1955902
1672617600000,2023-01-02 00:00:00,SHIB/EUR,7.57e-06,7.71e-06,7.48e-06,7.66e-06,17416398153.0,133121.62011225
1672704000000,2023-01-03 00:00:00,SHIB/EUR,7.65e-06,7.76e-06,7.61e-06,7.71e-06,18887160509.0,145355.35542756
1672790400000,2023-01-04 00:00:00,SHIB/EUR,7.72e-06,8.03e-06,7.68e-06,7.89e-06,39999152734.0,312572.60509738
1672876800000,2023-01-05 00:00:00,SHIB/EUR,7.89e-06,8.29e-06,7.83e-06,7.95e-06,63134881572.0,509475.12734629
1672963200000,2023-01-06 00:00:00,SHIB/EUR,7.96e-06,8.04e-06,7.78e-06,7.93e-06,30890011698.0,244036.1286316
1673049600000,2023-01-07 00:00:00,SHIB/EUR,7.93e-06,8.18e-06,7.87e-06,7.91e-06,22361360294.0,178527.12501557
1673136000000,2023-01-08 00:00:00,SHIB/EUR,7.91e-06,8.15e-06,7.82e-06,8.11e-06,21320402559.0,170055.72386144
1673222400000,2023-01-09 00:00:00,SHIB/EUR,8.11e-06,8.56e-06,7.97e-06,8.1e-06,112286416166.0,926239.67368132
1673308800000,2023-01-10 00:00:00,SHIB/EUR,8.09e-06,9e-06,7.97e-06,8.63e-06,167862118885.0,1435588.43975476
1673395200000,2023-01-11 00:00:00,SHIB/EUR,8.63e-06,8.63e-06,8.05e-06,8.47e-06,72665794944.0,603736.11851403
1673481600000,2023-01-12 00:00:00,SHIB/EUR,8.48e-06,8.99e-06,8.21e-06,8.71e-06,137281897105.0,1189149.75578347
1673568000000,2023-01-13 00:00:00,SHIB/EUR,8.73e-06,9.49e-06,8.56e-06,9.42e-06,95510193245.0,857034.64034446
1673654400000,2023-01-14 00:00:00,SHIB/EUR,9.42e-06,1.047e-05,8.88e-06,9.6e-06,190763068551.0,1839899.67413861
1673740800000,2023-01-15 00:00:00,SHIB/EUR,9.59e-06,1.014e-05,9.05e-06,9.85e-06,119095071515.0,1138985.39463056
1673827200000,2023-01-16 00:00:00,SHIB/EUR,9.82e-06,1.017e-05,9.33e-06,9.71e-06,125834800607.0,1235055.95466414
1673913600000,2023-01-17 00:00:00,SHIB/EUR,9.7e-06,1e-05,9.49e-06,9.77e-06,65530434614.0,641237.94911734
1674000000000,2023-01-18 00:00:00,SHIB/EUR,9.77e-06,1.2e-05,9.77e-06,1.035e-05,508478382517.0,5608859.33345768
1674086400000,2023-01-19 00:00:00,SHIB/EUR,1.034e-05,1.091e-05,1.002e-05,1.066e-05,71076153403.0,741890.07077649
1674172800000,2023-01-20 00:00:00,SHIB/EUR,1.065e-05,1.143e-05,1.047e-05,1.127e-05,92656442286.0,1018286.56011266
1674259200000,2023-01-21 00:00:00,SHIB/EUR,1.127e-05,1.151e-05,1.085e-05,1.094e-05,118516730465.0,1326380.97988577
1674345600000,2023-01-22 00:00:00,SHIB/EUR,1.094e-05,1.153e-05,1.067e-05,1.104e-05,103257170729.0,1153784.13697693
1674432000000,2023-01-23 00:00:00,SHIB/EUR,1.106e-05,1.121e-05,1.088e-05,1.104e-05,51488286441.0,570358.67369168
1674518400000,2023-01-24 00:00:00,SHIB/EUR,1.104e-05,1.122e-05,1.001e-05,1.03e-05,64844719255.0,694266.0492075
1674604800000,2023-01-25 00:00:00,SHIB/EUR,1.027e-05,1.095e-05,9.99e-06,1.067e-05,84390196315.0,878234.12033059
1674691200000,2023-01-26 00:00:00,SHIB/EUR,1.067e-05,1.087e-05,1.049e-05,1.066e-05,47515246939.0,506775.65933001
1674777600000,2023-01-27 00:00:00,SHIB/EUR,1.068e-05,1.093e-05,1.038e-05,1.079e-05,42501313214.0,452579.20704341
1674864000000,2023-01-28 00:00:00,SHIB/EUR,1.083e-05,1.134e-05,1.073e-05,1.087e-05,64793893783.0,712160.33643808
1674950400000,2023-01-29 00:00:00,SHIB/EUR,1.087e-05,1.118e-05,1.05e-05,1.112e-05,51254277001.0,566230.99804746
1675036800000,2023-01-30 00:00:00,SHIB/EUR,1.112e-05,1.117e-05,1.03e-05,1.063e-05,69667217158.0,745728.92478971
1675123200000,2023-01-31 00:00:00,SHIB/EUR,1.061e-05,1.104e-05,1.056e-05,1.088e-05,42858530212.0,465147.55140346
1675209600000,2023-02-01 00:00:00,SHIB/EUR,1.087e-05,1.095e-05,1.037e-05,1.087e-05,63933867401.0,684080.22415407
1675296000000,2023-02-02 00:00:00,SHIB/EUR,1.091e-05,1.189e-05,1.086e-05,1.114e-05,134326699158.0,1526351.2270967
1675382400000,2023-02-03 00:00:00,SHIB/EUR,1.116e-05,1.196e-05,1.109e-05,1.178e-05,85788550471.0,988659.82900015
1675468800000,2023-02-04 00:00:00,SHIB/EUR,1.179e-05,1.458e-05,1.178e-05,1.362e-05,398335986114.0,5326884.50796202
1675555200000,2023-02-05 00:00:00,SHIB/EUR,1.36e-05,1.42e-05,1.294e-05,1.327e-05,143858927450.0,1950688.4655197
1675641600000,2023-02-06 00:00:00,SHIB/EUR,1.325e-05,1.378e-05,1.298e-05,1.312e-05,127040608475.0,1703496.07790055
1675728000000,2023-02-07 00:00:00,SHIB/EUR,1.313e-05,1.351e-05,1.285e-05,1.342e-05,77488270716.0,1018729.9920584
1675814400000,2023-02-08 00:00:00,SHIB/EUR,1.342e-05,1.354e-05,1.26e-05,1.282e-05,66124459342.0,860983.62642029
1675900800000,2023-02-09 00:00:00,SHIB/EUR,1.286e-05,1.291e-05,1.091e-05,1.131e-05,121265049955.0,1444326.84760204
1675987200000,2023-02-10 00:00:00,SHIB/EUR,1.132e-05,1.247e-05,1.128e-05,1.209e-05,117860723600.0,1390587.82762318
1676073600000,2023-02-11 00:00:00,SHIB/EUR,1.207e-05,1.227e-05,1.161e-05,1.207e-05,81567198206.0,971471.60167695
1676160000000,2023-02-12 00:00:00,SHIB/EUR,1.208e-05,1.267e-05,1.176e-05,1.202e-05,81654358410.0,995520.73994955
1676246400000,2023-02-13 00:00:00,SHIB/EUR,1.206e-05,1.233e-05,1.1e-05,1.163e-05,81366090553.0,944190.15548128
1676332800000,2023-02-14 00:00:00,SHIB/EUR,1.165e-05,1.194e-05,1.13e-05,1.189e-05,75809489167.0,886384.8686832
1676419200000,2023-02-15 00:00:00,SHIB/EUR,1.19e-05,1.297e-05,1.172e-05,1.285e-05,80172532466.0,995395.78388203
1676505600000,2023-02-16 00:00:00,SHIB/EUR,1.287e-05,1.31e-05,1.178e-05,1.194e-05,147737520939.0,1860216.09993699
1676592000000,2023-02-17 00:00:00,SHIB/EUR,1.192e-05,1.251e-05,1.184e-05,1.233e-05,41237793293.0,507653.4662624
1676678400000,2023-02-18 00:00:00,SHIB/EUR,1.235e-05,1.255e-05,1.219e-05,1.235e-05,35256570302.0,435381.72498147
1676764800000,2023-02-19 00:00:00,SHIB/EUR,1.233e-05,1.31e-05,1.226e-05,1.249e-05,117865164369.0,1494148.33305384
1676851200000,2023-02-20 00:00:00,SHIB/EUR,1.253e-05,1.287e-05,1.222e-05,1.264e-05,44429880753.0,561447.25185829
1676937600000,2023-02-21 00:00:00,SHIB/EUR,1.264e-05,1.276e-05,1.208e-05,1.228e-05,56878116194.0,704515.68921803
1677024000000,2023-02-22 00:00:00,SHIB/EUR,1.229e-05,1.242e-05,1.18e-05,1.24e-05,49444443360.0,594204.41401653
1677110400000,2023-02-23 00:00:00,SHIB/EUR,1.24e-05,1.288e-05,1.224e-05,1.241e-05,66242236982.0,830106.37247716
1677196800000,2023-02-24 00:00:00,SHIB/EUR,1.238e-05,1.249e-05,1.16e-05,1.191e-05,41937510459.0,508705.82959562
1677283200000,2023-02-25 00:00:00,SHIB/EUR,1.191e-05,1.201e-05,1.138e-05,1.179e-05,29729292469.0,349170.17356054
1677369600000,2023-02-26 00:00:00,SHIB/EUR,1.178e-05,1.251e-05,1.171e-05,1.219e-05,37667428016.0,453823.4999127
1677456000000,2023-02-27 00:00:00,SHIB/EUR,1.22e-05,1.221e-05,1.171e-05,1.187e-05,28087939881.0,336102.64432185
1677542400000,2023-02-28 00:00:00,SHIB/EUR,1.188e-05,1.188e-05,1.143e-05,1.148e-05,32380704568.0,379090.27055993
1677628800000,2023-03-01 00:00:00,SHIB/EUR,1.149e-05,1.179e-05,1.14e-05,1.156e-05,29315568078.0,340732.56607135
1677715200000,2023-03-02 00:00:00,SHIB/EUR,1.156e-05,1.161e-05,1.115e-05,1.144e-05,37061013068.0,420645.88416665
1677801600000,2023-03-03 00:00:00,SHIB/EUR,1.144e-05,1.144e-05,1.044e-05,1.081e-05,53473156971.0,577672.45389957
1677888000000,2023-03-04 00:00:00,SHIB/EUR,1.079e-05,1.087e-05,1.023e-05,1.057e-05,27768990354.0,294312.8320364
1677974400000,2023-03-05 00:00:00,SHIB/EUR,1.057e-05,1.072e-05,1.044e-05,1.052e-05,17521246211.0,185409.23010793
1678060800000,2023-03-06 00:00:00,SHIB/EUR,1.05e-05,1.057e-05,1.03e-05,1.046e-05,27162184289.0,284033.8380893
1678147200000,2023-03-07 00:00:00,SHIB/EUR,1.048e-05,1.06e-05,1.004e-05,1.057e-05,42663060050.0,438946.83073114
1678233600000,2023-03-08 00:00:00,SHIB/EUR,1.055e-05,1.109e-05,1.019e-05,1.039e-05,54583625793.0,580907.80577466
1678320000000,2023-03-09 00:00:00,SHIB/EUR,1.041e-05,1.058e-05,9.33e-06,9.59e-06,64777910816.0,641735.54259811
1678406400000,2023-03-10 00:00:00,SHIB/EUR,9.6e-06,9.84e-06,9.19e-06,9.71e-06,56445946704.0,540177.68606509
1678492800000,2023-03-11 00:00:00,SHIB/EUR,9.68e-06,9.97e-06,9.22e-06,9.58e-06,44068474718.0,419919.59743699
1678579200000,2023-03-12 00:00:00,SHIB/EUR,9.59e-06,1.015e-05,9.35e-06,1.007e-05,42541302325.0,412038.78716173
1678665600000,2023-03-13 00:00:00,SHIB/EUR,1.01e-05,1.05e-05,9.74e-06,1.024e-05,81682047410.0,830554.83319919
1678752000000,2023-03-14 00:00:00,SHIB/EUR,1.027e-05,1.099e-05,1.011e-05,1.05e-05,117959300076.0,1238452.55971778
1678838400000,2023-03-15 00:00:00,SHIB/EUR,1.052e-05,1.064e-05,9.65e-06,9.85e-06,80807247464.0,818348.57165156
1678924800000,2023-03-16 00:00:00,SHIB/EUR,9.85e-06,1.004e-05,9.64e-06,9.94e-06,47433348248.0,468590.50595073
1679011200000,2023-03-17 00:00:00,SHIB/EUR,9.94e-06,1.054e-05,9.87e-06,1.051e-05,54736333806.0,561639.0011882
1679097600000,2023-03-18 00:00:00,SHIB/EUR,1.048e-05,1.07e-05,1.002e-05,1.008e-05,72515219912.0,754762.41111547
1679184000000,2023-03-19 00:00:00,SHIB/EUR,1.01e-05,1.055e-05,1.005e-05,1.032e-05,37317641917.0,386609.5301948
1679270400000,2023-03-20 00:00:00,SHIB/EUR,1.034e-05,1.041e-05,9.71e-06,9.82e-06,51880406965.0,521327.36102966
1679356800000,2023-03-21 00:00:00,SHIB/EUR,9.81e-06,1.037e-05,9.67e-06,1.027e-05,55124426509.0,555129.43518062
1679443200000,2023-03-22 00:00:00,SHIB/EUR,1.025e-05,1.035e-05,9.5e-06,9.84e-06,62608698659.0,626264.1109264
1679529600000,2023-03-23 00:00:00,SHIB/EUR,9.87e-06,1.012e-05,9.75e-06,1.006e-05,27794544646.0,277624.30604359
1679616000000,2023-03-24 00:00:00,SHIB/EUR,1.007e-05,1.009e-05,9.7e-06,9.96e-06,22309046746.0,221790.15989072
1679702400000,2023-03-25 00:00:00,SHIB/EUR,9.94e-06,1.002e-05,9.72e-06,9.84e-06,17567774254.0,173933.96780861
1679788800000,2023-03-26 00:00:00,SHIB/EUR,9.85e-06,9.99e-06,9.79e-06,9.89e-06,14297260078.0,141422.14181796
1679875200000,2023-03-27 00:00:00,SHIB/EUR,9.89e-06,1.023e-05,9.5e-06,9.72e-06,43527710345.0,429541.30752161
1679961600000,2023-03-28 00:00:00,SHIB/EUR,9.71e-06,9.9e-06,9.51e-06,9.66e-06,37495206256.0,360399.29935584
1680048000000,2023-03-29 00:00:00,SHIB/EUR,9.66e-06,1.005e-05,9.64e-06,9.85e-06,36413625446.0,360427.92380697
1680134400000,2023-03-30 00:00:00,SHIB/EUR,9.85e-06,9.97e-06,9.57e-06,9.73e-06,45087624793.0,440427.00650016
1680220800000,2023-03-31 00:00:00,SHIB/EUR,9.75e-06,1.013e-05,9.65e-06,1.001e-05,30408019473.0,301617.20727362
1680307200000,2023-04-01 00:00:00,SHIB/EUR,1.004e-05,1.066e-05,9.88e-06,1.034e-05,61367666194.0,632551.83193343
1680393600000,2023-04-02 00:00:00,SHIB/EUR,1.034e-05,1.062e-05,9.93e-06,1.003e-05,48545823972.0,495591.71645078
1680480000000,2023-04-03 00:00:00,SHIB/EUR,1.003e-05,1.074e-05,9.76e-06,1.035e-05,120431960725.0,1240006.61246258
1680566400000,2023-04-04 00:00:00,SHIB/EUR,1.037e-05,1.063e-05,1.02e-05,1.028e-05,52692278522.0,548449.7977164
1680652800000,2023-04-05 00:00:00,SHIB/EUR,1.028e-05,1.049e-05,1.014e-05,1.033e-05,30315650592.0,313163.39880113
1680739200000,2023-04-06 00:00:00,SHIB/EUR,1.033e-05,1.033e-05,9.99e-06,1.008e-05,37481725143.0,379668.8672343
1680825600000,2023-04-07 00:00:00,SHIB/EUR,1.009e-05,1.014e-05,9.94e-06,1.007e-05,15153230141.0,152102.13089976
1680912000000,2023-04-08 00:00:00,SHIB/EUR,1.003e-05,1.017e-05,9.92e-06,1e-05,15256231340.0,153180.08815553
1680998400000,2023-04-09 00:00:00,SHIB/EUR,1e-05,1.011e-05,9.93e-06,1.007e-05,11854914656.0,118805.54004982
1681084800000,2023-04-10 00:00:00,SHIB/EUR,1.007e-05,1.028e-05,1e-05,1.024e-05,15240099062.0,154159.7579052
1681171200000,2023-04-11 00:00:00,SHIB/EUR,1.024e-05,1.03e-05,1.014e-05,1.017e-05,22178017678.0,226616.70750743
1681257600000,2023-04-12 00:00:00,SHIB/EUR,1.018e-05,1.021e-05,9.77e-06,1.001e-05,39784014323.0,397040.90589849
1681344000000,2023-04-13 00:00:00,SHIB/EUR,1.003e-05,1.024e-05,9.96e-06,1.01e-05,24172574969.0,244428.14560012
1681430400000,2023-04-14 00:00:00,SHIB/EUR,1.009e-05,1.042e-05,1.007e-05,1.027e-05,51648994389.0,529416.4610966
1681516800000,2023-04-15 00:00:00,SHIB/EUR,1.025e-05,1.058e-05,1.008e-05,1.056e-05,33610672259.0,346764.54923779
1681603200000,2023-04-16 00:00:00,SHIB/EUR,1.055e-05,1.085e-05,1.041e-05,1.058e-05,67190724463.0,711815.79064786
1681689600000,2023-04-17 00:00:00,SHIB/EUR,1.059e-05,1.068e-05,1.025e-05,1.044e-05,46782983658.0,491144.06088208
1681776000000,2023-04-18 00:00:00,SHIB/EUR,1.044e-05,1.073e-05,1.033e-05,1.058e-05,38398339406.0,405614.83095662
1681862400000,2023-04-19 00:00:00,SHIB/EUR,1.056e-05,1.059e-05,9.74e-06,9.95e-06,65597006797.0,663336.72693892
1681948800000,2023-04-20 00:00:00,SHIB/EUR,9.93e-06,1.008e-05,9.51e-06,9.7e-06,37393669032.0,368243.93415904
1682035200000,2023-04-21 00:00:00,SHIB/EUR,9.7e-06,9.77e-06,9.18e-06,9.4e-06,36661978869.0,349164.3984158
1682121600000,2023-04-22 00:00:00,SHIB/EUR,9.39e-06,9.59e-06,9.25e-06,9.55e-06,19504731976.0,183154.82034794
1682208000000,2023-04-23 00:00:00,SHIB/EUR,9.55e-06,9.55e-06,9.19e-06,9.43e-06,15733325318.0,148373.88105883
1682294400000,2023-04-24 00:00:00,SHIB/EUR,9.42e-06,9.51e-06,9.2e-06,9.33e-06,16459426828.0,154141.1859489
1682380800000,2023-04-25 00:00:00,SHIB/EUR,9.34e-06,9.53e-06,9.22e-06,9.48e-06,19731556076.0,184072.13329734
1682467200000,2023-04-26 00:00:00,SHIB/EUR,9.48e-06,9.76e-06,8.86e-06,9.24e-06,37370892060.0,349124.22917362
1682553600000,2023-04-27 00:00:00,SHIB/EUR,9.23e-06,9.44e-06,9.21e-06,9.33e-06,21249771424.0,198526.67967743
1682640000000,2023-04-28 00:00:00,SHIB/EUR,9.34e-06,9.41e-06,9.21e-06,9.33e-06,15933534556.0,148454.92262645
1682726400000,2023-04-29 00:00:00,SHIB/EUR,9.31e-06,9.41e-06,9.26e-06,9.35e-06,9526235729.0,88934.68437184
1682812800000,2023-04-30 00:00:00,SHIB/EUR,9.34e-06,9.35e-06,9.11e-06,9.17e-06,11920383032.0,110381.29370414
1682899200000,2023-05-01 00:00:00,SHIB/EUR,9.16e-06,9.22e-06,8.92e-06,9.12e-06,17644066512.0,160022.43501357
1682985600000,2023-05-02 00:00:00,SHIB/EUR,9.12e-06,9.22e-06,9e-06,9.13e-06,20247135698.0,183828.70885654
1683072000000,2023-05-03 00:00:00,SHIB/EUR,9.14e-06,9.23e-06,8.8e-06,9.17e-06,29163742923.0,262475.78901991
1683158400000,2023-05-04 00:00:00,SHIB/EUR,9.17e-06,9.17e-06,8.99e-06,9.01e-06,15964925680.0,144599.23296172
1683244800000,2023-05-05 00:00:00,SHIB/EUR,9.01e-06,9.12e-06,8.92e-06,9.07e-06,19939801153.0,180078.20817624
1683331200000,2023-05-06 00:00:00,SHIB/EUR,9.05e-06,9.11e-06,8.37e-06,8.58e-06,50358213691.0,438169.29416785
1683417600000,2023-05-07 00:00:00,SHIB/EUR,8.58e-06,8.65e-06,8.46e-06,8.5e-06,17209220958.0,147142.5471229
1683504000000,2023-05-08 00:00:00,SHIB/EUR,8.5e-06,8.52e-06,7.63e-06,8.15e-06,62308301101.0,505798.82040888
1683590400000,2023-05-09 00:00:00,SHIB/EUR,8.14e-06,8.26e-06,7.94e-06,8.24e-06,26071394307.0,211198.27276825
1683676800000,2023-05-10 00:00:00,SHIB/EUR,8.24e-06,8.35e-06,7.9e-06,8.22e-06,30501808700.0,249745.50214397
1683763200000,2023-05-11 00:00:00,SHIB/EUR,8.22e-06,8.24e-06,7.84e-06,7.99e-06,25790525078.0,207479.42776249
1683849600000,2023-05-12 00:00:00,SHIB/EUR,7.97e-06,8.17e-06,7.81e-06,8.16e-06,24488086680.0,195136.40316637
1683936000000,2023-05-13 00:00:00,SHIB/EUR,8.17e-06,8.18e-06,8.03e-06,8.09e-06,18203013012.0,147526.1492741
1684022400000,2023-05-14 00:00:00,SHIB/EUR,8.08e-06,8.22e-06,8e-06,8.13e-06,10029444324.0,81590.99848134
1684108800000,2023-05-15 00:00:00,SHIB/EUR,8.14e-06,8.24e-06,8.01e-06,8.13e-06,16829992881.0,137364.59890344
1684195200000,2023-05-16 00:00:00,SHIB/EUR,8.12e-06,8.14e-06,8e-06,8.09e-06,17256045868.0,139263.22319417
1684281600000,2023-05-17 00:00:00,SHIB/EUR,8.09e-06,8.17e-06,7.94e-06,8.1e-06,25426721438.0,204842.93939861
1684368000000,2023-05-18 00:00:00,SHIB/EUR,8.11e-06,8.19e-06,7.91e-06,8.09e-06,38666378790.0,312801.73322932
1684454400000,2023-05-19 00:00:00,SHIB/EUR,8.1e-06,8.12e-06,8.01e-06,8.06e-06,10810430197.0,87156.71204184
1684540800000,2023-05-20 00:00:00,SHIB/EUR,8.06e-06,8.13e-06,8.01e-06,8.09e-06,15006912403.0,120753.03865999
1684627200000,2023-05-21 00:00:00,SHIB/EUR,8.09e-06,8.12e-06,7.85e-06,7.9e-06,11379345544.0,90587.87483182
1684713600000,2023-05-22 00:00:00,SHIB/EUR,7.9e-06,8.35e-06,7.8e-06,8.14e-06,58808720980.0,477914.1446276
1684800000000,2023-05-23 00:00:00,SHIB/EUR,8.14e-06,8.51e-06,8.14e-06,8.27e-06,52889213391.0,439484.88657149
1684886400000,2023-05-24 00:00:00,SHIB/EUR,8.26e-06,8.26e-06,7.82e-06,7.92e-06,26813967535.0,214238.10771989
1684972800000,2023-05-25 00:00:00,SHIB/EUR,7.94e-06,8.1e-06,7.75e-06,7.94e-06,25172153291.0,199508.11198701
1685059200000,2023-05-26 00:00:00,SHIB/EUR,7.94e-06,8.07e-06,7.87e-06,7.99e-06,21661717051.0,172329.28512863
1685145600000,2023-05-27 00:00:00,SHIB/EUR,8e-06,8.09e-06,7.95e-06,8.06e-06,14419294801.0,115585.46712395
1685232000000,2023-05-28 00:00:00,SHIB/EUR,8.07e-06,8.31e-06,8.04e-06,8.21e-06,42745393177.0,350229.65101039
1685318400000,2023-05-29 00:00:00,SHIB/EUR,8.23e-06,8.29e-06,8.12e-06,8.15e-06,18699772545.0,153435.52507133
1685404800000,2023-05-30 00:00:00,SHIB/EUR,8.15e-06,8.24e-06,8.06e-06,8.11e-06,26683423209.0,217320.30000887
1685491200000,2023-05-31 00:00:00,SHIB/EUR,8.11e-06,8.14e-06,7.83e-06,8.05e-06,56516590104.0,448065.94695262
1685577600000,2023-06-01 00:00:00,SHIB/EUR,8.04e-06,8.22e-06,7.88e-06,7.89e-06,31032411695.0,248201.19417793
1685664000000,2023-06-02 00:00:00,SHIB/EUR,7.88e-06,8.17e-06,7.69e-06,8.05e-06,28697501458.0,227713.57136124
1685750400000,2023-06-03 00:00:00,SHIB/EUR,8.06e-06,8.13e-06,7.98e-06,8.05e-06,12013570109.0,96844.35101346
1685836800000,2023-06-04 00:00:00,SHIB/EUR,8.05e-06,8.13e-06,8.01e-06,8.07e-06,16754716428.0,135527.05265406
1685923200000,2023-06-05 00:00:00,SHIB/EUR,8.05e-06,8.1e-06,7.26e-06,7.49e-06,58992610837.0,454438.06757529
1686009600000,2023-06-06 00:00:00,SHIB/EUR,7.5e-06,7.72e-06,7.38e-06,7.67e-06,27229012035.0,206410.09866987
1686096000000,2023-06-07 00:00:00,SHIB/EUR,7.67e-06,7.67e-06,7.27e-06,7.39e-06,26883187602.0,199917.3391247
1686182400000,2023-06-08 00:00:00,SHIB/EUR,7.38e-06,7.48e-06,7.32e-06,7.4e-06,20933386567.0,155444.02396547
1686268800000,2023-06-09 00:00:00,SHIB/EUR,7.39e-06,7.5e-06,7.29e-06,7.37e-06,16341229491.0,120610.35618899
1686355200000,2023-06-10 00:00:00,SHIB/EUR,7.34e-06,7.38e-06,5.05e-06,6.47e-06,215332313793.0,1296197.6023996
1686441600000,2023-06-11 00:00:00,SHIB/EUR,6.47e-06,6.48e-06,6.15e-06,6.24e-06,31135065679.0,196839.84855839
1686528000000,2023-06-12 00:00:00,SHIB/EUR,6.26e-06,6.26e-06,5.99e-06,6.23e-06,35361835946.0,217841.45501958
1686614400000,2023-06-13 00:00:00,SHIB/EUR,6.21e-06,6.44e-06,6.15e-06,6.33e-06,27519953126.0,173176.99589595
1686700800000,2023-06-14 00:00:00,SHIB/EUR,6.34e-06,6.44e-06,5.97e-06,6.1e-06,36776879662.0,230412.81861173
1686787200000,2023-06-15 00:00:00,SHIB/EUR,6.08e-06,6.28e-06,5.98e-06,6.18e-06,25609381300.0,156705.98463883
1686873600000,2023-06-16 00:00:00,SHIB/EUR,6.17e-06,6.29e-06,6.07e-06,6.27e-06,29112196656.0,179941.94459542
1686960000000,2023-06-17 00:00:00,SHIB/EUR,6.26e-06,6.41e-06,6.22e-06,6.39e-06,19110046038.0,121119.88005382
1687046400000,2023-06-18 00:00:00,SHIB/EUR,6.4e-06,6.92e-06,6.34e-06,6.61e-06,102532038756.0,681266.35767692
1687132800000,2023-06-19 00:00:00,SHIB/EUR,6.6e-06,6.72e-06,6.47e-06,6.64e-06,37848707955.0,249837.39321707
1687219200000,2023-06-20 00:00:00,SHIB/EUR,6.63e-06,6.68e-06,6.43e-06,6.68e-06,32161496712.0,211418.85757321
1687305600000,2023-06-21 00:00:00,SHIB/EUR,6.68e-06,6.95e-06,6.66e-06,6.89e-06,32883925438.0,223629.51971203
1687392000000,2023-06-22 00:00:00,SHIB/EUR,6.89e-06,7.71e-06,6.87e-06,7.14e-06,206853813518.0,1520453.77836499
1687478400000,2023-06-23 00:00:00,SHIB/EUR,7.15e-06,7.5e-06,7.1e-06,7.31e-06,51800518273.0,377553.28827799
1687564800000,2023-06-24 00:00:00,SHIB/EUR,7.3e-06,7.43e-06,7.06e-06,7.19e-06,36877488750.0,267816.35475164
1687651200000,2023-06-25 00:00:00,SHIB/EUR,7.2e-06,7.38e-06,7.14e-06,7.22e-06,32995499100.0,239077.71447346
1687737600000,2023-06-26 00:00:00,SHIB/EUR,7.23e-06,7.28e-06,6.84e-06,6.95e-06,49834211261.0,352696.61016485
1687824000000,2023-06-27 00:00:00,SHIB/EUR,6.93e-06,7.04e-06,6.84e-06,6.95e-06,24398011854.0,169571.74794454
1687910400000,2023-06-28 00:00:00,SHIB/EUR,6.96e-06,6.96e-06,6.47e-06,6.65e-06,36750568965.0,246279.2651714
1687996800000,2023-06-29 00:00:00,SHIB/EUR,6.65e-06,6.83e-06,6.63e-06,6.77e-06,20453184486.0,137610.8204478
1688083200000,2023-06-30 00:00:00,SHIB/EUR,6.77e-06,7.08e-06,6.48e-06,6.93e-06,52583418718.0,360452.28356287
1688169600000,2023-07-01 00:00:00,SHIB/EUR,6.94e-06,7.12e-06,6.87e-06,7.02e-06,44965277142.0,315348.83804311
1688256000000,2023-07-02 00:00:00,SHIB/EUR,7.02e-06,7.09e-06,6.82e-06,7.01e-06,45184861965.0,314314.72440086
1688342400000,2023-07-03 00:00:00,SHIB/EUR,7.01e-06,7.16e-06,7e-06,7.13e-06,37602099463.0,266091.82416947
1688428800000,2023-07-04 00:00:00,SHIB/EUR,7.13e-06,7.23e-06,7.02e-06,7.08e-06,46555631689.0,331890.13626143
1688515200000,2023-07-05 00:00:00,SHIB/EUR,7.09e-06,7.13e-06,6.79e-06,6.88e-06,37922092405.0,263137.28799835
1688601600000,2023-07-06 00:00:00,SHIB/EUR,6.89e-06,7.06e-06,6.58e-06,6.59e-06,42575868660.0,288885.39995747
1688688000000,2023-07-07 00:00:00,SHIB/EUR,6.58e-06,6.72e-06,6.53e-06,6.69e-06,17836294865.0,118756.15665132
1688774400000,2023-07-08 00:00:00,SHIB/EUR,6.69e-06,7.06e-06,6.66e-06,7e-06,25022345896.0,172186.87645383
1688860800000,2023-07-09 00:00:00,SHIB/EUR,7e-06,7.15e-06,6.94e-06,7.09e-06,53429150479.0,376160.88687898
1688947200000,2023-07-10 00:00:00,SHIB/EUR,7.08e-06,7.08e-06,6.78e-06,6.87e-06,35168884214.0,243136.49947245
1689033600000,2023-07-11 00:00:00,SHIB/EUR,6.86e-06,6.92e-06,6.78e-06,6.86e-06,13516276623.0,92657.35909215
1689120000000,2023-07-12 00:00:00,SHIB/EUR,6.86e-06,6.91e-06,6.62e-06,6.75e-06,28521921340.0,193005.21096561
1689206400000,2023-07-13 00:00:00,SHIB/EUR,6.76e-06,7.25e-06,6.7e-06,7.13e-06,95788980567.0,672022.38197047
1689292800000,2023-07-14 00:00:00,SHIB/EUR,7.14e-06,7.53e-06,6.81e-06,7.12e-06,96119825176.0,690189.80864955
1689379200000,2023-07-15 00:00:00,SHIB/EUR,7.12e-06,7.62e-06,7.07e-06,7.25e-06,104279316088.0,771336.98768111
1689465600000,2023-07-16 00:00:00,SHIB/EUR,7.29e-06,7.3e-06,7e-06,7.04e-06,37464260406.0,268078.94151236
1689552000000,2023-07-17 00:00:00,SHIB/EUR,7.02e-06,7.2e-06,6.8e-06,7.02e-06,49484907598.0,346176.99614117
1689638400000,2023-07-18 00:00:00,SHIB/EUR,7.01e-06,7.05e-06,6.78e-06,6.87e-06,22476506918.0,154738.02563051
1689724800000,2023-07-19 00:00:00,SHIB/EUR,6.89e-06,7.01e-06,6.84e-06,6.94e-06,30066058774.0,208479.10892746
1689811200000,2023-07-20 00:00:00,SHIB/EUR,6.92e-06,7.09e-06,6.87e-06,6.92e-06,46009139019.0,320394.84481668
1689897600000,2023-07-21 00:00:00,SHIB/EUR,6.93e-06,7.22e-06,6.91e-06,7.07e-06,28974299353.0,204187.4533839
1689984000000,2023-07-22 00:00:00,SHIB/EUR,7.08e-06,7.13e-06,6.95e-06,7.01e-06,22928339187.0,161552.84856206
1690070400000,2023-07-23 00:00:00,SHIB/EUR,7.01e-06,7.14e-06,6.98e-06,7.09e-06,13551769897.0,95953.635269
1690156800000,2023-07-24 00:00:00,SHIB/EUR,7.11e-06,7.25e-06,6.87e-06,6.96e-06,57348603619.0,403766.04964982
1690243200000,2023-07-25 00:00:00,SHIB/EUR,6.96e-06,7.22e-06,6.94e-06,7.18e-06,58339095206.0,414253.8032166
1690329600000,2023-07-26 00:00:00,SHIB/EUR,7.2e-06,7.24e-06,7e-06,7.12e-06,37370718221.0,265857.62786394
1690416000000,2023-07-27 00:00:00,SHIB/EUR,7.11e-06,7.17e-06,7.07e-06,7.12e-06,15680607901.0,111689.48506888
1690502400000,2023-07-28 00:00:00,SHIB/EUR,7.13e-06,7.68e-06,7.11e-06,7.45e-06,84387799746.0,632012.86067374
1690588800000,2023-07-29 00:00:00,SHIB/EUR,7.45e-06,7.88e-06,7.42e-06,7.78e-06,63008385884.0,479325.70315544
1690675200000,2023-07-30 00:00:00,SHIB/EUR,7.78e-06,8e-06,7.4e-06,7.54e-06,81878634141.0,632179.37399342
1690761600000,2023-07-31 00:00:00,SHIB/EUR,7.54e-06,7.94e-06,7.5e-06,7.73e-06,51878307492.0,401367.17158012
1690848000000,2023-08-01 00:00:00,SHIB/EUR,7.73e-06,7.73e-06,7.44e-06,7.68e-06,42701794213.0,323607.99213272
1690934400000,2023-08-02 00:00:00,SHIB/EUR,7.68e-06,7.72e-06,7.41e-06,7.47e-06,23663213886.0,178582.40909228
1691020800000,2023-08-03 00:00:00,SHIB/EUR,7.46e-06,7.68e-06,7.45e-06,7.59e-06,28003194056.0,212035.21444207
1691107200000,2023-08-04 00:00:00,SHIB/EUR,7.61e-06,8.09e-06,7.61e-06,8.01e-06,85809872177.0,680671.92044852
1691193600000,2023-08-05 00:00:00,SHIB/EUR,8.01e-06,9.7e-06,7.98e-06,9.2e-06,338565509847.0,3045257.37033282
1691280000000,2023-08-06 00:00:00,SHIB/EUR,9.21e-06,9.47e-06,8.47e-06,8.65e-06,166028532660.0,1470368.24238668
1691366400000,2023-08-07 00:00:00,SHIB/EUR,8.64e-06,8.72e-06,8.1e-06,8.32e-06,83427611551.0,699691.7648788
1691452800000,2023-08-08 00:00:00,SHIB/EUR,8.3e-06,9.01e-06,8.22e-06,8.85e-06,112973397805.0,975669.60190355
1691539200000,2023-08-09 00:00:00,SHIB/EUR,8.86e-06,9.28e-06,8.73e-06,8.94e-06,117312894754.0,1057947.33122458
1691625600000,2023-08-10 00:00:00,SHIB/EUR,8.95e-06,9.34e-06,8.91e-06,9.21e-06,75212815135.0,686133.17603861
1691712000000,2023-08-11 00:00:00,SHIB/EUR,9.19e-06,9.86e-06,9.05e-06,9.76e-06,96601726057.0,909344.28262188
1691798400000,2023-08-12 00:00:00,SHIB/EUR,9.77e-06,1.051e-05,9.7e-06,9.83e-06,156022013151.0,1573097.860419
1691884800000,2023-08-13 00:00:00,SHIB/EUR,9.83e-06,9.97e-06,9.34e-06,9.46e-06,62796641821.0,605774.1209927
1691971200000,2023-08-14 00:00:00,SHIB/EUR,9.43e-06,9.83e-06,9.21e-06,9.47e-06,76441437040.0,732016.35120129
1692057600000,2023-08-15 00:00:00,SHIB/EUR,9.47e-06,9.83e-06,8.71e-06,9.17e-06,108185566309.0,1003544.71755282
1692144000000,2023-08-16 00:00:00,SHIB/EUR,9.16e-06,9.37e-06,8.36e-06,8.54e-06,111417972669.0,984375.46225956
1692230400000,2023-08-17 00:00:00,SHIB/EUR,8.52e-06,8.66e-06,6.87e-06,7.58e-06,130398881598.0,1048835.03243907
1692316800000,2023-08-18 00:00:00,SHIB/EUR,7.55e-06,8.33e-06,7.46e-06,8.07e-06,70842255177.0,562672.67377777
1692403200000,2023-08-19 00:00:00,SHIB/EUR,8.07e-06,8.15e-06,7.81e-06,7.92e-06,40460727316.0,322496.97873818
1692489600000,2023-08-20 00:00:00,SHIB/EUR,7.92e-06,7.95e-06,7.62e-06,7.73e-06,21916980665.0,170401.97252041
1692576000000,2023-08-21 00:00:00,SHIB/EUR,7.73e-06,7.78e-06,7.19e-06,7.36e-06,33899213407.0,252852.405025
1692662400000,2023-08-22 00:00:00,SHIB/EUR,7.36e-06,7.46e-06,7.01e-06,7.41e-06,47150869101.0,343934.75993955
1692748800000,2023-08-23 00:00:00,SHIB/EUR,7.41e-06,7.87e-06,7.39e-06,7.67e-06,43553389134.0,334322.95878843
1692835200000,2023-08-24 00:00:00,SHIB/EUR,7.68e-06,7.71e-06,7.46e-06,7.61e-06,23460151523.0,178457.59883868
1692921600000,2023-08-25 00:00:00,SHIB/EUR,7.61e-06,7.66e-06,7.42e-06,7.57e-06,23961041294.0,180434.73452255
1693008000000,2023-08-26 00:00:00,SHIB/EUR,7.56e-06,7.65e-06,7.49e-06,7.52e-06,12122987291.0,91811.77617499
1693094400000,2023-08-27 00:00:00,SHIB/EUR,7.49e-06,7.59e-06,7.44e-06,7.45e-06,10538018267.0,79102.34781653
1693180800000,2023-08-28 00:00:00,SHIB/EUR,7.45e-06,7.71e-06,7.3e-06,7.6e-06,26875219637.0,201394.11712804
1693267200000,2023-08-29 00:00:00,SHIB/EUR,7.6e-06,7.81e-06,7.45e-06,7.72e-06,32477008045.0,248958.71594989
1693353600000,2023-08-30 00:00:00,SHIB/EUR,7.73e-06,7.73e-06,7.41e-06,7.5e-06,14390408828.0,108426.24860198
1693440000000,2023-08-31 00:00:00,SHIB/EUR,7.48e-06,7.59e-06,7.22e-06,7.4e-06,18891401164.0,140866.61647209
1693526400000,2023-09-01 00:00:00,SHIB/EUR,7.41e-06,7.46e-06,7.21e-06,7.35e-06,19609295094.0,143867.86380062
1693612800000,2023-09-02 00:00:00,SHIB/EUR,7.36e-06,7.39e-06,7.23e-06,7.29e-06,7584023768.0,55585.03931805
1693699200000,2023-09-03 00:00:00,SHIB/EUR,7.3e-06,7.33e-06,7.11e-06,7.16e-06,13829900469.0,99505.79969855
1693785600000,2023-09-04 00:00:00,SHIB/EUR,7.15e-06,7.26e-06,6.87e-06,6.95e-06,16704178463.0,118292.64276947
1693872000000,2023-09-05 00:00:00,SHIB/EUR,6.95e-06,7.2e-06,6.9e-06,7.15e-06,16474238249.0,116401.76342741
1693958400000,2023-09-06 00:00:00,SHIB/EUR,7.17e-06,7.24e-06,7.02e-06,7.18e-06,18527578188.0,132432.65890631
1694044800000,2023-09-07 00:00:00,SHIB/EUR,7.18e-06,7.22e-06,7.07e-06,7.19e-06,8851324510.0,63110.68088489
1694131200000,2023-09-08 00:00:00,SHIB/EUR,7.2e-06,7.21e-06,7.02e-06,7.1e-06,11154233875.0,79115.67123738
1694217600000,2023-09-09 00:00:00,SHIB/EUR,7.13e-06,7.16e-06,7.07e-06,7.09e-06,7748336714.0,55145.02072323
1694304000000,2023-09-10 00:00:00,SHIB/EUR,7.09e-06,7.09e-06,6.75e-06,6.89e-06,24902277554.0,172512.5229223
1694390400000,2023-09-11 00:00:00,SHIB/EUR,6.88e-06,6.9e-06,6.5e-06,6.57e-06,26282046510.0,174814.90037276
1694476800000,2023-09-12 00:00:00,SHIB/EUR,6.59e-06,6.88e-06,6.58e-06,6.69e-06,14618451706.0,98650.2565246
1694563200000,2023-09-13 00:00:00,SHIB/EUR,6.67e-06,6.84e-06,6.66e-06,6.77e-06,10754879258.0,72761.5283454
1694649600000,2023-09-14 00:00:00,SHIB/EUR,6.78e-06,7e-06,6.73e-06,6.93e-06,13208789844.0,90719.43451337
1694736000000,2023-09-15 00:00:00,SHIB/EUR,6.92e-06,7.03e-06,6.87e-06,7e-06,15302194320.0,106201.81253389
1694822400000,2023-09-16 00:00:00,SHIB/EUR,7e-06,7.12e-06,6.87e-06,6.93e-06,7791211352.0,54370.82699077
1694908800000,2023-09-17 00:00:00,SHIB/EUR,6.94e-06,6.94e-06,6.66e-06,6.77e-06,11125531565.0,75568.58489109
1694995200000,2023-09-18 00:00:00,SHIB/EUR,6.77e-06,6.96e-06,6.69e-06,6.8e-06,15827637171.0,108367.77709182
1695081600000,2023-09-19 00:00:00,SHIB/EUR,6.8e-06,6.97e-06,6.76e-06,6.95e-06,14317688750.0,98527.80472832
1695168000000,2023-09-20 00:00:00,SHIB/EUR,6.95e-06,7.04e-06,6.8e-06,6.99e-06,15470104588.0,106610.75840033
1695254400000,2023-09-21 00:00:00,SHIB/EUR,6.99e-06,7.09e-06,6.79e-06,6.81e-06,13928777106.0,95778.80819351
1695340800000,2023-09-22 00:00:00,SHIB/EUR,6.81e-06,6.89e-06,6.75e-06,6.86e-06,10627175312.0,72719.06245473
1695427200000,2023-09-23 00:00:00,SHIB/EUR,6.88e-06,7.24e-06,6.87e-06,7.06e-06,31904553847.0,225204.50233824
1695513600000,2023-09-24 00:00:00,SHIB/EUR,7.06e-06,7.06e-06,6.83e-06,6.86e-06,13374630869.0,92868.78553352
1695600000000,2023-09-25 00:00:00,SHIB/EUR,6.87e-06,6.94e-06,6.75e-06,6.88e-06,10784829273.0,73931.1409664
1695686400000,2023-09-26 00:00:00,SHIB/EUR,6.9e-06,6.94e-06,6.81e-06,6.88e-06,7524445887.0,51621.95257577
1695772800000,2023-09-27 00:00:00,SHIB/EUR,6.87e-06,6.95e-06,6.8e-06,6.87e-06,10036296771.0,68945.76176891
1695859200000,2023-09-28 00:00:00,SHIB/EUR,6.87e-06,6.94e-06,6.87e-06,6.92e-06,7013060129.0,48424.70532671
1695945600000,2023-09-29 00:00:00,SHIB/EUR,6.93e-06,7e-06,6.88e-06,6.93e-06,6904956776.0,47934.914099
1696032000000,2023-09-30 00:00:00,SHIB/EUR,6.93e-06,7.01e-06,6.92e-06,6.96e-06,3584396791.0,24940.81747316
1696118400000,2023-10-01 00:00:00,SHIB/EUR,6.96e-06,7.17e-06,6.94e-06,7.13e-06,6114580328.0,42994.07520778
1696204800000,2023-10-02 00:00:00,SHIB/EUR,7.13e-06,7.21e-06,6.9e-06,6.99e-06,9532859410.0,67555.05525951
1696291200000,2023-10-03 00:00:00,SHIB/EUR,6.98e-06,7.01e-06,6.9e-06,6.96e-06,6080168123.0,42289.11902116
1696377600000,2023-10-04 00:00:00,SHIB/EUR,6.95e-06,6.95e-06,6.76e-06,6.89e-06,7630022920.0,52553.52730025
1696464000000,2023-10-05 00:00:00,SHIB/EUR,6.9e-06,6.92e-06,6.78e-06,6.78e-06,6407930159.0,43967.1076057
1696550400000,2023-10-06 00:00:00,SHIB/EUR,6.78e-06,6.86e-06,6.78e-06,6.85e-06,5346666307.0,36495.36086678
1696636800000,2023-10-07 00:00:00,SHIB/EUR,6.84e-06,6.87e-06,6.8e-06,6.85e-06,3226093912.0,22054.42324272
1696723200000,2023-10-08 00:00:00,SHIB/EUR,6.85e-06,6.89e-06,6.79e-06,6.83e-06,3428538153.0,23389.80635481
1696809600000,2023-10-09 00:00:00,SHIB/EUR,6.8e-06,6.84e-06,6.41e-06,6.55e-06,12762592600.0,84020.57653608
1696896000000,2023-10-10 00:00:00,SHIB/EUR,6.55e-06,6.61e-06,6.44e-06,6.52e-06,7905080402.0,51533.71126252
1696982400000,2023-10-11 00:00:00,SHIB/EUR,6.52e-06,6.55e-06,6.34e-06,6.39e-06,12420926401.0,79741.0164715
1697068800000,2023-10-12 00:00:00,SHIB/EUR,6.39e-06,6.53e-06,6.36e-06,6.46e-06,10779416954.0,69631.74539398
1697155200000,2023-10-13 00:00:00,SHIB/EUR,6.46e-06,6.66e-06,6.43e-06,6.58e-06,9688531595.0,63241.29627574
1697241600000,2023-10-14 00:00:00,SHIB/EUR,6.59e-06,6.8e-06,6.59e-06,6.7e-06,14035003022.0,93919.7203487
1697328000000,2023-10-15 00:00:00,SHIB/EUR,6.69e-06,6.73e-06,6.62e-06,6.64e-06,7687587269.0,51264.91644458
1697414400000,2023-10-16 00:00:00,SHIB/EUR,6.64e-06,6.92e-06,6.63e-06,6.74e-06,19353154939.0,130479.39040349
1697500800000,2023-10-17 00:00:00,SHIB/EUR,6.74e-06,6.75e-06,6.49e-06,6.53e-06,11461327378.0,75809.13064689
1697587200000,2023-10-18 00:00:00,SHIB/EUR,6.52e-06,6.58e-06,6.38e-06,6.44e-06,11671040978.0,75745.93203231
1697673600000,2023-10-19 00:00:00,SHIB/EUR,6.43e-06,6.49e-06,6.31e-06,6.47e-06,10963697285.0,70020.09105809
1697760000000,2023-10-20 00:00:00,SHIB/EUR,6.46e-06,6.64e-06,6.46e-06,6.53e-06,12803204571.0,83984.75402948
1697846400000,2023-10-21 00:00:00,SHIB/EUR,6.53e-06,6.78e-06,6.51e-06,6.66e-06,10443790563.0,69833.62258989
1697932800000,2023-10-22 00:00:00,SHIB/EUR,6.67e-06,6.74e-06,6.54e-06,6.72e-06,9256809679.0,61479.188215
1698019200000,2023-10-23 00:00:00,SHIB/EUR,6.75e-06,7.04e-06,6.71e-06,7.03e-06,31264272479.0,213232.93726121
1698105600000,2023-10-24 00:00:00,SHIB/EUR,7.05e-06,7.3e-06,6.83e-06,6.99e-06,33527349465.0,236606.18914995
1698192000000,2023-10-25 00:00:00,SHIB/EUR,6.98e-06,7.53e-06,6.88e-06,7.41e-06,27319846404.0,197984.89885223
1698278400000,2023-10-26 00:00:00,SHIB/EUR,7.39e-06,7.81e-06,7.2e-06,7.51e-06,45303564799.0,342264.84023828
1698364800000,2023-10-27 00:00:00,SHIB/EUR,7.47e-06,7.54e-06,7.18e-06,7.29e-06,18925237882.0,139804.64815249
1698451200000,2023-10-28 00:00:00,SHIB/EUR,7.28e-06,7.69e-06,7.26e-06,7.54e-06,14957464949.0,111680.50514518
1698537600000,2023-10-29 00:00:00,SHIB/EUR,7.54e-06,7.69e-06,7.33e-06,7.61e-06,21902269922.0,166076.86057922
1698624000000,2023-10-30 00:00:00,SHIB/EUR,7.62e-06,7.65e-06,7.39e-06,7.54e-06,18986974748.0,143096.45390173
1698710400000,2023-10-31 00:00:00,SHIB/EUR,7.52e-06,7.58e-06,7.1e-06,7.38e-06,31508308170.0,232142.8158348
1698796800000,2023-11-01 00:00:00,SHIB/EUR,7.37e-06,7.55e-06,7.19e-06,7.54e-06,21591116088.0,159132.81955464
1698883200000,2023-11-02 00:00:00,SHIB/EUR,7.55e-06,7.64e-06,7.23e-06,7.4e-06,32622464620.0,243081.20588407
1698969600000,2023-11-03 00:00:00,SHIB/EUR,7.41e-06,7.41e-06,7.2e-06,7.3e-06,18842890105.0,137188.26684417
1699056000000,2023-11-04 00:00:00,SHIB/EUR,7.3e-06,7.45e-06,7.27e-06,7.42e-06,13791775490.0,101450.70664283
1699142400000,2023-11-05 00:00:00,SHIB/EUR,7.43e-06,7.76e-06,7.38e-06,7.57e-06,35495983160.0,268899.61464308
1699228800000,2023-11-06 00:00:00,SHIB/EUR,7.58e-06,7.95e-06,7.46e-06,7.89e-06,31474023059.0,243875.99837423
1699315200000,2023-11-07 00:00:00,SHIB/EUR,7.91e-06,7.91e-06,7.47e-06,7.7e-06,28285862447.0,217133.34851987
1699401600000,2023-11-08 00:00:00,SHIB/EUR,7.66e-06,7.8e-06,7.62e-06,7.75e-06,19019095439.0,147134.30371048
1699488000000,2023-11-09 00:00:00,SHIB/EUR,7.75e-06,8.14e-06,7.29e-06,7.72e-06,58567045003.0,458120.77032304
1699574400000,2023-11-10 00:00:00,SHIB/EUR,7.73e-06,8.03e-06,7.59e-06,7.97e-06,36241218594.0,283140.18722664
1699660800000,2023-11-11 00:00:00,SHIB/EUR,7.97e-06,9.05e-06,7.94e-06,8.53e-06,117307115792.0,1008609.04406417
1699747200000,2023-11-12 00:00:00,SHIB/EUR,8.54e-06,8.58e-06,8.16e-06,8.36e-06,30446308211.0,255799.241342
1699833600000,2023-11-13 00:00:00,SHIB/EUR,8.37e-06,8.6e-06,7.91e-06,7.99e-06,37405259217.0,309464.09099374
1699920000000,2023-11-14 00:00:00,SHIB/EUR,7.98e-06,8.13e-06,7.37e-06,7.67e-06,42696921598.0,333742.79054543
1700006400000,2023-11-15 00:00:00,SHIB/EUR,7.66e-06,8.17e-06,7.66e-06,8.12e-06,25203150817.0,200231.69513348
1700092800000,2023-11-16 00:00:00,SHIB/EUR,8.1e-06,8.47e-06,7.68e-06,7.85e-06,36966333597.0,299757.85795539
1700179200000,2023-11-17 00:00:00,SHIB/EUR,7.83e-06,8.44e-06,7.73e-06,8.1e-06,27612814930.0,222585.22515454
1700265600000,2023-11-18 00:00:00,SHIB/EUR,8.1e-06,8.18e-06,7.71e-06,7.85e-06,14942439475.0,118040.70458299
1700352000000,2023-11-19 00:00:00,SHIB/EUR,7.86e-06,7.98e-06,7.69e-06,7.96e-06,9432520386.0,74031.45821419
1700438400000,2023-11-20 00:00:00,SHIB/EUR,7.97e-06,8e-06,7.69e-06,7.71e-06,12755505140.0,100161.36321801
1700524800000,2023-11-21 00:00:00,SHIB/EUR,7.72e-06,7.77e-06,7e-06,7.09e-06,26816516776.0,197696.81100542
1700611200000,2023-11-22 00:00:00,SHIB/EUR,7.07e-06,7.53e-06,7.07e-06,7.45e-06,32626669485.0,240757.62070971
1700697600000,2023-11-23 00:00:00,SHIB/EUR,7.43e-06,7.5e-06,7.35e-06,7.45e-06,9910149593.0,73674.61296014
1700784000000,2023-11-24 00:00:00,SHIB/EUR,7.44e-06,7.59e-06,7.42e-06,7.49e-06,10417878534.0,78250.54360214
1700870400000,2023-11-25 00:00:00,SHIB/EUR,7.48e-06,7.79e-06,7.47e-06,7.72e-06,12694401773.0,96899.59426634
1700956800000,2023-11-26 00:00:00,SHIB/EUR,7.71e-06,7.74e-06,7.34e-06,7.6e-06,11472565634.0,86574.16835198
1701043200000,2023-11-27 00:00:00,SHIB/EUR,7.57e-06,7.89e-06,7.33e-06,7.49e-06,19949735397.0,151002.63402358
1701129600000,2023-11-28 00:00:00,SHIB/EUR,7.49e-06,7.59e-06,7.35e-06,7.56e-06,14620390748.0,109565.04170297
1701216000000,2023-11-29 00:00:00,SHIB/EUR,7.57e-06,7.64e-06,7.44e-06,7.49e-06,9927263022.0,74795.54413611
1701302400000,2023-11-30 00:00:00,SHIB/EUR,7.49e-06,7.64e-06,7.45e-06,7.62e-06,11092204519.0,83537.12266137
1701388800000,2023-12-01 00:00:00,SHIB/EUR,7.62e-06,7.72e-06,7.58e-06,7.69e-06,13738933917.0,105230.58164633
1701475200000,2023-12-02 00:00:00,SHIB/EUR,7.7e-06,7.87e-06,7.67e-06,7.85e-06,13023829940.0,101280.18146939
1701561600000,2023-12-03 00:00:00,SHIB/EUR,7.83e-06,8.72e-06,7.7e-06,8.29e-06,63567927032.0,526159.7854887
1701648000000,2023-12-04 00:00:00,SHIB/EUR,8.28e-06,8.88e-06,8.01e-06,8.5e-06,79951827429.0,672442.39954352
1701734400000,2023-12-05 00:00:00,SHIB/EUR,8.51e-06,8.87e-06,8.21e-06,8.78e-06,50996886467.0,437555.55091961
1701820800000,2023-12-06 00:00:00,SHIB/EUR,8.8e-06,9.91e-06,8.63e-06,9e-06,108096685658.0,1002098.95425021
1701907200000,2023-12-07 00:00:00,SHIB/EUR,9.03e-06,9.16e-06,8.72e-06,9.09e-06,28997696782.0,261012.6092147
1701993600000,2023-12-08 00:00:00,SHIB/EUR,9.08e-06,9.69e-06,8.6e-06,9.48e-06,46961595161.0,434000.80164898
1702080000000,2023-12-09 00:00:00,SHIB/EUR,9.5e-06,9.71e-06,9.22e-06,9.31e-06,33272091783.0,316552.93433724
1702166400000,2023-12-10 00:00:00,SHIB/EUR,9.32e-06,9.67e-06,9.23e-06,9.6e-06,27061798523.0,256588.19548828
1702252800000,2023-12-11 00:00:00,SHIB/EUR,9.62e-06,9.84e-06,8.53e-06,8.86e-06,43735965902.0,394501.63078907
1702339200000,2023-12-12 00:00:00,SHIB/EUR,8.86e-06,9.07e-06,8.62e-06,8.89e-06,26716027250.0,236892.34714587
1702425600000,2023-12-13 00:00:00,SHIB/EUR,8.87e-06,9.08e-06,8.5e-06,9.02e-06,25901298807.0,227592.27534728
1702512000000,2023-12-14 00:00:00,SHIB/EUR,9.04e-06,9.37e-06,8.75e-06,9.17e-06,27535069424.0,251123.45907218
1702598400000,2023-12-15 00:00:00,SHIB/EUR,9.19e-06,9.19e-06,8.8e-06,8.8e-06,24765138962.0,222417.10712456
1702684800000,2023-12-16 00:00:00,SHIB/EUR,8.85e-06,1.074e-05,8.71e-06,1.064e-05,90471626751.0,892168.37803033
1702771200000,2023-12-17 00:00:00,SHIB/EUR,1.065e-05,1.094e-05,9.37e-06,9.45e-06,93319176074.0,928535.36741445
1702857600000,2023-12-18 00:00:00,SHIB/EUR,9.45e-06,9.61e-06,8.77e-06,9.55e-06,47698691160.0,440045.28608867
1702944000000,2023-12-19 00:00:00,SHIB/EUR,9.56e-06,9.67e-06,9.1e-06,9.23e-06,17701875572.0,165979.57442473
1703030400000,2023-12-20 00:00:00,SHIB/EUR,9.21e-06,9.57e-06,9.08e-06,9.36e-06,20926831574.0,196114.88187316
1703116800000,2023-12-21 00:00:00,SHIB/EUR,9.36e-06,9.6e-06,9.27e-06,9.49e-06,20068083380.0,189447.10226457
1703203200000,2023-12-22 00:00:00,SHIB/EUR,9.5e-06,9.96e-06,9.38e-06,9.93e-06,40342101795.0,392229.54282495
1703289600000,2023-12-23 00:00:00,SHIB/EUR,9.92e-06,1.026e-05,9.58e-06,1.01e-05,44510637351.0,444442.39432585
1703376000000,2023-12-24 00:00:00,SHIB/EUR,1.009e-05,1.015e-05,9.57e-06,9.76e-06,34525171823.0,341868.27991639
1703462400000,2023-12-25 00:00:00,SHIB/EUR,9.76e-06,1.009e-05,9.67e-06,1.003e-05,31983550862.0,318322.59127067
1703548800000,2023-12-26 00:00:00,SHIB/EUR,1.003e-05,1.003e-05,9.14e-06,9.6e-06,23830423150.0,229444.63328261
1703635200000,2023-12-27 00:00:00,SHIB/EUR,9.61e-06,9.84e-06,9.34e-06,9.81e-06,21240768440.0,205749.64964607
1703721600000,2023-12-28 00:00:00,SHIB/EUR,9.82e-06,9.95e-06,9.43e-06,9.62e-06,17542376484.0,169860.82289789
1703808000000,2023-12-29 00:00:00,SHIB/EUR,9.62e-06,9.69e-06,9.32e-06,9.46e-06,27752428309.0,264972.86582091
1703894400000,2023-12-30 00:00:00,SHIB/EUR,9.47e-06,9.62e-06,9.42e-06,9.51e-06,11414927118.0,109005.32315961
1703980800000,2023-12-31 00:00:00,SHIB/EUR,9.5e-06,9.63e-06,9.3e-06,9.42e-06,14184943702.0,134915.60759332
1704067200000,2024-01-01 00:00:00,SHIB/EUR,9.42e-06,9.73e-06,9.29e-06,9.71e-06,11899178303.0,113858.76333989
1704153600000,2024-01-02 00:00:00,SHIB/EUR,9.69e-06,9.92e-06,9.58e-06,9.65e-06,26065802990.0,253838.89436602
1704240000000,2024-01-03 00:00:00,SHIB/EUR,9.69e-06,9.76e-06,7.7e-06,8.78e-06,68925197127.0,605224.78363964
1704326400000,2024-01-04 00:00:00,SHIB/EUR,8.78e-06,9.28e-06,8.67e-06,9.16e-06,25600375637.0,230869.64535845
1704412800000,2024-01-05 00:00:00,SHIB/EUR,9.16e-06,9.21e-06,8.63e-06,9.01e-06,28994978294.0,258297.85109408
1704499200000,2024-01-06 00:00:00,SHIB/EUR,9e-06,9.01e-06,8.55e-06,8.8e-06,13512252520.0,118817.22504329
1704585600000,2024-01-07 00:00:00,SHIB/EUR,8.8e-06,8.87e-06,8.19e-06,8.25e-06,21102974701.0,180960.35138676
1704672000000,2024-01-08 00:00:00,SHIB/EUR,8.28e-06,8.77e-06,7.79e-06,8.76e-06,36319028325.0,302127.33014089
1704758400000,2024-01-09 00:00:00,SHIB/EUR,8.76e-06,9.18e-06,8.37e-06,8.85e-06,52348007978.0,459543.11532873
1704844800000,2024-01-10 00:00:00,SHIB/EUR,8.86e-06,9.27e-06,8.34e-06,9.1e-06,59644487882.0,520773.21941015
1704931200000,2024-01-11 00:00:00,SHIB/EUR,9.12e-06,9.6e-06,8.99e-06,9.27e-06,33283725288.0,309931.12043451
1705017600000,2024-01-12 00:00:00,SHIB/EUR,9.25e-06,9.4e-06,8.57e-06,8.82e-06,39302424788.0,355420.01140307
1705104000000,2024-01-13 00:00:00,SHIB/EUR,8.84e-06,9.22e-06,8.66e-06,9.06e-06,12983980772.0,116739.13714884
1705190400000,2024-01-14 00:00:00,SHIB/EUR,9.05e-06,9.21e-06,8.73e-06,8.74e-06,10835228207.0,97597.74085704
1705276800000,2024-01-15 00:00:00,SHIB/EUR,8.77e-06,8.93e-06,8.69e-06,8.75e-06,10690789675.0,94141.27313215
1705363200000,2024-01-16 00:00:00,SHIB/EUR,8.73e-06,8.96e-06,8.68e-06,8.88e-06,10794024801.0,95477.67540458
1705449600000,2024-01-17 00:00:00,SHIB/EUR,8.9e-06,8.94e-06,8.65e-06,8.75e-06,16251076050.0,142600.66757047
1705536000000,2024-01-18 00:00:00,SHIB/EUR,8.75e-06,8.77e-06,8.26e-06,8.47e-06,17526290000.0,149205.1890107
1705622400000,2024-01-19 00:00:00,SHIB/EUR,8.47e-06,8.63e-06,8.1e-06,8.53e-06,15804880657.0,133022.10240879
1705708800000,2024-01-20 00:00:00,SHIB/EUR,8.55e-06,9.04e-06,8.52e-06,8.9e-06,23893119557.0,208943.37777627
1705795200000,2024-01-21 00:00:00,SHIB/EUR,8.9e-06,8.94e-06,8.56e-06,8.6e-06,25532274457.0,225388.36821075
1705881600000,2024-01-22 00:00:00,SHIB/EUR,8.59e-06,8.6e-06,8.15e-06,8.2e-06,22145224031.0,185659.85145904
1705968000000,2024-01-23 00:00:00,SHIB/EUR,8.2e-06,8.32e-06,7.77e-06,8.15e-06,36153012464.0,287996.44925549
1706054400000,2024-01-24 00:00:00,SHIB/EUR,8.13e-06,8.27e-06,8.05e-06,8.18e-06,18471640146.0,150666.40540747
1706140800000,2024-01-25 00:00:00,SHIB/EUR,8.18e-06,8.21e-06,8.06e-06,8.17e-06,11043744891.0,89886.52876998
1706227200000,2024-01-26 00:00:00,SHIB/EUR,8.16e-06,8.41e-06,8.12e-06,8.35e-06,8970893536.0,74434.57693877
1706313600000,2024-01-27 00:00:00,SHIB/EUR,8.35e-06,8.5e-06,8.28e-06,8.43e-06,5666244612.0,47546.39283954
1706400000000,2024-01-28 00:00:00,SHIB/EUR,8.45e-06,8.54e-06,8.23e-06,8.32e-06,12660557145.0,106107.92498516
1706486400000,2024-01-29 00:00:00,SHIB/EUR,8.32e-06,8.58e-06,8.28e-06,8.51e-06,19139231257.0,161646.78656125
1706572800000,2024-01-30 00:00:00,SHIB/EUR,8.51e-06,8.73e-06,8.33e-06,8.35e-06,13291971422.0,113618.58438392
1706659200000,2024-01-31 00:00:00,SHIB/EUR,8.36e-06,8.44e-06,8.19e-06,8.29e-06,28367161139.0,235933.81399657
1706745600000,2024-02-01 00:00:00,SHIB/EUR,8.3e-06,8.33e-06,8.13e-06,8.32e-06,10119888741.0,83421.71669795
1706832000000,2024-02-02 00:00:00,SHIB/EUR,8.31e-06,8.44e-06,8.27e-06,8.39e-06,8616195596.0,71899.50314633
1706918400000,2024-02-03 00:00:00,SHIB/EUR,8.41e-06,8.49e-06,8.36e-06,8.45e-06,7028249235.0,59219.14653768
1707004800000,2024-02-04 00:00:00,SHIB/EUR,8.44e-06,8.46e-06,8.23e-06,8.26e-06,5912811278.0,49325.65548548
1707091200000,2024-02-05 00:00:00,SHIB/EUR,8.25e-06,8.41e-06,8.17e-06,8.29e-06,7478462950.0,61977.93489086
1707177600000,2024-02-06 00:00:00,SHIB/EUR,8.29e-06,8.32e-06,8.22e-06,8.24e-06,5722699346.0,47361.26078316
1707264000000,2024-02-07 00:00:00,SHIB/EUR,8.24e-06,8.44e-06,8.18e-06,8.42e-06,6761681760.0,56198.65434507
1707350400000,2024-02-08 00:00:00,SHIB/EUR,8.42e-06,8.68e-06,8.4e-06,8.54e-06,35438209038.0,302454.78345947
1707436800000,2024-02-09 00:00:00,SHIB/EUR,8.58e-06,8.78e-06,8.58e-06,8.71e-06,13689154900.0,119020.40638453
1707523200000,2024-02-10 00:00:00,SHIB/EUR,8.7e-06,8.8e-06,8.56e-06,8.71e-06,10188732705.0,88612.06482405
1707609600000,2024-02-11 00:00:00,SHIB/EUR,8.72e-06,8.85e-06,8.62e-06,8.68e-06,11811079992.0,103242.97966621
1707696000000,2024-02-12 00:00:00,SHIB/EUR,8.69e-06,8.97e-06,8.54e-06,8.91e-06,17442777707.0,152718.96081214
1707782400000,2024-02-13 00:00:00,SHIB/EUR,8.92e-06,9.02e-06,8.67e-06,8.84e-06,17235200243.0,152490.69997258
1707868800000,2024-02-14 00:00:00,SHIB/EUR,8.84e-06,9.17e-06,8.78e-06,9.1e-06,28446095023.0,256533.50627349
1707955200000,2024-02-15 00:00:00,SHIB/EUR,9.12e-06,9.33e-06,9.02e-06,9.16e-06,34581526864.0,317072.43127754
1708041600000,2024-02-16 00:00:00,SHIB/EUR,9.18e-06,9.33e-06,8.97e-06,9.17e-06,22394017692.0,205544.81428088
1708128000000,2024-02-17 00:00:00,SHIB/EUR,9.17e-06,9.18e-06,8.74e-06,8.96e-06,17028364173.0,152299.26748359
1708214400000,2024-02-18 00:00:00,SHIB/EUR,8.96e-06,9.14e-06,8.92e-06,9.04e-06,14976602538.0,135644.48043373
1708300800000,2024-02-19 00:00:00,SHIB/EUR,9.05e-06,9.24e-06,9.01e-06,9.18e-06,19946329734.0,181987.7747539
1708387200000,2024-02-20 00:00:00,SHIB/EUR,9.2e-06,9.24e-06,8.72e-06,9.05e-06,33510376096.0,301296.16070466
1708473600000,2024-02-21 00:00:00,SHIB/EUR,9.03e-06,9.05e-06,8.61e-06,8.83e-06,18543295659.0,162855.70997246
1708560000000,2024-02-22 00:00:00,SHIB/EUR,8.84e-06,8.98e-06,8.69e-06,8.82e-06,13033701110.0,115787.16447483
1708646400000,2024-02-23 00:00:00,SHIB/EUR,8.81e-06,8.87e-06,8.65e-06,8.79e-06,13577830182.0,119249.49385663
1708732800000,2024-02-24 00:00:00,SHIB/EUR,8.83e-06,8.94e-06,8.65e-06,8.91e-06,15742677197.0,139297.92137418
1708819200000,2024-02-25 00:00:00,SHIB/EUR,8.89e-06,8.99e-06,8.84e-06,8.94e-06,10036839663.0,89474.83172757
1708905600000,2024-02-26 00:00:00,SHIB/EUR,8.94e-06,9.42e-06,8.73e-06,9.27e-06,21983238027.0,199614.33731017
1708992000000,2024-02-27 00:00:00,SHIB/EUR,9.28e-06,1.054e-05,9.17e-06,1.006e-05,110823321452.0,1093043.04483552
1709078400000,2024-02-28 00:00:00,SHIB/EUR,1.001e-05,1.154e-05,9.3e-06,1.079e-05,180515050453.0,1881504.89389464
1709164800000,2024-02-29 00:00:00,SHIB/EUR,1.08e-05,1.347e-05,1.054e-05,1.152e-05,279503638556.0,3454808.43672693
1709251200000,2024-03-01 00:00:00,SHIB/EUR,1.158e-05,1.592e-05,1.146e-05,1.555e-05,275795866253.0,3816862.16953434
1709337600000,2024-03-02 00:00:00,SHIB/EUR,1.563e-05,2.168e-05,1.533e-05,2.088e-05,752484029373.0,14479842.73413221
1709424000000,2024-03-03 00:00:00,SHIB/EUR,2.083e-05,2.202e-05,1.74e-05,2.077e-05,300423047778.0,6091215.15012185
1709510400000,2024-03-04 00:00:00,SHIB/EUR,2.084e-05,3.367e-05,1.974e-05,3.306e-05,606247360723.0,16652913.53569375
1709596800000,2024-03-05 00:00:00,SHIB/EUR,3.31e-05,4.25e-05,2.3e-05,3.247e-05,790957720909.0,26259609.33938963
1709683200000,2024-03-06 00:00:00,SHIB/EUR,3.247e-05,3.64e-05,2.811e-05,3.057e-05,355166100189.0,11471183.47516234
1709769600000,2024-03-07 00:00:00,SHIB/EUR,3.057e-05,3.19e-05,2.69e-05,2.882e-05,228434826799.0,6642332.60810536
1709856000000,2024-03-08 00:00:00,SHIB/EUR,2.878e-05,3.474e-05,2.826e-05,3.226e-05,291002704768.0,9313140.80767193
1709942400000,2024-03-09 00:00:00,SHIB/EUR,3.229e-05,3.385e-05,3.092e-05,3.205e-05,91523609301.0,2956845.90931229
1710028800000,2024-03-10 00:00:00,SHIB/EUR,3.202e-05,3.239e-05,2.895e-05,3.011e-05,70451001548.0,2183806.53280638
1710115200000,2024-03-11 00:00:00,SHIB/EUR,3.005e-05,3.218e-05,2.76e-05,3.069e-05,84548049267.0,2559078.97933662
1710201600000,2024-03-12 00:00:00,SHIB/EUR,3.067e-05,3.155e-05,2.728e-05,2.951e-05,75300777941.0,2206377.19827486
1710288000000,2024-03-13 00:00:00,SHIB/EUR,2.951e-05,3.067e-05,2.845e-05,2.927e-05,39146638215.0,1158482.04367537
1710374400000,2024-03-14 00:00:00,SHIB/EUR,2.932e-05,3.19e-05,2.8e-05,2.964e-05,80573316594.0,2417546.34748629
1710460800000,2024-03-15 00:00:00,SHIB/EUR,2.962e-05,3.012e-05,2.479e-05,2.746e-05,89037311313.0,2406407.18204388
1710547200000,2024-03-16 00:00:00,SHIB/EUR,2.752e-05,2.792e-05,2.189e-05,2.337e-05,101228158693.0,2449005.09448326
1710633600000,2024-03-17 00:00:00,SHIB/EUR,2.336e-05,2.787e-05,2.233e-05,2.718e-05,118058586002.0,3004687.39336386
1710720000000,2024-03-18 00:00:00,SHIB/EUR,2.711e-05,2.72e-05,2.423e-05,2.476e-05,57189335652.0,1462089.39515959
1710806400000,2024-03-19 00:00:00,SHIB/EUR,2.469e-05,2.517e-05,2.213e-05,2.293e-05,117448121926.0,2770192.24052424
1710892800000,2024-03-20 00:00:00,SHIB/EUR,2.292e-05,2.6e-05,2.183e-05,2.544e-05,145101350395.0,3432641.70185114
1710979200000,2024-03-21 00:00:00,SHIB/EUR,2.544e-05,2.639e-05,2.406e-05,2.508e-05,88788471371.0,2227491.00245253
1711065600000,2024-03-22 00:00:00,SHIB/EUR,2.498e-05,2.642e-05,2.393e-05,2.458e-05,85002091823.0,2113557.84684838
1711152000000,2024-03-23 00:00:00,SHIB/EUR,2.458e-05,2.641e-05,2.437e-05,2.511e-05,58571776516.0,1489353.37149259
1711238400000,2024-03-24 00:00:00,SHIB/EUR,2.512e-05,2.63e-05,2.509e-05,2.6e-05,49243139102.0,1272738.14664175
1711324800000,2024-03-25 00:00:00,SHIB/EUR,2.604e-05,2.829e-05,2.536e-05,2.643e-05,92807179948.0,2491185.62715999
1711411200000,2024-03-26 00:00:00,SHIB/EUR,2.643e-05,2.936e-05,2.625e-05,2.831e-05,118389503965.0,3317543.82292973
1711497600000,2024-03-27 00:00:00,SHIB/EUR,2.828e-05,2.944e-05,2.701e-05,2.793e-05,112776158440.0,3182305.88061436
1711584000000,2024-03-28 00:00:00,SHIB/EUR,2.793e-05,3.045e-05,2.755e-05,2.965e-05,136074731034.0,3982514.82248296
1711670400000,2024-03-29 00:00:00,SHIB/EUR,2.965e-05,2.979e-05,2.793e-05,2.863e-05,60811418924.0,1741694.79846649
1711756800000,2024-03-30 00:00:00,SHIB/EUR,2.859e-05,2.879e-05,2.74e-05,2.771e-05,39584654477.0,1109160.61077256
1711843200000,2024-03-31 00:00:00,SHIB/EUR,2.769e-05,2.858e-05,2.76e-05,2.852e-05,20940225796.0,591722.85697111
1711929600000,2024-04-01 00:00:00,SHIB/EUR,2.85e-05,2.85e-05,2.577e-05,2.673e-05,56791159989.0,1515661.90485399
1712016000000,2024-04-02 00:00:00,SHIB/EUR,2.667e-05,2.667e-05,2.391e-05,2.454e-05,79343831276.0,1970025.91164995
1712102400000,2024-04-03 00:00:00,SHIB/EUR,2.458e-05,2.562e-05,2.374e-05,2.433e-05,52842230558.0,1309071.4220411
1712188800000,2024-04-04 00:00:00,SHIB/EUR,2.432e-05,2.628e-05,2.391e-05,2.561e-05,37390826389.0,943604.99900354
1712275200000,2024-04-05 00:00:00,SHIB/EUR,2.553e-05,2.559e-05,2.431e-05,2.478e-05,31226847533.0,774478.1911637
1712361600000,2024-04-06 00:00:00,SHIB/EUR,2.476e-05,2.569e-05,2.469e-05,2.533e-05,15968240953.0,402841.79771392
1712448000000,2024-04-07 00:00:00,SHIB/EUR,2.536e-05,2.677e-05,2.531e-05,2.605e-05,31989491485.0,838964.21207245
1712534400000,2024-04-08 00:00:00,SHIB/EUR,2.607e-05,2.725e-05,2.561e-05,2.638e-05,41240354038.0,1094262.77516221
1712620800000,2024-04-09 00:00:00,SHIB/EUR,2.635e-05,2.721e-05,2.509e-05,2.534e-05,46193671860.0,1200109.2343012
1712707200000,2024-04-10 00:00:00,SHIB/EUR,2.524e-05,2.624e-05,2.439e-05,2.598e-05,37011780105.0,936407.37369795
1712793600000,2024-04-11 00:00:00,SHIB/EUR,2.593e-05,2.615e-05,2.537e-05,2.565e-05,18396111497.0,473112.30839938
1712880000000,2024-04-12 00:00:00,SHIB/EUR,2.562e-05,2.623e-05,2.02e-05,2.338e-05,88468794561.0,2066662.58367578
1712966400000,2024-04-13 00:00:00,SHIB/EUR,2.337e-05,2.37e-05,1.768e-05,2.012e-05,198758194981.0,4099709.06314238
1713052800000,2024-04-14 00:00:00,SHIB/EUR,2.013e-05,2.209e-05,1.948e-05,2.144e-05,145797318479.0,3017682.37001417
1713139200000,2024-04-15 00:00:00,SHIB/EUR,2.145e-05,2.247e-05,1.98e-05,2.067e-05,81902809010.0,1727308.04027928
1713225600000,2024-04-16 00:00:00,SHIB/EUR,2.061e-05,2.157e-05,1.962e-05,2.132e-05,90175246942.0,1872069.22641312
1713312000000,2024-04-17 00:00:00,SHIB/EUR,2.135e-05,2.17e-05,2.007e-05,2.072e-05,40787202572.0,845556.05960059
1713398400000,2024-04-18 00:00:00,SHIB/EUR,2.07e-05,2.16e-05,2.009e-05,2.143e-05,34516519762.0,723934.10605197
1713484800000,2024-04-19 00:00:00,SHIB/EUR,2.142e-05,2.214e-05,1.965e-05,2.147e-05,51601415040.0,1090144.67653476
1713571200000,2024-04-20 00:00:00,SHIB/EUR,2.149e-05,2.517e-05,2.127e-05,2.466e-05,73004303930.0,1704819.6754806
1713657600000,2024-04-21 00:00:00,SHIB/EUR,2.464e-05,2.655e-05,2.39e-05,2.471e-05,118332129894.0,2988282.9960657
1713744000000,2024-04-22 00:00:00,SHIB/EUR,2.474e-05,2.599e-05,2.458e-05,2.523e-05,53183520148.0,1346147.16231631
1713830400000,2024-04-23 00:00:00,SHIB/EUR,2.528e-05,2.63e-05,2.455e-05,2.51e-05,50020310854.0,1265315.83209822
1713916800000,2024-04-24 00:00:00,SHIB/EUR,2.511e-05,2.593e-05,2.361e-05,2.403e-05,57971309332.0,1439097.51287328
1714003200000,2024-04-25 00:00:00,SHIB/EUR,2.397e-05,2.476e-05,2.284e-05,2.401e-05,49822557446.0,1183971.78266249
1714089600000,2024-04-26 00:00:00,SHIB/EUR,2.403e-05,2.424e-05,2.334e-05,2.358e-05,31915459066.0,759806.69435566
1714176000000,2024-04-27 00:00:00,SHIB/EUR,2.36e-05,2.37e-05,2.248e-05,2.32e-05,32767670926.0,754416.48085024
1714262400000,2024-04-28 00:00:00,SHIB/EUR,2.321e-05,2.356e-05,2.25e-05,2.264e-05,20962314757.0,484293.28670173
1714348800000,2024-04-29 00:00:00,SHIB/EUR,2.263e-05,2.278e-05,2.154e-05,2.253e-05,51946835628.0,1150022.08070064
1714435200000,2024-04-30 00:00:00,SHIB/EUR,2.253e-05,2.301e-05,2.04e-05,2.097e-05,71321106314.0,1530594.64764551
1714521600000,2024-05-01 00:00:00,SHIB/EUR,2.096e-05,2.165e-05,1.931e-05,2.117e-05,93731512537.0,1895886.41970416
1714608000000,2024-05-02 00:00:00,SHIB/EUR,2.119e-05,2.184e-05,2.013e-05,2.127e-05,58953927978.0,1249375.03508213
1714694400000,2024-05-03 00:00:00,SHIB/EUR,2.126e-05,2.301e-05,2.109e-05,2.273e-05,48128888826.0,1058397.34237218
1714780800000,2024-05-04 00:00:00,SHIB/EUR,2.274e-05,2.446e-05,2.26e-05,2.33e-05,76290229242.0,1791643.81240739
1714867200000,2024-05-05 00:00:00,SHIB/EUR,2.336e-05,2.346e-05,2.262e-05,2.295e-05,34360182759.0,788566.86063528
1714953600000,2024-05-06 00:00:00,SHIB/EUR,2.298e-05,2.387e-05,2.213e-05,2.215e-05,48379158131.0,1109908.52700586
1715040000000,2024-05-07 00:00:00,SHIB/EUR,2.227e-05,2.251e-05,2.134e-05,2.14e-05,24830842738.0,546620.5331553
1715126400000,2024-05-08 00:00:00,SHIB/EUR,2.139e-05,2.163e-05,2.077e-05,2.095e-05,32436116950.0,687665.64937155
1715212800000,2024-05-09 00:00:00,SHIB/EUR,2.096e-05,2.205e-05,2.078e-05,2.178e-05,27124760743.0,577514.01086545
1715299200000,2024-05-10 00:00:00,SHIB/EUR,2.173e-05,2.19e-05,2.057e-05,2.085e-05,51120509588.0,1081610.9678219
1715385600000,2024-05-11 00:00:00,SHIB/EUR,2.085e-05,2.129e-05,2.078e-05,2.091e-05,15960548579.0,335270.4507241
1715472000000,2024-05-12 00:00:00,SHIB/EUR,2.095e-05,2.115e-05,2.054e-05,2.075e-05,11469568737.0,239720.07670773
1715558400000,2024-05-13 00:00:00,SHIB/EUR,2.074e-05,2.284e-05,2.005e-05,2.166e-05,108738566721.0,2368644.98968707
1715644800000,2024-05-14 00:00:00,SHIB/EUR,2.166e-05,2.263e-05,2.117e-05,2.125e-05,100864119102.0,2199714.13952148
1715731200000,2024-05-15 00:00:00,SHIB/EUR,2.127e-05,2.345e-05,2.117e-05,2.316e-05,88826627106.0,1974411.73824137
1715817600000,2024-05-16 00:00:00,SHIB/EUR,2.319e-05,2.378e-05,2.224e-05,2.26e-05,82879671253.0,1905114.97311109
1715904000000,2024-05-17 00:00:00,SHIB/EUR,2.261e-05,2.324e-05,2.228e-05,2.3e-05,35179699924.0,803426.98723452
1715990400000,2024-05-18 00:00:00,SHIB/EUR,2.298e-05,2.319e-05,2.245e-05,2.279e-05,26267268653.0,598563.34833548
1716076800000,2024-05-19 00:00:00,SHIB/EUR,2.278e-05,2.308e-05,2.17e-05,2.19e-05,24256710958.0,544132.94161397
1716163200000,2024-05-20 00:00:00,SHIB/EUR,2.187e-05,2.362e-05,2.162e-05,2.36e-05,45157138041.0,1018024.69550299
1716249600000,2024-05-21 00:00:00,SHIB/EUR,2.362e-05,2.446e-05,2.265e-05,2.4e-05,79153578369.0,1861200.71723055
1716336000000,2024-05-22 00:00:00,SHIB/EUR,2.387e-05,2.456e-05,2.307e-05,2.337e-05,73267664844.0,1742194.62278444
1716422400000,2024-05-23 00:00:00,SHIB/EUR,2.339e-05,2.37e-05,2.166e-05,2.276e-05,67693123660.0,1542892.40798446
1716508800000,2024-05-24 00:00:00,SHIB/EUR,2.274e-05,2.313e-05,2.186e-05,2.251e-05,47279424283.0,1060062.42188067
1716595200000,2024-05-25 00:00:00,SHIB/EUR,2.25e-05,2.33e-05,2.247e-05,2.312e-05,28734474228.0,657715.8910494
1716681600000,2024-05-26 00:00:00,SHIB/EUR,2.312e-05,2.319e-05,2.226e-05,2.242e-05,17128394087.0,388684.7355754
1716768000000,2024-05-27 00:00:00,SHIB/EUR,2.242e-05,2.413e-05,2.242e-05,2.346e-05,57864760743.0,1359869.44397974
1716854400000,2024-05-28 00:00:00,SHIB/EUR,2.344e-05,2.519e-05,2.252e-05,2.462e-05,100500591487.0,2398785.20433816
1716940800000,2024-05-29 00:00:00,SHIB/EUR,2.465e-05,2.712e-05,2.446e-05,2.556e-05,130133775135.0,3340404.71689752
1717027200000,2024-05-30 00:00:00,SHIB/EUR,2.551e-05,2.652e-05,2.368e-05,2.393e-05,90522244087.0,2251466.2551092
1717113600000,2024-05-31 00:00:00,SHIB/EUR,2.388e-05,2.424e-05,2.295e-05,2.346e-05,31556507335.0,747832.18775094
1717200000000,2024-06-01 00:00:00,SHIB/EUR,2.345e-05,2.35e-05,2.315e-05,2.33e-05,13818341120.0,322640.69357409
1717286400000,2024-06-02 00:00:00,SHIB/EUR,2.327e-05,2.347e-05,2.213e-05,2.269e-05,28754527964.0,654618.85389393
1717372800000,2024-06-03 00:00:00,SHIB/EUR,2.267e-05,2.337e-05,2.232e-05,2.245e-05,27301301925.0,624292.66228174
1717459200000,2024-06-04 00:00:00,SHIB/EUR,2.242e-05,2.264e-05,2.094e-05,2.26e-05,44237483575.0,972431.96447895
1717545600000,2024-06-05 00:00:00,SHIB/EUR,2.258e-05,2.419e-05,2.25e-05,2.381e-05,69242498681.0,1638332.96453787
1717632000000,2024-06-06 00:00:00,SHIB/EUR,2.377e-05,2.403e-05,2.292e-05,2.315e-05,18008016467.0,423931.32383312
1717718400000,2024-06-07 00:00:00,SHIB/EUR,2.316e-05,2.42e-05,2.02e-05,2.199e-05,50546743552.0,1096919.00377028
1717804800000,2024-06-08 00:00:00,SHIB/EUR,2.195e-05,2.237e-05,2.134e-05,2.152e-05,40459004248.0,881440.47452821
1717891200000,2024-06-09 00:00:00,SHIB/EUR,2.151e-05,2.193e-05,2.129e-05,2.18e-05,34846653604.0,752227.39587765
1717977600000,2024-06-10 00:00:00,SHIB/EUR,2.18e-05,2.199e-05,2.11e-05,2.13e-05,22868672308.0,492241.74015777
1718064000000,2024-06-11 00:00:00,SHIB/EUR,2.129e-05,2.134e-05,1.965e-05,2.019e-05,65905600418.0,1347608.24940771
